batch_index,first_frame,last_frame,frames,scene_type,sphere_count,total_blocks,pool_slots,avg_numVisible,min_numVisible,max_numVisible,avg_numFiltered,min_numFiltered,max_numFiltered,avg_numRequests,min_numRequests,max_numRequests,avg_activeCount,min_activeCount,max_activeCount,avg_frame_ms,min_frame_ms,max_frame_ms
0,0,14,15,PACKAGE_SCENE,100000000,24415,24415,1900.53,1174,2433,525.333,251,747,238.933,103,594,44556.7,0,95603,786.786,22.4765,8071.98
1,15,29,15,PACKAGE_SCENE,100000000,24415,24415,1856,1178,2373,515.267,223,679,105.533,29,209,58206.8,1530,77611,223.712,16.1346,609.17
2,30,44,15,PACKAGE_SCENE,100000000,24415,24415,2472.93,2304,2568,643.867,505,990,67.1333,0,215,84372.7,50051,177481,250.541,22.55,599.129
3,45,59,15,PACKAGE_SCENE,100000000,24415,24415,2157.27,1249,2467,596.333,445,842,47.7333,0,300,118982,46630,239954,161.624,19.4961,264.909
4,60,74,15,PACKAGE_SCENE,100000000,24415,24415,2284,2284,2284,620,620,620,0,0,0,170044,117422,220570,24.9201,22.4691,32.1589
5,75,89,15,PACKAGE_SCENE,100000000,24415,24415,3230.8,2284,3862,789.2,620,1064,18.3333,0,215,245034,125654,327003,25.5056,22.8086,34.2415
6,90,104,15,PACKAGE_SCENE,100000000,24415,24415,3862,3862,3862,872,872,872,0,0,0,265504,219844,320613,26.4626,23.8678,37.2054
7,105,119,15,PACKAGE_SCENE,100000000,24415,24415,3862,3862,3862,872,872,872,0,0,0,233846,156424,316355,26.2084,23.4558,33.244
8,120,134,15,PACKAGE_SCENE,100000000,24415,24415,3862,3862,3862,872,872,872,0,0,0,253493,192247,323473,28.4188,23.925,35.4352
9,135,149,15,PACKAGE_SCENE,100000000,24415,24415,3862,3862,3862,872,872,872,0,0,0,250412,158977,307330,28.0132,24.1555,33.1767
10,150,164,15,PACKAGE_SCENE,100000000,24415,24415,3862,3862,3862,872,872,872,0,0,0,239485,145917,315108,32.1101,24.1268,62.7375
11,165,179,15,PACKAGE_SCENE,100000000,24415,24415,3862,3862,3862,872,872,872,0,0,0,265770,182839,335185,400.793,24.8633,5498.08
12,180,194,15,PACKAGE_SCENE,100000000,24415,24415,3862,3862,3862,872,872,872,0,0,0,252000,143976,307791,239.242,23.8741,3194.46
13,195,209,15,PACKAGE_SCENE,100000000,24415,24415,3862,3862,3862,872,872,872,0,0,0,259625,169947,337375,31.9082,24.0879,56.3882
14,210,224,15,PACKAGE_SCENE,100000000,24415,24415,3862,3862,3862,872,872,872,0,0,0,238784,182505,300900,184.286,23.7213,2164.43
15,225,239,15,PACKAGE_SCENE,100000000,24415,24415,3862,3862,3862,872,872,872,0,0,0,264218,172326,341675,198.664,23.9582,2555.64
16,240,254,15,PACKAGE_SCENE,100000000,24415,24415,3862,3862,3862,872,872,872,0,0,0,250219,195192,299360,172.054,24.1562,2167
17,255,269,15,PACKAGE_SCENE,100000000,24415,24415,3862,3862,3862,872,872,872,0,0,0,233436,143668,279365,133.024,24.0417,1513.23
18,270,284,15,PACKAGE_SCENE,100000000,24415,24415,3862,3862,3862,872,872,872,0,0,0,259506,191698,300343,157.534,24.0401,1954.76
19,285,299,15,PACKAGE_SCENE,100000000,24415,24415,3862,3862,3862,872,872,872,0,0,0,242784,145198,296941,28.7484,23.8564,37.2736
20,300,314,15,PACKAGE_SCENE,100000000,24415,24415,3862,3862,3862,872,872,872,0,0,0,260627,169409,344118,128.097,24.1755,1334.4
21,315,329,15,PACKAGE_SCENE,100000000,24415,24415,3862,3862,3862,872,872,872,0,0,0,262198,209233,303192,156.772,26.331,1851.43
22,330,344,15,PACKAGE_SCENE,100000000,24415,24415,3862,3862,3862,872,872,872,0,0,0,254989,183188,320493,125.881,25.5772,1431.29
23,345,359,15,PACKAGE_SCENE,100000000,24415,24415,3862,3862,3862,872,872,872,0,0,0,258904,192416,307888,111.007,24.4871,1239.99
24,360,374,15,PACKAGE_SCENE,100000000,24415,24415,3862,3862,3862,872,872,872,0,0,0,245070,152726,290312,102.686,23.9277,1124.06
25,375,389,15,PACKAGE_SCENE,100000000,24415,24415,3862,3862,3862,872,872,872,0,0,0,238298,173154,299618,32.9184,24.204,52.68
26,390,404,15,PACKAGE_SCENE,100000000,24415,24415,3862,3862,3862,872,872,872,0,0,0,240011,157528,296832,128.91,25.9368,1410.17
27,405,419,15,PACKAGE_SCENE,100000000,24415,24415,3862,3862,3862,872,872,872,0,0,0,229220,159303,305729,135.029,26.5514,1490.85
28,420,434,15,PACKAGE_SCENE,100000000,24415,24415,3862,3862,3862,872,872,872,0,0,0,239138,144459,284368,118.016,24.0504,1297.1
29,435,449,15,PACKAGE_SCENE,100000000,24415,24415,3862,3862,3862,872,872,872,0,0,0,240060,157094,310706,132.029,24.0285,1501.4
30,450,464,15,PACKAGE_SCENE,100000000,24415,24415,3862,3862,3862,872,872,872,0,0,0,223691,163310,306149,31.4948,25.5257,47.4532
31,465,479,15,PACKAGE_SCENE,100000000,24415,24415,3862,3862,3862,872,872,872,0,0,0,218741,147102,284312,108.367,24.5749,1161.64
32,480,494,15,PACKAGE_SCENE,100000000,24415,24415,3862,3862,3862,872,872,872,0,0,0,258337,144500,340519,101.718,24.4492,1113.63
33,495,509,15,PACKAGE_SCENE,100000000,24415,24415,3862,3862,3862,872,872,872,0,0,0,217821,145033,281634,164.323,25.4481,1978.93
34,510,524,15,PACKAGE_SCENE,100000000,24415,24415,3862,3862,3862,872,872,872,0,0,0,236469,157784,311394,137.458,25.7197,1595.77
35,525,539,15,PACKAGE_SCENE,100000000,24415,24415,3862,3862,3862,872,872,872,0,0,0,234156,143448,313303,132.279,25.943,1504.71
36,540,554,15,PACKAGE_SCENE,100000000,24415,24415,3862,3862,3862,872,872,872,0,0,0,223971,145327,364216,29.7079,24.5554,42.2937
37,555,569,15,PACKAGE_SCENE,100000000,24415,24415,3862,3862,3862,872,872,872,0,0,0,219282,144715,305180,119.451,25.5035,1329.41
38,570,584,15,PACKAGE_SCENE,100000000,24415,24415,3862,3862,3862,872,872,872,0,0,0,250744,156820,312849,121.942,25.5015,1380.34
39,585,599,15,PACKAGE_SCENE,100000000,24415,24415,3862,3862,3862,872,872,872,0,0,0,266681,178340,347560,129.387,24.5536,1486.13
40,600,614,15,PACKAGE_SCENE,100000000,24415,24415,3862,3862,3862,872,872,872,0,0,0,216853,144349,343781,127.891,24.4429,1449
41,615,629,15,PACKAGE_SCENE,100000000,24415,24415,3862,3862,3862,872,872,872,0,0,0,248253,144842,281676,128.995,25.249,1478.85
42,630,644,15,PACKAGE_SCENE,100000000,24415,24415,3862,3862,3862,872,872,872,0,0,0,238477,144723,325923,31.5622,24.1675,37.2271
43,645,659,15,PACKAGE_SCENE,100000000,24415,24415,3862,3862,3862,872,872,872,0,0,0,258691,182190,332938,124.487,24.1503,1432.63
44,660,674,15,PACKAGE_SCENE,100000000,24415,24415,3862,3862,3862,872,872,872,0,0,0,234873,144088,314708,117.474,25.1464,1319.61
45,675,689,15,PACKAGE_SCENE,100000000,24415,24415,3862,3862,3862,872,872,872,0,0,0,247912,134866,320637,122.395,24.5227,1401.42
46,690,704,15,PACKAGE_SCENE,100000000,24415,24415,3862,3862,3862,872,872,872,0,0,0,259335,146081,348258,120.844,20.4093,1389.37
47,705,719,15,PACKAGE_SCENE,100000000,24415,24415,3862,3862,3862,872,872,872,0,0,0,232020,162964,314216,134.024,26.6622,1529.39
48,720,734,15,PACKAGE_SCENE,100000000,24415,24415,3862,3862,3862,872,872,872,0,0,0,244473,141516,328729,27.6113,24.0588,35.233
49,735,749,15,PACKAGE_SCENE,100000000,24415,24415,3862,3862,3862,872,872,872,0,0,0,247008,160123,307358,114.896,25.149,1250.51
50,750,764,15,PACKAGE_SCENE,100000000,24415,24415,3862,3862,3862,872,872,872,0,0,0,247866,156752,318177,119.924,24.9169,1355.76
51,765,779,15,PACKAGE_SCENE,100000000,24415,24415,3862,3862,3862,872,872,872,0,0,0,235441,185288,290407,131.853,25.5749,1493.9
52,780,794,15,PACKAGE_SCENE,100000000,24415,24415,3862,3862,3862,872,872,872,0,0,0,242618,195451,280062,133.491,24.1406,1540.03
53,795,809,15,PACKAGE_SCENE,100000000,24415,24415,3862,3862,3862,872,872,872,0,0,0,245162,159683,334866,109.692,25.8902,1178.95
54,810,824,15,PACKAGE_SCENE,100000000,24415,24415,3862,3862,3862,872,872,872,0,0,0,252406,193237,287796,31.897,25.5235,39.5242
55,825,839,15,PACKAGE_SCENE,100000000,24415,24415,3862,3862,3862,872,872,872,0,0,0,244068,140466,306863,97.2303,25.7764,1001.83
56,840,854,15,PACKAGE_SCENE,100000000,24415,24415,3862,3862,3862,872,872,872,0,0,0,253201,144805,306600,93.3371,24.5655,987.134
57,855,869,15,PACKAGE_SCENE,100000000,24415,24415,3862,3862,3862,872,872,872,0,0,0,255351,191330,291799,538.674,24.2054,7617.14
58,870,884,15,PACKAGE_SCENE,100000000,24415,24415,3862,3862,3862,872,872,872,0,0,0,251641,144451,316005,33.7309,24.777,43.3443
59,885,899,15,PACKAGE_SCENE,100000000,24415,24415,3862,3862,3862,872,872,872,0,0,0,226972,145672,294503,33.3176,23.8534,42.4396
60,900,914,15,PACKAGE_SCENE,100000000,24415,24415,3862,3862,3862,872,872,872,0,0,0,253441,145017,323479,28.4451,24.0637,34.0864
61,915,929,15,PACKAGE_SCENE,100000000,24415,24415,3862,3862,3862,872,872,872,0,0,0,248749,182989,309201,28.1599,24.0239,34.6491
62,930,944,15,PACKAGE_SCENE,100000000,24415,24415,3862,3862,3862,872,872,872,0,0,0,264485,182278,350363,26.5838,24.1342,34.1749
63,945,959,15,PACKAGE_SCENE,100000000,24415,24415,3862,3862,3862,872,872,872,0,0,0,258008,141573,351230,31.9599,22.7675,36.2244
64,960,974,15,PACKAGE_SCENE,100000000,24415,24415,3862,3862,3862,872,872,872,0,0,0,244361,144389,348965,26.9155,23.8626,34.0174
65,975,989,15,PACKAGE_SCENE,100000000,24415,24415,3862,3862,3862,872,872,872,0,0,0,245692,169613,324171,29.1956,24.0908,34.1871
66,990,1004,15,PACKAGE_SCENE,100000000,24415,24415,3862,3862,3862,872,872,872,0,0,0,241880,146650,312091,28.0762,24.0432,36.3654
67,1005,1019,15,PACKAGE_SCENE,100000000,24415,24415,3862,3862,3862,872,872,872,0,0,0,234766,132793,313448,30.4758,24.1137,39.8874
68,1020,1034,15,PACKAGE_SCENE,100000000,24415,24415,3862,3862,3862,872,872,872,0,0,0,238107,143727,304008,28.9071,23.9801,35.4795
69,1035,1049,15,PACKAGE_SCENE,100000000,24415,24415,3862,3862,3862,872,872,872,0,0,0,234653,143646,281896,41.2244,24.9061,106.643
70,1050,1064,15,PACKAGE_SCENE,100000000,24415,24415,3862,3862,3862,872,872,872,0,0,0,234121,157328,342602,29.8494,23.9864,37.6512
71,1065,1079,15,PACKAGE_SCENE,100000000,24415,24415,3862,3862,3862,872,872,872,0,0,0,238545,147344,294251,28.6597,23.9192,33.9586
72,1080,1094,15,PACKAGE_SCENE,100000000,24415,24415,3862,3862,3862,872,872,872,0,0,0,242927,156106,292596,30.0873,23.8399,34.4858
73,1095,1109,15,PACKAGE_SCENE,100000000,24415,24415,3862,3862,3862,872,872,872,0,0,0,230614,146152,318399,29.9344,23.944,41.8468
74,1110,1124,15,PACKAGE_SCENE,100000000,24415,24415,3862,3862,3862,872,872,872,0,0,0,239437,145081,328394,29.1016,24.3484,34.6469
75,1125,1139,15,PACKAGE_SCENE,100000000,24415,24415,3862,3862,3862,872,872,872,0,0,0,237239,143732,291929,29.7265,23.8376,38.1685
76,1140,1154,15,PACKAGE_SCENE,100000000,24415,24415,3862,3862,3862,872,872,872,0,0,0,248214,146740,325518,27.7702,23.9552,34.6474
77,1155,1169,15,PACKAGE_SCENE,100000000,24415,24415,3862,3862,3862,872,872,872,0,0,0,208081,144181,299615,27.5579,24.0067,34.2956
78,1170,1184,15,PACKAGE_SCENE,100000000,24415,24415,3862,3862,3862,872,872,872,0,0,0,260157,145861,319775,29.1341,24.1489,35.0857
79,1185,1199,15,PACKAGE_SCENE,100000000,24415,24415,3862,3862,3862,872,872,872,0,0,0,238771,140533,295316,28.8274,23.9756,35.0366
80,1200,1214,15,PACKAGE_SCENE,100000000,24415,24415,3862,3862,3862,872,872,872,0,0,0,242666,144029,337902,26.5508,24.2537,33.5215
81,1215,1229,15,PACKAGE_SCENE,100000000,24415,24415,4324,3862,4555,976,872,1165,13.4667,0,170,237497,182087,286305,37.0966,24.0494,129.049
82,1230,1244,15,PACKAGE_SCENE,100000000,24415,24415,4395.73,3780,4555,991.933,759,1207,23.2667,0,164,220970,147885,346039,44.9959,23.9961,132.013
83,1245,1259,15,PACKAGE_SCENE,100000000,24415,24415,3454,2269,4244,705.533,602,914,23.8,0,266,186423,104803,290140,40.5862,22.7309,182.626
84,1260,1274,15,PACKAGE_SCENE,100000000,24415,24415,6587.2,4244,8289,1011.4,756,1313,31.3333,0,221,246308,142365,523465,48.2623,23.9086,168.261
85,1275,1289,15,PACKAGE_SCENE,100000000,24415,24415,8277.8,8265,8289,1141.93,1104,1176,14.6667,0,180,263550,162942,368443,38.6387,23.987,135.524
86,1290,1304,15,PACKAGE_SCENE,100000000,24415,24415,8265,8265,8265,1120,1120,1120,0,0,0,253989,162971,339750,32.3945,24.6409,38.2558
87,1305,1319,15,PACKAGE_SCENE,100000000,24415,24415,8265,8265,8265,1120,1120,1120,0,0,0,262419,165030,356640,32.0103,24.8372,41.094
88,1320,1334,15,PACKAGE_SCENE,100000000,24415,24415,8265,8265,8265,1120,1120,1120,0,0,0,227537,148961,285255,32.1944,24.492,42.8297
89,1335,1349,15,PACKAGE_SCENE,100000000,24415,24415,8265,8265,8265,1120,1120,1120,0,0,0,264627,154116,356382,32.7596,24.2204,60.2543
90,1350,1364,15,PACKAGE_SCENE,100000000,24415,24415,8265,8265,8265,1120,1120,1120,0,0,0,264377,148496,339210,473.501,24.3913,6641.3
91,1365,1379,15,PACKAGE_SCENE,100000000,24415,24415,8265,8265,8265,1120,1120,1120,0,0,0,262998,149853,353416,289.734,24.3337,3915.03
92,1380,1394,15,PACKAGE_SCENE,100000000,24415,24415,8265,8265,8265,1120,1120,1120,0,0,0,258308,157451,337368,32.8006,24.0867,38.099
93,1395,1409,15,PACKAGE_SCENE,100000000,24415,24415,8265,8265,8265,1120,1120,1120,0,0,0,281361,149175,363534,204.959,24.3694,2620.32
94,1410,1424,15,PACKAGE_SCENE,100000000,24415,24415,8265,8265,8265,1120,1120,1120,0,0,0,273967,180689,355599,154.68,24.0574,1897.71
95,1425,1439,15,PACKAGE_SCENE,100000000,24415,24415,8265,8265,8265,1120,1120,1120,0,0,0,272809,158824,345522,170.074,24.4777,2061.57
96,1440,1454,15,PACKAGE_SCENE,100000000,24415,24415,8265,8265,8265,1120,1120,1120,0,0,0,248043,188753,334787,143.595,23.8042,1702.03
97,1455,1469,15,PACKAGE_SCENE,100000000,24415,24415,8265,8265,8265,1120,1120,1120,0,0,0,267625,134123,351257,304.821,23.8737,4097.85
98,1470,1484,15,PACKAGE_SCENE,100000000,24415,24415,8265,8265,8265,1120,1120,1120,0,0,0,281711,209416,334744,29.6005,24.334,34.7404
99,1485,1499,15,PACKAGE_SCENE,100000000,24415,24415,8265,8265,8265,1120,1120,1120,0,0,0,267388,148420,340116,101.952,24.7813,1087.6
100,1500,1514,15,PACKAGE_SCENE,100000000,24415,24415,8265,8265,8265,1120,1120,1120,0,0,0,262671,152627,364444,104.461,23.8112,1084.48
101,1515,1529,15,PACKAGE_SCENE,100000000,24415,24415,8265,8265,8265,1120,1120,1120,0,0,0,265953,143075,313697,99.6158,24.397,1068.84
102,1530,1544,15,PACKAGE_SCENE,100000000,24415,24415,8265,8265,8265,1120,1120,1120,0,0,0,277164,175331,366656,107.575,24.9986,1145.43
103,1545,1559,15,PACKAGE_SCENE,100000000,24415,24415,8265,8265,8265,1120,1120,1120,0,0,0,265197,148042,382097,103.012,23.8981,1091.2
104,1560,1574,15,PACKAGE_SCENE,100000000,24415,24415,8265,8265,8265,1120,1120,1120,0,0,0,293682,159445,393349,29.9845,24.112,43.806
105,1575,1589,15,PACKAGE_SCENE,100000000,24415,24415,8265,8265,8265,1120,1120,1120,0,0,0,255772,203086,304949,100.349,24.0988,1039.85
106,1590,1604,15,PACKAGE_SCENE,100000000,24415,24415,8265,8265,8265,1120,1120,1120,0,0,0,250470,157534,305039,110.673,24.9522,1203.15
107,1605,1619,15,PACKAGE_SCENE,100000000,24415,24415,8265,8265,8265,1120,1120,1120,0,0,0,262921,184484,326108,231.176,24.9567,2977.12
108,1620,1634,15,PACKAGE_SCENE,100000000,24415,24415,8265,8265,8265,1120,1120,1120,0,0,0,262290,146653,323825,141.198,24.1699,1661.44
109,1635,1649,15,PACKAGE_SCENE,100000000,24415,24415,8265,8265,8265,1120,1120,1120,0,0,0,282683,201564,389172,106.505,27.6339,1113.37
110,1650,1664,15,PACKAGE_SCENE,100000000,24415,24415,8265,8265,8265,1120,1120,1120,0,0,0,242752,148929,342597,27.1981,23.9585,34.5248
111,1665,1679,15,PACKAGE_SCENE,100000000,24415,24415,8265,8265,8265,1120,1120,1120,0,0,0,244868,131975,384588,113.067,23.7816,1266.27
112,1680,1694,15,PACKAGE_SCENE,100000000,24415,24415,8265,8265,8265,1120,1120,1120,0,0,0,260744,178368,350524,150.953,23.9764,1798.01
113,1695,1709,15,PACKAGE_SCENE,100000000,24415,24415,8265,8265,8265,1120,1120,1120,0,0,0,270670,149002,354588,123.459,23.9576,1421.19
114,1710,1724,15,PACKAGE_SCENE,100000000,24415,24415,8265,8265,8265,1120,1120,1120,0,0,0,268468,189589,352219,201.596,24.6867,2563.9
115,1725,1739,15,PACKAGE_SCENE,100000000,24415,24415,8265,8265,8265,1120,1120,1120,0,0,0,253592,148905,339586,119.038,24.4198,1312.92
116,1740,1754,15,PACKAGE_SCENE,100000000,24415,24415,8265,8265,8265,1120,1120,1120,0,0,0,264854,151004,323814,37.8435,23.7796,116.222
117,1755,1769,15,PACKAGE_SCENE,100000000,24415,24415,8265,8265,8265,1120,1120,1120,0,0,0,285270,223767,368571,150.334,24.2594,1778.48
118,1770,1784,15,PACKAGE_SCENE,100000000,24415,24415,8265,8265,8265,1120,1120,1120,0,0,0,271035,199335,348393,127.377,24.3455,1462.39
119,1785,1799,15,PACKAGE_SCENE,100000000,24415,24415,8265,8265,8265,1120,1120,1120,0,0,0,254602,148508,367926,120.859,24.3348,1338.43
120,1800,1814,15,PACKAGE_SCENE,100000000,24415,24415,8265,8265,8265,1120,1120,1120,0,0,0,269716,156039,349837,123.572,24.1482,1380.45
121,1815,1829,15,PACKAGE_SCENE,100000000,24415,24415,8265,8265,8265,1120,1120,1120,0,0,0,244080,158483,358983,125.72,23.8575,1415.87
122,1830,1844,15,PACKAGE_SCENE,100000000,24415,24415,8265,8265,8265,1120,1120,1120,0,0,0,242938,150268,370977,28.815,24.0646,34.9763
123,1845,1859,15,PACKAGE_SCENE,100000000,24415,24415,8265,8265,8265,1120,1120,1120,0,0,0,239759,158012,342246,115.16,23.9123,1281.1
124,1860,1874,15,PACKAGE_SCENE,100000000,24415,24415,8265,8265,8265,1120,1120,1120,0,0,0,257040,149596,304282,114.768,23.9965,1293.68
125,1875,1889,15,PACKAGE_SCENE,100000000,24415,24415,8265,8265,8265,1120,1120,1120,0,0,0,302654,232967,346449,113.313,24.0674,1261.67
126,1890,1904,15,PACKAGE_SCENE,100000000,24415,24415,8265,8265,8265,1120,1120,1120,0,0,0,260404,148771,355389,113.592,24.5013,1281.92
127,1905,1919,15,PACKAGE_SCENE,100000000,24415,24415,8265,8265,8265,1120,1120,1120,0,0,0,268934,175199,348160,113.516,23.8036,1257.91
128,1920,1934,15,PACKAGE_SCENE,100000000,24415,24415,8265,8265,8265,1120,1120,1120,0,0,0,242155,148810,351177,29.7456,24.0001,33.8982
129,1935,1949,15,PACKAGE_SCENE,100000000,24415,24415,8265,8265,8265,1120,1120,1120,0,0,0,275224,173203,363281,121.341,24.7543,1379.24
130,1950,1964,15,PACKAGE_SCENE,100000000,24415,24415,8265,8265,8265,1120,1120,1120,0,0,0,230088,149254,314123,118.436,24.0885,1316.31
131,1965,1979,15,PACKAGE_SCENE,100000000,24415,24415,8265,8265,8265,1120,1120,1120,0,0,0,278885,148882,385953,117.47,23.6998,1321.5
132,1980,1994,15,PACKAGE_SCENE,100000000,24415,24415,8265,8265,8265,1120,1120,1120,0,0,0,279513,195268,403616,100.095,24.196,1056.85
133,1995,2009,15,PACKAGE_SCENE,100000000,24415,24415,8265,8265,8265,1120,1120,1120,0,0,0,268071,148755,348349,93.6119,24.0741,955.948
134,2010,2024,15,PACKAGE_SCENE,100000000,24415,24415,8265,8265,8265,1120,1120,1120,0,0,0,245969,132633,352339,30.6871,24.0115,36.3419
135,2025,2039,15,PACKAGE_SCENE,100000000,24415,24415,8265,8265,8265,1120,1120,1120,0,0,0,261899,179917,346183,95.2364,23.9677,973.478
136,2040,2054,15,PACKAGE_SCENE,100000000,24415,24415,8265,8265,8265,1120,1120,1120,0,0,0,271349,148575,367358,294.849,24.399,3985.51
137,2055,2069,15,PACKAGE_SCENE,100000000,24415,24415,8265,8265,8265,1120,1120,1120,0,0,0,258844,148732,351840,32.3724,23.9763,47.0946
138,2070,2084,15,PACKAGE_SCENE,100000000,24415,24415,8265,8265,8265,1120,1120,1120,0,0,0,255219,189377,333296,28.3852,23.732,33.5567
139,2085,2099,15,PACKAGE_SCENE,100000000,24415,24415,8265,8265,8265,1120,1120,1120,0,0,0,259538,148786,355774,29.0382,23.6141,34.5379
140,2100,2114,15,PACKAGE_SCENE,100000000,24415,24415,8265,8265,8265,1120,1120,1120,0,0,0,264834,158929,373780,28.931,23.9879,33.5695
141,2115,2129,15,PACKAGE_SCENE,100000000,24415,24415,8265,8265,8265,1120,1120,1120,0,0,0,267257,189235,337412,32.6956,23.5244,47.5738
142,2130,2144,15,PACKAGE_SCENE,100000000,24415,24415,8265,8265,8265,1120,1120,1120,0,0,0,255182,169403,315458,28.5572,23.7406,34.7075
143,2145,2159,15,PACKAGE_SCENE,100000000,24415,24415,8265,8265,8265,1120,1120,1120,0,0,0,268530,192837,330332,30.9751,24.1826,35.316
144,2160,2174,15,PACKAGE_SCENE,100000000,24415,24415,8265,8265,8265,1120,1120,1120,0,0,0,258262,148812,319502,28.0644,24.509,33.5293
145,2175,2189,15,PACKAGE_SCENE,100000000,24415,24415,8265,8265,8265,1120,1120,1120,0,0,0,261883,176392,383988,31.139,23.663,42.5562
146,2190,2204,15,PACKAGE_SCENE,100000000,24415,24415,8265,8265,8265,1120,1120,1120,0,0,0,276431,176265,367604,31.4001,23.8795,37.1227
147,2205,2219,15,PACKAGE_SCENE,100000000,24415,24415,8265,8265,8265,1120,1120,1120,0,0,0,234386,149727,328281,31.6493,24.1054,40.8475
148,2220,2234,15,PACKAGE_SCENE,100000000,24415,24415,8265,8265,8265,1120,1120,1120,0,0,0,268798,191591,338272,31.2472,23.7987,35.6536
149,2235,2249,15,PACKAGE_SCENE,100000000,24415,24415,8265,8265,8265,1120,1120,1120,0,0,0,258327,148588,368633,30.7949,24.459,35.3454
150,2250,2264,15,PACKAGE_SCENE,100000000,24415,24415,8265,8265,8265,1120,1120,1120,0,0,0,294015,175101,382955,30.2285,23.603,41.6398
151,2265,2279,15,PACKAGE_SCENE,100000000,24415,24415,8265,8265,8265,1120,1120,1120,0,0,0,285424,171465,367692,31.2292,24.9255,50.2985
152,2280,2294,15,PACKAGE_SCENE,100000000,24415,24415,8265,8265,8265,1120,1120,1120,0,0,0,244693,148662,346449,39.7329,24.1602,108.698
153,2295,2309,15,PACKAGE_SCENE,100000000,24415,24415,8265,8265,8265,1120,1120,1120,0,0,0,266837,162108,341851,28.3495,23.8399,34.5124
154,2310,2324,15,PACKAGE_SCENE,100000000,24415,24415,8265,8265,8265,1120,1120,1120,0,0,0,255077,149660,333287,31.2802,24.2396,42.4405
155,2325,2339,15,PACKAGE_SCENE,100000000,24415,24415,8265,8265,8265,1120,1120,1120,0,0,0,271784,161990,330679,30.1192,23.5853,34.9539
156,2340,2354,15,PACKAGE_SCENE,100000000,24415,24415,8265,8265,8265,1120,1120,1120,0,0,0,277126,157915,337697,29.7035,23.6583,37.9907
157,2355,2369,15,PACKAGE_SCENE,100000000,24415,24415,8265,8265,8265,1120,1120,1120,0,0,0,240828,148533,350575,30.8042,23.9008,42.4825
158,2370,2384,15,PACKAGE_SCENE,100000000,24415,24415,8265,8265,8265,1120,1120,1120,0,0,0,271131,166773,341962,31.6096,23.5377,43.1198
159,2385,2399,15,PACKAGE_SCENE,100000000,24415,24415,8265,8265,8265,1120,1120,1120,0,0,0,269728,149569,350145,30.4916,23.6022,40.8739
160,2400,2414,15,PACKAGE_SCENE,100000000,24415,24415,8265,8265,8265,1120,1120,1120,0,0,0,270620,138403,380195,29.3849,23.5769,33.8957
161,2415,2429,15,PACKAGE_SCENE,100000000,24415,24415,8265,8265,8265,1120,1120,1120,0,0,0,268320,188775,310529,29.5101,23.8099,34.7969
162,2430,2444,15,PACKAGE_SCENE,100000000,24415,24415,8265,8265,8265,1120,1120,1120,0,0,0,244667,177877,334772,30.6241,24.1433,34.535
163,2445,2459,15,PACKAGE_SCENE,100000000,24415,24415,8265,8265,8265,1120,1120,1120,0,0,0,256980,161884,342617,28.6121,23.9675,34.4707
164,2460,2474,15,PACKAGE_SCENE,100000000,24415,24415,8265,8265,8265,1120,1120,1120,0,0,0,288819,200198,373837,28.2605,23.6905,34.1458
165,2475,2489,15,PACKAGE_SCENE,100000000,24415,24415,8265,8265,8265,1120,1120,1120,0,0,0,266629,149440,329957,30.8909,23.6732,43.0989
166,2490,2504,15,PACKAGE_SCENE,100000000,24415,24415,8265,8265,8265,1120,1120,1120,0,0,0,264399,206791,312259,31.3309,24.2954,42.942
167,2505,2519,15,PACKAGE_SCENE,100000000,24415,24415,8265,8265,8265,1120,1120,1120,0,0,0,257890,148742,369409,29.4712,23.7954,36.7665
168,2520,2534,15,PACKAGE_SCENE,100000000,24415,24415,8265,8265,8265,1120,1120,1120,0,0,0,255895,161641,327772,30.8963,24.1685,37.5115
169,2535,2549,15,PACKAGE_SCENE,100000000,24415,24415,8265,8265,8265,1120,1120,1120,0,0,0,276143,153968,359533,30.9047,24.1486,35.5841
170,2550,2564,15,PACKAGE_SCENE,100000000,24415,24415,8265,8265,8265,1120,1120,1120,0,0,0,232346,153694,337807,27.9115,23.7504,37.2687
171,2565,2579,15,PACKAGE_SCENE,100000000,24415,24415,8265,8265,8265,1120,1120,1120,0,0,0,270522,158154,329721,29.99,24.1469,35.9408
172,2580,2594,15,PACKAGE_SCENE,100000000,24415,24415,8265,8265,8265,1120,1120,1120,0,0,0,260062,158416,368811,29.1737,23.8667,35.1071
173,2595,2609,15,PACKAGE_SCENE,100000000,24415,24415,8265,8265,8265,1120,1120,1120,0,0,0,246169,150242,323190,30.6627,23.7332,40.5718
174,2610,2624,15,PACKAGE_SCENE,100000000,24415,24415,8265,8265,8265,1120,1120,1120,0,0,0,234280,131399,316367,29.1961,23.5637,34.5614
175,2625,2639,15,PACKAGE_SCENE,100000000,24415,24415,8265,8265,8265,1120,1120,1120,0,0,0,261848,132690,412532,28.7587,24.0356,34.993
176,2640,2654,15,PACKAGE_SCENE,100000000,24415,24415,8265,8265,8265,1120,1120,1120,0,0,0,281317,199233,392853,32.0698,24.1768,36.6557
177,2655,2669,15,PACKAGE_SCENE,100000000,24415,24415,8265,8265,8265,1120,1120,1120,0,0,0,267634,160086,379296,33.4876,23.9426,42.258
178,2670,2684,15,PACKAGE_SCENE,100000000,24415,24415,8265,8265,8265,1120,1120,1120,0,0,0,276688,131903,370191,30.2492,23.6765,36.4919
179,2685,2699,15,PACKAGE_SCENE,100000000,24415,24415,8265,8265,8265,1120,1120,1120,0,0,0,240642,155811,322612,35.0841,24.0636,55.7808
180,2700,2714,15,PACKAGE_SCENE,100000000,24415,24415,8265,8265,8265,1120,1120,1120,0,0,0,255050,148644,335138,30.6941,24.0186,42.6489
181,2715,2729,15,PACKAGE_SCENE,100000000,24415,24415,8265,8265,8265,1120,1120,1120,0,0,0,253183,148960,371833,27.5336,23.7816,33.6319
182,2730,2744,15,PACKAGE_SCENE,100000000,24415,24415,8265,8265,8265,1120,1120,1120,0,0,0,270306,149621,402993,29.3983,24.2072,34.8413
183,2745,2759,15,PACKAGE_SCENE,100000000,24415,24415,8265,8265,8265,1120,1120,1120,0,0,0,249270,131268,334758,29.075,23.5167,34.0587
184,2760,2774,15,PACKAGE_SCENE,100000000,24415,24415,8265,8265,8265,1120,1120,1120,0,0,0,285900,207690,368265,31.0161,23.9686,40.4967
185,2775,2789,15,PACKAGE_SCENE,100000000,24415,24415,7586.8,4212,8265,1030.4,742,1120,15.0667,0,134,250850,177021,320029,40.3351,23.696,113.335
186,2790,2804,15,PACKAGE_SCENE,100000000,24415,24415,9613,4212,11103,1555.73,742,1870,84.5333,0,388,263407,119208,381206,89.5607,22.8667,301.344
187,2805,2819,15,PACKAGE_SCENE,100000000,24415,24415,11025,11025,11025,1723,1723,1723,0,0,0,285910,171462,370928,36.2823,31.6368,43.2302
188,2820,2834,15,PACKAGE_SCENE,100000000,24415,24415,11092.6,11025,11103,1826.13,1723,1842,0.133333,0,2,325110,172883,480462,36.3241,26.9773,46.1126
189,2835,2849,15,PACKAGE_SCENE,100000000,24415,24415,11103,11103,11103,1842,1842,1842,0,0,0,322425,203592,386761,39.3767,27.1841,51.0036
190,2850,2864,15,PACKAGE_SCENE,100000000,24415,24415,11103,11103,11103,1842,1842,1842,0,0,0,373008,275253,431176,39.6135,28.2784,57.5606
191,2865,2879,15,PACKAGE_SCENE,100000000,24415,24415,11103,11103,11103,1842,1842,1842,0,0,0,349930,207719,451719,37.8494,28.4635,47.6214
192,2880,2894,15,PACKAGE_SCENE,100000000,24415,24415,11103,11103,11103,1842,1842,1842,0,0,0,356165,211365,458444,506.998,36.2435,7020.57
193,2895,2909,15,PACKAGE_SCENE,100000000,24415,24415,11103,11103,11103,1842,1842,1842,0,0,0,338748,198207,430231,394.269,29.8988,5341.1
194,2910,2924,15,PACKAGE_SCENE,100000000,24415,24415,11103,11103,11103,1842,1842,1842,0,0,0,342186,206083,518906,227.242,28.6703,2859.26
195,2925,2939,15,PACKAGE_SCENE,100000000,24415,24415,11103,11103,11103,1842,1842,1842,0,0,0,315700,229088,416443,214.906,28.9775,2674.23
196,2940,2954,15,PACKAGE_SCENE,100000000,24415,24415,11103,11103,11103,1842,1842,1842,0,0,0,380282,206248,485964,202.742,28.724,2513.54
197,2955,2969,15,PACKAGE_SCENE,100000000,24415,24415,11103,11103,11103,1842,1842,1842,0,0,0,337935,211277,432431,39.5578,29.62,55.9462
198,2970,2984,15,PACKAGE_SCENE,100000000,24415,24415,11103,11103,11103,1842,1842,1842,0,0,0,328376,228602,453307,247.569,27.867,3163.23
199,2985,2999,15,PACKAGE_SCENE,100000000,24415,24415,11103,11103,11103,1842,1842,1842,0,0,0,310378,197454,463290,179.365,27.282,2115.21
200,3000,3014,15,PACKAGE_SCENE,100000000,24415,24415,11103,11103,11103,1842,1842,1842,0,0,0,310453,191126,455340,149.468,36.1388,1680.5
201,3015,3029,15,PACKAGE_SCENE,100000000,24415,24415,11103,11103,11103,1842,1842,1842,0,0,0,361514,183584,473786,135.524,29.8132,1455.96
202,3030,3044,15,PACKAGE_SCENE,100000000,24415,24415,11103,11103,11103,1842,1842,1842,0,0,0,313557,203248,499839,132.825,30.2553,1435.66
203,3045,3059,15,PACKAGE_SCENE,100000000,24415,24415,11103,11103,11103,1842,1842,1842,0,0,0,331096,195951,465134,39.9249,30.0492,50.4944
204,3060,3074,15,PACKAGE_SCENE,100000000,24415,24415,11103,11103,11103,1842,1842,1842,0,0,0,312574,196451,454548,130.556,29.5338,1404.91
205,3075,3089,15,PACKAGE_SCENE,100000000,24415,24415,11103,11103,11103,1842,1842,1842,0,0,0,308501,167114,470575,129.246,35.6456,1352.91
206,3090,3104,15,PACKAGE_SCENE,100000000,24415,24415,11103,11103,11103,1842,1842,1842,0,0,0,310509,200910,425471,125.522,28.5524,1311.84
207,3105,3119,15,PACKAGE_SCENE,100000000,24415,24415,11103,11103,11103,1842,1842,1842,0,0,0,311957,187069,441463,138.762,37.1464,1498.32
208,3120,3134,15,PACKAGE_SCENE,100000000,24415,24415,11103,11103,11103,1842,1842,1842,0,0,0,358574,201850,515516,139.252,37.4103,1490.89
209,3135,3149,15,PACKAGE_SCENE,100000000,24415,24415,11103,11103,11103,1842,1842,1842,0,0,0,315558,191304,461215,40.7757,30.2539,48.6764
210,3150,3164,15,PACKAGE_SCENE,100000000,24415,24415,11103,11103,11103,1842,1842,1842,0,0,0,342557,206973,483262,128.205,29.9206,1397.02
211,3165,3179,15,PACKAGE_SCENE,100000000,24415,24415,11103,11103,11103,1842,1842,1842,0,0,0,364825,252367,494762,123.806,37.1823,1310.16
212,3180,3194,15,PACKAGE_SCENE,100000000,24415,24415,11103,11103,11103,1842,1842,1842,0,0,0,307691,163017,431888,128.712,28.5217,1323.12
213,3195,3209,15,PACKAGE_SCENE,100000000,24415,24415,11103,11103,11103,1842,1842,1842,0,0,0,340817,264387,425637,225.305,30.2433,2821.32
214,3210,3224,15,PACKAGE_SCENE,100000000,24415,24415,11103,11103,11103,1842,1842,1842,0,0,0,320435,182494,470225,175.276,28.7266,2032.39
215,3225,3239,15,PACKAGE_SCENE,100000000,24415,24415,11103,11103,11103,1842,1842,1842,0,0,0,317426,172920,490056,42.3193,30.2836,52.3643
216,3240,3254,15,PACKAGE_SCENE,100000000,24415,24415,11103,11103,11103,1842,1842,1842,0,0,0,329383,183283,451185,166.614,28.0415,1838.44
217,3255,3269,15,PACKAGE_SCENE,100000000,24415,24415,11103,11103,11103,1842,1842,1842,0,0,0,337623,225654,457740,175.001,34.8137,2005.19
218,3270,3284,15,PACKAGE_SCENE,100000000,24415,24415,11103,11103,11103,1842,1842,1842,0,0,0,297585,183265,438066,165.426,29.5051,1911.8
219,3285,3299,15,PACKAGE_SCENE,100000000,24415,24415,11103,11103,11103,1842,1842,1842,0,0,0,322906,201242,499664,152.673,29.7874,1713.05
220,3300,3314,15,PACKAGE_SCENE,100000000,24415,24415,11103,11103,11103,1842,1842,1842,0,0,0,314546,189893,493840,169.085,28.5952,1860.45
221,3315,3329,15,PACKAGE_SCENE,100000000,24415,24415,11103,11103,11103,1842,1842,1842,0,0,0,314875,189825,454159,43.6193,29.9082,56.3763
222,3330,3344,15,PACKAGE_SCENE,100000000,24415,24415,11103,11103,11103,1842,1842,1842,0,0,0,298365,183127,481029,198.975,26.5656,2438.73
223,3345,3359,15,PACKAGE_SCENE,100000000,24415,24415,11103,11103,11103,1842,1842,1842,0,0,0,331001,200716,469942,142.942,35.4602,1556.08
224,3360,3374,15,PACKAGE_SCENE,100000000,24415,24415,11103,11103,11103,1842,1842,1842,0,0,0,321870,179494,484174,143.926,36.0122,1598.3
225,3375,3389,15,PACKAGE_SCENE,100000000,24415,24415,11103,11103,11103,1842,1842,1842,0,0,0,310535,200369,454612,138.67,32.2461,1552.97
226,3390,3404,15,PACKAGE_SCENE,100000000,24415,24415,11103,11103,11103,1842,1842,1842,0,0,0,315024,199734,473147,134.9,27.0802,1508.6
227,3405,3419,15,PACKAGE_SCENE,100000000,24415,24415,11103,11103,11103,1842,1842,1842,0,0,0,299228,200286,462288,36.3339,28.5359,47.0809
228,3420,3434,15,PACKAGE_SCENE,100000000,24415,24415,11103,11103,11103,1842,1842,1842,0,0,0,321343,222381,492235,135.807,33.9419,1473.94
229,3435,3449,15,PACKAGE_SCENE,100000000,24415,24415,11103,11103,11103,1842,1842,1842,0,0,0,365643,222033,447178,141.266,34.1907,1549.83
230,3450,3464,15,PACKAGE_SCENE,100000000,24415,24415,11103,11103,11103,1842,1842,1842,0,0,0,330906,183612,488468,145.471,29.9055,1625.17
231,3465,3479,15,PACKAGE_SCENE,100000000,24415,24415,11103,11103,11103,1842,1842,1842,0,0,0,321289,198706,418371,143.721,26.7555,1591.27
232,3480,3494,15,PACKAGE_SCENE,100000000,24415,24415,11103,11103,11103,1842,1842,1842,0,0,0,309380,223329,475005,141.632,27.2159,1593.19
233,3495,3509,15,PACKAGE_SCENE,100000000,24415,24415,11103,11103,11103,1842,1842,1842,0,0,0,358753,246122,455392,37.318,26.9185,45.0172
234,3510,3524,15,PACKAGE_SCENE,100000000,24415,24415,11103,11103,11103,1842,1842,1842,0,0,0,302800,173278,465697,115.057,28.7688,1174.39
235,3525,3539,15,PACKAGE_SCENE,100000000,24415,24415,11103,11103,11103,1842,1842,1842,0,0,0,329525,217618,470434,111.783,35.7129,1107.34
236,3540,3554,15,PACKAGE_SCENE,100000000,24415,24415,11103,11103,11103,1842,1842,1842,0,0,0,289550,183646,438014,110.806,26.6681,1124.94
237,3555,3569,15,PACKAGE_SCENE,100000000,24415,24415,11103,11103,11103,1842,1842,1842,0,0,0,342227,188656,457003,2821.25,35.469,41710.9
238,3570,3584,15,PACKAGE_SCENE,100000000,24415,24415,11103,11103,11103,1842,1842,1842,0,0,0,308153,208325,409869,46.4553,26.6309,65.6502
239,3585,3599,15,PACKAGE_SCENE,100000000,24415,24415,11103,11103,11103,1842,1842,1842,0,0,0,349374,234042,445003,46.9728,38.727,64.7919
240,3600,3614,15,PACKAGE_SCENE,100000000,24415,24415,11103,11103,11103,1842,1842,1842,0,0,0,360642,211687,485864,47.9941,38.6525,70.6947
241,3615,3629,15,PACKAGE_SCENE,100000000,24415,24415,11103,11103,11103,1842,1842,1842,0,0,0,290690,201820,411675,41.1711,30.4053,56.6464
242,3630,3644,15,PACKAGE_SCENE,100000000,24415,24415,11103,11103,11103,1842,1842,1842,0,0,0,340162,183183,467317,43.7752,31.1458,59.8275
243,3645,3659,15,PACKAGE_SCENE,100000000,24415,24415,11103,11103,11103,1842,1842,1842,0,0,0,330768,228468,470534,44.1585,27.2543,60.6025
244,3660,3674,15,PACKAGE_SCENE,100000000,24415,24415,11103,11103,11103,1842,1842,1842,0,0,0,360376,228671,509069,43.4215,29.7967,61.2467
245,3675,3689,15,PACKAGE_SCENE,100000000,24415,24415,11103,11103,11103,1842,1842,1842,0,0,0,337710,182970,482481,44.3544,31.0647,59.6977
246,3690,3704,15,PACKAGE_SCENE,100000000,24415,24415,11103,11103,11103,1842,1842,1842,0,0,0,352144,190547,462326,43.1795,32.8671,58.3794
247,3705,3719,15,PACKAGE_SCENE,100000000,24415,24415,11103,11103,11103,1842,1842,1842,0,0,0,354693,183314,496755,44.6979,40.3432,52.6075
248,3720,3734,15,PACKAGE_SCENE,100000000,24415,24415,11103,11103,11103,1842,1842,1842,0,0,0,336966,222432,474489,40.5167,28.2111,67.762
249,3735,3749,15,PACKAGE_SCENE,100000000,24415,24415,11103,11103,11103,1842,1842,1842,0,0,0,327008,197781,432297,43.8383,35.6093,55.4215
250,3750,3764,15,PACKAGE_SCENE,100000000,24415,24415,11103,11103,11103,1842,1842,1842,0,0,0,322428,244415,421864,42.8348,38.7757,50.9443
251,3765,3779,15,PACKAGE_SCENE,100000000,24415,24415,11103,11103,11103,1842,1842,1842,0,0,0,320339,200242,431943,40.4444,29.3088,62.0121
252,3780,3794,15,PACKAGE_SCENE,100000000,24415,24415,11103,11103,11103,1842,1842,1842,0,0,0,318291,137176,440886,40.1479,35.4651,57.1088
253,3795,3809,15,PACKAGE_SCENE,100000000,24415,24415,11103,11103,11103,1842,1842,1842,0,0,0,324831,199452,411517,35.3668,28.0949,45.1586
254,3810,3824,15,PACKAGE_SCENE,100000000,24415,24415,11103,11103,11103,1842,1842,1842,0,0,0,322218,194083,458364,37.1653,33.6154,44.7334
255,3825,3839,15,PACKAGE_SCENE,100000000,24415,24415,11103,11103,11103,1842,1842,1842,0,0,0,358611,183609,442148,37.278,28.2741,46.9085
256,3840,3854,15,PACKAGE_SCENE,100000000,24415,24415,11103,11103,11103,1842,1842,1842,0,0,0,366141,202013,476062,35.9731,27.9395,45.5531
257,3855,3869,15,PACKAGE_SCENE,100000000,24415,24415,11103,11103,11103,1842,1842,1842,0,0,0,273408,183801,449515,45.4893,33.2833,66.4359
258,3870,3884,15,PACKAGE_SCENE,100000000,24415,24415,11103,11103,11103,1842,1842,1842,0,0,0,343662,183771,477919,37.3956,28.1734,44.9633
259,3885,3899,15,PACKAGE_SCENE,100000000,24415,24415,11103,11103,11103,1842,1842,1842,0,0,0,278960,184166,428283,37.1351,33.8188,45.544
260,3900,3914,15,PACKAGE_SCENE,100000000,24415,24415,11103,11103,11103,1842,1842,1842,0,0,0,369270,222110,507154,41.4786,35.7513,54.5171
261,3915,3929,15,PACKAGE_SCENE,100000000,24415,24415,11103,11103,11103,1842,1842,1842,0,0,0,316208,205027,458703,45.6695,31.1238,54.0415
262,3930,3944,15,PACKAGE_SCENE,100000000,24415,24415,11103,11103,11103,1842,1842,1842,0,0,0,309010,189179,403423,40.5174,32.766,44.6239
263,3945,3959,15,PACKAGE_SCENE,100000000,24415,24415,11103,11103,11103,1842,1842,1842,0,0,0,353580,227530,469189,40.7865,35.5666,55.5507
264,3960,3974,15,PACKAGE_SCENE,100000000,24415,24415,11103,11103,11103,1842,1842,1842,0,0,0,323932,189548,450661,37.3513,34.2091,45.4039
265,3975,3989,15,PACKAGE_SCENE,100000000,24415,24415,11103,11103,11103,1842,1842,1842,0,0,0,309780,184328,483983,36.1794,29.5601,43.2312
266,3990,4004,15,PACKAGE_SCENE,100000000,24415,24415,11103,11103,11103,1842,1842,1842,0,0,0,314979,230935,410471,39.2933,35.3118,45.3869
267,4005,4019,15,PACKAGE_SCENE,100000000,24415,24415,11103,11103,11103,1842,1842,1842,0,0,0,337101,200172,481250,37.8525,35.5711,47.1466
268,4020,4034,15,PACKAGE_SCENE,100000000,24415,24415,11103,11103,11103,1842,1842,1842,0,0,0,344907,205684,455697,36.2457,26.4877,44.8084
269,4035,4049,15,PACKAGE_SCENE,100000000,24415,24415,11103,11103,11103,1842,1842,1842,0,0,0,342638,222405,459311,39.3679,26.3961,49.2491
270,4050,4064,15,PACKAGE_SCENE,100000000,24415,24415,11103,11103,11103,1842,1842,1842,0,0,0,359781,202126,479538,37.2522,33.9154,45.0457
271,4065,4079,15,PACKAGE_SCENE,100000000,24415,24415,11103,11103,11103,1842,1842,1842,0,0,0,269043,183576,404122,37.196,28.2719,45.3332
272,4080,4094,15,PACKAGE_SCENE,100000000,24415,24415,11103,11103,11103,1842,1842,1842,0,0,0,329425,202736,484115,39.8909,27.7871,50.0738
273,4095,4109,15,PACKAGE_SCENE,100000000,24415,24415,11103,11103,11103,1842,1842,1842,0,0,0,330625,199413,468806,39.3364,28.2335,52.7095
274,4110,4124,15,PACKAGE_SCENE,100000000,24415,24415,11103,11103,11103,1842,1842,1842,0,0,0,356381,250008,463391,39.1406,27.4723,46.5779
275,4125,4139,15,PACKAGE_SCENE,100000000,24415,24415,11103,11103,11103,1842,1842,1842,0,0,0,317453,184548,479060,37.711,30.1973,47.8211
276,4140,4154,15,PACKAGE_SCENE,100000000,24415,24415,11103,11103,11103,1842,1842,1842,0,0,0,312042,223169,486273,35.1917,26.6414,40.3041
277,4155,4169,15,PACKAGE_SCENE,100000000,24415,24415,11103,11103,11103,1842,1842,1842,0,0,0,321603,222642,407506,39.5491,28.6232,50.0714
278,4170,4184,15,PACKAGE_SCENE,100000000,24415,24415,11103,11103,11103,1842,1842,1842,0,0,0,345595,183534,505524,37.1691,29.8131,43.4175
279,4185,4199,15,PACKAGE_SCENE,100000000,24415,24415,11103,11103,11103,1842,1842,1842,0,0,0,354039,183659,483464,37.988,30.801,44.5683
280,4200,4214,15,PACKAGE_SCENE,100000000,24415,24415,11103,11103,11103,1842,1842,1842,0,0,0,293045,190207,418290,37.41,29.141,48.5425
281,4215,4229,15,PACKAGE_SCENE,100000000,24415,24415,11103,11103,11103,1842,1842,1842,0,0,0,384664,266368,438982,37.0836,27.4274,47.1362
282,4230,4244,15,PACKAGE_SCENE,100000000,24415,24415,11103,11103,11103,1842,1842,1842,0,0,0,354422,206479,521042,35.4294,26.9596,46.3192
283,4245,4259,15,PACKAGE_SCENE,100000000,24415,24415,11103,11103,11103,1842,1842,1842,0,0,0,334807,199399,432774,38.0771,27.0674,47.4498
284,4260,4274,15,PACKAGE_SCENE,100000000,24415,24415,11103,11103,11103,1842,1842,1842,0,0,0,358453,196156,489942,38.277,28.0728,46.1859
285,4275,4289,15,PACKAGE_SCENE,100000000,24415,24415,11103,11103,11103,1842,1842,1842,0,0,0,329659,204917,432601,36.807,27.0103,46.4666
286,4290,4304,15,PACKAGE_SCENE,100000000,24415,24415,11103,11103,11103,1842,1842,1842,0,0,0,358935,190369,464806,34.592,26.5051,44.8065
287,4305,4319,15,PACKAGE_SCENE,100000000,24415,24415,11103,11103,11103,1842,1842,1842,0,0,0,337812,184186,452014,34.8947,26.2939,44.7141
288,4320,4334,15,PACKAGE_SCENE,100000000,24415,24415,11103,11103,11103,1842,1842,1842,0,0,0,318077,232321,485368,34.9111,26.1654,54.0923
289,4335,4349,15,PACKAGE_SCENE,100000000,24415,24415,11103,11103,11103,1842,1842,1842,0,0,0,286096,184219,446316,37.1494,35.322,44.7094
290,4350,4364,15,PACKAGE_SCENE,100000000,24415,24415,11103,11103,11103,1842,1842,1842,0,0,0,363553,197447,488923,36.9422,26.4846,45.5975
291,4365,4379,15,PACKAGE_SCENE,100000000,24415,24415,11103,11103,11103,1842,1842,1842,0,0,0,337712,204325,425458,39.119,26.8211,53.5463
292,4380,4394,15,PACKAGE_SCENE,100000000,24415,24415,11103,11103,11103,1842,1842,1842,0,0,0,336014,211632,448056,37.6712,27.3248,54.5371
293,4395,4409,15,PACKAGE_SCENE,100000000,24415,24415,11103,11103,11103,1842,1842,1842,0,0,0,359159,260290,497482,38.377,34.8393,52.9893
294,4410,4424,15,PACKAGE_SCENE,100000000,24415,24415,11103,11103,11103,1842,1842,1842,0,0,0,309642,220449,444391,38.4124,33.2745,55.0092
295,4425,4439,15,PACKAGE_SCENE,100000000,24415,24415,11103,11103,11103,1842,1842,1842,0,0,0,349624,194594,490270,39.8184,34.2365,52.2048
296,4440,4454,15,PACKAGE_SCENE,100000000,24415,24415,11103,11103,11103,1842,1842,1842,0,0,0,334298,235151,484981,42.6384,35.3469,56.6942
297,4455,4469,15,PACKAGE_SCENE,100000000,24415,24415,11103,11103,11103,1842,1842,1842,0,0,0,327496,183682,456624,37.8926,26.4216,53.1327
298,4470,4484,15,PACKAGE_SCENE,100000000,24415,24415,11103,11103,11103,1842,1842,1842,0,0,0,339014,202572,505486,42.6642,31.8856,52.0955
299,4485,4499,15,PACKAGE_SCENE,100000000,24415,24415,11103,11103,11103,1842,1842,1842,0,0,0,352781,201242,462894,41.8933,31.2676,49.8095
300,4500,4514,15,PACKAGE_SCENE,100000000,24415,24415,11103,11103,11103,1842,1842,1842,0,0,0,326472,183913,516550,40.1298,31.5117,47.2829
301,4515,4529,15,PACKAGE_SCENE,100000000,24415,24415,11103,11103,11103,1842,1842,1842,0,0,0,338316,224859,450815,37.6977,28.4636,45.2226
302,4530,4544,15,PACKAGE_SCENE,100000000,24415,24415,11103,11103,11103,1842,1842,1842,0,0,0,301967,198566,439841,40.261,33.5885,49.9986
303,4545,4559,15,PACKAGE_SCENE,100000000,24415,24415,11103,11103,11103,1842,1842,1842,0,0,0,311742,182973,456597,43.4541,33.5107,53.2744
304,4560,4574,15,PACKAGE_SCENE,100000000,24415,24415,11103,11103,11103,1842,1842,1842,0,0,0,333362,183832,435304,43.9824,32.2135,55.1365
305,4575,4589,15,PACKAGE_SCENE,100000000,24415,24415,11103,11103,11103,1842,1842,1842,0,0,0,285929,197600,404927,41.1918,30.612,54.4428
306,4590,4604,15,PACKAGE_SCENE,100000000,24415,24415,11103,11103,11103,1842,1842,1842,0,0,0,348554,195964,494913,42.677,33.4272,53.5683
307,4605,4619,15,PACKAGE_SCENE,100000000,24415,24415,11103,11103,11103,1842,1842,1842,0,0,0,313226,189010,456445,42.488,35.4559,52.0298
308,4620,4634,15,PACKAGE_SCENE,100000000,24415,24415,11103,11103,11103,1842,1842,1842,0,0,0,348729,198664,506772,40.2162,31.0319,45.5012
309,4635,4649,15,PACKAGE_SCENE,100000000,24415,24415,11103,11103,11103,1842,1842,1842,0,0,0,348478,214697,497433,42.5145,30.5065,53.6456
310,4650,4664,15,PACKAGE_SCENE,100000000,24415,24415,11103,11103,11103,1842,1842,1842,0,0,0,325576,218414,460645,38.9826,28.9016,45.1324
311,4665,4679,15,PACKAGE_SCENE,100000000,24415,24415,11103,11103,11103,1842,1842,1842,0,0,0,355461,226952,468680,42.9248,33.9116,54.4381
312,4680,4694,15,PACKAGE_SCENE,100000000,24415,24415,11103,11103,11103,1842,1842,1842,0,0,0,326672,265653,437277,43.4167,32.6636,52.4629
313,4695,4709,15,PACKAGE_SCENE,100000000,24415,24415,11103,11103,11103,1842,1842,1842,0,0,0,322880,203539,465509,41.3489,28.0964,55.0901
314,4710,4724,15,PACKAGE_SCENE,100000000,24415,24415,11103,11103,11103,1842,1842,1842,0,0,0,334454,225841,511215,42.8853,33.4357,52.2568
315,4725,4739,15,PACKAGE_SCENE,100000000,24415,24415,11103,11103,11103,1842,1842,1842,0,0,0,337397,183268,476489,54.1083,39.0142,85.3995
316,4740,4754,15,PACKAGE_SCENE,100000000,24415,24415,11103,11103,11103,1842,1842,1842,0,0,0,279197,183588,427215,38.472,26.556,45.6363
317,4755,4769,15,PACKAGE_SCENE,100000000,24415,24415,11103,11103,11103,1842,1842,1842,0,0,0,305187,189259,445073,36.9813,27.4799,44.952
318,4770,4784,15,PACKAGE_SCENE,100000000,24415,24415,11103,11103,11103,1842,1842,1842,0,0,0,323200,183605,452753,39.1247,28.3943,54.5052
319,4785,4799,15,PACKAGE_SCENE,100000000,24415,24415,11103,11103,11103,1842,1842,1842,0,0,0,328037,192592,438715,35.1217,26.3573,51.5673
320,4800,4814,15,PACKAGE_SCENE,100000000,24415,24415,11103,11103,11103,1842,1842,1842,0,0,0,297733,178954,444515,38.8003,33.3548,44.846
321,4815,4829,15,PACKAGE_SCENE,100000000,24415,24415,11103,11103,11103,1842,1842,1842,0,0,0,344571,220288,443085,39.5106,28.2634,50.559
322,4830,4844,15,PACKAGE_SCENE,100000000,24415,24415,11103,11103,11103,1842,1842,1842,0,0,0,320260,183648,484151,35.9014,29.6036,47.5157
323,4845,4859,15,PACKAGE_SCENE,100000000,24415,24415,11103,11103,11103,1842,1842,1842,0,0,0,359967,212315,519418,36.7228,33.7044,47.6637
324,4860,4874,15,PACKAGE_SCENE,100000000,24415,24415,11103,11103,11103,1842,1842,1842,0,0,0,374603,228455,498829,35.7329,28.9864,38.1782
325,4875,4889,15,PACKAGE_SCENE,100000000,24415,24415,11103,11103,11103,1842,1842,1842,0,0,0,322955,193951,444835,39.3312,33.4874,49.6202
326,4890,4904,15,PACKAGE_SCENE,100000000,24415,24415,11103,11103,11103,1842,1842,1842,0,0,0,331810,194354,441754,39.292,29.9848,55.302
327,4905,4919,15,PACKAGE_SCENE,100000000,24415,24415,11103,11103,11103,1842,1842,1842,0,0,0,303131,200085,416143,37.7844,28.3475,47.8104
328,4920,4934,15,PACKAGE_SCENE,100000000,24415,24415,11103,11103,11103,1842,1842,1842,0,0,0,347889,201342,468501,37.8698,33.6863,46.2471
329,4935,4949,15,PACKAGE_SCENE,100000000,24415,24415,11103,11103,11103,1842,1842,1842,0,0,0,333805,234075,437285,38.1312,26.8265,51.5964
330,4950,4964,15,PACKAGE_SCENE,100000000,24415,24415,11103,11103,11103,1842,1842,1842,0,0,0,349551,204152,434862,37.3484,34.6887,45.2246
331,4965,4979,15,PACKAGE_SCENE,100000000,24415,24415,11103,11103,11103,1842,1842,1842,0,0,0,342224,218828,444875,35.8464,27.5161,45.0017
332,4980,4994,15,PACKAGE_SCENE,100000000,24415,24415,11103,11103,11103,1842,1842,1842,0,0,0,411707,260363,481157,37.8735,33.6731,52.096
333,4995,5009,15,PACKAGE_SCENE,100000000,24415,24415,11103,11103,11103,1842,1842,1842,0,0,0,359444,220831,470073,36.9163,26.2922,46.9471
334,5010,5024,15,PACKAGE_SCENE,100000000,24415,24415,11103,11103,11103,1842,1842,1842,0,0,0,411714,275130,510683,36.7645,26.2701,45.661
335,5025,5039,15,PACKAGE_SCENE,100000000,24415,24415,11103,11103,11103,1842,1842,1842,0,0,0,324272,198344,463202,39.0044,26.2666,47.6457
336,5040,5054,15,PACKAGE_SCENE,100000000,24415,24415,11103,11103,11103,1842,1842,1842,0,0,0,321190,162273,485486,38.0222,33.1859,47.0156
337,5055,5069,15,PACKAGE_SCENE,100000000,24415,24415,11103,11103,11103,1842,1842,1842,0,0,0,308371,203033,411574,34.7591,26.2465,42.0694
338,5070,5084,15,PACKAGE_SCENE,100000000,24415,24415,11103,11103,11103,1842,1842,1842,0,0,0,335849,190974,478151,34.9524,26.5276,42.5748
339,5085,5099,15,PACKAGE_SCENE,100000000,24415,24415,11103,11103,11103,1842,1842,1842,0,0,0,353184,183534,443738,37.4328,29.4833,46.9988
340,5100,5114,15,PACKAGE_SCENE,100000000,24415,24415,11103,11103,11103,1842,1842,1842,0,0,0,355349,197971,492366,36.562,28.4878,45.8504
341,5115,5129,15,PACKAGE_SCENE,100000000,24415,24415,11103,11103,11103,1842,1842,1842,0,0,0,318793,228775,455744,36.9875,26.5268,45.5917
342,5130,5144,15,PACKAGE_SCENE,100000000,24415,24415,11103,11103,11103,1842,1842,1842,0,0,0,298552,199001,408952,38.8654,34.0337,46.0629
343,5145,5159,15,PACKAGE_SCENE,100000000,24415,24415,11103,11103,11103,1842,1842,1842,0,0,0,308040,188612,450022,37.8224,26.2432,53.7003
344,5160,5174,15,PACKAGE_SCENE,100000000,24415,24415,11103,11103,11103,1842,1842,1842,0,0,0,347533,198055,453614,38.2031,33.7313,47.2947
345,5175,5189,15,PACKAGE_SCENE,100000000,24415,24415,11103,11103,11103,1842,1842,1842,0,0,0,308525,194743,443527,34.5188,26.5119,42.8014
346,5190,5204,15,PACKAGE_SCENE,100000000,24415,24415,11103,11103,11103,1842,1842,1842,0,0,0,284335,183247,487018,37.0484,28.695,45.8609
347,5205,5219,15,PACKAGE_SCENE,100000000,24415,24415,11103,11103,11103,1842,1842,1842,0,0,0,303674,183505,447866,36.7184,25.8964,45.8405
348,5220,5234,15,PACKAGE_SCENE,100000000,24415,24415,11103,11103,11103,1842,1842,1842,0,0,0,291213,185149,456619,35.7246,26.4227,44.6304
349,5235,5249,15,PACKAGE_SCENE,100000000,24415,24415,11103,11103,11103,1842,1842,1842,0,0,0,342684,192279,480143,36.2851,28.3763,42.6677
350,5250,5264,15,PACKAGE_SCENE,100000000,24415,24415,11103,11103,11103,1842,1842,1842,0,0,0,331224,183765,509329,35.6054,27.0099,44.8172
351,5265,5279,15,PACKAGE_SCENE,100000000,24415,24415,11103,11103,11103,1842,1842,1842,0,0,0,342098,248575,452919,39.0785,28.3598,65.6266
352,5280,5294,15,PACKAGE_SCENE,100000000,24415,24415,11103,11103,11103,1842,1842,1842,0,0,0,304130,149942,469022,37.5281,28.5149,51.3187
353,5295,5309,15,PACKAGE_SCENE,100000000,24415,24415,11103,11103,11103,1842,1842,1842,0,0,0,353209,224930,475165,38.1235,28.1973,51.6649
354,5310,5324,15,PACKAGE_SCENE,100000000,24415,24415,11103,11103,11103,1842,1842,1842,0,0,0,314656,189136,469193,36.7984,26.3426,44.7849
355,5325,5339,15,PACKAGE_SCENE,100000000,24415,24415,11103,11103,11103,1842,1842,1842,0,0,0,327204,204496,431961,40.0022,33.3423,51.7167
356,5340,5354,15,PACKAGE_SCENE,100000000,24415,24415,11103,11103,11103,1842,1842,1842,0,0,0,308118,183849,409913,51.8061,36.3613,85.93
357,5355,5369,15,PACKAGE_SCENE,100000000,24415,24415,11103,11103,11103,1842,1842,1842,0,0,0,347299,202098,459912,41.242,35.3304,46.2348
358,5370,5384,15,PACKAGE_SCENE,100000000,24415,24415,11103,11103,11103,1842,1842,1842,0,0,0,325831,198136,451642,36.8678,33.2572,43.7696
359,5385,5399,15,PACKAGE_SCENE,100000000,24415,24415,11103,11103,11103,1842,1842,1842,0,0,0,364460,203623,474128,37.905,28.8185,52.976
360,5400,5414,15,PACKAGE_SCENE,100000000,24415,24415,11103,11103,11103,1842,1842,1842,0,0,0,354408,251413,428703,36.992,28.6616,45.3472
361,5415,5429,15,PACKAGE_SCENE,100000000,24415,24415,11103,11103,11103,1842,1842,1842,0,0,0,332491,194479,455242,38.3912,30.911,47.2515
362,5430,5444,15,PACKAGE_SCENE,100000000,24415,24415,11103,11103,11103,1842,1842,1842,0,0,0,293177,199101,455548,37.1069,26.3084,47.468
363,5445,5459,15,PACKAGE_SCENE,100000000,24415,24415,11103,11103,11103,1842,1842,1842,0,0,0,342678,211276,504601,38.1168,30.1589,47.4579
364,5460,5474,15,PACKAGE_SCENE,100000000,24415,24415,11103,11103,11103,1842,1842,1842,0,0,0,366169,240031,483380,38.2034,26.7106,46.8941
365,5475,5489,15,PACKAGE_SCENE,100000000,24415,24415,11103,11103,11103,1842,1842,1842,0,0,0,321075,198198,470820,37.5231,33.1219,45.3262
366,5490,5504,15,PACKAGE_SCENE,100000000,24415,24415,11103,11103,11103,1842,1842,1842,0,0,0,334370,191004,436932,36.7361,26.911,53.7437
367,5505,5519,15,PACKAGE_SCENE,100000000,24415,24415,11103,11103,11103,1842,1842,1842,0,0,0,336503,190602,449311,37.7238,28.6326,54.5519
368,5520,5534,15,PACKAGE_SCENE,100000000,24415,24415,11103,11103,11103,1842,1842,1842,0,0,0,304656,202151,451928,36.538,26.8165,47.663
369,5535,5549,15,PACKAGE_SCENE,100000000,24415,24415,11103,11103,11103,1842,1842,1842,0,0,0,357377,227414,457063,36.4948,27.6902,47.2834
370,5550,5564,15,PACKAGE_SCENE,100000000,24415,24415,11103,11103,11103,1842,1842,1842,0,0,0,339663,208686,455604,35.6196,26.8197,44.6395
371,5565,5579,15,PACKAGE_SCENE,100000000,24415,24415,11103,11103,11103,1842,1842,1842,0,0,0,342573,211486,504366,39.0348,28.1065,47.0836
372,5580,5594,15,PACKAGE_SCENE,100000000,24415,24415,11103,11103,11103,1842,1842,1842,0,0,0,335782,239161,450165,36.6872,33.6785,47.8412
373,5595,5609,15,PACKAGE_SCENE,100000000,24415,24415,11103,11103,11103,1842,1842,1842,0,0,0,332439,195184,475283,35.8238,26.5744,44.4851
374,5610,5624,15,PACKAGE_SCENE,100000000,24415,24415,11103,11103,11103,1842,1842,1842,0,0,0,338583,233787,487244,36.0033,28.8014,46.0553
375,5625,5639,15,PACKAGE_SCENE,100000000,24415,24415,11103,11103,11103,1842,1842,1842,0,0,0,335272,171282,439134,37.4929,28.6517,47.3025
376,5640,5654,15,PACKAGE_SCENE,100000000,24415,24415,11103,11103,11103,1842,1842,1842,0,0,0,340447,200593,487921,37.1178,26.5236,45.3808
377,5655,5669,15,PACKAGE_SCENE,100000000,24415,24415,11103,11103,11103,1842,1842,1842,0,0,0,343044,199707,459513,38.5678,27.0087,51.8449
378,5670,5684,15,PACKAGE_SCENE,100000000,24415,24415,11103,11103,11103,1842,1842,1842,0,0,0,345524,232482,442341,36.2975,26.8423,43.7876
379,5685,5699,15,PACKAGE_SCENE,100000000,24415,24415,11103,11103,11103,1842,1842,1842,0,0,0,314007,183845,465728,38.8257,26.6684,49.4572
380,5700,5714,15,PACKAGE_SCENE,100000000,24415,24415,11103,11103,11103,1842,1842,1842,0,0,0,333998,183957,442478,36.9574,28.5475,45.0013
381,5715,5729,15,PACKAGE_SCENE,100000000,24415,24415,11103,11103,11103,1842,1842,1842,0,0,0,318602,212769,469841,37.8173,28.4115,61.3814
382,5730,5744,15,PACKAGE_SCENE,100000000,24415,24415,11103,11103,11103,1842,1842,1842,0,0,0,304965,192711,445796,38.0289,28.5272,56.6738
383,5745,5759,15,PACKAGE_SCENE,100000000,24415,24415,11103,11103,11103,1842,1842,1842,0,0,0,295352,209865,411243,40.4329,33.6721,49.3178
384,5760,5774,15,PACKAGE_SCENE,100000000,24415,24415,11103,11103,11103,1842,1842,1842,0,0,0,333838,213324,451303,36.6774,26.4012,51.9224
385,5775,5789,15,PACKAGE_SCENE,100000000,24415,24415,11103,11103,11103,1842,1842,1842,0,0,0,357677,226956,517927,34.4477,28.0643,38.2452
386,5790,5804,15,PACKAGE_SCENE,100000000,24415,24415,11103,11103,11103,1842,1842,1842,0,0,0,365108,245256,512840,37.7973,28.7896,49.3588
387,5805,5819,15,PACKAGE_SCENE,100000000,24415,24415,11103,11103,11103,1842,1842,1842,0,0,0,347127,192360,448513,40.9385,29.7566,60.9438
388,5820,5834,15,PACKAGE_SCENE,100000000,24415,24415,11103,11103,11103,1842,1842,1842,0,0,0,347965,183211,462029,40.8302,29.6393,108.472
389,5835,5849,15,PACKAGE_SCENE,100000000,24415,24415,11103,11103,11103,1842,1842,1842,0,0,0,345826,193063,494801,40.8964,33.7349,49.8048
390,5850,5864,15,PACKAGE_SCENE,100000000,24415,24415,11103,11103,11103,1842,1842,1842,0,0,0,365109,228549,456853,38.4689,29.1178,51.6377
391,5865,5879,15,PACKAGE_SCENE,100000000,24415,24415,11103,11103,11103,1842,1842,1842,0,0,0,332238,188188,476445,40.6146,28.6634,51.1893
392,5880,5894,15,PACKAGE_SCENE,100000000,24415,24415,11103,11103,11103,1842,1842,1842,0,0,0,366461,192090,499283,37.7569,27.875,50.8761
393,5895,5909,15,PACKAGE_SCENE,100000000,24415,24415,11103,11103,11103,1842,1842,1842,0,0,0,361401,220790,486453,45.3552,36.0595,55.0993
394,5910,5924,15,PACKAGE_SCENE,100000000,24415,24415,11103,11103,11103,1842,1842,1842,0,0,0,338154,167596,446980,42.9057,29.9074,57.1532
395,5925,5939,15,PACKAGE_SCENE,100000000,24415,24415,11103,11103,11103,1842,1842,1842,0,0,0,364326,183468,487593,38.4025,27.1822,48.9549
396,5940,5954,15,PACKAGE_SCENE,100000000,24415,24415,11103,11103,11103,1842,1842,1842,0,0,0,367140,203197,487985,37.6557,26.8717,48.5507
397,5955,5969,15,PACKAGE_SCENE,100000000,24415,24415,11103,11103,11103,1842,1842,1842,0,0,0,340187,200808,530467,39.4268,35.8264,52.1916
398,5970,5984,15,PACKAGE_SCENE,100000000,24415,24415,11103,11103,11103,1842,1842,1842,0,0,0,343535,203281,494761,33.5285,26.709,38.1039
399,5985,5999,15,PACKAGE_SCENE,100000000,24415,24415,11045.8,11025,11103,1754.73,1723,1842,0,0,0,314776,222945,427527,36.0622,26.6554,46.0507
400,6000,6014,15,PACKAGE_SCENE,100000000,24415,24415,7099,2476,11025,1227.67,754,1723,100.267,0,205,256663,83557,628052,96.0338,35.4945,167.369
401,6015,6029,15,PACKAGE_SCENE,100000000,24415,24415,5738.27,2446,6309,928.467,662,1327,49.6,0,317,227679,98158,323883,52.2014,23.5042,186.132
402,6030,6044,15,PACKAGE_SCENE,100000000,24415,24415,7195.8,6309,7787,1088.07,907,1596,19.5333,0,165,202451,118971,286064,40.8981,23.574,119.057
403,6045,6059,15,PACKAGE_SCENE,100000000,24415,24415,7765.73,7758,7787,1137.87,1080,1534,19.6667,0,169,188854,95454,264078,42.0085,24.6312,130.943
404,6060,6074,15,PACKAGE_SCENE,100000000,24415,24415,7758,7758,7758,1090,1090,1090,0,0,0,176978,94533,233123,29.5792,23.4739,36.3205
405,6075,6089,15,PACKAGE_SCENE,100000000,24415,24415,7758,7758,7758,1090,1090,1090,0,0,0,175562,106571,268687,28.2032,23.6654,34.0093
406,6090,6104,15,PACKAGE_SCENE,100000000,24415,24415,7758,7758,7758,1090,1090,1090,0,0,0,166087,94933,236390,31.057,23.7068,35.7345
407,6105,6119,15,PACKAGE_SCENE,100000000,24415,24415,7758,7758,7758,1090,1090,1090,0,0,0,166814,97659,240563,29.4507,23.5052,40.4572
408,6120,6134,15,PACKAGE_SCENE,100000000,24415,24415,7758,7758,7758,1090,1090,1090,0,0,0,180006,99873,220424,33.1041,24.1021,57.8392
409,6135,6149,15,PACKAGE_SCENE,100000000,24415,24415,7758,7758,7758,1090,1090,1090,0,0,0,183926,95340,258993,388.492,24.5737,5339.76
410,6150,6164,15,PACKAGE_SCENE,100000000,24415,24415,7758,7758,7758,1090,1090,1090,0,0,0,186883,95216,266419,290.635,23.7163,3896.04
411,6165,6179,15,PACKAGE_SCENE,100000000,24415,24415,7758,7758,7758,1090,1090,1090,0,0,0,184257,114511,225143,30.5609,23.6541,36.4084
412,6180,6194,15,PACKAGE_SCENE,100000000,24415,24415,7758,7758,7758,1090,1090,1090,0,0,0,192093,134034,233876,187.165,24.6001,2347.95
413,6195,6209,15,PACKAGE_SCENE,100000000,24415,24415,7758,7758,7758,1090,1090,1090,0,0,0,179070,102547,277112,165.621,24.123,2097.35
414,6210,6224,15,PACKAGE_SCENE,100000000,24415,24415,7758,7758,7758,1090,1090,1090,0,0,0,178867,95002,269275,166.194,24.4204,2052.97
415,6225,6239,15,PACKAGE_SCENE,100000000,24415,24415,7758,7758,7758,1090,1090,1090,0,0,0,170744,95357,231322,220.834,23.7821,2876.42
416,6240,6254,15,PACKAGE_SCENE,100000000,24415,24415,7758,7758,7758,1090,1090,1090,0,0,0,181124,111965,230137,184.2,23.856,2352.46
417,6255,6269,15,PACKAGE_SCENE,100000000,24415,24415,7758,7758,7758,1090,1090,1090,0,0,0,187883,94888,253657,29.6862,24.2901,41.0346
418,6270,6284,15,PACKAGE_SCENE,100000000,24415,24415,7758,7758,7758,1090,1090,1090,0,0,0,168678,94922,254572,103.229,24.8287,1116.77
419,6285,6299,15,PACKAGE_SCENE,100000000,24415,24415,7758,7758,7758,1090,1090,1090,0,0,0,172765,95315,248072,111.914,23.5313,1203
420,6300,6314,15,PACKAGE_SCENE,100000000,24415,24415,7758,7758,7758,1090,1090,1090,0,0,0,156493,94803,236949,108.536,23.6602,1207.29
421,6315,6329,15,PACKAGE_SCENE,100000000,24415,24415,7758,7758,7758,1090,1090,1090,0,0,0,188555,98175,263460,117.603,23.8409,1296.2
422,6330,6344,15,PACKAGE_SCENE,100000000,24415,24415,7758,7758,7758,1090,1090,1090,0,0,0,172101,94817,227048,132.721,26.7879,1507.61
423,6345,6359,15,PACKAGE_SCENE,100000000,24415,24415,7758,7758,7758,1090,1090,1090,0,0,0,177213,97918,240922,35.2668,26.806,51.4453
424,6360,6374,15,PACKAGE_SCENE,100000000,24415,24415,7758,7758,7758,1090,1090,1090,0,0,0,166230,91579,258606,114.293,24.1803,1242.34
425,6375,6389,15,PACKAGE_SCENE,100000000,24415,24415,7758,7758,7758,1090,1090,1090,0,0,0,179971,134586,215321,106.803,24.1325,1129.73
426,6390,6404,15,PACKAGE_SCENE,100000000,24415,24415,7758,7758,7758,1090,1090,1090,0,0,0,180306,91594,244163,104.163,23.7844,1140.64
427,6405,6419,15,PACKAGE_SCENE,100000000,24415,24415,7758,7758,7758,1090,1090,1090,0,0,0,157498,95048,234343,97.7099,23.6186,1013.83
428,6420,6434,15,PACKAGE_SCENE,100000000,24415,24415,7758,7758,7758,1090,1090,1090,0,0,0,150503,94982,223777,110.592,24.1357,1250.06
429,6435,6449,15,PACKAGE_SCENE,100000000,24415,24415,7758,7758,7758,1090,1090,1090,0,0,0,188984,109905,244513,38.3218,27.1319,77.2093
430,6450,6464,15,PACKAGE_SCENE,100000000,24415,24415,7758,7758,7758,1090,1090,1090,0,0,0,164569,105912,242399,134.579,29.5356,1483.68
431,6465,6479,15,PACKAGE_SCENE,100000000,24415,24415,7758,7758,7758,1090,1090,1090,0,0,0,180247,110274,229238,219.45,24.8116,2810.48
432,6480,6494,15,PACKAGE_SCENE,100000000,24415,24415,7758,7758,7758,1090,1090,1090,0,0,0,171197,90991,223193,140.578,24.8108,1606.46
433,6495,6509,15,PACKAGE_SCENE,100000000,24415,24415,7758,7758,7758,1090,1090,1090,0,0,0,171307,91665,282146,151.942,24.1968,1796.69
434,6510,6524,15,PACKAGE_SCENE,100000000,24415,24415,7758,7758,7758,1090,1090,1090,0,0,0,174663,97987,244771,32.1546,23.9571,41.7988
435,6525,6539,15,PACKAGE_SCENE,100000000,24415,24415,7758,7758,7758,1090,1090,1090,0,0,0,190725,148333,245280,123.317,23.5182,1399.35
436,6540,6554,15,PACKAGE_SCENE,100000000,24415,24415,7758,7758,7758,1090,1090,1090,0,0,0,163191,97691,251911,119.979,23.9145,1353.98
437,6555,6569,15,PACKAGE_SCENE,100000000,24415,24415,7758,7758,7758,1090,1090,1090,0,0,0,184544,123345,223415,124.28,24.186,1369.44
438,6570,6584,15,PACKAGE_SCENE,100000000,24415,24415,7758,7758,7758,1090,1090,1090,0,0,0,172250,94468,255751,139.286,23.8988,1635.19
439,6585,6599,15,PACKAGE_SCENE,100000000,24415,24415,7758,7758,7758,1090,1090,1090,0,0,0,187522,125878,256857,131.395,24.7053,1508.05
440,6600,6614,15,PACKAGE_SCENE,100000000,24415,24415,7758,7758,7758,1090,1090,1090,0,0,0,165395,95030,220034,30.3813,23.7568,43.3074
441,6615,6629,15,PACKAGE_SCENE,100000000,24415,24415,7758,7758,7758,1090,1090,1090,0,0,0,190285,119602,289407,121.587,23.6766,1344.72
442,6630,6644,15,PACKAGE_SCENE,100000000,24415,24415,7758,7758,7758,1090,1090,1090,0,0,0,188843,113346,255081,131.672,24.5623,1515.02
443,6645,6659,15,PACKAGE_SCENE,100000000,24415,24415,7758,7758,7758,1090,1090,1090,0,0,0,172808,94994,240432,117.491,24.021,1312.41
444,6660,6674,15,PACKAGE_SCENE,100000000,24415,24415,7758,7758,7758,1090,1090,1090,0,0,0,184599,119649,219439,116.264,23.8454,1317.33
445,6675,6689,15,PACKAGE_SCENE,100000000,24415,24415,7758,7758,7758,1090,1090,1090,0,0,0,171910,94884,228942,113.485,24.2637,1272.82
446,6690,6704,15,PACKAGE_SCENE,100000000,24415,24415,7758,7758,7758,1090,1090,1090,0,0,0,169514,97989,262382,31.3583,24.0252,42.7373
447,6705,6719,15,PACKAGE_SCENE,100000000,24415,24415,7758,7758,7758,1090,1090,1090,0,0,0,188653,138221,239317,144.999,28.8919,1648
448,6720,6734,15,PACKAGE_SCENE,100000000,24415,24415,7758,7758,7758,1090,1090,1090,0,0,0,166280,106326,236449,139.083,23.9107,1615
449,6735,6749,15,PACKAGE_SCENE,100000000,24415,24415,7758,7758,7758,1090,1090,1090,0,0,0,173415,95538,240816,141.938,23.91,1618.25
450,6750,6764,15,PACKAGE_SCENE,100000000,24415,24415,7758,7758,7758,1090,1090,1090,0,0,0,183464,110278,250308,154.538,29.378,1810.26
451,6765,6779,15,PACKAGE_SCENE,100000000,24415,24415,7758,7758,7758,1090,1090,1090,0,0,0,176800,94774,258697,140.001,29.7449,1544.84
452,6780,6794,15,PACKAGE_SCENE,100000000,24415,24415,7758,7758,7758,1090,1090,1090,0,0,0,189589,103682,253407,32.9861,24.1737,45.6317
453,6795,6809,15,PACKAGE_SCENE,100000000,24415,24415,7758,7758,7758,1090,1090,1090,0,0,0,180505,103528,251112,131.407,29.165,1431.97
454,6810,6824,15,PACKAGE_SCENE,100000000,24415,24415,7758,7758,7758,1090,1090,1090,0,0,0,173360,90538,230643,124.473,28.5345,1329.06
455,6825,6839,15,PACKAGE_SCENE,100000000,24415,24415,7758,7758,7758,1090,1090,1090,0,0,0,174888,121538,205681,360.646,24.9362,4921.35
456,6840,6854,15,PACKAGE_SCENE,100000000,24415,24415,7758,7758,7758,1090,1090,1090,0,0,0,179662,98266,270632,28.6135,24.1265,44.0682
457,6855,6869,15,PACKAGE_SCENE,100000000,24415,24415,7758,7758,7758,1090,1090,1090,0,0,0,188488,95132,266752,28.8252,24.0438,35.9505
458,6870,6884,15,PACKAGE_SCENE,100000000,24415,24415,7758,7758,7758,1090,1090,1090,0,0,0,181817,113923,235751,32.1316,24.4936,39.2618
459,6885,6899,15,PACKAGE_SCENE,100000000,24415,24415,7758,7758,7758,1090,1090,1090,0,0,0,183326,122643,221124,32.1154,23.4657,45.8643
460,6900,6914,15,PACKAGE_SCENE,100000000,24415,24415,7758,7758,7758,1090,1090,1090,0,0,0,177122,129398,221595,36.24,25.7771,46.9011
461,6915,6929,15,PACKAGE_SCENE,100000000,24415,24415,7758,7758,7758,1090,1090,1090,0,0,0,181649,128502,270652,54.9817,28.6766,263.565
462,6930,6944,15,PACKAGE_SCENE,100000000,24415,24415,7758,7758,7758,1090,1090,1090,0,0,0,179527,97215,235989,32.864,23.843,48.5317
463,6945,6959,15,PACKAGE_SCENE,100000000,24415,24415,7758,7758,7758,1090,1090,1090,0,0,0,177897,104825,238641,33.4095,26.2642,40.5055
464,6960,6974,15,PACKAGE_SCENE,100000000,24415,24415,7758,7758,7758,1090,1090,1090,0,0,0,175609,113428,233178,32.3038,24.0759,36.646
465,6975,6989,15,PACKAGE_SCENE,100000000,24415,24415,7758,7758,7758,1090,1090,1090,0,0,0,176885,117022,233355,28.4815,23.5576,42.2714
466,6990,7004,15,PACKAGE_SCENE,100000000,24415,24415,7758,7758,7758,1090,1090,1090,0,0,0,171576,98085,205577,28.9911,23.9156,42.2535
467,7005,7019,15,PACKAGE_SCENE,100000000,24415,24415,7758,7758,7758,1090,1090,1090,0,0,0,177529,109844,226939,26.8957,23.3211,35.9787
468,7020,7034,15,PACKAGE_SCENE,100000000,24415,24415,7758,7758,7758,1090,1090,1090,0,0,0,194976,126937,229499,29.0142,24.1457,33.8039
469,7035,7049,15,PACKAGE_SCENE,100000000,24415,24415,7758,7758,7758,1090,1090,1090,0,0,0,181324,91539,213113,29.7618,23.9387,36.8632
470,7050,7064,15,PACKAGE_SCENE,100000000,24415,24415,7758,7758,7758,1090,1090,1090,0,0,0,170328,103575,217257,30.9782,24.0324,42.1298
471,7065,7079,15,PACKAGE_SCENE,100000000,24415,24415,7758,7758,7758,1090,1090,1090,0,0,0,167313,95105,240606,32.1941,24.9431,42.1361
472,7080,7094,15,PACKAGE_SCENE,100000000,24415,24415,7758,7758,7758,1090,1090,1090,0,0,0,186418,140726,263554,31.0988,23.9493,45.5868
473,7095,7109,15,PACKAGE_SCENE,100000000,24415,24415,7758,7758,7758,1090,1090,1090,0,0,0,174474,90758,248111,31.1651,24.2845,40.269
474,7110,7124,15,PACKAGE_SCENE,100000000,24415,24415,7758,7758,7758,1090,1090,1090,0,0,0,173272,96951,250878,31.0213,23.6444,36.4716
475,7125,7139,15,PACKAGE_SCENE,100000000,24415,24415,7758,7758,7758,1090,1090,1090,0,0,0,170075,95187,256575,28.2945,23.2814,33.8284
476,7140,7154,15,PACKAGE_SCENE,100000000,24415,24415,7758,7758,7758,1090,1090,1090,0,0,0,198993,95580,288780,30.3811,23.8913,35.0872
477,7155,7169,15,PACKAGE_SCENE,100000000,24415,24415,7758,7758,7758,1090,1090,1090,0,0,0,183496,95107,228466,30.8725,23.4851,45.5451
478,7170,7184,15,PACKAGE_SCENE,100000000,24415,24415,7758,7758,7758,1090,1090,1090,0,0,0,156595,94603,262307,30.5995,23.671,38.4132
479,7185,7199,15,PACKAGE_SCENE,100000000,24415,24415,7758,7758,7758,1090,1090,1090,0,0,0,171973,91842,264624,28.9905,24.5393,44.4909
480,7200,7214,15,PACKAGE_SCENE,100000000,24415,24415,7758,7758,7758,1090,1090,1090,0,0,0,158822,95036,217846,34.3876,24.2629,43.0931
481,7215,7229,15,PACKAGE_SCENE,100000000,24415,24415,7758,7758,7758,1090,1090,1090,0,0,0,170475,95227,254533,32.0682,24.0615,38.6235
482,7230,7244,15,PACKAGE_SCENE,100000000,24415,24415,7758,7758,7758,1090,1090,1090,0,0,0,182718,108173,246300,32.4564,24.1483,44.1314
483,7245,7259,15,PACKAGE_SCENE,100000000,24415,24415,7758,7758,7758,1090,1090,1090,0,0,0,192741,95100,252646,27.9849,24.15,34.5786
484,7260,7274,15,PACKAGE_SCENE,100000000,24415,24415,7758,7758,7758,1090,1090,1090,0,0,0,167596,91545,249272,32.4246,25.0182,39.1064
485,7275,7289,15,PACKAGE_SCENE,100000000,24415,24415,7758,7758,7758,1090,1090,1090,0,0,0,185969,95458,223830,29.5646,23.7912,36.4123
486,7290,7304,15,PACKAGE_SCENE,100000000,24415,24415,7758,7758,7758,1090,1090,1090,0,0,0,159235,95200,227615,32.4448,25.0393,40.7765
487,7305,7319,15,PACKAGE_SCENE,100000000,24415,24415,7758,7758,7758,1090,1090,1090,0,0,0,166538,103361,243532,36.6919,26.5456,54.3209
488,7320,7334,15,PACKAGE_SCENE,100000000,24415,24415,7758,7758,7758,1090,1090,1090,0,0,0,185142,120658,242674,30.1264,24.177,37.0878
489,7335,7349,15,PACKAGE_SCENE,100000000,24415,24415,7758,7758,7758,1090,1090,1090,0,0,0,180456,98694,257481,31.8052,24.2266,36.4945
490,7350,7364,15,PACKAGE_SCENE,100000000,24415,24415,7758,7758,7758,1090,1090,1090,0,0,0,169773,95709,245042,29.3732,24.1889,40.6154
491,7365,7379,15,PACKAGE_SCENE,100000000,24415,24415,7758,7758,7758,1090,1090,1090,0,0,0,176667,94962,239357,29.2665,23.8973,43.0945
492,7380,7394,15,PACKAGE_SCENE,100000000,24415,24415,7758,7758,7758,1090,1090,1090,0,0,0,181866,125163,248090,30.2517,23.7787,36.5934
493,7395,7409,15,PACKAGE_SCENE,100000000,24415,24415,7758,7758,7758,1090,1090,1090,0,0,0,170526,113137,237387,31.7255,25.1085,43.4
494,7410,7424,15,PACKAGE_SCENE,100000000,24415,24415,7758,7758,7758,1090,1090,1090,0,0,0,177484,98853,248579,31.3137,24.6415,37.3432
495,7425,7439,15,PACKAGE_SCENE,100000000,24415,24415,7758,7758,7758,1090,1090,1090,0,0,0,184032,140070,226009,33.8484,25.3514,43.6505
496,7440,7454,15,PACKAGE_SCENE,100000000,24415,24415,7758,7758,7758,1090,1090,1090,0,0,0,179658,95148,240541,30.1241,23.698,37.0493
497,7455,7469,15,PACKAGE_SCENE,100000000,24415,24415,7758,7758,7758,1090,1090,1090,0,0,0,174249,104864,270436,29.8491,23.9929,36.0209
498,7470,7484,15,PACKAGE_SCENE,100000000,24415,24415,7758,7758,7758,1090,1090,1090,0,0,0,186796,98086,251468,30.2753,24.501,35.0742
499,7485,7499,15,PACKAGE_SCENE,100000000,24415,24415,7758,7758,7758,1090,1090,1090,0,0,0,166042,123456,222371,31.1539,23.8933,40.8105
500,7500,7514,15,PACKAGE_SCENE,100000000,24415,24415,7758,7758,7758,1090,1090,1090,0,0,0,187626,126028,228434,32.2306,24.2301,37.9858
501,7515,7529,15,PACKAGE_SCENE,100000000,24415,24415,7758,7758,7758,1090,1090,1090,0,0,0,172041,104632,266901,32.7298,24.6432,45.4935
502,7530,7544,15,PACKAGE_SCENE,100000000,24415,24415,7758,7758,7758,1090,1090,1090,0,0,0,181464,126208,240108,32.0737,24.685,46.0132
503,7545,7559,15,PACKAGE_SCENE,100000000,24415,24415,7758,7758,7758,1090,1090,1090,0,0,0,159916,94746,259920,29.612,23.8469,36.5995
504,7560,7574,15,PACKAGE_SCENE,100000000,24415,24415,7758,7758,7758,1090,1090,1090,0,0,0,181568,110660,238823,32.8907,24.3244,37.2207
505,7575,7589,15,PACKAGE_SCENE,100000000,24415,24415,7758,7758,7758,1090,1090,1090,0,0,0,179694,104626,223628,30.0198,24.2435,36.1418
506,7590,7604,15,PACKAGE_SCENE,100000000,24415,24415,7758,7758,7758,1090,1090,1090,0,0,0,168752,98348,239697,32.3615,25.6605,36.6838
507,7605,7619,15,PACKAGE_SCENE,100000000,24415,24415,7758,7758,7758,1090,1090,1090,0,0,0,178942,129509,225862,37.9989,24.4058,70.5747
508,7620,7634,15,PACKAGE_SCENE,100000000,24415,24415,7758,7758,7758,1090,1090,1090,0,0,0,177370,104316,233244,36.289,24.8611,49.9971
509,7635,7649,15,PACKAGE_SCENE,100000000,24415,24415,7758,7758,7758,1090,1090,1090,0,0,0,172550,98149,227877,31.3588,24.0317,35.8168
510,7650,7664,15,PACKAGE_SCENE,100000000,24415,24415,7758,7758,7758,1090,1090,1090,0,0,0,156373,95531,225250,29.9383,24.4953,36.8072
511,7665,7679,15,PACKAGE_SCENE,100000000,24415,24415,7758,7758,7758,1090,1090,1090,0,0,0,194250,128446,246159,33.7778,25.019,49.2204
512,7680,7694,15,PACKAGE_SCENE,100000000,24415,24415,7758,7758,7758,1090,1090,1090,0,0,0,194825,106991,244782,30.4748,23.6241,35.7205
513,7695,7709,15,PACKAGE_SCENE,100000000,24415,24415,7758,7758,7758,1090,1090,1090,0,0,0,165183,91467,237808,29.1978,23.4392,35.8042
514,7710,7724,15,PACKAGE_SCENE,100000000,24415,24415,7758,7758,7758,1090,1090,1090,0,0,0,200023,124203,270281,32.3525,24.1501,39.7345
515,7725,7739,15,PACKAGE_SCENE,100000000,24415,24415,7758,7758,7758,1090,1090,1090,0,0,0,169863,92462,235377,31.1617,23.5468,44.146
516,7740,7754,15,PACKAGE_SCENE,100000000,24415,24415,7758,7758,7758,1090,1090,1090,0,0,0,173799,96073,227261,30.1692,24.2169,37.5312
517,7755,7769,15,PACKAGE_SCENE,100000000,24415,24415,7758,7758,7758,1090,1090,1090,0,0,0,191606,98496,232163,30.2227,23.7994,38.3431
518,7770,7784,15,PACKAGE_SCENE,100000000,24415,24415,7758,7758,7758,1090,1090,1090,0,0,0,171512,95004,233196,31.5771,23.36,42.5225
519,7785,7799,15,PACKAGE_SCENE,100000000,24415,24415,7758,7758,7758,1090,1090,1090,0,0,0,171213,101085,215646,31.8764,23.9061,38.8761
520,7800,7814,15,PACKAGE_SCENE,100000000,24415,24415,7758,7758,7758,1090,1090,1090,0,0,0,170102,94804,245148,31.0721,23.3052,42.1694
521,7815,7829,15,PACKAGE_SCENE,100000000,24415,24415,7758,7758,7758,1090,1090,1090,0,0,0,156739,95274,215685,31.374,23.5321,42.3028
522,7830,7844,15,PACKAGE_SCENE,100000000,24415,24415,7758,7758,7758,1090,1090,1090,0,0,0,162348,95783,265797,29.0246,23.559,34.7178
523,7845,7859,15,PACKAGE_SCENE,100000000,24415,24415,7758,7758,7758,1090,1090,1090,0,0,0,190527,97995,243238,29.4409,24.0233,33.5168
524,7860,7874,15,PACKAGE_SCENE,100000000,24415,24415,7758,7758,7758,1090,1090,1090,0,0,0,178022,95058,255245,32.6549,23.7776,41.403
525,7875,7889,15,PACKAGE_SCENE,100000000,24415,24415,7758,7758,7758,1090,1090,1090,0,0,0,185959,104217,249539,32.5388,24.1241,45.4023
526,7890,7904,15,PACKAGE_SCENE,100000000,24415,24415,7758,7758,7758,1090,1090,1090,0,0,0,164366,98190,248416,28.8096,23.23,35.172
527,7905,7919,15,PACKAGE_SCENE,100000000,24415,24415,7758,7758,7758,1090,1090,1090,0,0,0,196766,120120,238830,31.1395,23.5247,42.0871
528,7920,7934,15,PACKAGE_SCENE,100000000,24415,24415,7758,7758,7758,1090,1090,1090,0,0,0,174326,97964,230801,29.6279,23.7907,34.7516
529,7935,7949,15,PACKAGE_SCENE,100000000,24415,24415,7758,7758,7758,1090,1090,1090,0,0,0,176104,109371,250340,28.1491,23.9263,33.7736
530,7950,7964,15,PACKAGE_SCENE,100000000,24415,24415,7758,7758,7758,1090,1090,1090,0,0,0,186177,98213,233613,28.3214,23.8264,34.2226
531,7965,7979,15,PACKAGE_SCENE,100000000,24415,24415,7758,7758,7758,1090,1090,1090,0,0,0,169926,94272,282338,28.3361,23.469,34.2185
532,7980,7994,15,PACKAGE_SCENE,100000000,24415,24415,7758,7758,7758,1090,1090,1090,0,0,0,202450,95224,250294,28.6821,23.7982,33.9043
533,7995,8009,15,PACKAGE_SCENE,100000000,24415,24415,7758,7758,7758,1090,1090,1090,0,0,0,185642,95353,253897,29.7684,23.8559,35.2343
534,8010,8024,15,PACKAGE_SCENE,100000000,24415,24415,7758,7758,7758,1090,1090,1090,0,0,0,192444,117992,255491,31.8997,23.8675,42.428
535,8025,8039,15,PACKAGE_SCENE,100000000,24415,24415,7758,7758,7758,1090,1090,1090,0,0,0,167708,98007,245411,33.8449,27.0142,46.3283
536,8040,8054,15,PACKAGE_SCENE,100000000,24415,24415,7758,7758,7758,1090,1090,1090,0,0,0,199622,92402,261281,30.5446,24.9263,42.7839
537,8055,8069,15,PACKAGE_SCENE,100000000,24415,24415,7758,7758,7758,1090,1090,1090,0,0,0,175644,97865,263386,30.6245,24.0507,43.4444
538,8070,8084,15,PACKAGE_SCENE,100000000,24415,24415,7758,7758,7758,1090,1090,1090,0,0,0,160866,107230,234926,28.7318,23.9512,34.2715
539,8085,8099,15,PACKAGE_SCENE,100000000,24415,24415,7758,7758,7758,1090,1090,1090,0,0,0,188462,128699,259124,30.0352,25.0535,34.3429
540,8100,8114,15,PACKAGE_SCENE,100000000,24415,24415,7758,7758,7758,1090,1090,1090,0,0,0,194758,94962,255127,29.7175,23.6151,41.1625
541,8115,8129,15,PACKAGE_SCENE,100000000,24415,24415,7758,7758,7758,1090,1090,1090,0,0,0,182602,111287,275767,32.1231,23.7805,40.5044
542,8130,8144,15,PACKAGE_SCENE,100000000,24415,24415,7758,7758,7758,1090,1090,1090,0,0,0,170691,112047,226915,31.4618,23.6873,35.9015
543,8145,8159,15,PACKAGE_SCENE,100000000,24415,24415,7758,7758,7758,1090,1090,1090,0,0,0,168309,95453,241901,33.3089,23.61,55.4344
544,8160,8174,15,PACKAGE_SCENE,100000000,24415,24415,7758,7758,7758,1090,1090,1090,0,0,0,184499,95003,227453,36.5362,25.2559,57.6355
545,8175,8189,15,PACKAGE_SCENE,100000000,24415,24415,7758,7758,7758,1090,1090,1090,0,0,0,164766,96309,225516,31.2707,23.4476,42.5119
546,8190,8204,15,PACKAGE_SCENE,100000000,24415,24415,7758,7758,7758,1090,1090,1090,0,0,0,177820,109951,239955,30.118,23.3745,41.0574
547,8205,8219,15,PACKAGE_SCENE,100000000,24415,24415,7758,7758,7758,1090,1090,1090,0,0,0,172032,100807,207205,28.7659,23.7795,33.4903
548,8220,8234,15,PACKAGE_SCENE,100000000,24415,24415,7758,7758,7758,1090,1090,1090,0,0,0,192383,125360,247807,29.9247,23.6103,35.6024
549,8235,8249,15,PACKAGE_SCENE,100000000,24415,24415,7758,7758,7758,1090,1090,1090,0,0,0,176095,106155,242135,31.5483,23.6747,42.7439
550,8250,8264,15,PACKAGE_SCENE,100000000,24415,24415,6917.47,6182,7758,913,681,1203,23.8,0,233,169907,84137,305371,41.3565,22.3728,151.996
551,8265,8279,15,PACKAGE_SCENE,100000000,24415,24415,6103.2,3920,7918,941.467,697,1377,190,0,352,117501,49447,235217,106.811,22.4713,186.316
552,8280,8294,15,PACKAGE_SCENE,100000000,24415,24415,6319.67,3629,6933,1852.33,711,2173,41.5333,0,187,1.01939e+06,106340,1400559,51.0617,36.5618,93.4941
553,8295,8309,15,PACKAGE_SCENE,100000000,24415,24415,6846,6846,6846,2099,2099,2099,0,0,0,1.31848e+06,1020135,1652153,37.6141,29.2713,46.355
554,8310,8324,15,PACKAGE_SCENE,100000000,24415,24415,6846,6846,6846,2099,2099,2099,0,0,0,1.29535e+06,1040512,1690447,36.5009,28.2885,45.602
555,8325,8339,15,PACKAGE_SCENE,100000000,24415,24415,6846,6846,6846,2099,2099,2099,0,0,0,1.36643e+06,1161867,1607219,37.3663,29.2613,46.2023
556,8340,8354,15,PACKAGE_SCENE,100000000,24415,24415,6846,6846,6846,2099,2099,2099,0,0,0,1.28105e+06,1009568,1635552,38.95,36.2439,48.1642
557,8355,8369,15,PACKAGE_SCENE,100000000,24415,24415,6846,6846,6846,2099,2099,2099,0,0,0,1.27301e+06,1021118,1475724,452.934,34.327,6210.88
558,8370,8384,15,PACKAGE_SCENE,100000000,24415,24415,6846,6846,6846,2099,2099,2099,0,0,0,1.37317e+06,1087454,1735231,339.672,36.348,4512.71
559,8385,8399,15,PACKAGE_SCENE,100000000,24415,24415,6846,6846,6846,2099,2099,2099,0,0,0,1.32465e+06,1114731,1509242,214.583,27.1356,2677.67
560,8400,8414,15,PACKAGE_SCENE,100000000,24415,24415,6846,6846,6846,2099,2099,2099,0,0,0,1.31737e+06,1125096,1556859,41.5085,32.3815,54.2564
561,8415,8429,15,PACKAGE_SCENE,100000000,24415,24415,6846,6846,6846,2099,2099,2099,0,0,0,1.38306e+06,1007486,1608154,203.571,36.4216,2450.72
562,8430,8444,15,PACKAGE_SCENE,100000000,24415,24415,6846,6846,6846,2099,2099,2099,0,0,0,1.32118e+06,955241,1552665,213.029,36.1742,2617.8
563,8445,8459,15,PACKAGE_SCENE,100000000,24415,24415,6846,6846,6846,2099,2099,2099,0,0,0,1.32846e+06,1070114,1554633,173.311,36.1666,2013.05
564,8460,8474,15,PACKAGE_SCENE,100000000,24415,24415,6846,6846,6846,2099,2099,2099,0,0,0,1.34861e+06,1079881,1692571,224.856,29.6802,2794.54
565,8475,8489,15,PACKAGE_SCENE,100000000,24415,24415,6846,6846,6846,2099,2099,2099,0,0,0,1.23718e+06,1049246,1492941,139.356,26.9229,1555.29
566,8490,8504,15,PACKAGE_SCENE,100000000,24415,24415,6846,6846,6846,2099,2099,2099,0,0,0,1.29932e+06,1127500,1474670,41.7546,35.1662,59.0028
567,8505,8519,15,PACKAGE_SCENE,100000000,24415,24415,6846,6846,6846,2099,2099,2099,0,0,0,1.30064e+06,1100937,1523053,155.356,36.5671,1742.75
568,8520,8534,15,PACKAGE_SCENE,100000000,24415,24415,6846,6846,6846,2099,2099,2099,0,0,0,1.31524e+06,1171075,1609341,225.335,34.0462,2786.29
569,8535,8549,15,PACKAGE_SCENE,100000000,24415,24415,6846,6846,6846,2099,2099,2099,0,0,0,1.24214e+06,1098411,1504341,278.099,29.987,3619.15
570,8550,8564,15,PACKAGE_SCENE,100000000,24415,24415,6846,6846,6846,2099,2099,2099,0,0,0,1.32861e+06,1180475,1460928,123.64,36.4388,1305.7
571,8565,8579,15,PACKAGE_SCENE,100000000,24415,24415,6846,6846,6846,2099,2099,2099,0,0,0,1.2908e+06,980072,1611790,119.952,28.7327,1269.08
572,8580,8594,15,PACKAGE_SCENE,100000000,24415,24415,6846,6846,6846,2099,2099,2099,0,0,0,1.30848e+06,1056263,1795419,38.3666,28.962,49.9041
573,8595,8609,15,PACKAGE_SCENE,100000000,24415,24415,6846,6846,6846,2099,2099,2099,0,0,0,1.35706e+06,869052,1659603,119.509,36.2496,1228.64
574,8610,8624,15,PACKAGE_SCENE,100000000,24415,24415,6846,6846,6846,2099,2099,2099,0,0,0,1.33009e+06,1032950,1578351,126.421,28.4941,1352.03
575,8625,8639,15,PACKAGE_SCENE,100000000,24415,24415,6846,6846,6846,2099,2099,2099,0,0,0,1.36051e+06,1083949,1524586,119.541,29.6324,1250.13
576,8640,8654,15,PACKAGE_SCENE,100000000,24415,24415,6846,6846,6846,2099,2099,2099,0,0,0,1.35085e+06,1024717,1565637,119.915,29.3057,1255.72
577,8655,8669,15,PACKAGE_SCENE,100000000,24415,24415,6846,6846,6846,2099,2099,2099,0,0,0,1.25154e+06,965868,1507433,112.342,29.4078,1182.96
578,8670,8684,15,PACKAGE_SCENE,100000000,24415,24415,6846,6846,6846,2099,2099,2099,0,0,0,1.28422e+06,1011277,1535743,41.7406,36.0761,58.5541
579,8685,8699,15,PACKAGE_SCENE,100000000,24415,24415,6846,6846,6846,2099,2099,2099,0,0,0,1.34626e+06,1176105,1750255,188.267,28.5357,2285.74
580,8700,8714,15,PACKAGE_SCENE,100000000,24415,24415,6846,6846,6846,2099,2099,2099,0,0,0,1.33506e+06,1094577,1731276,151.37,34.7587,1705.81
581,8715,8729,15,PACKAGE_SCENE,100000000,24415,24415,6846,6846,6846,2099,2099,2099,0,0,0,1.32226e+06,1018089,1638367,142.689,29.3525,1582.28
582,8730,8744,15,PACKAGE_SCENE,100000000,24415,24415,6846,6846,6846,2099,2099,2099,0,0,0,1.31528e+06,1104025,1452658,138.631,36.4968,1525.8
583,8745,8759,15,PACKAGE_SCENE,100000000,24415,24415,6846,6846,6846,2099,2099,2099,0,0,0,1.28624e+06,938158,1602784,143.232,29.8039,1592.64
584,8760,8774,15,PACKAGE_SCENE,100000000,24415,24415,6846,6846,6846,2099,2099,2099,0,0,0,1.26606e+06,1046043,1421749,38.927,36.4603,52.7609
585,8775,8789,15,PACKAGE_SCENE,100000000,24415,24415,6846,6846,6846,2099,2099,2099,0,0,0,1.37144e+06,1159738,1627899,142.404,36.7707,1554.8
586,8790,8804,15,PACKAGE_SCENE,100000000,24415,24415,6846,6846,6846,2099,2099,2099,0,0,0,1.33616e+06,955645,1619132,163.291,29.3201,1885.76
587,8805,8819,15,PACKAGE_SCENE,100000000,24415,24415,6846,6846,6846,2099,2099,2099,0,0,0,1.34463e+06,1132905,1576850,141.011,34.8159,1557.79
588,8820,8834,15,PACKAGE_SCENE,100000000,24415,24415,6846,6846,6846,2099,2099,2099,0,0,0,1.31315e+06,1081790,1553187,142.998,34.7695,1586.04
589,8835,8849,15,PACKAGE_SCENE,100000000,24415,24415,6846,6846,6846,2099,2099,2099,0,0,0,1.32805e+06,1105344,1773205,141.071,35.2458,1589.23
590,8850,8864,15,PACKAGE_SCENE,100000000,24415,24415,6846,6846,6846,2099,2099,2099,0,0,0,1.32032e+06,1080137,1547814,44.1803,36.214,60.9239
591,8865,8879,15,PACKAGE_SCENE,100000000,24415,24415,6846,6846,6846,2099,2099,2099,0,0,0,1.31067e+06,881497,1721318,158.862,27.571,1833.99
592,8880,8894,15,PACKAGE_SCENE,100000000,24415,24415,6846,6846,6846,2099,2099,2099,0,0,0,1.35378e+06,1027374,1630071,158.422,30.689,1752.82
593,8895,8909,15,PACKAGE_SCENE,100000000,24415,24415,6846,6846,6846,2099,2099,2099,0,0,0,1.3529e+06,1167961,1543492,165.39,36.2884,1882.23
594,8910,8924,15,PACKAGE_SCENE,100000000,24415,24415,6846,6846,6846,2099,2099,2099,0,0,0,1.21633e+06,1040188,1386298,168.403,36.1853,1868.71
595,8925,8939,15,PACKAGE_SCENE,100000000,24415,24415,6846,6846,6846,2099,2099,2099,0,0,0,1.34533e+06,1043515,1844654,144.208,34.402,1624.98
596,8940,8954,15,PACKAGE_SCENE,100000000,24415,24415,6846,6846,6846,2099,2099,2099,0,0,0,1.30399e+06,894555,1539410,40.2344,36.2743,72.0711
597,8955,8969,15,PACKAGE_SCENE,100000000,24415,24415,6846,6846,6846,2099,2099,2099,0,0,0,1.30709e+06,1075017,1790932,147.972,36.4491,1653.07
598,8970,8984,15,PACKAGE_SCENE,100000000,24415,24415,6846,6846,6846,2099,2099,2099,0,0,0,1.25752e+06,1019653,1477309,147.466,29.1177,1657.44
599,8985,8999,15,PACKAGE_SCENE,100000000,24415,24415,6846,6846,6846,2099,2099,2099,0,0,0,1.29327e+06,857428,1589115,118.601,34.4026,1202.18
600,9000,9014,15,PACKAGE_SCENE,100000000,24415,24415,6846,6846,6846,2099,2099,2099,0,0,0,1.39117e+06,1157482,1660882,111.518,29.9776,1120.37
601,9015,9029,15,PACKAGE_SCENE,100000000,24415,24415,6846,6846,6846,2099,2099,2099,0,0,0,1.24669e+06,983547,1497262,110.765,29.5183,1115.4
602,9030,9044,15,PACKAGE_SCENE,100000000,24415,24415,6846,6846,6846,2099,2099,2099,0,0,0,1.28946e+06,1054966,1467932,40.727,34.9374,56.7163
603,9045,9059,15,PACKAGE_SCENE,100000000,24415,24415,6846,6846,6846,2099,2099,2099,0,0,0,1.34792e+06,1115299,1660243,778.876,36.5162,11093.8
604,9060,9074,15,PACKAGE_SCENE,100000000,24415,24415,6846,6846,6846,2099,2099,2099,0,0,0,1.35486e+06,1103403,1664913,43.6008,33.1531,52.7051
605,9075,9089,15,PACKAGE_SCENE,100000000,24415,24415,6846,6846,6846,2099,2099,2099,0,0,0,1.24737e+06,1036244,1495241,37.5104,29.9396,46.6423
606,9090,9104,15,PACKAGE_SCENE,100000000,24415,24415,6846,6846,6846,2099,2099,2099,0,0,0,1.35535e+06,1111476,1639684,41.6363,36.3283,48.4406
607,9105,9119,15,PACKAGE_SCENE,100000000,24415,24415,6846,6846,6846,2099,2099,2099,0,0,0,1.36481e+06,1159525,1653067,39.0151,36.5422,46.7714
608,9120,9134,15,PACKAGE_SCENE,100000000,24415,24415,6846,6846,6846,2099,2099,2099,0,0,0,1.32744e+06,1128140,1724776,39.611,34.6953,61.1561
609,9135,9149,15,PACKAGE_SCENE,100000000,24415,24415,6846,6846,6846,2099,2099,2099,0,0,0,1.27831e+06,1033454,1507416,39.0456,29.2379,54.7974
610,9150,9164,15,PACKAGE_SCENE,100000000,24415,24415,6846,6846,6846,2099,2099,2099,0,0,0,1.34777e+06,1230289,1543373,39.9757,36.101,46.2187
611,9165,9179,15,PACKAGE_SCENE,100000000,24415,24415,6846,6846,6846,2099,2099,2099,0,0,0,1.31215e+06,1132945,1857687,36.5397,27.9837,45.57
612,9180,9194,15,PACKAGE_SCENE,100000000,24415,24415,6846,6846,6846,2099,2099,2099,0,0,0,1.3543e+06,1088593,1605199,37.8593,29.5326,46.1114
613,9195,9209,15,PACKAGE_SCENE,100000000,24415,24415,6846,6846,6846,2099,2099,2099,0,0,0,1.27361e+06,1018796,1693914,36.9078,27.0896,45.8135
614,9210,9224,15,PACKAGE_SCENE,100000000,24415,24415,6846,6846,6846,2099,2099,2099,0,0,0,1.25028e+06,1038866,1534100,37.9398,29.3409,46.4518
615,9225,9239,15,PACKAGE_SCENE,100000000,24415,24415,6846,6846,6846,2099,2099,2099,0,0,0,1.32179e+06,1122795,1519284,39.1694,36.2053,50.4807
616,9240,9254,15,PACKAGE_SCENE,100000000,24415,24415,6846,6846,6846,2099,2099,2099,0,0,0,1.25782e+06,1042735,1610956,37.7714,33.7825,45.3895
617,9255,9269,15,PACKAGE_SCENE,100000000,24415,24415,6846,6846,6846,2099,2099,2099,0,0,0,1.31776e+06,1199418,1602873,38.1336,35.5007,45.2031
618,9270,9284,15,PACKAGE_SCENE,100000000,24415,24415,6846,6846,6846,2099,2099,2099,0,0,0,1.32389e+06,1118685,1572363,39.4823,36.1731,47.9303
619,9285,9299,15,PACKAGE_SCENE,100000000,24415,24415,6846,6846,6846,2099,2099,2099,0,0,0,1.22877e+06,980943,1547262,39.1451,36.1616,47.3512
620,9300,9314,15,PACKAGE_SCENE,100000000,24415,24415,6846,6846,6846,2099,2099,2099,0,0,0,1.3201e+06,1067868,1748676,39.2062,35.0598,46.8107
621,9315,9329,15,PACKAGE_SCENE,100000000,24415,24415,6846,6846,6846,2099,2099,2099,0,0,0,1.35617e+06,1108551,1630584,37.9368,29.8931,46.2934
622,9330,9344,15,PACKAGE_SCENE,100000000,24415,24415,6846,6846,6846,2099,2099,2099,0,0,0,1.2677e+06,985365,1573087,39.3227,36.3759,50.9134
623,9345,9359,15,PACKAGE_SCENE,100000000,24415,24415,6846,6846,6846,2099,2099,2099,0,0,0,1.29603e+06,1135724,1536230,39.1668,34.1101,52.2959
624,9360,9374,15,PACKAGE_SCENE,100000000,24415,24415,6846,6846,6846,2099,2099,2099,0,0,0,1.25667e+06,1104695,1586909,36.4431,27.2189,45.7831
625,9375,9389,15,PACKAGE_SCENE,100000000,24415,24415,6846,6846,6846,2099,2099,2099,0,0,0,1.31655e+06,1107254,1676682,37.8577,27.6415,52.4116
626,9390,9404,15,PACKAGE_SCENE,100000000,24415,24415,6846,6846,6846,2099,2099,2099,0,0,0,1.31759e+06,1106766,1493847,40.4801,36.1184,60.4089
627,9405,9419,15,PACKAGE_SCENE,100000000,24415,24415,6846,6846,6846,2099,2099,2099,0,0,0,1.32782e+06,988845,1699029,37.9498,27.6896,46.0684
628,9420,9434,15,PACKAGE_SCENE,100000000,24415,24415,6846,6846,6846,2099,2099,2099,0,0,0,1.26426e+06,1042063,1502767,38.5016,30.3478,46.7436
629,9435,9449,15,PACKAGE_SCENE,100000000,24415,24415,6846,6846,6846,2099,2099,2099,0,0,0,1.2551e+06,1032651,1513607,51.6822,35.0785,94.9261
630,9450,9464,15,PACKAGE_SCENE,100000000,24415,24415,6846,6846,6846,2099,2099,2099,0,0,0,1.32726e+06,1156200,1554904,40.2942,34.5828,52.488
631,9465,9479,15,PACKAGE_SCENE,100000000,24415,24415,6846,6846,6846,2099,2099,2099,0,0,0,1.29551e+06,1066978,1565266,37.6737,29.9657,43.8087
632,9480,9494,15,PACKAGE_SCENE,100000000,24415,24415,6846,6846,6846,2099,2099,2099,0,0,0,1.29012e+06,1036970,1565339,38.4879,27.6301,49.098
633,9495,9509,15,PACKAGE_SCENE,100000000,24415,24415,6846,6846,6846,2099,2099,2099,0,0,0,1.27254e+06,1171129,1423943,39.6835,34.6748,47.6441
634,9510,9524,15,PACKAGE_SCENE,100000000,24415,24415,6846,6846,6846,2099,2099,2099,0,0,0,1.40326e+06,1148334,1678678,39.8048,36.1089,49.1629
635,9525,9539,15,PACKAGE_SCENE,100000000,24415,24415,6846,6846,6846,2099,2099,2099,0,0,0,1.33759e+06,1112012,1603642,43.9298,36.1371,62.9352
636,9540,9554,15,PACKAGE_SCENE,100000000,24415,24415,6846,6846,6846,2099,2099,2099,0,0,0,1.32802e+06,1081790,1596657,38.0691,30.0375,51.2885
637,9555,9569,15,PACKAGE_SCENE,100000000,24415,24415,6846,6846,6846,2099,2099,2099,0,0,0,1.31502e+06,1072311,1545525,40.5367,27.4281,59.0868
638,9570,9584,15,PACKAGE_SCENE,100000000,24415,24415,6846,6846,6846,2099,2099,2099,0,0,0,1.3646e+06,1090339,1667249,37.8291,29.3083,45.2726
639,9585,9599,15,PACKAGE_SCENE,100000000,24415,24415,6846,6846,6846,2099,2099,2099,0,0,0,1.30459e+06,1021689,1622427,38.612,34.0951,46.5448
640,9600,9614,15,PACKAGE_SCENE,100000000,24415,24415,6846,6846,6846,2099,2099,2099,0,0,0,1.33663e+06,1167018,1684371,40.4369,27.2883,46.7836
641,9615,9629,15,PACKAGE_SCENE,100000000,24415,24415,5916.67,3541,6846,1850.73,1130,2099,4.46667,0,60,1.20033e+06,634309,1480944,37.7298,24.617,56.1473
642,9630,9644,15,PACKAGE_SCENE,100000000,24415,24415,3312.2,2671,3988,1280.6,1131,1689,0.4,0,3,880176,492067,1636415,30.9618,23.8376,43.8234
643,9645,9659,15,PACKAGE_SCENE,100000000,24415,24415,4062.47,2693,5213,1701.53,1123,2124,2.6,0,15,1.23018e+06,678707,1721985,32.9272,23.5883,37.5146
644,9660,9674,15,PACKAGE_SCENE,100000000,24415,24415,5258.07,2693,5765,2536.47,1123,2787,11.4,0,73,1.94906e+06,864889,2720902,43.7033,27.7912,65.1224
645,9675,9689,15,PACKAGE_SCENE,100000000,24415,24415,5720,5720,5720,2765,2765,2765,0,0,0,2.0859e+06,1546819,2606626,44.7087,38.3365,56.6131
646,9690,9704,15,PACKAGE_SCENE,100000000,24415,24415,5720,5720,5720,2765,2765,2765,0,0,0,2.14191e+06,1768314,2674545,47.8364,38.5533,89.0623
647,9705,9719,15,PACKAGE_SCENE,100000000,24415,24415,5720,5720,5720,2765,2765,2765,0,0,0,2.05615e+06,1387302,2394023,552.232,37.6617,7666.57
648,9720,9734,15,PACKAGE_SCENE,100000000,24415,24415,5720,5720,5720,2765,2765,2765,0,0,0,2.24598e+06,1813844,2693543,51.9892,40.5281,118.445
649,9735,9749,15,PACKAGE_SCENE,100000000,24415,24415,5720,5720,5720,2765,2765,2765,0,0,0,2.1272e+06,1624243,2499049,491.83,38.3614,6756.82
650,9750,9764,15,PACKAGE_SCENE,100000000,24415,24415,5720,5720,5720,2765,2765,2765,0,0,0,2.12529e+06,1832405,2542837,341.83,38.413,4514.39
651,9765,9779,15,PACKAGE_SCENE,100000000,24415,24415,5720,5720,5720,2765,2765,2765,0,0,0,2.14385e+06,1778271,2536461,361.858,38.5311,4781.97
652,9780,9794,15,PACKAGE_SCENE,100000000,24415,24415,5720,5720,5720,2765,2765,2765,0,0,0,2.10263e+06,1660130,2601867,235.294,38.6323,2932.99
653,9795,9809,15,PACKAGE_SCENE,100000000,24415,24415,5720,5720,5720,2765,2765,2765,0,0,0,2.16865e+06,1753983,2573749,198.33,38.3594,2359.37
654,9810,9824,15,PACKAGE_SCENE,100000000,24415,24415,5720,5720,5720,2765,2765,2765,0,0,0,2.1095e+06,1645343,2521184,45.0873,38.3487,77.0743
655,9825,9839,15,PACKAGE_SCENE,100000000,24415,24415,5720,5720,5720,2765,2765,2765,0,0,0,2.18831e+06,1899920,2737206,210.83,38.2858,2522.94
656,9840,9854,15,PACKAGE_SCENE,100000000,24415,24415,5720,5720,5720,2765,2765,2765,0,0,0,2.14777e+06,1616819,2449267,192.521,29.7371,2279.32
657,9855,9869,15,PACKAGE_SCENE,100000000,24415,24415,5720,5720,5720,2765,2765,2765,0,0,0,2.12968e+06,1730282,2505290,139.486,38.0869,1425.88
658,9870,9884,15,PACKAGE_SCENE,100000000,24415,24415,5720,5720,5720,2765,2765,2765,0,0,0,2.04011e+06,1695387,2556961,155.073,38.1924,1659.72
659,9885,9899,15,PACKAGE_SCENE,100000000,24415,24415,5720,5720,5720,2765,2765,2765,0,0,0,2.28063e+06,1754951,2593866,156.905,38.5664,1729.17
660,9900,9914,15,PACKAGE_SCENE,100000000,24415,24415,5720,5720,5720,2765,2765,2765,0,0,0,2.07119e+06,1639500,2646530,47.9201,38.3539,73.6649
661,9915,9929,15,PACKAGE_SCENE,100000000,24415,24415,5720,5720,5720,2765,2765,2765,0,0,0,2.17561e+06,1822953,2383194,148.286,38.7656,1564.78
662,9930,9944,15,PACKAGE_SCENE,100000000,24415,24415,5720,5720,5720,2765,2765,2765,0,0,0,2.04281e+06,1751100,2329359,137.625,38.4409,1440.59
663,9945,9959,15,PACKAGE_SCENE,100000000,24415,24415,5720,5720,5720,2765,2765,2765,0,0,0,2.16212e+06,1949152,2589143,140.23,38.2404,1471.42
664,9960,9974,15,PACKAGE_SCENE,100000000,24415,24415,5720,5720,5720,2765,2765,2765,0,0,0,2.18567e+06,1552498,2632090,137.517,38.5187,1429.92
665,9975,9989,15,PACKAGE_SCENE,100000000,24415,24415,5720,5720,5720,2765,2765,2765,0,0,0,2.29508e+06,1820789,2865707,151.031,38.6888,1656.65
666,9990,10004,15,PACKAGE_SCENE,100000000,24415,24415,5720,5720,5720,2765,2765,2765,0,0,0,2.18929e+06,1821473,2540735,46.6929,38.1564,61.5996
667,10005,10019,15,PACKAGE_SCENE,100000000,24415,24415,5720,5720,5720,2765,2765,2765,0,0,0,2.04773e+06,1650112,2468172,146.256,38.3683,1538.64
668,10020,10034,15,PACKAGE_SCENE,100000000,24415,24415,5720,5720,5720,2765,2765,2765,0,0,0,2.10913e+06,1663457,2631324,140.47,38.3606,1485.52
669,10035,10049,15,PACKAGE_SCENE,100000000,24415,24415,5720,5720,5720,2765,2765,2765,0,0,0,2.14907e+06,1695267,2532768,222.485,35.2158,2652.04
670,10050,10064,15,PACKAGE_SCENE,100000000,24415,24415,5720,5720,5720,2765,2765,2765,0,0,0,2.13404e+06,1736937,2628683,195.528,38.4938,2202.83
671,10065,10079,15,PACKAGE_SCENE,100000000,24415,24415,5720,5720,5720,2765,2765,2765,0,0,0,2.03296e+06,1636501,2355143,42.523,38.3154,51.9653
672,10080,10094,15,PACKAGE_SCENE,100000000,24415,24415,5720,5720,5720,2765,2765,2765,0,0,0,2.12766e+06,1713082,2452512,159.522,38.3653,1790.69
673,10095,10109,15,PACKAGE_SCENE,100000000,24415,24415,5720,5720,5720,2765,2765,2765,0,0,0,2.07767e+06,1716795,2687016,159.699,38.096,1751.56
674,10110,10124,15,PACKAGE_SCENE,100000000,24415,24415,5720,5720,5720,2765,2765,2765,0,0,0,2.16463e+06,1681099,2591890,151.909,38.3318,1674.96
675,10125,10139,15,PACKAGE_SCENE,100000000,24415,24415,5720,5720,5720,2765,2765,2765,0,0,0,2.19764e+06,1640112,2463657,201.629,38.3093,2299.56
676,10140,10154,15,PACKAGE_SCENE,100000000,24415,24415,5720,5720,5720,2765,2765,2765,0,0,0,2.20471e+06,1827869,2630021,189.51,43.1573,2128.05
677,10155,10169,15,PACKAGE_SCENE,100000000,24415,24415,5720,5720,5720,2765,2765,2765,0,0,0,2.07364e+06,1626445,2517789,46.1438,39.8396,51.5033
678,10170,10184,15,PACKAGE_SCENE,100000000,24415,24415,5720,5720,5720,2765,2765,2765,0,0,0,2.15923e+06,1680854,2852030,178.807,41.5306,1970.05
679,10185,10199,15,PACKAGE_SCENE,100000000,24415,24415,5720,5720,5720,2765,2765,2765,0,0,0,2.22132e+06,1789395,2571229,195.3,40.6105,2273.8
680,10200,10214,15,PACKAGE_SCENE,100000000,24415,24415,5720,5720,5720,2765,2765,2765,0,0,0,2.24772e+06,1839230,2855719,176.921,39.9511,2010.35
681,10215,10229,15,PACKAGE_SCENE,100000000,24415,24415,5720,5720,5720,2765,2765,2765,0,0,0,2.18074e+06,1818719,2529735,169.247,40.0856,1911.8
682,10230,10244,15,PACKAGE_SCENE,100000000,24415,24415,5720,5720,5720,2765,2765,2765,0,0,0,1.99924e+06,1640753,2363880,191.608,38.1615,2145.43
683,10245,10259,15,PACKAGE_SCENE,100000000,24415,24415,5720,5720,5720,2765,2765,2765,0,0,0,2.08734e+06,1689494,2422066,52.9275,40.3345,77.9881
684,10260,10274,15,PACKAGE_SCENE,100000000,24415,24415,5720,5720,5720,2765,2765,2765,0,0,0,2.15035e+06,1642690,2514260,202.677,39.8649,2363.44
685,10275,10289,15,PACKAGE_SCENE,100000000,24415,24415,5720,5720,5720,2765,2765,2765,0,0,0,2.21246e+06,1786687,2844010,177.366,40.3231,2013.15
686,10290,10304,15,PACKAGE_SCENE,100000000,24415,24415,5720,5720,5720,2765,2765,2765,0,0,0,2.1645e+06,1556141,2581182,180.58,40.1893,1983.2
687,10305,10319,15,PACKAGE_SCENE,100000000,24415,24415,5720,5720,5720,2765,2765,2765,0,0,0,2.09376e+06,1700679,2488356,214.641,41.868,2484.91
688,10320,10334,15,PACKAGE_SCENE,100000000,24415,24415,5720,5720,5720,2765,2765,2765,0,0,0,2.21011e+06,1691873,2901744,164.843,40.4455,1796.46
689,10335,10349,15,PACKAGE_SCENE,100000000,24415,24415,5720,5720,5720,2765,2765,2765,0,0,0,2.20371e+06,1938986,2453487,46.1544,39.7865,53.8588
690,10350,10364,15,PACKAGE_SCENE,100000000,24415,24415,5720,5720,5720,2765,2765,2765,0,0,0,2.15626e+06,1762556,2537999,120.086,38.0041,1164.34
691,10365,10379,15,PACKAGE_SCENE,100000000,24415,24415,5720,5720,5720,2765,2765,2765,0,0,0,2.14719e+06,1805358,2627598,110.289,40.1045,987.625
692,10380,10394,15,PACKAGE_SCENE,100000000,24415,24415,5720,5720,5720,2765,2765,2765,0,0,0,2.1622e+06,1728871,2566841,122.351,41.687,1123.49
693,10395,10409,15,PACKAGE_SCENE,100000000,24415,24415,5720,5720,5720,2765,2765,2765,0,0,0,2.08237e+06,1605582,2478734,434.864,39.849,5812.15
694,10410,10424,15,PACKAGE_SCENE,100000000,24415,24415,5720,5720,5720,2765,2765,2765,0,0,0,2.12666e+06,1815402,2610665,46.8892,40.6841,53.4682
695,10425,10439,15,PACKAGE_SCENE,100000000,24415,24415,5720,5720,5720,2765,2765,2765,0,0,0,2.1128e+06,1777391,2489397,47.6165,39.492,62.3872
696,10440,10454,15,PACKAGE_SCENE,100000000,24415,24415,5720,5720,5720,2765,2765,2765,0,0,0,2.27738e+06,1831762,2660303,49.9724,40.3712,61.7469
697,10455,10469,15,PACKAGE_SCENE,100000000,24415,24415,5720,5720,5720,2765,2765,2765,0,0,0,2.13152e+06,1726817,2759187,50.0681,39.6275,59.5624
698,10470,10484,15,PACKAGE_SCENE,100000000,24415,24415,5720,5720,5720,2765,2765,2765,0,0,0,2.16283e+06,1640698,2471488,63.5207,39.5351,115.416
699,10485,10499,15,PACKAGE_SCENE,100000000,24415,24415,5720,5720,5720,2765,2765,2765,0,0,0,2.08369e+06,1725085,2553536,52.2681,43.1552,66.8308
700,10500,10514,15,PACKAGE_SCENE,100000000,24415,24415,5720,5720,5720,2765,2765,2765,0,0,0,2.18582e+06,1820314,2476018,55.8654,39.9489,87.8714
701,10515,10529,15,PACKAGE_SCENE,100000000,24415,24415,5720,5720,5720,2765,2765,2765,0,0,0,2.14705e+06,1661636,2516074,56.0463,39.555,122.452
702,10530,10544,15,PACKAGE_SCENE,100000000,24415,24415,5720,5720,5720,2765,2765,2765,0,0,0,2.10422e+06,1732197,2668877,49.2431,39.2385,63.9214
703,10545,10559,15,PACKAGE_SCENE,100000000,24415,24415,5720,5720,5720,2765,2765,2765,0,0,0,2.18947e+06,1736045,2990308,42.2463,37.2633,54.2648
704,10560,10574,15,PACKAGE_SCENE,100000000,24415,24415,4473.73,3022,5720,2238.27,1488,2765,0.466667,0,6,1.801e+06,1106731,2265722,41.6121,29.3402,50.9435
705,10575,10589,15,PACKAGE_SCENE,100000000,24415,24415,4544.93,2810,6525,1683.8,1035,2370,33.8667,1,169,1.21321e+06,592024,2209523,45.0274,23.4703,97.1807
706,10590,10604,15,PACKAGE_SCENE,100000000,24415,24415,3723.67,2827,5571,1381.8,1075,2043,13.1333,0,133,1.16537e+06,454345,1866473,40.4842,31.2562,101.341
707,10605,10619,15,PACKAGE_SCENE,100000000,24415,24415,7298.4,2827,8666,1658.2,1076,2061,52.2667,0,405,749335,327364,1266411,60.0504,27.1598,221.691
708,10620,10634,15,PACKAGE_SCENE,100000000,24415,24415,8666,8666,8666,1811,1811,1811,0,0,0,835053,582785,1172535,36.5834,27.4518,46.711
709,10635,10649,15,PACKAGE_SCENE,100000000,24415,24415,10340.2,8666,10949,2076,1811,2329,27.5333,0,296,752861,515209,1058748,52.7133,28.8866,203.597
710,10650,10664,15,PACKAGE_SCENE,100000000,24415,24415,10949,10949,10949,2157,2157,2157,0,0,0,859670,620000,1044349,40.0763,37.2125,48.0965
711,10665,10679,15,PACKAGE_SCENE,100000000,24415,24415,10949,10949,10949,2157,2157,2157,0,0,0,860511,633336,1278129,42.6705,34.5312,72.5958
712,10680,10694,15,PACKAGE_SCENE,100000000,24415,24415,10949,10949,10949,2157,2157,2157,0,0,0,876941,707097,1099156,44.4349,37.3922,104.107
713,10695,10709,15,PACKAGE_SCENE,100000000,24415,24415,10949,10949,10949,2157,2157,2157,0,0,0,832727,610826,1086107,553.896,36.9217,7723.14
714,10710,10724,15,PACKAGE_SCENE,100000000,24415,24415,10949,10949,10949,2157,2157,2157,0,0,0,838287,590954,1030505,530.781,37.1613,7343.31
715,10725,10739,15,PACKAGE_SCENE,100000000,24415,24415,10949,10949,10949,2157,2157,2157,0,0,0,846648,619646,1123364,417.517,31.969,5656.6
716,10740,10754,15,PACKAGE_SCENE,100000000,24415,24415,10949,10949,10949,2157,2157,2157,0,0,0,870837,635531,1180246,40.2983,34.4849,51.0268
717,10755,10769,15,PACKAGE_SCENE,100000000,24415,24415,10949,10949,10949,2157,2157,2157,0,0,0,877584,720991,1027607,224.747,32.2886,2807.8
718,10770,10784,15,PACKAGE_SCENE,100000000,24415,24415,10949,10949,10949,2157,2157,2157,0,0,0,820889,494756,1038119,226.475,36.2826,2801.89
719,10785,10799,15,PACKAGE_SCENE,100000000,24415,24415,10949,10949,10949,2157,2157,2157,0,0,0,805022,483680,1018793,246.553,32.105,3131.25
720,10800,10814,15,PACKAGE_SCENE,100000000,24415,24415,10949,10949,10949,2157,2157,2157,0,0,0,800033,581031,1000535,186.049,27.2946,2201.51
721,10815,10829,15,PACKAGE_SCENE,100000000,24415,24415,10949,10949,10949,2157,2157,2157,0,0,0,917883,721334,1157377,133.753,32.3308,1430.59
722,10830,10844,15,PACKAGE_SCENE,100000000,24415,24415,10949,10949,10949,2157,2157,2157,0,0,0,838138,584308,1055356,45.192,36.5936,57.589
723,10845,10859,15,PACKAGE_SCENE,100000000,24415,24415,10949,10949,10949,2157,2157,2157,0,0,0,828890,631709,1073938,141.759,36.4884,1489.41
724,10860,10874,15,PACKAGE_SCENE,100000000,24415,24415,10949,10949,10949,2157,2157,2157,0,0,0,856130,679947,946281,134.81,34.9547,1472.68
725,10875,10889,15,PACKAGE_SCENE,100000000,24415,24415,10949,10949,10949,2157,2157,2157,0,0,0,834805,629224,1114914,119.981,28.0988,1255.35
726,10890,10904,15,PACKAGE_SCENE,100000000,24415,24415,10949,10949,10949,2157,2157,2157,0,0,0,862716,583773,1194274,126.163,36.2874,1314.1
727,10905,10919,15,PACKAGE_SCENE,100000000,24415,24415,10949,10949,10949,2157,2157,2157,0,0,0,861583,677854,1251085,130.188,31.0091,1359.02
728,10920,10934,15,PACKAGE_SCENE,100000000,24415,24415,10949,10949,10949,2157,2157,2157,0,0,0,895008,707416,1076894,39.7181,34.7999,47.7058
729,10935,10949,15,PACKAGE_SCENE,100000000,24415,24415,10949,10949,10949,2157,2157,2157,0,0,0,864148,592345,1128116,127.124,31.8613,1367.53
730,10950,10964,15,PACKAGE_SCENE,100000000,24415,24415,10949,10949,10949,2157,2157,2157,0,0,0,832844,717452,1037305,130.496,32.3255,1373.33
731,10965,10979,15,PACKAGE_SCENE,100000000,24415,24415,10949,10949,10949,2157,2157,2157,0,0,0,779099,568303,1113695,124.23,30.9744,1303.93
732,10980,10994,15,PACKAGE_SCENE,100000000,24415,24415,10949,10949,10949,2157,2157,2157,0,0,0,810130,646911,1046571,141.926,35.0223,1544.62
733,10995,11009,15,PACKAGE_SCENE,100000000,24415,24415,10949,10949,10949,2157,2157,2157,0,0,0,809617,483814,1084727,129.531,27.7457,1369.73
734,11010,11024,15,PACKAGE_SCENE,100000000,24415,24415,10949,10949,10949,2157,2157,2157,0,0,0,795684,540176,1102170,39.3023,36.1545,50.3367
735,11025,11039,15,PACKAGE_SCENE,100000000,24415,24415,10949,10949,10949,2157,2157,2157,0,0,0,869233,595552,1138078,196.017,34.855,2372.76
736,11040,11054,15,PACKAGE_SCENE,100000000,24415,24415,10949,10949,10949,2157,2157,2157,0,0,0,815112,551583,993019,164.002,34.172,1897.32
737,11055,11069,15,PACKAGE_SCENE,100000000,24415,24415,10949,10949,10949,2157,2157,2157,0,0,0,802724,589042,1339583,159.452,34.7755,1824.61
738,11070,11084,15,PACKAGE_SCENE,100000000,24415,24415,10949,10949,10949,2157,2157,2157,0,0,0,843344,633073,1091265,182.697,36.036,2158.68
739,11085,11099,15,PACKAGE_SCENE,100000000,24415,24415,10949,10949,10949,2157,2157,2157,0,0,0,781734,616331,986743,157.202,37.949,1763.93
740,11100,11114,15,PACKAGE_SCENE,100000000,24415,24415,10949,10949,10949,2157,2157,2157,0,0,0,815842,573884,1089814,42.5384,36.4351,50.9809
741,11115,11129,15,PACKAGE_SCENE,100000000,24415,24415,10949,10949,10949,2157,2157,2157,0,0,0,806703,616005,1019911,163.529,38.5443,1818.77
742,11130,11144,15,PACKAGE_SCENE,100000000,24415,24415,10949,10949,10949,2157,2157,2157,0,0,0,842438,685697,1139762,168.224,34.2721,1874.05
743,11145,11159,15,PACKAGE_SCENE,100000000,24415,24415,10949,10949,10949,2157,2157,2157,0,0,0,850956,686446,1126697,174.59,36.6407,2006.62
744,11160,11174,15,PACKAGE_SCENE,100000000,24415,24415,10949,10949,10949,2157,2157,2157,0,0,0,790122,646041,986278,173.225,25.8222,1998.89
745,11175,11189,15,PACKAGE_SCENE,100000000,24415,24415,10949,10949,10949,2157,2157,2157,0,0,0,805296,609243,1017458,150.645,29.8603,1683.68
746,11190,11204,15,PACKAGE_SCENE,100000000,24415,24415,10949,10949,10949,2157,2157,2157,0,0,0,847980,628982,1117542,39.3177,37.7483,47.1207
747,11205,11219,15,PACKAGE_SCENE,100000000,24415,24415,10949,10949,10949,2157,2157,2157,0,0,0,843728,537673,1188155,158.347,29.3975,1725.3
748,11220,11234,15,PACKAGE_SCENE,100000000,24415,24415,10949,10949,10949,2157,2157,2157,0,0,0,891029,724482,1190837,172.703,38.6176,1976.96
749,11235,11249,15,PACKAGE_SCENE,100000000,24415,24415,10949,10949,10949,2157,2157,2157,0,0,0,814518,569723,1069451,176.618,38.5222,2010.09
750,11250,11264,15,PACKAGE_SCENE,100000000,24415,24415,10949,10949,10949,2157,2157,2157,0,0,0,831509,600794,1075371,151.396,30.4725,1714.69
751,11265,11279,15,PACKAGE_SCENE,100000000,24415,24415,10949,10949,10949,2157,2157,2157,0,0,0,870079,574917,1202969,187.98,37.4284,2130.65
752,11280,11294,15,PACKAGE_SCENE,100000000,24415,24415,10949,10949,10949,2157,2157,2157,0,0,0,845562,670908,1077922,45.0684,36.4604,62.8772
753,11295,11309,15,PACKAGE_SCENE,100000000,24415,24415,10949,10949,10949,2157,2157,2157,0,0,0,842444,600572,1071602,164.945,32.6287,1901.79
754,11310,11324,15,PACKAGE_SCENE,100000000,24415,24415,10949,10949,10949,2157,2157,2157,0,0,0,828360,641659,1034446,153.222,36.261,1730.87
755,11325,11339,15,PACKAGE_SCENE,100000000,24415,24415,10949,10949,10949,2157,2157,2157,0,0,0,721829,515561,1013032,127.025,36.6306,1314.11
756,11340,11354,15,PACKAGE_SCENE,100000000,24415,24415,10949,10949,10949,2157,2157,2157,0,0,0,757585,574917,994127,116.616,36.4463,1180.17
757,11355,11369,15,PACKAGE_SCENE,100000000,24415,24415,10949,10949,10949,2157,2157,2157,0,0,0,821852,484815,1132134,117.607,34.4729,1172.71
758,11370,11384,15,PACKAGE_SCENE,100000000,24415,24415,10949,10949,10949,2157,2157,2157,0,0,0,792904,601890,1040436,39.0411,28.3565,49.9864
759,11385,11399,15,PACKAGE_SCENE,100000000,24415,24415,10949,10949,10949,2157,2157,2157,0,0,0,837975,675819,1044105,696.73,36.5445,9879.69
760,11400,11414,15,PACKAGE_SCENE,100000000,24415,24415,10949,10949,10949,2157,2157,2157,0,0,0,800644,643071,1168221,40.1539,27.6546,49.9901
761,11415,11429,15,PACKAGE_SCENE,100000000,24415,24415,10949,10949,10949,2157,2157,2157,0,0,0,845530,593937,1092189,40.0578,36.3396,46.2244
762,11430,11444,15,PACKAGE_SCENE,100000000,24415,24415,10949,10949,10949,2157,2157,2157,0,0,0,886247,629351,1157021,38.8988,31.9175,51.0056
763,11445,11459,15,PACKAGE_SCENE,100000000,24415,24415,10949,10949,10949,2157,2157,2157,0,0,0,857551,557071,1257482,39.4027,36.2624,46.889
764,11460,11474,15,PACKAGE_SCENE,100000000,24415,24415,10949,10949,10949,2157,2157,2157,0,0,0,842671,671017,1103219,38.9591,36.2635,46.1669
765,11475,11489,15,PACKAGE_SCENE,100000000,24415,24415,10949,10949,10949,2157,2157,2157,0,0,0,869103,650579,1151943,42.0577,36.2549,50.2029
766,11490,11504,15,PACKAGE_SCENE,100000000,24415,24415,10949,10949,10949,2157,2157,2157,0,0,0,860346,694504,1086430,39.4831,31.8988,49.6594
767,11505,11519,15,PACKAGE_SCENE,100000000,24415,24415,10949,10949,10949,2157,2157,2157,0,0,0,793247,599471,1014984,40.4029,34.0615,53.707
768,11520,11534,15,PACKAGE_SCENE,100000000,24415,24415,10949,10949,10949,2157,2157,2157,0,0,0,870160,656529,1227084,41.3551,33.3125,57.3209
769,11535,11549,15,PACKAGE_SCENE,100000000,24415,24415,10949,10949,10949,2157,2157,2157,0,0,0,776360,571382,1042166,40.0966,34.13,46.7193
770,11550,11564,15,PACKAGE_SCENE,100000000,24415,24415,10949,10949,10949,2157,2157,2157,0,0,0,788284,612587,1048224,40.837,34.6327,50.1891
771,11565,11579,15,PACKAGE_SCENE,100000000,24415,24415,10949,10949,10949,2157,2157,2157,0,0,0,802834,638444,1125918,37.5709,31.4776,45.2159
772,11580,11594,15,PACKAGE_SCENE,100000000,24415,24415,10949,10949,10949,2157,2157,2157,0,0,0,779786,601779,1031941,38.5325,33.3782,45.4048
773,11595,11609,15,PACKAGE_SCENE,100000000,24415,24415,10949,10949,10949,2157,2157,2157,0,0,0,822126,658985,1165734,41.3677,31.9326,52.8146
774,11610,11624,15,PACKAGE_SCENE,100000000,24415,24415,10949,10949,10949,2157,2157,2157,0,0,0,851295,636646,1087528,39.5368,36.3569,50.1792
775,11625,11639,15,PACKAGE_SCENE,100000000,24415,24415,10949,10949,10949,2157,2157,2157,0,0,0,793196,582548,1059953,39.1518,27.17,47.5939
776,11640,11654,15,PACKAGE_SCENE,100000000,24415,24415,10949,10949,10949,2157,2157,2157,0,0,0,783520,568150,1030876,40.135,34.1713,51.094
777,11655,11669,15,PACKAGE_SCENE,100000000,24415,24415,10949,10949,10949,2157,2157,2157,0,0,0,824759,606057,1137567,40.19,35.9108,52.2381
778,11670,11684,15,PACKAGE_SCENE,100000000,24415,24415,10949,10949,10949,2157,2157,2157,0,0,0,894657,661840,1060614,37.8271,30.2219,47.2161
779,11685,11699,15,PACKAGE_SCENE,100000000,24415,24415,10949,10949,10949,2157,2157,2157,0,0,0,860672,684203,1137479,41.2833,36.4701,48.8935
780,11700,11714,15,PACKAGE_SCENE,100000000,24415,24415,10949,10949,10949,2157,2157,2157,0,0,0,755013,545014,881427,41.1166,35.8253,51.6656
781,11715,11729,15,PACKAGE_SCENE,100000000,24415,24415,10949,10949,10949,2157,2157,2157,0,0,0,788632,553548,987087,40.5953,34.1268,45.9684
782,11730,11744,15,PACKAGE_SCENE,100000000,24415,24415,10949,10949,10949,2157,2157,2157,0,0,0,770865,567506,969577,39.0631,27.22,54.6409
783,11745,11759,15,PACKAGE_SCENE,100000000,24415,24415,10949,10949,10949,2157,2157,2157,0,0,0,795065,588281,1006565,39.0813,35.1164,44.8218
784,11760,11774,15,PACKAGE_SCENE,100000000,24415,24415,10949,10949,10949,2157,2157,2157,0,0,0,788505,518463,1058709,65.0807,28.1138,321.333
785,11775,11789,15,PACKAGE_SCENE,100000000,24415,24415,10949,10949,10949,2157,2157,2157,0,0,0,827866,657796,995751,44.7052,36.7104,52.7351
786,11790,11804,15,PACKAGE_SCENE,100000000,24415,24415,10949,10949,10949,2157,2157,2157,0,0,0,750481,553215,899752,42.5232,37.1852,54.4163
787,11805,11819,15,PACKAGE_SCENE,100000000,24415,24415,10949,10949,10949,2157,2157,2157,0,0,0,808364,683664,1031431,43.6038,35.2804,60.0011
788,11820,11834,15,PACKAGE_SCENE,100000000,24415,24415,10949,10949,10949,2157,2157,2157,0,0,0,797744,527481,1092237,41.5918,35.3898,52.1499
789,11835,11849,15,PACKAGE_SCENE,100000000,24415,24415,10949,10949,10949,2157,2157,2157,0,0,0,808644,557513,1065519,47.8532,39.5127,60.7105
790,11850,11864,15,PACKAGE_SCENE,100000000,24415,24415,10949,10949,10949,2157,2157,2157,0,0,0,828890,651980,1083022,49.8238,36.245,61.9691
791,11865,11879,15,PACKAGE_SCENE,100000000,24415,24415,10949,10949,10949,2157,2157,2157,0,0,0,842182,645327,1179145,43.8479,33.1082,56.7456
792,11880,11894,15,PACKAGE_SCENE,100000000,24415,24415,10949,10949,10949,2157,2157,2157,0,0,0,858483,620221,1183921,44.0334,35.5709,56.6947
793,11895,11909,15,PACKAGE_SCENE,100000000,24415,24415,10949,10949,10949,2157,2157,2157,0,0,0,866558,680369,1224605,40.4328,32.8955,51.8498
794,11910,11924,15,PACKAGE_SCENE,100000000,24415,24415,10949,10949,10949,2157,2157,2157,0,0,0,861636,628089,1127167,40.9125,27.9042,49.8357
795,11925,11939,15,PACKAGE_SCENE,100000000,24415,24415,10960.1,10949,11032,2177.13,2157,2419,29.2667,0,315,816520,533995,1122354,56.7457,37.3596,212.582
796,11940,11954,15,PACKAGE_SCENE,100000000,24415,24415,7767.8,4049,11032,1653.13,1240,2194,56.8667,0,354,808386,317329,1194540,58.3485,25.6206,163.619
797,11955,11969,15,PACKAGE_SCENE,100000000,24415,24415,6756.2,6121,7709,1384,1258,1872,15.8667,0,171,979415,668188,1256620,42.2246,25.4713,96.7903
798,11970,11984,15,PACKAGE_SCENE,100000000,24415,24415,7709,7709,7709,1514,1514,1514,0,0,0,982052,675499,1259629,33.9188,26.1813,37.277
799,11985,11999,15,PACKAGE_SCENE,100000000,24415,24415,7709,7709,7709,1514,1514,1514,0,0,0,1.03497e+06,671809,1266524,36.8923,26.5485,71.2791
800,12000,12014,15,PACKAGE_SCENE,100000000,24415,24415,7709,7709,7709,1514,1514,1514,0,0,0,997321,722944,1268989,35.2774,26.3166,45.9278
801,12015,12029,15,PACKAGE_SCENE,100000000,24415,24415,7709,7709,7709,1514,1514,1514,0,0,0,965855,664933,1257478,513.927,30.9839,7107.11
802,12030,12044,15,PACKAGE_SCENE,100000000,24415,24415,7709,7709,7709,1514,1514,1514,0,0,0,903461,643791,1252520,365.782,31.6978,4936.87
803,12045,12059,15,PACKAGE_SCENE,100000000,24415,24415,7709,7709,7709,1514,1514,1514,0,0,0,1.03872e+06,661978,1346193,590.338,26.1238,8340.97
804,12060,12074,15,PACKAGE_SCENE,100000000,24415,24415,7709,7709,7709,1514,1514,1514,0,0,0,998466,641210,1286275,258.43,25.7396,3386.23
805,12075,12089,15,PACKAGE_SCENE,100000000,24415,24415,7709,7709,7709,1514,1514,1514,0,0,0,983135,731687,1174791,186.011,26.7208,2298.75
806,12090,12104,15,PACKAGE_SCENE,100000000,24415,24415,7709,7709,7709,1514,1514,1514,0,0,0,924507,645602,1201295,36.3254,26.1672,52.9407
807,12105,12119,15,PACKAGE_SCENE,100000000,24415,24415,7709,7709,7709,1514,1514,1514,0,0,0,953733,698413,1194209,185.918,32.6761,2269.18
808,12120,12134,15,PACKAGE_SCENE,100000000,24415,24415,7709,7709,7709,1514,1514,1514,0,0,0,997708,755890,1252743,169.268,25.5567,2040.02
809,12135,12149,15,PACKAGE_SCENE,100000000,24415,24415,7709,7709,7709,1514,1514,1514,0,0,0,932145,723097,1226222,233.916,32.07,2976.91
810,12150,12164,15,PACKAGE_SCENE,100000000,24415,24415,7709,7709,7709,1514,1514,1514,0,0,0,975664,677946,1231666,119.465,26.0756,1286.48
811,12165,12179,15,PACKAGE_SCENE,100000000,24415,24415,7709,7709,7709,1514,1514,1514,0,0,0,974875,688105,1210043,125.478,26.2962,1384.73
812,12180,12194,15,PACKAGE_SCENE,100000000,24415,24415,7709,7709,7709,1514,1514,1514,0,0,0,965038,724362,1175800,36.9892,25.8979,68.6679
813,12195,12209,15,PACKAGE_SCENE,100000000,24415,24415,7709,7709,7709,1514,1514,1514,0,0,0,942893,711612,1256385,130.41,29.9549,1384.51
814,12210,12224,15,PACKAGE_SCENE,100000000,24415,24415,7709,7709,7709,1514,1514,1514,0,0,0,959486,731984,1211970,145.246,25.9105,1667.55
815,12225,12239,15,PACKAGE_SCENE,100000000,24415,24415,7709,7709,7709,1514,1514,1514,0,0,0,973691,744166,1106521,127.655,26.0402,1398.56
816,12240,12254,15,PACKAGE_SCENE,100000000,24415,24415,7709,7709,7709,1514,1514,1514,0,0,0,939489,676435,1162240,134.119,27.4217,1504.77
817,12255,12269,15,PACKAGE_SCENE,100000000,24415,24415,7709,7709,7709,1514,1514,1514,0,0,0,1.03335e+06,799886,1266109,113.231,25.5187,1230.6
818,12270,12284,15,PACKAGE_SCENE,100000000,24415,24415,7709,7709,7709,1514,1514,1514,0,0,0,998157,727418,1264490,35.898,25.914,64.7316
819,12285,12299,15,PACKAGE_SCENE,100000000,24415,24415,7709,7709,7709,1514,1514,1514,0,0,0,1.0121e+06,800622,1324955,137.374,31.2513,1477.36
820,12300,12314,15,PACKAGE_SCENE,100000000,24415,24415,7709,7709,7709,1514,1514,1514,0,0,0,933084,625927,1190459,135.567,27.2173,1474.18
821,12315,12329,15,PACKAGE_SCENE,100000000,24415,24415,7709,7709,7709,1514,1514,1514,0,0,0,1.04751e+06,848662,1242502,125.133,28.0388,1372.13
822,12330,12344,15,PACKAGE_SCENE,100000000,24415,24415,7709,7709,7709,1514,1514,1514,0,0,0,975234,659318,1208698,191.294,25.4458,2235.38
823,12345,12359,15,PACKAGE_SCENE,100000000,24415,24415,7709,7709,7709,1514,1514,1514,0,0,0,950979,720981,1194696,206.829,34.9859,2539.86
824,12360,12374,15,PACKAGE_SCENE,100000000,24415,24415,7709,7709,7709,1514,1514,1514,0,0,0,971252,643291,1252109,44.6167,30.124,124.004
825,12375,12389,15,PACKAGE_SCENE,100000000,24415,24415,7709,7709,7709,1514,1514,1514,0,0,0,982569,709959,1221682,212.542,26.3801,2481.27
826,12390,12404,15,PACKAGE_SCENE,100000000,24415,24415,7709,7709,7709,1514,1514,1514,0,0,0,996460,743871,1180326,191.652,25.8595,2216.93
827,12405,12419,15,PACKAGE_SCENE,100000000,24415,24415,7709,7709,7709,1514,1514,1514,0,0,0,967511,687877,1198782,214.562,25.7778,2693.59
828,12420,12434,15,PACKAGE_SCENE,100000000,24415,24415,7709,7709,7709,1514,1514,1514,0,0,0,1.05974e+06,746022,1330954,165.65,26.4163,1932.6
829,12435,12449,15,PACKAGE_SCENE,100000000,24415,24415,7709,7709,7709,1514,1514,1514,0,0,0,933294,687203,1262430,125.975,29.0366,1405.41
830,12450,12464,15,PACKAGE_SCENE,100000000,24415,24415,7709,7709,7709,1514,1514,1514,0,0,0,1.05636e+06,677503,1315590,34.2006,25.733,49.462
831,12465,12479,15,PACKAGE_SCENE,100000000,24415,24415,7709,7709,7709,1514,1514,1514,0,0,0,944936,685434,1202283,121.43,25.7076,1317.29
832,12480,12494,15,PACKAGE_SCENE,100000000,24415,24415,7709,7709,7709,1514,1514,1514,0,0,0,958115,689399,1194699,131.626,25.7864,1451.28
833,12495,12509,15,PACKAGE_SCENE,100000000,24415,24415,7709,7709,7709,1514,1514,1514,0,0,0,994843,739716,1337828,128.451,25.8091,1424.49
834,12510,12524,15,PACKAGE_SCENE,100000000,24415,24415,7709,7709,7709,1514,1514,1514,0,0,0,999209,652959,1269604,134.969,25.9019,1527.38
835,12525,12539,15,PACKAGE_SCENE,100000000,24415,24415,7709,7709,7709,1514,1514,1514,0,0,0,993961,750822,1190954,139.076,25.9608,1627.2
836,12540,12554,15,PACKAGE_SCENE,100000000,24415,24415,7709,7709,7709,1514,1514,1514,0,0,0,1.02843e+06,706925,1206103,36.0817,26.2058,48.3587
837,12555,12569,15,PACKAGE_SCENE,100000000,24415,24415,7709,7709,7709,1514,1514,1514,0,0,0,960569,657591,1219068,138.158,25.663,1539.77
838,12570,12584,15,PACKAGE_SCENE,100000000,24415,24415,7709,7709,7709,1514,1514,1514,0,0,0,969058,728658,1261303,142.806,26.9767,1624.93
839,12585,12599,15,PACKAGE_SCENE,100000000,24415,24415,7709,7709,7709,1514,1514,1514,0,0,0,946594,692368,1169921,131.783,27.5953,1463.23
840,12600,12614,15,PACKAGE_SCENE,100000000,24415,24415,7709,7709,7709,1514,1514,1514,0,0,0,998299,671636,1245768,128.33,25.8917,1427.76
841,12615,12629,15,PACKAGE_SCENE,100000000,24415,24415,7709,7709,7709,1514,1514,1514,0,0,0,1.01041e+06,698435,1295586,135.078,25.9885,1538.51
842,12630,12644,15,PACKAGE_SCENE,100000000,24415,24415,7709,7709,7709,1514,1514,1514,0,0,0,904618,659940,1131733,42.3074,33.1546,59.9263
843,12645,12659,15,PACKAGE_SCENE,100000000,24415,24415,7709,7709,7709,1514,1514,1514,0,0,0,1.01928e+06,686229,1190892,141.31,31.8025,1547.18
844,12660,12674,15,PACKAGE_SCENE,100000000,24415,24415,7709,7709,7709,1514,1514,1514,0,0,0,948867,691266,1317243,141.389,27.2987,1533.81
845,12675,12689,15,PACKAGE_SCENE,100000000,24415,24415,7709,7709,7709,1514,1514,1514,0,0,0,1.01651e+06,740140,1235840,115.22,30.5417,1157.31
846,12690,12704,15,PACKAGE_SCENE,100000000,24415,24415,7709,7709,7709,1514,1514,1514,0,0,0,1.00703e+06,708479,1265226,343.581,34.1714,4607.34
847,12705,12719,15,PACKAGE_SCENE,100000000,24415,24415,7709,7709,7709,1514,1514,1514,0,0,0,964005,694072,1316841,43.6522,29.824,57.4135
848,12720,12734,15,PACKAGE_SCENE,100000000,24415,24415,7709,7709,7709,1514,1514,1514,0,0,0,973173,705373,1151384,38.081,25.4632,49.2262
849,12735,12749,15,PACKAGE_SCENE,100000000,24415,24415,7709,7709,7709,1514,1514,1514,0,0,0,1.04641e+06,701867,1263182,40.5198,30.8711,51.4436
850,12750,12764,15,PACKAGE_SCENE,100000000,24415,24415,7709,7709,7709,1514,1514,1514,0,0,0,938090,685285,1158114,39.7741,29.6273,48.3791
851,12765,12779,15,PACKAGE_SCENE,100000000,24415,24415,7709,7709,7709,1514,1514,1514,0,0,0,937084,688872,1110208,37.9601,32.5593,49.8315
852,12780,12794,15,PACKAGE_SCENE,100000000,24415,24415,7709,7709,7709,1514,1514,1514,0,0,0,996576,691670,1233068,36.8036,25.3516,45.1461
853,12795,12809,15,PACKAGE_SCENE,100000000,24415,24415,7709,7709,7709,1514,1514,1514,0,0,0,1.03335e+06,648234,1222816,31.8745,25.3949,35.8556
854,12810,12824,15,PACKAGE_SCENE,100000000,24415,24415,7709,7709,7709,1514,1514,1514,0,0,0,975496,661200,1239565,34.2226,26.3188,41.2703
855,12825,12839,15,PACKAGE_SCENE,100000000,24415,24415,7709,7709,7709,1514,1514,1514,0,0,0,981022,646349,1162743,32.659,25.5585,41.4889
856,12840,12854,15,PACKAGE_SCENE,100000000,24415,24415,7709,7709,7709,1514,1514,1514,0,0,0,1.08927e+06,733863,1261612,34.789,25.6718,42.0401
857,12855,12869,15,PACKAGE_SCENE,100000000,24415,24415,7709,7709,7709,1514,1514,1514,0,0,0,965089,663202,1237364,34.4887,25.9136,43.5096
858,12870,12884,15,PACKAGE_SCENE,100000000,24415,24415,7709,7709,7709,1514,1514,1514,0,0,0,911154,647918,1190265,37.5479,31.2853,50.4302
859,12885,12899,15,PACKAGE_SCENE,100000000,24415,24415,7709,7709,7709,1514,1514,1514,0,0,0,1.01017e+06,643541,1270440,33.1239,25.3809,41.6312
860,12900,12914,15,PACKAGE_SCENE,100000000,24415,24415,7709,7709,7709,1514,1514,1514,0,0,0,959243,679939,1188652,32.3684,25.391,35.2617
861,12915,12929,15,PACKAGE_SCENE,100000000,24415,24415,7709,7709,7709,1514,1514,1514,0,0,0,1.03019e+06,666392,1329908,34.3642,25.5561,43.8402
862,12930,12944,15,PACKAGE_SCENE,100000000,24415,24415,7709,7709,7709,1514,1514,1514,0,0,0,981493,647621,1205440,33.087,25.3007,35.2488
863,12945,12959,15,PACKAGE_SCENE,100000000,24415,24415,7709,7709,7709,1514,1514,1514,0,0,0,939931,672542,1228508,31.5557,25.5183,35.4857
864,12960,12974,15,PACKAGE_SCENE,100000000,24415,24415,7709,7709,7709,1514,1514,1514,0,0,0,971388,650601,1170316,33.5005,25.5993,42.8129
865,12975,12989,15,PACKAGE_SCENE,100000000,24415,24415,7709,7709,7709,1514,1514,1514,0,0,0,902101,639464,1118141,36.8265,26.7579,48.6293
866,12990,13004,15,PACKAGE_SCENE,100000000,24415,24415,7709,7709,7709,1514,1514,1514,0,0,0,898460,625344,1258700,51.6219,25.5003,187.197
867,13005,13019,15,PACKAGE_SCENE,100000000,24415,24415,7709,7709,7709,1514,1514,1514,0,0,0,1.03313e+06,657772,1278197,34.1132,25.8502,40.7559
868,13020,13034,15,PACKAGE_SCENE,100000000,24415,24415,7709,7709,7709,1514,1514,1514,0,0,0,1.01198e+06,644577,1299763,35.7993,27.4456,49.957
869,13035,13049,15,PACKAGE_SCENE,100000000,24415,24415,7709,7709,7709,1514,1514,1514,0,0,0,989150,679361,1217065,35.5792,26.3685,45.8584
870,13050,13064,15,PACKAGE_SCENE,100000000,24415,24415,7709,7709,7709,1514,1514,1514,0,0,0,933594,640784,1248039,35.2244,26.8906,45.2573
871,13065,13079,15,PACKAGE_SCENE,100000000,24415,24415,7709,7709,7709,1514,1514,1514,0,0,0,946800,749818,1242412,35.0087,25.9707,43.6263
872,13080,13094,15,PACKAGE_SCENE,100000000,24415,24415,7709,7709,7709,1514,1514,1514,0,0,0,972285,711044,1292535,34.5162,26.418,44.4472
873,13095,13109,15,PACKAGE_SCENE,100000000,24415,24415,7709,7709,7709,1514,1514,1514,0,0,0,954586,667156,1148292,36.3578,26.7563,45.5945
874,13110,13124,15,PACKAGE_SCENE,100000000,24415,24415,7709,7709,7709,1514,1514,1514,0,0,0,1.03683e+06,675002,1166490,34.658,25.7967,37.5395
875,13125,13139,15,PACKAGE_SCENE,100000000,24415,24415,7709,7709,7709,1514,1514,1514,0,0,0,978073,647350,1290057,33.737,26.3589,42.3771
876,13140,13154,15,PACKAGE_SCENE,100000000,24415,24415,7709,7709,7709,1514,1514,1514,0,0,0,1.00601e+06,718187,1248934,34.321,27.1805,38.5264
877,13155,13169,15,PACKAGE_SCENE,100000000,24415,24415,7709,7709,7709,1514,1514,1514,0,0,0,945570,633794,1180731,34.4416,26.5259,44.6093
878,13170,13184,15,PACKAGE_SCENE,100000000,24415,24415,7709,7709,7709,1514,1514,1514,0,0,0,913640,693329,1301340,34.7496,25.9305,44.3997
879,13185,13199,15,PACKAGE_SCENE,100000000,24415,24415,7709,7709,7709,1514,1514,1514,0,0,0,989791,727969,1223535,33.1218,26.4725,36.6023
880,13200,13214,15,PACKAGE_SCENE,100000000,24415,24415,7709,7709,7709,1514,1514,1514,0,0,0,1.04906e+06,760201,1290608,34.9954,27.1432,36.6679
881,13215,13229,15,PACKAGE_SCENE,100000000,24415,24415,7709,7709,7709,1514,1514,1514,0,0,0,990774,727194,1190019,34.2973,26.1905,37.5837
882,13230,13244,15,PACKAGE_SCENE,100000000,24415,24415,7709,7709,7709,1514,1514,1514,0,0,0,1.0455e+06,612135,1296247,33.6826,25.5587,36.9866
883,13245,13259,15,PACKAGE_SCENE,100000000,24415,24415,7709,7709,7709,1514,1514,1514,0,0,0,956932,652087,1249926,36.2676,26.3898,48.8542
884,13260,13274,15,PACKAGE_SCENE,100000000,24415,24415,7709,7709,7709,1514,1514,1514,0,0,0,1.01947e+06,661480,1233950,35.3814,27.6809,38.296
885,13275,13289,15,PACKAGE_SCENE,100000000,24415,24415,7709,7709,7709,1514,1514,1514,0,0,0,966122,666324,1215340,33.6328,26.4258,44.4429
886,13290,13304,15,PACKAGE_SCENE,100000000,24415,24415,7709,7709,7709,1514,1514,1514,0,0,0,925754,645422,1216982,35.9721,25.474,45.3888
887,13305,13319,15,PACKAGE_SCENE,100000000,24415,24415,7709,7709,7709,1514,1514,1514,0,0,0,976958,655110,1155279,37.4811,26.3112,53.9369
888,13320,13334,15,PACKAGE_SCENE,100000000,24415,24415,7709,7709,7709,1514,1514,1514,0,0,0,1.01308e+06,781817,1239131,36.535,25.7805,51.2089
889,13335,13349,15,PACKAGE_SCENE,100000000,24415,24415,7709,7709,7709,1514,1514,1514,0,0,0,957234,725951,1230776,36.8894,30.7853,45.9795
890,13350,13364,15,PACKAGE_SCENE,100000000,24415,24415,7709,7709,7709,1514,1514,1514,0,0,0,964172,646415,1247679,37.5637,26.2152,52.0575
891,13365,13379,15,PACKAGE_SCENE,100000000,24415,24415,7709,7709,7709,1514,1514,1514,0,0,0,997088,721242,1240287,35.9395,26.0033,45.4779
892,13380,13394,15,PACKAGE_SCENE,100000000,24415,24415,7709,7709,7709,1514,1514,1514,0,0,0,975375,760906,1132763,35.8499,26.3728,44.4864
893,13395,13409,15,PACKAGE_SCENE,100000000,24415,24415,7709,7709,7709,1514,1514,1514,0,0,0,929591,690374,1152997,33.28,26.1648,36.37
894,13410,13424,15,PACKAGE_SCENE,100000000,24415,24415,7633.93,6043,7769,1526.13,1137,1843,30.4,0,226,956274,646527,1252346,48.1868,25.4974,125.137
895,13425,13439,15,PACKAGE_SCENE,100000000,24415,24415,1328.13,0,3990,686.133,0,1779,19.4667,0,76,455996,0,1178278,23.7402,1.343,65.0215
896,13440,13454,15,PACKAGE_SCENE,100000000,24415,24415,0,0,0,0,0,0,0,0,0,0,0,0,1.89798,1.3532,2.8176
897,13455,13469,15,PACKAGE_SCENE,100000000,24415,24415,0,0,0,0,0,0,0,0,0,0,0,0,1.94815,1.427,2.7282
898,13470,13484,15,PACKAGE_SCENE,100000000,24415,24415,0,0,0,0,0,0,0,0,0,0,0,0,1.5788,1.0789,2.4412
899,13485,13499,15,PACKAGE_SCENE,100000000,24415,24415,0,0,0,0,0,0,0,0,0,0,0,0,1.59005,1.0534,2.3605
900,13500,13514,15,PACKAGE_SCENE,100000000,24415,24415,0,0,0,0,0,0,0,0,0,0,0,0,1.72491,1.1925,3.0214
901,13515,13529,15,PACKAGE_SCENE,100000000,24415,24415,0,0,0,0,0,0,0,0,0,0,0,0,2.24217,1.1093,10.3009
902,13530,13544,15,PACKAGE_SCENE,100000000,24415,24415,0,0,0,0,0,0,0,0,0,0,0,0,1.69069,1.0818,3.1142
903,13545,13559,15,PACKAGE_SCENE,100000000,24415,24415,0,0,0,0,0,0,0,0,0,0,0,0,1.54209,1.1495,2.1465
904,13560,13574,15,PACKAGE_SCENE,100000000,24415,24415,0,0,0,0,0,0,0,0,0,0,0,0,1.62774,1.0971,2.8428
905,13575,13589,15,PACKAGE_SCENE,100000000,24415,24415,0,0,0,0,0,0,0,0,0,0,0,0,1.57889,1.1113,2.6714
906,13590,13604,15,PACKAGE_SCENE,100000000,24415,24415,0,0,0,0,0,0,0,0,0,0,0,0,1.59185,1.1894,2.793
907,13605,13619,15,PACKAGE_SCENE,100000000,24415,24415,0,0,0,0,0,0,0,0,0,0,0,0,1.58782,1.078,2.8445
908,13620,13634,15,PACKAGE_SCENE,100000000,24415,24415,0,0,0,0,0,0,0,0,0,0,0,0,1.59929,1.0546,2.2897
909,13635,13649,15,PACKAGE_SCENE,100000000,24415,24415,0,0,0,0,0,0,0,0,0,0,0,0,1.60725,1.0551,2.4223
910,13650,13664,15,PACKAGE_SCENE,100000000,24415,24415,0,0,0,0,0,0,0,0,0,0,0,0,1.74946,1.072,2.8992
911,13665,13679,15,PACKAGE_SCENE,100000000,24415,24415,0,0,0,0,0,0,0,0,0,0,0,0,1.61983,1.0994,2.4977
912,13680,13694,15,PACKAGE_SCENE,100000000,24415,24415,0,0,0,0,0,0,0,0,0,0,0,0,1.61807,1.1133,2.5442
913,13695,13709,15,PACKAGE_SCENE,100000000,24415,24415,0,0,0,0,0,0,0,0,0,0,0,0,1.6676,1.1494,2.4287
914,13710,13724,15,PACKAGE_SCENE,100000000,24415,24415,0,0,0,0,0,0,0,0,0,0,0,0,1.72455,1.0925,3.3103
915,13725,13739,15,PACKAGE_SCENE,100000000,24415,24415,0,0,0,0,0,0,0,0,0,0,0,0,1.66159,1.0678,3.1118
916,13740,13754,15,PACKAGE_SCENE,100000000,24415,24415,0,0,0,0,0,0,0,0,0,0,0,0,1.71078,1.0334,2.8314
917,13755,13769,15,PACKAGE_SCENE,100000000,24415,24415,0,0,0,0,0,0,0,0,0,0,0,0,1.56717,1.1252,2.5341
918,13770,13784,15,PACKAGE_SCENE,100000000,24415,24415,0,0,0,0,0,0,0,0,0,0,0,0,1.67127,1.1306,2.4299
919,13785,13799,15,PACKAGE_SCENE,100000000,24415,24415,0,0,0,0,0,0,0,0,0,0,0,0,1.60226,1.04,2.5501
920,13800,13814,15,PACKAGE_SCENE,100000000,24415,24415,0,0,0,0,0,0,0,0,0,0,0,0,1.7076,1.0827,2.2528
921,13815,13829,15,PACKAGE_SCENE,100000000,24415,24415,0,0,0,0,0,0,0,0,0,0,0,0,1.60909,1.1219,2.1692
922,13830,13844,15,PACKAGE_SCENE,100000000,24415,24415,0,0,0,0,0,0,0,0,0,0,0,0,1.65637,1.1182,2.4329
923,13845,13859,15,PACKAGE_SCENE,100000000,24415,24415,0,0,0,0,0,0,0,0,0,0,0,0,1.59707,1.1279,2.5836
924,13860,13874,15,PACKAGE_SCENE,100000000,24415,24415,0,0,0,0,0,0,0,0,0,0,0,0,1.539,1.0351,2.3858
925,13875,13889,15,PACKAGE_SCENE,100000000,24415,24415,0,0,0,0,0,0,0,0,0,0,0,0,1.74353,1.1205,2.8592
926,13890,13904,15,PACKAGE_SCENE,100000000,24415,24415,0,0,0,0,0,0,0,0,0,0,0,0,1.56164,1.2308,2.367
927,13905,13919,15,PACKAGE_SCENE,100000000,24415,24415,0,0,0,0,0,0,0,0,0,0,0,0,1.60382,1.1371,2.7694
928,13920,13934,15,PACKAGE_SCENE,100000000,24415,24415,0,0,0,0,0,0,0,0,0,0,0,0,1.55312,1.1514,2.9639
929,13935,13949,15,PACKAGE_SCENE,100000000,24415,24415,0,0,0,0,0,0,0,0,0,0,0,0,1.53392,1.1667,2.349
930,13950,13964,15,PACKAGE_SCENE,100000000,24415,24415,0,0,0,0,0,0,0,0,0,0,0,0,1.65073,1.1844,2.73
931,13965,13979,15,PACKAGE_SCENE,100000000,24415,24415,0,0,0,0,0,0,0,0,0,0,0,0,1.63578,1.1462,3.0538
932,13980,13994,15,PACKAGE_SCENE,100000000,24415,24415,0,0,0,0,0,0,0,0,0,0,0,0,1.51679,1.1278,2.6229
933,13995,14009,15,PACKAGE_SCENE,100000000,24415,24415,0,0,0,0,0,0,0,0,0,0,0,0,1.65358,1.0753,2.6434
934,14010,14024,15,PACKAGE_SCENE,100000000,24415,24415,0,0,0,0,0,0,0,0,0,0,0,0,1.56242,1.0676,2.8044
935,14025,14039,15,PACKAGE_SCENE,100000000,24415,24415,0,0,0,0,0,0,0,0,0,0,0,0,1.62973,1.0346,2.3912
936,14040,14054,15,PACKAGE_SCENE,100000000,24415,24415,0,0,0,0,0,0,0,0,0,0,0,0,1.61756,1.1112,3.183
937,14055,14069,15,PACKAGE_SCENE,100000000,24415,24415,0,0,0,0,0,0,0,0,0,0,0,0,1.62794,1.1323,2.4404
938,14070,14084,15,PACKAGE_SCENE,100000000,24415,24415,0,0,0,0,0,0,0,0,0,0,0,0,1.75115,1.2299,3.1323
939,14085,14099,15,PACKAGE_SCENE,100000000,24415,24415,0,0,0,0,0,0,0,0,0,0,0,0,1.56184,1.2427,2.7922
940,14100,14114,15,PACKAGE_SCENE,100000000,24415,24415,0,0,0,0,0,0,0,0,0,0,0,0,1.76955,1.203,2.9687
941,14115,14129,15,PACKAGE_SCENE,100000000,24415,24415,0,0,0,0,0,0,0,0,0,0,0,0,1.67494,1.1114,2.4497
942,14130,14144,15,PACKAGE_SCENE,100000000,24415,24415,0,0,0,0,0,0,0,0,0,0,0,0,1.68733,1.1736,2.7776
943,14145,14159,15,PACKAGE_SCENE,100000000,24415,24415,0,0,0,0,0,0,0,0,0,0,0,0,1.58095,1.1285,2.4715
944,14160,14174,15,PACKAGE_SCENE,100000000,24415,24415,0,0,0,0,0,0,0,0,0,0,0,0,1.69562,1.0392,2.9317
945,14175,14189,15,PACKAGE_SCENE,100000000,24415,24415,0,0,0,0,0,0,0,0,0,0,0,0,1.73105,1.1154,2.4652
946,14190,14204,15,PACKAGE_SCENE,100000000,24415,24415,0,0,0,0,0,0,0,0,0,0,0,0,1.56758,1.0583,2.392
947,14205,14219,15,PACKAGE_SCENE,100000000,24415,24415,0,0,0,0,0,0,0,0,0,0,0,0,1.53054,1.1432,2.2351
948,14220,14234,15,PACKAGE_SCENE,100000000,24415,24415,0,0,0,0,0,0,0,0,0,0,0,0,1.48681,1.1335,2.4086
949,14235,14249,15,PACKAGE_SCENE,100000000,24415,24415,0,0,0,0,0,0,0,0,0,0,0,0,1.58654,1.111,2.276
950,14250,14264,15,PACKAGE_SCENE,100000000,24415,24415,0,0,0,0,0,0,0,0,0,0,0,0,1.47976,1.0371,2.9421
951,14265,14279,15,PACKAGE_SCENE,100000000,24415,24415,0,0,0,0,0,0,0,0,0,0,0,0,1.53374,1.0893,1.8539
952,14280,14294,15,PACKAGE_SCENE,100000000,24415,24415,0,0,0,0,0,0,0,0,0,0,0,0,1.49645,1.1239,2.7096
953,14295,14309,15,PACKAGE_SCENE,100000000,24415,24415,0,0,0,0,0,0,0,0,0,0,0,0,1.61243,1.1334,3.549
954,14310,14324,15,PACKAGE_SCENE,100000000,24415,24415,0,0,0,0,0,0,0,0,0,0,0,0,1.63536,1.0422,2.8775
955,14325,14339,15,PACKAGE_SCENE,100000000,24415,24415,0,0,0,0,0,0,0,0,0,0,0,0,1.6744,1.0952,3.0812
956,14340,14354,15,PACKAGE_SCENE,100000000,24415,24415,0,0,0,0,0,0,0,0,0,0,0,0,1.49684,1.132,2.0797
957,14355,14369,15,PACKAGE_SCENE,100000000,24415,24415,0,0,0,0,0,0,0,0,0,0,0,0,1.58255,1.1479,2.5902
958,14370,14384,15,PACKAGE_SCENE,100000000,24415,24415,0,0,0,0,0,0,0,0,0,0,0,0,1.53337,1.1661,2.7183
959,14385,14399,15,PACKAGE_SCENE,100000000,24415,24415,0,0,0,0,0,0,0,0,0,0,0,0,1.59823,1.1041,2.2739
960,14400,14414,15,PACKAGE_SCENE,100000000,24415,24415,0,0,0,0,0,0,0,0,0,0,0,0,1.9507,1.4656,2.6402
961,14415,14429,15,PACKAGE_SCENE,100000000,24415,24415,0,0,0,0,0,0,0,0,0,0,0,0,1.62505,1.1239,2.4546
962,14430,14444,15,PACKAGE_SCENE,100000000,24415,24415,0,0,0,0,0,0,0,0,0,0,0,0,1.83681,1.1069,3.0873
963,14445,14459,15,PACKAGE_SCENE,100000000,24415,24415,0,0,0,0,0,0,0,0,0,0,0,0,1.67004,1.1015,2.8966
964,14460,14474,15,PACKAGE_SCENE,100000000,24415,24415,0,0,0,0,0,0,0,0,0,0,0,0,1.56291,1.0727,2.0642
965,14475,14489,15,PACKAGE_SCENE,100000000,24415,24415,0,0,0,0,0,0,0,0,0,0,0,0,1.74229,1.1403,2.4684
966,14490,14504,15,PACKAGE_SCENE,100000000,24415,24415,0,0,0,0,0,0,0,0,0,0,0,0,1.66167,1.1375,2.463
967,14505,14519,15,PACKAGE_SCENE,100000000,24415,24415,0,0,0,0,0,0,0,0,0,0,0,0,1.63459,1.0924,2.3036
968,14520,14534,15,PACKAGE_SCENE,100000000,24415,24415,0,0,0,0,0,0,0,0,0,0,0,0,1.50498,1.1003,2.5763
969,14535,14549,15,PACKAGE_SCENE,100000000,24415,24415,0,0,0,0,0,0,0,0,0,0,0,0,1.57592,1.1127,2.3089
970,14550,14564,15,PACKAGE_SCENE,100000000,24415,24415,0,0,0,0,0,0,0,0,0,0,0,0,1.49488,1.0166,2.4261
971,14565,14579,15,PACKAGE_SCENE,100000000,24415,24415,0,0,0,0,0,0,0,0,0,0,0,0,1.62119,1.0742,2.7534
972,14580,14594,15,PACKAGE_SCENE,100000000,24415,24415,0,0,0,0,0,0,0,0,0,0,0,0,1.49651,1.0444,2.1047
973,14595,14609,15,PACKAGE_SCENE,100000000,24415,24415,0,0,0,0,0,0,0,0,0,0,0,0,1.76453,1.2397,2.2947
974,14610,14624,15,PACKAGE_SCENE,100000000,24415,24415,0,0,0,0,0,0,0,0,0,0,0,0,1.81675,1.1312,2.448
975,14625,14639,15,PACKAGE_SCENE,100000000,24415,24415,0,0,0,0,0,0,0,0,0,0,0,0,1.58339,1.1532,2.3225
976,14640,14654,15,PACKAGE_SCENE,100000000,24415,24415,0,0,0,0,0,0,0,0,0,0,0,0,1.52441,1.0983,2.0465
977,14655,14669,15,PACKAGE_SCENE,100000000,24415,24415,0,0,0,0,0,0,0,0,0,0,0,0,1.584,1.1925,2.6169
978,14670,14684,15,PACKAGE_SCENE,100000000,24415,24415,0,0,0,0,0,0,0,0,0,0,0,0,1.61859,1.0816,2.3494
979,14685,14699,15,PACKAGE_SCENE,100000000,24415,24415,0,0,0,0,0,0,0,0,0,0,0,0,1.50592,1.1399,2.3446
980,14700,14714,15,PACKAGE_SCENE,100000000,24415,24415,0,0,0,0,0,0,0,0,0,0,0,0,1.68275,1.1597,2.6179
981,14715,14729,15,PACKAGE_SCENE,100000000,24415,24415,0,0,0,0,0,0,0,0,0,0,0,0,1.53998,1.0584,2.1628
982,14730,14744,15,PACKAGE_SCENE,100000000,24415,24415,0,0,0,0,0,0,0,0,0,0,0,0,1.67752,1.2126,3.1787
983,14745,14759,15,PACKAGE_SCENE,100000000,24415,24415,0,0,0,0,0,0,0,0,0,0,0,0,1.64278,1.081,2.4012
984,14760,14774,15,PACKAGE_SCENE,100000000,24415,24415,0,0,0,0,0,0,0,0,0,0,0,0,1.57707,1.1684,2.7278
985,14775,14789,15,PACKAGE_SCENE,100000000,24415,24415,0,0,0,0,0,0,0,0,0,0,0,0,1.67686,1.1349,3.1139
986,14790,14804,15,PACKAGE_SCENE,100000000,24415,24415,0,0,0,0,0,0,0,0,0,0,0,0,1.53421,1.0949,2.9672
987,14805,14819,15,PACKAGE_SCENE,100000000,24415,24415,0,0,0,0,0,0,0,0,0,0,0,0,1.64637,1.0965,2.3054
988,14820,14834,15,PACKAGE_SCENE,100000000,24415,24415,0,0,0,0,0,0,0,0,0,0,0,0,1.64959,1.1835,2.5491
989,14835,14849,15,PACKAGE_SCENE,100000000,24415,24415,0,0,0,0,0,0,0,0,0,0,0,0,1.58643,1.1721,2.4418
990,14850,14864,15,PACKAGE_SCENE,100000000,24415,24415,0,0,0,0,0,0,0,0,0,0,0,0,1.58119,1.0784,2.6814
991,14865,14879,15,PACKAGE_SCENE,100000000,24415,24415,0,0,0,0,0,0,0,0,0,0,0,0,1.52272,1.1366,2.3043
992,14880,14894,15,PACKAGE_SCENE,100000000,24415,24415,0,0,0,0,0,0,0,0,0,0,0,0,1.58767,1.0556,2.7603
993,14895,14909,15,PACKAGE_SCENE,100000000,24415,24415,0,0,0,0,0,0,0,0,0,0,0,0,1.63029,1.0848,3.0932
994,14910,14924,15,PACKAGE_SCENE,100000000,24415,24415,0,0,0,0,0,0,0,0,0,0,0,0,1.70363,1.0922,2.7188
995,14925,14939,15,PACKAGE_SCENE,100000000,24415,24415,0,0,0,0,0,0,0,0,0,0,0,0,1.52527,1.1506,2.7922
996,14940,14954,15,PACKAGE_SCENE,100000000,24415,24415,0,0,0,0,0,0,0,0,0,0,0,0,1.49008,1.0359,2.6893
997,14955,14969,15,PACKAGE_SCENE,100000000,24415,24415,0,0,0,0,0,0,0,0,0,0,0,0,1.51485,1.1843,2.771
998,14970,14984,15,PACKAGE_SCENE,100000000,24415,24415,0,0,0,0,0,0,0,0,0,0,0,0,1.60294,1.0452,3.6824
999,14985,14999,15,PACKAGE_SCENE,100000000,24415,24415,0,0,0,0,0,0,0,0,0,0,0,0,1.57215,1.0843,2.6085
1000,15000,15014,15,PACKAGE_SCENE,100000000,24415,24415,0,0,0,0,0,0,0,0,0,0,0,0,1.77483,1.1904,3.3662
1001,15015,15029,15,PACKAGE_SCENE,100000000,24415,24415,0,0,0,0,0,0,0,0,0,0,0,0,1.48133,1.204,2.4516
1002,15030,15044,15,PACKAGE_SCENE,100000000,24415,24415,0,0,0,0,0,0,0,0,0,0,0,0,1.74052,1.2648,2.7189
1003,15045,15059,15,PACKAGE_SCENE,100000000,24415,24415,0,0,0,0,0,0,0,0,0,0,0,0,1.56273,1.1773,2.7147
1004,15060,15074,15,PACKAGE_SCENE,100000000,24415,24415,0,0,0,0,0,0,0,0,0,0,0,0,1.51078,1.0759,2.4662
1005,15075,15089,15,PACKAGE_SCENE,100000000,24415,24415,0,0,0,0,0,0,0,0,0,0,0,0,1.66974,1.0835,2.3986
1006,15090,15104,15,PACKAGE_SCENE,100000000,24415,24415,0,0,0,0,0,0,0,0,0,0,0,0,1.71999,1.0833,2.5378
1007,15105,15119,15,PACKAGE_SCENE,100000000,24415,24415,0,0,0,0,0,0,0,0,0,0,0,0,1.62355,1.1873,2.3102
1008,15120,15134,15,PACKAGE_SCENE,100000000,24415,24415,0,0,0,0,0,0,0,0,0,0,0,0,1.61181,1.0883,2.6795
1009,15135,15149,15,PACKAGE_SCENE,100000000,24415,24415,0,0,0,0,0,0,0,0,0,0,0,0,1.51989,1.1474,2.2715
1010,15150,15164,15,PACKAGE_SCENE,100000000,24415,24415,0,0,0,0,0,0,0,0,0,0,0,0,1.55003,1.095,2.386
1011,15165,15179,15,PACKAGE_SCENE,100000000,24415,24415,0,0,0,0,0,0,0,0,0,0,0,0,1.4879,1.0568,2.4233
1012,15180,15194,15,PACKAGE_SCENE,100000000,24415,24415,0,0,0,0,0,0,0,0,0,0,0,0,1.52661,1.0862,2.4624
1013,15195,15209,15,PACKAGE_SCENE,100000000,24415,24415,0,0,0,0,0,0,0,0,0,0,0,0,1.48541,1.0841,2.4396
1014,15210,15224,15,PACKAGE_SCENE,100000000,24415,24415,0,0,0,0,0,0,0,0,0,0,0,0,1.58666,1.1128,2.7708
1015,15225,15239,15,PACKAGE_SCENE,100000000,24415,24415,0,0,0,0,0,0,0,0,0,0,0,0,1.54555,1.1292,2.4426
1016,15240,15254,15,PACKAGE_SCENE,100000000,24415,24415,0,0,0,0,0,0,0,0,0,0,0,0,1.69074,1.1601,3.0988
1017,15255,15269,15,PACKAGE_SCENE,100000000,24415,24415,0,0,0,0,0,0,0,0,0,0,0,0,1.62642,1.1985,2.3479
1018,15270,15284,15,PACKAGE_SCENE,100000000,24415,24415,0,0,0,0,0,0,0,0,0,0,0,0,1.5379,1.2565,2.4936
1019,15285,15299,15,PACKAGE_SCENE,100000000,24415,24415,0,0,0,0,0,0,0,0,0,0,0,0,1.49295,1.1709,2.7429
1020,15300,15314,15,PACKAGE_SCENE,100000000,24415,24415,0,0,0,0,0,0,0,0,0,0,0,0,1.6353,1.1056,2.9973
1021,15315,15329,15,PACKAGE_SCENE,100000000,24415,24415,0,0,0,0,0,0,0,0,0,0,0,0,1.53048,1.1614,2.5054
1022,15330,15344,15,PACKAGE_SCENE,100000000,24415,24415,0,0,0,0,0,0,0,0,0,0,0,0,1.61146,1.1536,3.1717
1023,15345,15359,15,PACKAGE_SCENE,100000000,24415,24415,0,0,0,0,0,0,0,0,0,0,0,0,1.71263,1.1554,2.8876
1024,15360,15374,15,PACKAGE_SCENE,100000000,24415,24415,0,0,0,0,0,0,0,0,0,0,0,0,1.51168,1.1454,2.6905
1025,15375,15389,15,PACKAGE_SCENE,100000000,24415,24415,0,0,0,0,0,0,0,0,0,0,0,0,1.72189,1.136,3.1047
1026,15390,15404,15,PACKAGE_SCENE,100000000,24415,24415,0,0,0,0,0,0,0,0,0,0,0,0,1.53917,1.2513,2.6218
1027,15405,15419,15,PACKAGE_SCENE,100000000,24415,24415,0,0,0,0,0,0,0,0,0,0,0,0,1.52129,1.0809,2.1409
1028,15420,15434,15,PACKAGE_SCENE,100000000,24415,24415,0,0,0,0,0,0,0,0,0,0,0,0,1.53799,1.1809,2.3708
1029,15435,15449,15,PACKAGE_SCENE,100000000,24415,24415,0,0,0,0,0,0,0,0,0,0,0,0,1.50538,1.0721,2.8414
1030,15450,15464,15,PACKAGE_SCENE,100000000,24415,24415,0,0,0,0,0,0,0,0,0,0,0,0,1.52959,1.1236,2.483
1031,15465,15479,15,PACKAGE_SCENE,100000000,24415,24415,0,0,0,0,0,0,0,0,0,0,0,0,1.53544,1.1091,2.395
1032,15480,15494,15,PACKAGE_SCENE,100000000,24415,24415,0,0,0,0,0,0,0,0,0,0,0,0,1.52731,1.1022,2.9108
1033,15495,15509,15,PACKAGE_SCENE,100000000,24415,24415,0,0,0,0,0,0,0,0,0,0,0,0,1.49351,1.1031,2.9884
1034,15510,15524,15,PACKAGE_SCENE,100000000,24415,24415,0,0,0,0,0,0,0,0,0,0,0,0,1.56993,1.1123,2.2829
1035,15525,15539,15,PACKAGE_SCENE,100000000,24415,24415,0,0,0,0,0,0,0,0,0,0,0,0,1.52189,1.0369,2.6196
1036,15540,15554,15,PACKAGE_SCENE,100000000,24415,24415,0,0,0,0,0,0,0,0,0,0,0,0,1.5092,1.0831,2.6143
1037,15555,15569,15,PACKAGE_SCENE,100000000,24415,24415,0,0,0,0,0,0,0,0,0,0,0,0,1.56983,1.186,2.6979
1038,15570,15584,15,PACKAGE_SCENE,100000000,24415,24415,0,0,0,0,0,0,0,0,0,0,0,0,1.47479,1.0874,2.6476
1039,15585,15599,15,PACKAGE_SCENE,100000000,24415,24415,0,0,0,0,0,0,0,0,0,0,0,0,1.50467,1.1652,2.3532
1040,15600,15614,15,PACKAGE_SCENE,100000000,24415,24415,0,0,0,0,0,0,0,0,0,0,0,0,1.61479,1.1607,2.8467
1041,15615,15629,15,PACKAGE_SCENE,100000000,24415,24415,0,0,0,0,0,0,0,0,0,0,0,0,1.66151,1.0352,2.9515
1042,15630,15644,15,PACKAGE_SCENE,100000000,24415,24415,0,0,0,0,0,0,0,0,0,0,0,0,1.57047,1.092,2.6692
1043,15645,15659,15,PACKAGE_SCENE,100000000,24415,24415,0,0,0,0,0,0,0,0,0,0,0,0,1.51857,1.0879,2.8188
1044,15660,15674,15,PACKAGE_SCENE,100000000,24415,24415,0,0,0,0,0,0,0,0,0,0,0,0,1.60367,1.1229,2.4666
1045,15675,15689,15,PACKAGE_SCENE,100000000,24415,24415,0,0,0,0,0,0,0,0,0,0,0,0,1.60349,1.1238,2.9203
1046,15690,15704,15,PACKAGE_SCENE,100000000,24415,24415,0,0,0,0,0,0,0,0,0,0,0,0,1.49608,1.1838,2.983
1047,15705,15719,15,PACKAGE_SCENE,100000000,24415,24415,0,0,0,0,0,0,0,0,0,0,0,0,1.60373,1.1902,2.7506
1048,15720,15734,15,PACKAGE_SCENE,100000000,24415,24415,0,0,0,0,0,0,0,0,0,0,0,0,1.53361,1.0502,2.4522
1049,15735,15749,15,PACKAGE_SCENE,100000000,24415,24415,0,0,0,0,0,0,0,0,0,0,0,0,1.56194,1.1907,2.192
1050,15750,15764,15,PACKAGE_SCENE,100000000,24415,24415,0,0,0,0,0,0,0,0,0,0,0,0,1.72644,1.0518,2.8641
1051,15765,15779,15,PACKAGE_SCENE,100000000,24415,24415,0,0,0,0,0,0,0,0,0,0,0,0,1.52777,1.0333,2.6001
1052,15780,15794,15,PACKAGE_SCENE,100000000,24415,24415,0,0,0,0,0,0,0,0,0,0,0,0,1.52919,1.1193,2.7227
1053,15795,15809,15,PACKAGE_SCENE,100000000,24415,24415,0,0,0,0,0,0,0,0,0,0,0,0,1.59993,1.0693,2.2775
1054,15810,15824,15,PACKAGE_SCENE,100000000,24415,24415,0,0,0,0,0,0,0,0,0,0,0,0,1.52991,1.1964,1.9588
1055,15825,15839,15,PACKAGE_SCENE,100000000,24415,24415,0,0,0,0,0,0,0,0,0,0,0,0,1.67019,1.0565,3.0003
1056,15840,15854,15,PACKAGE_SCENE,100000000,24415,24415,0,0,0,0,0,0,0,0,0,0,0,0,1.60812,1.1977,2.634
1057,15855,15869,15,PACKAGE_SCENE,100000000,24415,24415,0,0,0,0,0,0,0,0,0,0,0,0,2.36488,1.056,11.3372
1058,15870,15884,15,PACKAGE_SCENE,100000000,24415,24415,0,0,0,0,0,0,0,0,0,0,0,0,2.54519,2.2972,3.1062
1059,15885,15899,15,PACKAGE_SCENE,100000000,24415,24415,0,0,0,0,0,0,0,0,0,0,0,0,2.63219,2.2801,3.1408
1060,15900,15914,15,PACKAGE_SCENE,100000000,24415,24415,0,0,0,0,0,0,0,0,0,0,0,0,2.10346,1.3966,3.1458
1061,15915,15929,15,PACKAGE_SCENE,100000000,24415,24415,0,0,0,0,0,0,0,0,0,0,0,0,2.5696,1.305,3.2534
1062,15930,15944,15,PACKAGE_SCENE,100000000,24415,24415,0,0,0,0,0,0,0,0,0,0,0,0,1.52231,1.1664,2.6135
1063,15945,15959,15,PACKAGE_SCENE,100000000,24415,24415,0,0,0,0,0,0,0,0,0,0,0,0,1.75811,1.0239,2.9165
1064,15960,15974,15,PACKAGE_SCENE,100000000,24415,24415,0,0,0,0,0,0,0,0,0,0,0,0,1.81812,1.0745,3.1135
1065,15975,15989,15,PACKAGE_SCENE,100000000,24415,24415,0,0,0,0,0,0,0,0,0,0,0,0,1.77942,1.1973,2.645
1066,15990,16004,15,PACKAGE_SCENE,100000000,24415,24415,0,0,0,0,0,0,0,0,0,0,0,0,1.64424,1.1146,2.3348
1067,16005,16019,15,PACKAGE_SCENE,100000000,24415,24415,0,0,0,0,0,0,0,0,0,0,0,0,1.8876,1.5034,2.5662
1068,16020,16034,15,PACKAGE_SCENE,100000000,24415,24415,0,0,0,0,0,0,0,0,0,0,0,0,1.62292,1.1775,2.4698
1069,16035,16049,15,PACKAGE_SCENE,100000000,24415,24415,0,0,0,0,0,0,0,0,0,0,0,0,1.68237,1.0597,2.477
1070,16050,16064,15,PACKAGE_SCENE,100000000,24415,24415,0,0,0,0,0,0,0,0,0,0,0,0,1.53863,1.0685,2.2148
1071,16065,16079,15,PACKAGE_SCENE,100000000,24415,24415,0,0,0,0,0,0,0,0,0,0,0,0,1.57981,1.1501,2.2806
1072,16080,16094,15,PACKAGE_SCENE,100000000,24415,24415,0,0,0,0,0,0,0,0,0,0,0,0,1.89124,1.135,2.6636
1073,16095,16109,15,PACKAGE_SCENE,100000000,24415,24415,0,0,0,0,0,0,0,0,0,0,0,0,1.71972,1.1918,2.7845
1074,16110,16124,15,PACKAGE_SCENE,100000000,24415,24415,0,0,0,0,0,0,0,0,0,0,0,0,1.56249,1.0737,2.0646
1075,16125,16139,15,PACKAGE_SCENE,100000000,24415,24415,0,0,0,0,0,0,0,0,0,0,0,0,1.56962,1.139,3.2281
1076,16140,16154,15,PACKAGE_SCENE,100000000,24415,24415,0,0,0,0,0,0,0,0,0,0,0,0,1.59939,1.1421,2.8596
1077,16155,16169,15,PACKAGE_SCENE,100000000,24415,24415,0,0,0,0,0,0,0,0,0,0,0,0,1.89993,1.217,2.7542
1078,16170,16184,15,PACKAGE_SCENE,100000000,24415,24415,0,0,0,0,0,0,0,0,0,0,0,0,2.00343,1.0917,2.8401
1079,16185,16199,15,PACKAGE_SCENE,100000000,24415,24415,0,0,0,0,0,0,0,0,0,0,0,0,1.52849,1.1043,2.5234
1080,16200,16214,15,PACKAGE_SCENE,100000000,24415,24415,0,0,0,0,0,0,0,0,0,0,0,0,1.47395,1.1175,2.9442
1081,16215,16229,15,PACKAGE_SCENE,100000000,24415,24415,0,0,0,0,0,0,0,0,0,0,0,0,1.64891,1.0461,2.9917
1082,16230,16244,15,PACKAGE_SCENE,100000000,24415,24415,0,0,0,0,0,0,0,0,0,0,0,0,1.82091,1.1078,2.8213
1083,16245,16259,15,PACKAGE_SCENE,100000000,24415,24415,0,0,0,0,0,0,0,0,0,0,0,0,1.64688,1.0874,2.5274
1084,16260,16274,15,PACKAGE_SCENE,100000000,24415,24415,0,0,0,0,0,0,0,0,0,0,0,0,1.56079,1.1115,3.4399
1085,16275,16289,15,PACKAGE_SCENE,100000000,24415,24415,0,0,0,0,0,0,0,0,0,0,0,0,1.45997,1.1718,1.8816
1086,16290,16304,15,PACKAGE_SCENE,100000000,24415,24415,0,0,0,0,0,0,0,0,0,0,0,0,1.60535,1.1316,2.6896
1087,16305,16319,15,PACKAGE_SCENE,100000000,24415,24415,0,0,0,0,0,0,0,0,0,0,0,0,1.56069,1.1014,3.0976
1088,16320,16334,15,PACKAGE_SCENE,100000000,24415,24415,0,0,0,0,0,0,0,0,0,0,0,0,1.63502,1.0496,2.7194
1089,16335,16349,15,PACKAGE_SCENE,100000000,24415,24415,0,0,0,0,0,0,0,0,0,0,0,0,1.59912,1.0898,2.7022
1090,16350,16364,15,PACKAGE_SCENE,100000000,24415,24415,0,0,0,0,0,0,0,0,0,0,0,0,1.52605,1.1467,2.1473
1091,16365,16379,15,PACKAGE_SCENE,100000000,24415,24415,0,0,0,0,0,0,0,0,0,0,0,0,1.62863,1.0776,2.9138
1092,16380,16394,15,PACKAGE_SCENE,100000000,24415,24415,0,0,0,0,0,0,0,0,0,0,0,0,1.66584,1.1465,2.2444
1093,16395,16409,15,PACKAGE_SCENE,100000000,24415,24415,0,0,0,0,0,0,0,0,0,0,0,0,1.48794,1.1852,2.7659
1094,16410,16424,15,PACKAGE_SCENE,100000000,24415,24415,0,0,0,0,0,0,0,0,0,0,0,0,2.08361,1.5124,2.7193
1095,16425,16439,15,PACKAGE_SCENE,100000000,24415,24415,0,0,0,0,0,0,0,0,0,0,0,0,1.93005,1.1084,2.5665
1096,16440,16454,15,PACKAGE_SCENE,100000000,24415,24415,0,0,0,0,0,0,0,0,0,0,0,0,2.03437,1.1581,2.7282
1097,16455,16469,15,PACKAGE_SCENE,100000000,24415,24415,0,0,0,0,0,0,0,0,0,0,0,0,2.20991,1.6926,3.0768
1098,16470,16484,15,PACKAGE_SCENE,100000000,24415,24415,0,0,0,0,0,0,0,0,0,0,0,0,2.35809,1.3872,3.0985
1099,16485,16499,15,PACKAGE_SCENE,100000000,24415,24415,0,0,0,0,0,0,0,0,0,0,0,0,2.10837,1.1758,3.2086
1100,16500,16514,15,PACKAGE_SCENE,100000000,24415,24415,0,0,0,0,0,0,0,0,0,0,0,0,2.17766,1.1016,2.7828
1101,16515,16529,15,PACKAGE_SCENE,100000000,24415,24415,0,0,0,0,0,0,0,0,0,0,0,0,1.85507,1.2197,2.9549
1102,16530,16544,15,PACKAGE_SCENE,100000000,24415,24415,0,0,0,0,0,0,0,0,0,0,0,0,1.91613,1.1951,3.1681
1103,16545,16559,15,PACKAGE_SCENE,100000000,24415,24415,0,0,0,0,0,0,0,0,0,0,0,0,1.84595,1.1709,3.0723
1104,16560,16574,15,PACKAGE_SCENE,100000000,24415,24415,0,0,0,0,0,0,0,0,0,0,0,0,1.53741,1.1909,2.8095
1105,16575,16589,15,PACKAGE_SCENE,100000000,24415,24415,0,0,0,0,0,0,0,0,0,0,0,0,1.70827,1.0111,2.9644
1106,16590,16604,15,PACKAGE_SCENE,100000000,24415,24415,0,0,0,0,0,0,0,0,0,0,0,0,1.93069,1.4645,2.7773
1107,16605,16619,15,PACKAGE_SCENE,100000000,24415,24415,0,0,0,0,0,0,0,0,0,0,0,0,2.28994,1.4868,3.5668
1108,16620,16634,15,PACKAGE_SCENE,100000000,24415,24415,0,0,0,0,0,0,0,0,0,0,0,0,1.75614,1.1255,2.5851
1109,16635,16649,15,PACKAGE_SCENE,100000000,24415,24415,0,0,0,0,0,0,0,0,0,0,0,0,1.65834,1.1921,2.5178
1110,16650,16664,15,PACKAGE_SCENE,100000000,24415,24415,0,0,0,0,0,0,0,0,0,0,0,0,1.75105,1.158,2.8135
1111,16665,16679,15,PACKAGE_SCENE,100000000,24415,24415,0,0,0,0,0,0,0,0,0,0,0,0,1.94655,1.4432,2.7536
1112,16680,16694,15,PACKAGE_SCENE,100000000,24415,24415,0,0,0,0,0,0,0,0,0,0,0,0,2.05263,1.4183,2.7763
1113,16695,16709,15,PACKAGE_SCENE,100000000,24415,24415,0,0,0,0,0,0,0,0,0,0,0,0,2.09241,1.48,3.8927
1114,16710,16724,15,PACKAGE_SCENE,100000000,24415,24415,0,0,0,0,0,0,0,0,0,0,0,0,2.21603,1.8763,2.6174
1115,16725,16739,15,PACKAGE_SCENE,100000000,24415,24415,108.067,0,1621,62.4667,0,937,0,0,0,34308.2,0,514623,4.1381,1.5986,29.9962
1116,16740,16754,15,PACKAGE_SCENE,100000000,24415,24415,1621,1621,1621,937,937,937,0,0,0,696521,519798,898760,27.9312,22.2511,35.1204
1117,16755,16769,15,PACKAGE_SCENE,100000000,24415,24415,1621,1621,1621,937,937,937,0,0,0,696569,542833,870024,26.9093,22.6691,32.6268
1118,16770,16784,15,PACKAGE_SCENE,100000000,24415,24415,756.467,0,1621,437.267,0,937,0,0,0,307790,0,813195,12.5019,1.1957,32.6757
1119,16785,16799,15,PACKAGE_SCENE,100000000,24415,24415,0,0,0,0,0,0,0,0,0,0,0,0,2.17121,1.6545,3.0182
1120,16800,16814,15,PACKAGE_SCENE,100000000,24415,24415,0,0,0,0,0,0,0,0,0,0,0,0,2.09415,1.334,3.3958
1121,16815,16829,15,PACKAGE_SCENE,100000000,24415,24415,0,0,0,0,0,0,0,0,0,0,0,0,2.57941,1.4291,3.7625
1122,16830,16844,15,PACKAGE_SCENE,100000000,24415,24415,0,0,0,0,0,0,0,0,0,0,0,0,1.85816,1.1087,2.4475
1123,16845,16859,15,PACKAGE_SCENE,100000000,24415,24415,0,0,0,0,0,0,0,0,0,0,0,0,1.85145,1.0449,2.9377
1124,16860,16874,15,PACKAGE_SCENE,100000000,24415,24415,0,0,0,0,0,0,0,0,0,0,0,0,1.8463,1.2143,2.5718
1125,16875,16889,15,PACKAGE_SCENE,100000000,24415,24415,0,0,0,0,0,0,0,0,0,0,0,0,1.75183,1.1327,3.0834
1126,16890,16904,15,PACKAGE_SCENE,100000000,24415,24415,0,0,0,0,0,0,0,0,0,0,0,0,1.84391,1.2749,2.505
1127,16905,16919,15,PACKAGE_SCENE,100000000,24415,24415,0,0,0,0,0,0,0,0,0,0,0,0,1.91603,1.1184,2.9341
1128,16920,16934,15,PACKAGE_SCENE,100000000,24415,24415,0,0,0,0,0,0,0,0,0,0,0,0,1.89432,1.2334,2.6047
1129,16935,16949,15,PACKAGE_SCENE,100000000,24415,24415,0,0,0,0,0,0,0,0,0,0,0,0,1.93661,1.3906,2.523
1130,16950,16964,15,PACKAGE_SCENE,100000000,24415,24415,864.533,0,1621,499.733,0,937,0,0,0,327627,0,753142,15.9725,1.2503,36.385
1131,16965,16979,15,PACKAGE_SCENE,100000000,24415,24415,2417.53,1621,3074,1415.13,937,1772,0,0,0,1.02927e+06,529446,1609166,31.064,22.9216,35.4382
1132,16980,16994,15,PACKAGE_SCENE,100000000,24415,24415,2776.87,2423,3094,1625,1452,1779,0,0,0,1.17671e+06,881320,1564282,36.3381,26.2124,43.6659
1133,16995,17009,15,PACKAGE_SCENE,100000000,24415,24415,2423,2423,2423,1452,1452,1452,0,0,0,1.05162e+06,859255,1348545,30.1528,23.318,39.1935
1134,17010,17024,15,PACKAGE_SCENE,100000000,24415,24415,2423,2423,2423,1452,1452,1452,0,0,0,1.07083e+06,715045,1271820,33.4027,23.5159,48.8593
1135,17025,17039,15,PACKAGE_SCENE,100000000,24415,24415,2423,2423,2423,1452,1452,1452,0,0,0,1.04058e+06,845399,1338932,29.7477,23.6627,37.7526
1136,17040,17054,15,PACKAGE_SCENE,100000000,24415,24415,2423,2423,2423,1452,1452,1452,0,0,0,1.02382e+06,786315,1231049,31.3022,23.4265,44.064
1137,17055,17069,15,PACKAGE_SCENE,100000000,24415,24415,2423,2423,2423,1452,1452,1452,0,0,0,992858,752134,1400797,32.4022,23.8979,42.1926
1138,17070,17084,15,PACKAGE_SCENE,100000000,24415,24415,2423,2423,2423,1452,1452,1452,0,0,0,1.07109e+06,778999,1338310,31.3421,23.656,39.1091
1139,17085,17099,15,PACKAGE_SCENE,100000000,24415,24415,7227.67,2423,12832,2047.2,1452,2607,0.933333,0,12,1.29691e+06,868806,1747511,35.3265,23.4052,47.625
1140,17100,17114,15,PACKAGE_SCENE,100000000,24415,24415,12832,12832,12832,2607,2607,2607,0,0,0,1.62768e+06,1361060,1824746,39.7438,35.4166,47.1635
1141,17115,17129,15,PACKAGE_SCENE,100000000,24415,24415,12832,12832,12832,2607,2607,2607,0,0,0,1.60168e+06,1349000,1992624,43.1922,31.8293,50.0542
1142,17130,17144,15,PACKAGE_SCENE,100000000,24415,24415,12832,12832,12832,2607,2607,2607,0,0,0,1.52048e+06,1079472,1912597,45.3054,36.5551,74.1093
1143,17145,17159,15,PACKAGE_SCENE,100000000,24415,24415,12832,12832,12832,2607,2607,2607,0,0,0,1.58472e+06,1289927,1833290,40.8742,37.7784,50.171
1144,17160,17174,15,PACKAGE_SCENE,100000000,24415,24415,12832,12832,12832,2607,2607,2607,0,0,0,1.61676e+06,1237497,1924792,40.8057,35.7587,51.4016
1145,17175,17189,15,PACKAGE_SCENE,100000000,24415,24415,12832,12832,12832,2607,2607,2607,0,0,0,1.53812e+06,1121521,1851392,44.1312,37.4829,56.2821
1146,17190,17204,15,PACKAGE_SCENE,100000000,24415,24415,12832,12832,12832,2607,2607,2607,0,0,0,1.62747e+06,1271381,1917293,43.2537,37.3473,56.1189
1147,17205,17219,15,PACKAGE_SCENE,100000000,24415,24415,14880.5,9565,15459,2848.27,1842,2949,2.53333,0,16,1.86643e+06,812825,2345547,39.9518,27.8847,49.1982
1148,17220,17234,15,PACKAGE_SCENE,100000000,24415,24415,19539.7,14184,20622,2718.13,2084,2799,5.06667,0,30,1.70825e+06,864494,2322300,48.1816,39.8545,57.0018
1149,17235,17249,15,PACKAGE_SCENE,100000000,24415,24415,19962.7,14199,24321,3481.87,2102,4385,10.6667,0,74,2.03226e+06,654248,3319448,55.1173,36.6315,84.7818
1150,17250,17264,15,PACKAGE_SCENE,100000000,24415,24415,24321,24321,24321,4385,4385,4385,0,0,0,2.9705e+06,2657865,3422719,55.3619,47.332,63.6935
1151,17265,17279,15,PACKAGE_SCENE,100000000,24415,24415,24321,24321,24321,4385,4385,4385,0,0,0,3.14149e+06,2529648,3733217,60.2166,48.9187,65.9054
1152,17280,17294,15,PACKAGE_SCENE,100000000,24415,24415,24321,24321,24321,4385,4385,4385,0,0,0,3.13733e+06,2806078,3546686,63.1887,55.8382,79.8037
1153,17295,17309,15,PACKAGE_SCENE,100000000,24415,24415,24321,24321,24321,4385,4385,4385,0,0,0,3.06323e+06,2430364,3403885,66.0948,54.8203,76.2916
1154,17310,17324,15,PACKAGE_SCENE,100000000,24415,24415,24321,24321,24321,4385,4385,4385,0,0,0,3.0388e+06,2763428,3278299,777.385,54.8993,10780.9
1155,17325,17339,15,PACKAGE_SCENE,100000000,24415,24415,24321,24321,24321,4385,4385,4385,0,0,0,3.02132e+06,2547751,3561125,707.577,55.3142,9744.86
1156,17340,17354,15,PACKAGE_SCENE,100000000,24415,24415,24321,24321,24321,4385,4385,4385,0,0,0,3.0842e+06,2719286,3376865,65.013,48.6274,102.414
1157,17355,17369,15,PACKAGE_SCENE,100000000,24415,24415,24321,24321,24321,4385,4385,4385,0,0,0,3.05508e+06,2732885,3600865,384.357,50.5416,4886.78
1158,17370,17384,15,PACKAGE_SCENE,100000000,24415,24415,24321,24321,24321,4385,4385,4385,0,0,0,3.07078e+06,2675531,3489446,305.516,48.5749,3708.14
1159,17385,17399,15,PACKAGE_SCENE,100000000,24415,24415,24321,24321,24321,4385,4385,4385,0,0,0,3.05483e+06,2786984,3306980,290.8,49.0301,3514.9
1160,17400,17414,15,PACKAGE_SCENE,100000000,24415,24415,24321,24321,24321,4385,4385,4385,0,0,0,3.02683e+06,2703933,3536774,247.872,48.7595,2869.84
1161,17415,17429,15,PACKAGE_SCENE,100000000,24415,24415,24321,24321,24321,4385,4385,4385,0,0,0,3.06811e+06,2636625,3388673,283.669,48.2528,3414.97
1162,17430,17444,15,PACKAGE_SCENE,100000000,24415,24415,24321,24321,24321,4385,4385,4385,0,0,0,3.15368e+06,2580361,3536423,59.2332,51.0428,67.4698
1163,17445,17459,15,PACKAGE_SCENE,100000000,24415,24415,24321,24321,24321,4385,4385,4385,0,0,0,3.05289e+06,2768770,3353103,183.424,56.9623,1826.78
1164,17460,17474,15,PACKAGE_SCENE,100000000,24415,24415,24321,24321,24321,4385,4385,4385,0,0,0,3.06724e+06,2524087,3511037,199.908,54.8005,2065.36
1165,17475,17489,15,PACKAGE_SCENE,100000000,24415,24415,24321,24321,24321,4385,4385,4385,0,0,0,3.12603e+06,2668316,3652210,186.382,48.0159,1963.56
1166,17490,17504,15,PACKAGE_SCENE,100000000,24415,24415,24321,24321,24321,4385,4385,4385,0,0,0,3.06917e+06,2738920,3488845,192.052,49.6537,1999.27
1167,17505,17519,15,PACKAGE_SCENE,100000000,24415,24415,24321,24321,24321,4385,4385,4385,0,0,0,3.08817e+06,2759453,3458394,189.451,54.6816,1972.96
1168,17520,17534,15,PACKAGE_SCENE,100000000,24415,24415,24321,24321,24321,4385,4385,4385,0,0,0,3.04003e+06,2738321,3376722,60.7142,55.2916,71.2473
1169,17535,17549,15,PACKAGE_SCENE,100000000,24415,24415,24321,24321,24321,4385,4385,4385,0,0,0,3.06126e+06,2485706,3512576,208.826,47.8791,2278.96
1170,17550,17564,15,PACKAGE_SCENE,100000000,24415,24415,24321,24321,24321,4385,4385,4385,0,0,0,3.00914e+06,2703136,3243243,239.347,48.4476,2737.7
1171,17565,17579,15,PACKAGE_SCENE,100000000,24415,24415,24321,24321,24321,4385,4385,4385,0,0,0,3.10801e+06,2609857,3873816,211.259,54.5379,2279.43
1172,17580,17594,15,PACKAGE_SCENE,100000000,24415,24415,24321,24321,24321,4385,4385,4385,0,0,0,3.20979e+06,2883540,3609893,205.515,55.0365,2218.95
1173,17595,17609,15,PACKAGE_SCENE,100000000,24415,24415,24321,24321,24321,4385,4385,4385,0,0,0,3.11835e+06,2676720,3513814,238.402,54.5635,2734.26
1174,17610,17624,15,PACKAGE_SCENE,100000000,24415,24415,24321,24321,24321,4385,4385,4385,0,0,0,3.00295e+06,2629934,3322351,56.9983,48.3955,66.2283
1175,17625,17639,15,PACKAGE_SCENE,100000000,24415,24415,24321,24321,24321,4385,4385,4385,0,0,0,3.07565e+06,2781080,3530912,179.169,48.7001,1826.77
1176,17640,17654,15,PACKAGE_SCENE,100000000,24415,24415,24321,24321,24321,4385,4385,4385,0,0,0,3.02762e+06,2752951,3343391,290.315,50.6363,3490.45
1177,17655,17669,15,PACKAGE_SCENE,100000000,24415,24415,24321,24321,24321,4385,4385,4385,0,0,0,3.01047e+06,2674462,3313283,244.029,57.0558,2763.47
1178,17670,17684,15,PACKAGE_SCENE,100000000,24415,24415,24321,24321,24321,4385,4385,4385,0,0,0,3.09944e+06,2648094,3463972,213.123,54.889,2361.6
1179,17685,17699,15,PACKAGE_SCENE,100000000,24415,24415,24321,24321,24321,4385,4385,4385,0,0,0,3.03126e+06,2596015,3599794,212.503,48.1745,2360
1180,17700,17714,15,PACKAGE_SCENE,100000000,24415,24415,24321,24321,24321,4385,4385,4385,0,0,0,3.1108e+06,2628232,3504745,63.3154,50.3833,81.6434
1181,17715,17729,15,PACKAGE_SCENE,100000000,24415,24415,24321,24321,24321,4385,4385,4385,0,0,0,2.9888e+06,2650064,3469813,238.018,55.3774,2691.93
1182,17730,17744,15,PACKAGE_SCENE,100000000,24415,24415,24321,24321,24321,4385,4385,4385,0,0,0,3.02232e+06,2654656,3408636,238.098,56.9112,2632.18
1183,17745,17759,15,PACKAGE_SCENE,100000000,24415,24415,24321,24321,24321,4385,4385,4385,0,0,0,2.99709e+06,2712385,3793343,223.453,47.8449,2549.81
1184,17760,17774,15,PACKAGE_SCENE,100000000,24415,24415,24321,24321,24321,4385,4385,4385,0,0,0,3.09673e+06,2801753,3436359,232.356,55.6276,2576.67
1185,17775,17789,15,PACKAGE_SCENE,100000000,24415,24415,24321,24321,24321,4385,4385,4385,0,0,0,3.10771e+06,2650337,3675332,219.327,48.5724,2426.83
1186,17790,17804,15,PACKAGE_SCENE,100000000,24415,24415,24321,24321,24321,4385,4385,4385,0,0,0,3.09056e+06,2633270,3536619,58.7154,47.9462,68.4083
1187,17805,17819,15,PACKAGE_SCENE,100000000,24415,24415,24321,24321,24321,4385,4385,4385,0,0,0,3.07277e+06,2709792,3468651,205.516,48.0383,2250.76
1188,17820,17834,15,PACKAGE_SCENE,100000000,24415,24415,24321,24321,24321,4385,4385,4385,0,0,0,3.16759e+06,2587633,3477387,207.042,48.4964,2248.56
1189,17835,17849,15,PACKAGE_SCENE,100000000,24415,24415,24321,24321,24321,4385,4385,4385,0,0,0,3.12697e+06,2831339,3423218,218.523,49.718,2415.26
1190,17850,17864,15,PACKAGE_SCENE,100000000,24415,24415,24321,24321,24321,4385,4385,4385,0,0,0,3.08714e+06,2680356,3639593,215.463,55.1979,2380.13
1191,17865,17879,15,PACKAGE_SCENE,100000000,24415,24415,24321,24321,24321,4385,4385,4385,0,0,0,2.9904e+06,2730857,3315622,217.243,54.8633,2411.42
1192,17880,17894,15,PACKAGE_SCENE,100000000,24415,24415,24321,24321,24321,4385,4385,4385,0,0,0,3.04613e+06,2729136,3605074,63.1775,50.3088,74.9688
1193,17895,17909,15,PACKAGE_SCENE,100000000,24415,24415,24321,24321,24321,4385,4385,4385,0,0,0,3.02157e+06,2570039,3299645,223.355,48.6501,2466.35
1194,17910,17924,15,PACKAGE_SCENE,100000000,24415,24415,24321,24321,24321,4385,4385,4385,0,0,0,2.98888e+06,2636917,3430405,219.261,54.71,2429.41
1195,17925,17939,15,PACKAGE_SCENE,100000000,24415,24415,24321,24321,24321,4385,4385,4385,0,0,0,3.03534e+06,2695532,3455668,205.726,48.1297,2255.51
1196,17940,17954,15,PACKAGE_SCENE,100000000,24415,24415,24321,24321,24321,4385,4385,4385,0,0,0,3.14069e+06,2778761,3643002,178.107,55.1393,1813.46
1197,17955,17969,15,PACKAGE_SCENE,100000000,24415,24415,24321,24321,24321,4385,4385,4385,0,0,0,3.07182e+06,2629874,3274714,172.232,47.9119,1758.7
1198,17970,17984,15,PACKAGE_SCENE,100000000,24415,24415,24321,24321,24321,4385,4385,4385,0,0,0,3.03446e+06,2718705,3304874,67.5282,48.4332,178.344
1199,17985,17999,15,PACKAGE_SCENE,100000000,24415,24415,24321,24321,24321,4385,4385,4385,0,0,0,3.08947e+06,2815804,3432456,197.032,54.9984,2088.21
1200,18000,18014,15,PACKAGE_SCENE,100000000,24415,24415,24321,24321,24321,4385,4385,4385,0,0,0,3.16714e+06,2802742,3729754,818.471,55.8972,11427.8
1201,18015,18029,15,PACKAGE_SCENE,100000000,24415,24415,24321,24321,24321,4385,4385,4385,0,0,0,3.10301e+06,2579194,3587472,64.2288,47.831,87.7444
1202,18030,18044,15,PACKAGE_SCENE,100000000,24415,24415,24321,24321,24321,4385,4385,4385,0,0,0,3.04826e+06,2668929,3533621,59.6778,49.2005,72.2983
1203,18045,18059,15,PACKAGE_SCENE,100000000,24415,24415,24321,24321,24321,4385,4385,4385,0,0,0,2.97702e+06,2615412,3334608,61.8339,48.5046,72.7727
1204,18060,18074,15,PACKAGE_SCENE,100000000,24415,24415,24321,24321,24321,4385,4385,4385,0,0,0,3.08712e+06,2837492,3491182,84.7594,45.0226,251.673
1205,18075,18089,15,PACKAGE_SCENE,100000000,24415,24415,24321,24321,24321,4385,4385,4385,0,0,0,3.17036e+06,2785994,3756976,60.5645,55.3369,71.5609
1206,18090,18104,15,PACKAGE_SCENE,100000000,24415,24415,24321,24321,24321,4385,4385,4385,0,0,0,3.11692e+06,2612794,3529052,61.3173,48.1264,80.2167
1207,18105,18119,15,PACKAGE_SCENE,100000000,24415,24415,24321,24321,24321,4385,4385,4385,0,0,0,3.05118e+06,2512118,3463079,60.4453,54.0413,68.2785
1208,18120,18134,15,PACKAGE_SCENE,100000000,24415,24415,24321,24321,24321,4385,4385,4385,0,0,0,3.12578e+06,2830325,3539400,60.9806,40.0806,98.0295
1209,18135,18149,15,PACKAGE_SCENE,100000000,24415,24415,24321,24321,24321,4385,4385,4385,0,0,0,2.9887e+06,2501493,3521429,58.7471,54.9538,67.0298
1210,18150,18164,15,PACKAGE_SCENE,100000000,24415,24415,24321,24321,24321,4385,4385,4385,0,0,0,2.97491e+06,2611252,3329384,62.1107,55.0837,77.8339
1211,18165,18179,15,PACKAGE_SCENE,100000000,24415,24415,24321,24321,24321,4385,4385,4385,0,0,0,3.034e+06,2705892,3298728,64.441,48.0971,81.6077
1212,18180,18194,15,PACKAGE_SCENE,100000000,24415,24415,24321,24321,24321,4385,4385,4385,0,0,0,3.16164e+06,2703645,3538652,65.6627,47.7351,91.0157
1213,18195,18209,15,PACKAGE_SCENE,100000000,24415,24415,24321,24321,24321,4385,4385,4385,0,0,0,3.05514e+06,2712418,3561944,59.8994,54.6609,73.4389
1214,18210,18224,15,PACKAGE_SCENE,100000000,24415,24415,23804.2,18201,24333,4292.73,3265,4394,4.8,0,47,2.97159e+06,1666791,3603180,60.1583,45.2638,71.0487
1215,18225,18239,15,PACKAGE_SCENE,100000000,24415,24415,18313.4,11686,23710,2862.2,2191,3226,10.7333,0,42,1.62765e+06,878537,2063408,43.9728,33.624,63.8275
1216,18240,18254,15,PACKAGE_SCENE,100000000,24415,24415,14335.7,11586,17704,2426.47,2042,2827,3.06667,0,20,1.26543e+06,804807,1694437,39.9399,33.1631,52.1531
1217,18255,18269,15,PACKAGE_SCENE,100000000,24415,24415,19980.8,19976,19985,2785.93,2785,2787,1.13333,0,10,2.16589e+06,1627714,3072532,43.2139,37.0301,51.2656
1218,18270,18284,15,PACKAGE_SCENE,100000000,24415,24415,19976,19976,19976,2787,2787,2787,0,0,0,2.40789e+06,1638556,3438342,49.83,41.9457,65.1795
1219,18285,18299,15,PACKAGE_SCENE,100000000,24415,24415,19976,19976,19976,2787,2787,2787,0,0,0,2.56707e+06,1860902,3733870,50.2811,43.1267,72.4792
1220,18300,18314,15,PACKAGE_SCENE,100000000,24415,24415,19976,19976,19976,2787,2787,2787,0,0,0,2.26983e+06,1635214,3109546,46.5909,42.5781,52.8095
1221,18315,18329,15,PACKAGE_SCENE,100000000,24415,24415,19976,19976,19976,2787,2787,2787,0,0,0,2.47544e+06,1779992,3082793,48.9305,41.4564,75.8541
1222,18330,18344,15,PACKAGE_SCENE,100000000,24415,24415,19976,19976,19976,2787,2787,2787,0,0,0,2.18941e+06,1662949,3025759,50.4551,43.0595,60.0726
1223,18345,18359,15,PACKAGE_SCENE,100000000,24415,24415,19976,19976,19976,2787,2787,2787,0,0,0,2.16834e+06,1766995,2622277,1250.61,43.4243,17845.8
1224,18360,18374,15,PACKAGE_SCENE,100000000,24415,24415,19976,19976,19976,2787,2787,2787,0,0,0,2.33136e+06,1808770,2985007,608.468,44.3811,8391.23
1225,18375,18389,15,PACKAGE_SCENE,100000000,24415,24415,19976,19976,19976,2787,2787,2787,0,0,0,2.41261e+06,1532128,3214804,373.708,43.2024,4881.88
1226,18390,18404,15,PACKAGE_SCENE,100000000,24415,24415,19976,19976,19976,2787,2787,2787,0,0,0,2.35686e+06,1650844,2782324,334.71,43.319,4290.17
1227,18405,18419,15,PACKAGE_SCENE,100000000,24415,24415,19976,19976,19976,2787,2787,2787,0,0,0,2.03688e+06,1622470,2594174,260.871,43.2075,3206.86
1228,18420,18434,15,PACKAGE_SCENE,100000000,24415,24415,19976,19976,19976,2787,2787,2787,0,0,0,2.1741e+06,1580715,2804919,51.169,43.0539,67.1829
1229,18435,18449,15,PACKAGE_SCENE,100000000,24415,24415,19976,19976,19976,2787,2787,2787,0,0,0,2.17662e+06,1806509,2696387,219.934,42.846,2572.88
1230,18450,18464,15,PACKAGE_SCENE,100000000,24415,24415,19976,19976,19976,2787,2787,2787,0,0,0,2.42985e+06,1642375,3278985,234.066,40.3305,2831.98
1231,18465,18479,15,PACKAGE_SCENE,100000000,24415,24415,19976,19976,19976,2787,2787,2787,0,0,0,2.31556e+06,1515034,3807372,153.475,43.166,1584.55
1232,18480,18494,15,PACKAGE_SCENE,100000000,24415,24415,19976,19976,19976,2787,2787,2787,0,0,0,2.33588e+06,1622891,3311942,149.567,43.0015,1541.17
1233,18495,18509,15,PACKAGE_SCENE,100000000,24415,24415,19976,19976,19976,2787,2787,2787,0,0,0,2.23114e+06,1557754,2951884,160.671,42.9342,1713.02
1234,18510,18524,15,PACKAGE_SCENE,100000000,24415,24415,19976,19976,19976,2787,2787,2787,0,0,0,2.11928e+06,1603066,2944383,49.0166,42.2532,61.5823
1235,18525,18539,15,PACKAGE_SCENE,100000000,24415,24415,19976,19976,19976,2787,2787,2787,0,0,0,2.386e+06,1501060,3076994,154.752,41.1557,1616.32
1236,18540,18554,15,PACKAGE_SCENE,100000000,24415,24415,19976,19976,19976,2787,2787,2787,0,0,0,2.23507e+06,1623135,2811891,155.204,42.7162,1630
1237,18555,18569,15,PACKAGE_SCENE,100000000,24415,24415,19976,19976,19976,2787,2787,2787,0,0,0,2.14747e+06,1475164,3156890,256.256,43.1515,3124.37
1238,18570,18584,15,PACKAGE_SCENE,100000000,24415,24415,19976,19976,19976,2787,2787,2787,0,0,0,2.28396e+06,1797630,3039544,198.875,43.1213,2263.11
1239,18585,18599,15,PACKAGE_SCENE,100000000,24415,24415,19976,19976,19976,2787,2787,2787,0,0,0,2.17093e+06,1656599,2670689,193.735,44.4587,2089.62
1240,18600,18614,15,PACKAGE_SCENE,100000000,24415,24415,19976,19976,19976,2787,2787,2787,0,0,0,2.18954e+06,1732711,2710103,51.411,42.8516,70.7746
1241,18615,18629,15,PACKAGE_SCENE,100000000,24415,24415,19976,19976,19976,2787,2787,2787,0,0,0,2.22503e+06,1451083,3155146,168.255,44.4054,1815.08
1242,18630,18644,15,PACKAGE_SCENE,100000000,24415,24415,19976,19976,19976,2787,2787,2787,0,0,0,2.26387e+06,1984713,2735165,179.848,46.8202,1948.01
1243,18645,18659,15,PACKAGE_SCENE,100000000,24415,24415,19976,19976,19976,2787,2787,2787,0,0,0,2.09733e+06,1578435,3071219,188.974,46.1693,2035.71
1244,18660,18674,15,PACKAGE_SCENE,100000000,24415,24415,19976,19976,19976,2787,2787,2787,0,0,0,2.3992e+06,1847854,3037333,248.586,44.8138,3005.72
1245,18675,18689,15,PACKAGE_SCENE,100000000,24415,24415,19976,19976,19976,2787,2787,2787,0,0,0,2.42519e+06,1479477,3390069,230.347,42.5455,2737.52
1246,18690,18704,15,PACKAGE_SCENE,100000000,24415,24415,19976,19976,19976,2787,2787,2787,0,0,0,2.31087e+06,1699565,2896114,59.8605,44.5596,151.477
1247,18705,18719,15,PACKAGE_SCENE,100000000,24415,24415,19976,19976,19976,2787,2787,2787,0,0,0,2.09423e+06,1446740,2838602,238.194,44.4856,2827.22
1248,18720,18734,15,PACKAGE_SCENE,100000000,24415,24415,19976,19976,19976,2787,2787,2787,0,0,0,2.23632e+06,1487939,2773766,214.995,45.0661,2414.1
1249,18735,18749,15,PACKAGE_SCENE,100000000,24415,24415,19976,19976,19976,2787,2787,2787,0,0,0,2.2112e+06,1890199,2865207,224.276,46.2914,2617.29
1250,18750,18764,15,PACKAGE_SCENE,100000000,24415,24415,19976,19976,19976,2787,2787,2787,0,0,0,2.23496e+06,1543301,2877855,235.727,45.1801,2782.62
1251,18765,18779,15,PACKAGE_SCENE,100000000,24415,24415,19976,19976,19976,2787,2787,2787,0,0,0,2.04518e+06,1514054,2649914,198.341,45.2446,2235.54
1252,18780,18794,15,PACKAGE_SCENE,100000000,24415,24415,19976,19976,19976,2787,2787,2787,0,0,0,2.29887e+06,1598697,3090617,51.9249,46.5155,60.8866
1253,18795,18809,15,PACKAGE_SCENE,100000000,24415,24415,19976,19976,19976,2787,2787,2787,0,0,0,2.32508e+06,1387680,3375141,218.615,45.6156,2491.92
1254,18810,18824,15,PACKAGE_SCENE,100000000,24415,24415,19976,19976,19976,2787,2787,2787,0,0,0,2.27945e+06,1939073,2823709,214.123,36.1248,2475.77
1255,18825,18839,15,PACKAGE_SCENE,100000000,24415,24415,19976,19976,19976,2787,2787,2787,0,0,0,2.19717e+06,1942714,2657582,203.863,43.095,2327.84
1256,18840,18854,15,PACKAGE_SCENE,100000000,24415,24415,19976,19976,19976,2787,2787,2787,0,0,0,2.39777e+06,1584347,3158113,171.499,40.8867,1878.69
1257,18855,18869,15,PACKAGE_SCENE,100000000,24415,24415,19976,19976,19976,2787,2787,2787,0,0,0,2.17515e+06,1648653,2974554,223.948,43.9957,2601.07
1258,18870,18884,15,PACKAGE_SCENE,100000000,24415,24415,19976,19976,19976,2787,2787,2787,0,0,0,2.07044e+06,1520509,2514175,53.0682,43.5138,66.7562
1259,18885,18899,15,PACKAGE_SCENE,100000000,24415,24415,19976,19976,19976,2787,2787,2787,0,0,0,2.18137e+06,1650682,3078162,203.829,43.5366,2333.2
1260,18900,18914,15,PACKAGE_SCENE,100000000,24415,24415,19976,19976,19976,2787,2787,2787,0,0,0,2.30614e+06,1756139,2943098,207.96,43.4228,2400.53
1261,18915,18929,15,PACKAGE_SCENE,100000000,24415,24415,19976,19976,19976,2787,2787,2787,0,0,0,2.25728e+06,1717225,3117964,211.905,43.9525,2425.92
1262,18930,18944,15,PACKAGE_SCENE,100000000,24415,24415,19976,19976,19976,2787,2787,2787,0,0,0,2.32791e+06,1709996,2836804,199.665,43.4726,2267.06
1263,18945,18959,15,PACKAGE_SCENE,100000000,24415,24415,19976,19976,19976,2787,2787,2787,0,0,0,2.39115e+06,1853282,3183966,214.43,43.1364,2429.55
1264,18960,18974,15,PACKAGE_SCENE,100000000,24415,24415,19976,19976,19976,2787,2787,2787,0,0,0,2.18694e+06,1778125,2647975,53.4899,45.1768,72.727
1265,18975,18989,15,PACKAGE_SCENE,100000000,24415,24415,19976,19976,19976,2787,2787,2787,0,0,0,2.35903e+06,1652756,3206521,175.171,43.1375,1889.65
1266,18990,19004,15,PACKAGE_SCENE,100000000,24415,24415,19976,19976,19976,2787,2787,2787,0,0,0,2.37701e+06,1740360,3435344,152.602,45.3767,1549.45
1267,19005,19019,15,PACKAGE_SCENE,100000000,24415,24415,19976,19976,19976,2787,2787,2787,0,0,0,2.2096e+06,1612075,2866690,163.203,45.2573,1666.71
1268,19020,19034,15,PACKAGE_SCENE,100000000,24415,24415,19976,19976,19976,2787,2787,2787,0,0,0,2.05108e+06,1494162,3103059,632.796,45.9402,8717.84
1269,19035,19049,15,PACKAGE_SCENE,100000000,24415,24415,19976,19976,19976,2787,2787,2787,0,0,0,2.44658e+06,1609755,3640923,52.8644,44.814,67.6481
1270,19050,19064,15,PACKAGE_SCENE,100000000,24415,24415,19976,19976,19976,2787,2787,2787,0,0,0,2.46918e+06,1913948,3332970,52.8312,45.253,64.0922
1271,19065,19079,15,PACKAGE_SCENE,100000000,24415,24415,19976,19976,19976,2787,2787,2787,0,0,0,2.17108e+06,1698720,2713775,53.9265,45.663,68.432
1272,19080,19094,15,PACKAGE_SCENE,100000000,24415,24415,19976,19976,19976,2787,2787,2787,0,0,0,2.20075e+06,1463874,2762767,78.7161,37.6525,315.286
1273,19095,19109,15,PACKAGE_SCENE,100000000,24415,24415,19976,19976,19976,2787,2787,2787,0,0,0,2.48027e+06,1893502,3322364,52.3017,46.5799,63.3462
1274,19110,19124,15,PACKAGE_SCENE,100000000,24415,24415,19976,19976,19976,2787,2787,2787,0,0,0,2.26461e+06,1707586,2937827,51.6122,40.6383,58.2679
1275,19125,19139,15,PACKAGE_SCENE,100000000,24415,24415,19976,19976,19976,2787,2787,2787,0,0,0,2.14946e+06,1716095,2929788,52.7221,44.4711,65.7787
1276,19140,19154,15,PACKAGE_SCENE,100000000,24415,24415,19976,19976,19976,2787,2787,2787,0,0,0,2.4094e+06,1775975,3172280,51.4544,44.4713,64.4164
1277,19155,19169,15,PACKAGE_SCENE,100000000,24415,24415,19976,19976,19976,2787,2787,2787,0,0,0,2.21016e+06,1719421,2725446,54.3728,44.834,72.0828
1278,19170,19184,15,PACKAGE_SCENE,100000000,24415,24415,19976,19976,19976,2787,2787,2787,0,0,0,2.09347e+06,1682079,2610855,50.4993,44.2665,61.5262
1279,19185,19199,15,PACKAGE_SCENE,100000000,24415,24415,19976,19976,19976,2787,2787,2787,0,0,0,2.21226e+06,1731730,2832990,54.0054,40.7029,70.5997
1280,19200,19214,15,PACKAGE_SCENE,100000000,24415,24415,19976,19976,19976,2787,2787,2787,0,0,0,2.20905e+06,1534317,3271499,59.4275,44.936,104.164
1281,19215,19229,15,PACKAGE_SCENE,100000000,24415,24415,19976,19976,19976,2787,2787,2787,0,0,0,2.18961e+06,1330195,2748349,53.6536,43.0364,77.631
1282,19230,19244,15,PACKAGE_SCENE,100000000,24415,24415,19976,19976,19976,2787,2787,2787,0,0,0,2.43252e+06,1752293,3215100,50.9734,42.9356,73.8224
1283,19245,19259,15,PACKAGE_SCENE,100000000,24415,24415,19976,19976,19976,2787,2787,2787,0,0,0,2.15027e+06,1577076,3247107,50.5084,43.0525,67.5772
1284,19260,19274,15,PACKAGE_SCENE,100000000,24415,24415,19976,19976,19976,2787,2787,2787,0,0,0,2.20305e+06,1682067,3066523,48.0356,41.9524,56.1722
1285,19275,19289,15,PACKAGE_SCENE,100000000,24415,24415,16592.1,13439,19976,2601.2,1964,3254,27.1333,0,247,1.73603e+06,1087290,2535054,56.1086,38.2376,142.427
1286,19290,19304,15,PACKAGE_SCENE,100000000,24415,24415,22532,22516,22536,3614.4,3604,3617,18.9333,0,145,2.70884e+06,2308708,3161852,58.13,42.6708,110.93
1287,19305,19319,15,PACKAGE_SCENE,100000000,24415,24415,22536,22536,22536,3617,3617,3617,0,0,0,2.80936e+06,1958952,3338280,54.6351,49.2833,66.0178
1288,19320,19334,15,PACKAGE_SCENE,100000000,24415,24415,22536,22536,22536,3617,3617,3617,0,0,0,2.84695e+06,2370625,3803268,51.4231,42.9531,77.2916
1289,19335,19349,15,PACKAGE_SCENE,100000000,24415,24415,22536,22536,22536,3617,3617,3617,0,0,0,2.5983e+06,2264854,3193015,578.734,43.3915,7906.2
1290,19350,19364,15,PACKAGE_SCENE,100000000,24415,24415,22536,22536,22536,3617,3617,3617,0,0,0,2.71388e+06,2219821,3239748,417.29,43.2296,5537.79
1291,19365,19379,15,PACKAGE_SCENE,100000000,24415,24415,22536,22536,22536,3617,3617,3617,0,0,0,2.71922e+06,2277388,3325857,412.731,44.0478,5409.93
1292,19380,19394,15,PACKAGE_SCENE,100000000,24415,24415,22536,22536,22536,3617,3617,3617,0,0,0,2.8066e+06,2253349,3498973,490.548,43.6391,6610.42
1293,19395,19409,15,PACKAGE_SCENE,100000000,24415,24415,22536,22536,22536,3617,3617,3617,0,0,0,2.85395e+06,2433079,3373300,50.5357,42.9467,61.5153
1294,19410,19424,15,PACKAGE_SCENE,100000000,24415,24415,22536,22536,22536,3617,3617,3617,0,0,0,2.82863e+06,2261271,3205976,249.944,42.9724,3016.65
1295,19425,19439,15,PACKAGE_SCENE,100000000,24415,24415,22536,22536,22536,3617,3617,3617,0,0,0,2.73359e+06,2297897,3483276,224.971,42.5357,2628.34
1296,19440,19454,15,PACKAGE_SCENE,100000000,24415,24415,22536,22536,22536,3617,3617,3617,0,0,0,2.75078e+06,2334365,3150506,231.823,42.7114,2745.27
1297,19455,19469,15,PACKAGE_SCENE,100000000,24415,24415,22536,22536,22536,3617,3617,3617,0,0,0,2.81383e+06,2342147,3451192,164.326,43.2366,1746.36
1298,19470,19484,15,PACKAGE_SCENE,100000000,24415,24415,22536,22536,22536,3617,3617,3617,0,0,0,2.68977e+06,2110502,3309979,286.748,42.378,3614.82
1299,19485,19499,15,PACKAGE_SCENE,100000000,24415,24415,22536,22536,22536,3617,3617,3617,0,0,0,2.74946e+06,2325911,3309043,54.0875,42.7294,75.3846
1300,19500,19514,15,PACKAGE_SCENE,100000000,24415,24415,22536,22536,22536,3617,3617,3617,0,0,0,2.77655e+06,2355383,3211408,166.017,41.4823,1740.11
1301,19515,19529,15,PACKAGE_SCENE,100000000,24415,24415,22536,22536,22536,3617,3617,3617,0,0,0,2.77759e+06,2437144,3346099,161.748,50.5646,1659.14
1302,19530,19544,15,PACKAGE_SCENE,100000000,24415,24415,22536,22536,22536,3617,3617,3617,0,0,0,2.74972e+06,2121289,3484313,162.904,42.6567,1712.51
1303,19545,19559,15,PACKAGE_SCENE,100000000,24415,24415,22536,22536,22536,3617,3617,3617,0,0,0,2.82171e+06,2381923,3302126,156.085,42.9056,1612.5
1304,19560,19574,15,PACKAGE_SCENE,100000000,24415,24415,22536,22536,22536,3617,3617,3617,0,0,0,2.7559e+06,2412260,3702445,155.351,42.5854,1608.52
1305,19575,19589,15,PACKAGE_SCENE,100000000,24415,24415,22536,22536,22536,3617,3617,3617,0,0,0,2.65613e+06,2194714,3155168,49.2271,42.9892,58.7471
1306,19590,19604,15,PACKAGE_SCENE,100000000,24415,24415,22536,22536,22536,3617,3617,3617,0,0,0,2.80087e+06,2472063,3487990,154.452,42.5801,1621.01
1307,19605,19619,15,PACKAGE_SCENE,100000000,24415,24415,22536,22536,22536,3617,3617,3617,0,0,0,2.74986e+06,2225241,3779287,155.377,43.0033,1622.48
1308,19620,19634,15,PACKAGE_SCENE,100000000,24415,24415,22536,22536,22536,3617,3617,3617,0,0,0,2.64782e+06,2401215,3052633,150.472,43.0747,1554.53
1309,19635,19649,15,PACKAGE_SCENE,100000000,24415,24415,22536,22536,22536,3617,3617,3617,0,0,0,2.77433e+06,2192498,3476390,161.403,42.5608,1691.24
1310,19650,19664,15,PACKAGE_SCENE,100000000,24415,24415,22536,22536,22536,3617,3617,3617,0,0,0,2.73145e+06,2171025,3464455,242.385,42.8771,2911.02
1311,19665,19679,15,PACKAGE_SCENE,100000000,24415,24415,22536,22536,22536,3617,3617,3617,0,0,0,2.49953e+06,2224390,2964976,52.3831,44.6496,62.3267
1312,19680,19694,15,PACKAGE_SCENE,100000000,24415,24415,22536,22536,22536,3617,3617,3617,0,0,0,2.71073e+06,2217282,3200477,196.809,42.5064,2214.96
1313,19695,19709,15,PACKAGE_SCENE,100000000,24415,24415,22536,22536,22536,3617,3617,3617,0,0,0,2.71785e+06,2247136,3166486,192.622,41.499,2132.64
1314,19710,19724,15,PACKAGE_SCENE,100000000,24415,24415,22536,22536,22536,3617,3617,3617,0,0,0,2.75358e+06,2358476,3199625,178.793,42.518,1961.46
1315,19725,19739,15,PACKAGE_SCENE,100000000,24415,24415,22536,22536,22536,3617,3617,3617,0,0,0,2.84688e+06,2191199,3267627,189.286,42.614,2082.07
1316,19740,19754,15,PACKAGE_SCENE,100000000,24415,24415,22536,22536,22536,3617,3617,3617,0,0,0,2.82296e+06,2067703,3415759,190.813,43.1954,2088.8
1317,19755,19769,15,PACKAGE_SCENE,100000000,24415,24415,22536,22536,22536,3617,3617,3617,0,0,0,2.86459e+06,2133431,3460145,49.6393,42.8446,56.6469
1318,19770,19784,15,PACKAGE_SCENE,100000000,24415,24415,22536,22536,22536,3617,3617,3617,0,0,0,2.79201e+06,1971110,3354068,184.704,42.8969,2022.69
1319,19785,19799,15,PACKAGE_SCENE,100000000,24415,24415,22536,22536,22536,3617,3617,3617,0,0,0,2.72631e+06,2229829,3291240,185.008,42.469,2070.88
1320,19800,19814,15,PACKAGE_SCENE,100000000,24415,24415,22536,22536,22536,3617,3617,3617,0,0,0,2.63349e+06,2160221,3328033,180.565,43.4748,1958.88
1321,19815,19829,15,PACKAGE_SCENE,100000000,24415,24415,22536,22536,22536,3617,3617,3617,0,0,0,2.7404e+06,2282839,3240410,185.91,42.829,2055.05
1322,19830,19844,15,PACKAGE_SCENE,100000000,24415,24415,22536,22536,22536,3617,3617,3617,0,0,0,2.70954e+06,2200784,3482303,178.792,41.1307,1981.42
1323,19845,19859,15,PACKAGE_SCENE,100000000,24415,24415,22536,22536,22536,3617,3617,3617,0,0,0,2.66576e+06,2185753,3248891,50.9793,42.8059,57.187
1324,19860,19874,15,PACKAGE_SCENE,100000000,24415,24415,22536,22536,22536,3617,3617,3617,0,0,0,2.72841e+06,2279704,3343113,180.006,42.7402,2013.56
1325,19875,19889,15,PACKAGE_SCENE,100000000,24415,24415,22536,22536,22536,3617,3617,3617,0,0,0,2.76396e+06,2397925,3352828,184.527,49.4853,2014.93
1326,19890,19904,15,PACKAGE_SCENE,100000000,24415,24415,22536,22536,22536,3617,3617,3617,0,0,0,2.84735e+06,2185221,3531839,189.536,42.8572,2117.19
1327,19905,19919,15,PACKAGE_SCENE,100000000,24415,24415,22536,22536,22536,3617,3617,3617,0,0,0,2.68845e+06,2289341,3047796,190.152,42.4849,2116.33
1328,19920,19934,15,PACKAGE_SCENE,100000000,24415,24415,22536,22536,22536,3617,3617,3617,0,0,0,2.556e+06,2073626,3121884,210.637,42.7788,2411.36
1329,19935,19949,15,PACKAGE_SCENE,100000000,24415,24415,22536,22536,22536,3617,3617,3617,0,0,0,2.77099e+06,2484781,3319820,49.4627,42.778,58.9357
1330,19950,19964,15,PACKAGE_SCENE,100000000,24415,24415,22536,22536,22536,3617,3617,3617,0,0,0,2.697e+06,2202851,3056308,188.235,42.6375,2085.75
1331,19965,19979,15,PACKAGE_SCENE,100000000,24415,24415,22536,22536,22536,3617,3617,3617,0,0,0,2.69981e+06,2095676,3226310,176.981,43.4497,1841.17
1332,19980,19994,15,PACKAGE_SCENE,100000000,24415,24415,22536,22536,22536,3617,3617,3617,0,0,0,2.84339e+06,2314174,3485880,156.308,42.4926,1604.16
1333,19995,20009,15,PACKAGE_SCENE,100000000,24415,24415,22536,22536,22536,3617,3617,3617,0,0,0,2.61613e+06,2065418,3200298,147.484,48.9971,1457.04
1334,20010,20024,15,PACKAGE_SCENE,100000000,24415,24415,22536,22536,22536,3617,3617,3617,0,0,0,2.76288e+06,2316385,3295277,429.182,43.1333,5688.15
1335,20025,20039,15,PACKAGE_SCENE,100000000,24415,24415,22536,22536,22536,3617,3617,3617,0,0,0,2.81375e+06,2176474,3848431,52.1669,42.7742,61.5377
1336,20040,20054,15,PACKAGE_SCENE,100000000,24415,24415,22536,22536,22536,3617,3617,3617,0,0,0,2.68929e+06,2246234,2868722,49.1744,42.5009,59.047
1337,20055,20069,15,PACKAGE_SCENE,100000000,24415,24415,22536,22536,22536,3617,3617,3617,0,0,0,2.82877e+06,2421128,3424316,52.3845,43.2538,61.0849
1338,20070,20084,15,PACKAGE_SCENE,100000000,24415,24415,22536,22536,22536,3617,3617,3617,0,0,0,2.74087e+06,2291573,3288932,54.8014,44.2937,66.2858
1339,20085,20099,15,PACKAGE_SCENE,100000000,24415,24415,22536,22536,22536,3617,3617,3617,0,0,0,2.71825e+06,2274922,4063373,71.9352,36.2657,169.812
1340,20100,20114,15,PACKAGE_SCENE,100000000,24415,24415,22536,22536,22536,3617,3617,3617,0,0,0,2.81117e+06,2267048,3561245,52.1171,42.7211,62.9915
1341,20115,20129,15,PACKAGE_SCENE,100000000,24415,24415,22536,22536,22536,3617,3617,3617,0,0,0,2.61542e+06,2216389,2870477,51.0133,43.7948,61.1588
1342,20130,20144,15,PACKAGE_SCENE,100000000,24415,24415,22536,22536,22536,3617,3617,3617,0,0,0,2.74526e+06,2258975,3102754,54.662,44.7043,63.3966
1343,20145,20159,15,PACKAGE_SCENE,100000000,24415,24415,22536,22536,22536,3617,3617,3617,0,0,0,2.66178e+06,2237141,3239198,53.9329,44.0796,78.7931
1344,20160,20174,15,PACKAGE_SCENE,100000000,24415,24415,22536,22536,22536,3617,3617,3617,0,0,0,2.85454e+06,2173174,3525848,51.0185,43.7525,58.5051
1345,20175,20189,15,PACKAGE_SCENE,100000000,24415,24415,22536,22536,22536,3617,3617,3617,0,0,0,2.71648e+06,2394524,3012891,52.254,43.6648,60.6596
1346,20190,20204,15,PACKAGE_SCENE,100000000,24415,24415,22536,22536,22536,3617,3617,3617,0,0,0,2.74889e+06,2239509,3035531,51.7986,45.0073,61.2649
1347,20205,20219,15,PACKAGE_SCENE,100000000,24415,24415,22536,22536,22536,3617,3617,3617,0,0,0,2.72743e+06,2365651,3155150,52.4236,44.973,59.3016
1348,20220,20234,15,PACKAGE_SCENE,100000000,24415,24415,22536,22536,22536,3617,3617,3617,0,0,0,2.69268e+06,2089810,3328568,53.9529,44.1762,63.2833
1349,20235,20249,15,PACKAGE_SCENE,100000000,24415,24415,22536,22536,22536,3617,3617,3617,0,0,0,2.782e+06,2359569,3209398,51.8262,43.6619,77.4165
1350,20250,20264,15,PACKAGE_SCENE,100000000,24415,24415,22536,22536,22536,3617,3617,3617,0,0,0,2.68832e+06,2204795,3079241,52.9974,43.949,63.3565
1351,20265,20279,15,PACKAGE_SCENE,100000000,24415,24415,22536,22536,22536,3617,3617,3617,0,0,0,2.75882e+06,2189237,3139940,50.284,43.6542,55.1223
1352,20280,20294,15,PACKAGE_SCENE,100000000,24415,24415,22536,22536,22536,3617,3617,3617,0,0,0,2.72571e+06,2265906,3184419,51.7483,43.911,69.5601
1353,20295,20309,15,PACKAGE_SCENE,100000000,24415,24415,22536,22536,22536,3617,3617,3617,0,0,0,2.83425e+06,2334910,3640476,49.8988,44.1047,55.3071
1354,20310,20324,15,PACKAGE_SCENE,100000000,24415,24415,22536,22536,22536,3617,3617,3617,0,0,0,2.79218e+06,2199909,3361040,58.0233,45.6001,75.586
1355,20325,20339,15,PACKAGE_SCENE,100000000,24415,24415,22536,22536,22536,3617,3617,3617,0,0,0,2.69287e+06,2228663,3285202,53.4001,38.7266,63.6744
1356,20340,20354,15,PACKAGE_SCENE,100000000,24415,24415,22536,22536,22536,3617,3617,3617,0,0,0,2.70156e+06,2190787,3240109,54.0328,43.2961,76.2084
1357,20355,20369,15,PACKAGE_SCENE,100000000,24415,24415,22536,22536,22536,3617,3617,3617,0,0,0,2.71752e+06,2295629,3163988,54.4062,43.4006,69.874
1358,20370,20384,15,PACKAGE_SCENE,100000000,24415,24415,18681.9,14122,22536,3133.87,2155,3617,18.9333,0,93,2.08064e+06,1027001,2611245,56.8229,35.731,92.1475
1359,20385,20399,15,PACKAGE_SCENE,100000000,24415,24415,19779.9,14297,23636,2836.27,2029,3346,9.13333,0,40,1.73375e+06,1109036,2437514,43.5978,30.4554,55.366
1360,20400,20414,15,PACKAGE_SCENE,100000000,24415,24415,24129.8,22128,24415,4043.73,3631,4173,1,0,15,2.19784e+06,1483929,2490739,59.0735,47.6615,72.3299
1361,20415,20429,15,PACKAGE_SCENE,100000000,24415,24415,24415,24415,24415,4175,4175,4175,0,0,0,2.45587e+06,2272836,2598182,61.2439,51.0489,80.2914
1362,20430,20444,15,PACKAGE_SCENE,100000000,24415,24415,24415,24415,24415,4175,4175,4175,0,0,0,2.43206e+06,2240422,2718632,60.2047,49.6199,74.8871
1363,20445,20459,15,PACKAGE_SCENE,100000000,24415,24415,24415,24415,24415,4175,4175,4175,0,0,0,2.48985e+06,2139922,2735205,63.9024,49.9114,91.1691
1364,20460,20474,15,PACKAGE_SCENE,100000000,24415,24415,24415,24415,24415,4175,4175,4175,0,0,0,2.46007e+06,2238063,2613414,677.797,50.0956,9274.14
1365,20475,20489,15,PACKAGE_SCENE,100000000,24415,24415,24415,24415,24415,4175,4175,4175,0,0,0,2.52469e+06,2238285,2758402,633.843,48.3679,8641.33
1366,20490,20504,15,PACKAGE_SCENE,100000000,24415,24415,24415,24415,24415,4175,4175,4175,0,0,0,2.544e+06,2165463,2789847,390.308,55.2945,4908.71
1367,20505,20519,15,PACKAGE_SCENE,100000000,24415,24415,24415,24415,24415,4175,4175,4175,0,0,0,2.49706e+06,2295253,2757033,59.6254,55.3747,66.6054
1368,20520,20534,15,PACKAGE_SCENE,100000000,24415,24415,24415,24415,24415,4175,4175,4175,0,0,0,2.4797e+06,2205760,2738500,452.332,48.3713,5952.34
1369,20535,20549,15,PACKAGE_SCENE,100000000,24415,24415,24415,24415,24415,4175,4175,4175,0,0,0,2.51239e+06,2282480,2844007,279.706,48.7993,3388.16
1370,20550,20564,15,PACKAGE_SCENE,100000000,24415,24415,24415,24415,24415,4175,4175,4175,0,0,0,2.42984e+06,2163054,2729391,248.12,48.9493,2839.68
1371,20565,20579,15,PACKAGE_SCENE,100000000,24415,24415,24415,24415,24415,4175,4175,4175,0,0,0,2.42582e+06,2059597,2656143,363.941,54.9919,4462.28
1372,20580,20594,15,PACKAGE_SCENE,100000000,24415,24415,24415,24415,24415,4175,4175,4175,0,0,0,2.53238e+06,2334925,2961689,297.845,48.7299,3592.94
1373,20595,20609,15,PACKAGE_SCENE,100000000,24415,24415,24415,24415,24415,4175,4175,4175,0,0,0,2.48074e+06,2216405,2811321,60.2662,48.5102,87.8881
1374,20610,20624,15,PACKAGE_SCENE,100000000,24415,24415,24415,24415,24415,4175,4175,4175,0,0,0,2.55003e+06,2329578,2774421,279.683,48.5359,3343.01
1375,20625,20639,15,PACKAGE_SCENE,100000000,24415,24415,24415,24415,24415,4175,4175,4175,0,0,0,2.46539e+06,2174617,2641307,209.646,47.6584,2238.81
1376,20640,20654,15,PACKAGE_SCENE,100000000,24415,24415,24415,24415,24415,4175,4175,4175,0,0,0,2.47187e+06,2347478,2657094,217.995,50.7283,2402.96
1377,20655,20669,15,PACKAGE_SCENE,100000000,24415,24415,24415,24415,24415,4175,4175,4175,0,0,0,2.50962e+06,2278867,2789210,197.83,48.8505,2031.69
1378,20670,20684,15,PACKAGE_SCENE,100000000,24415,24415,24415,24415,24415,4175,4175,4175,0,0,0,2.53165e+06,2259885,2845572,202.292,48.8817,2187.92
1379,20685,20699,15,PACKAGE_SCENE,100000000,24415,24415,24415,24415,24415,4175,4175,4175,0,0,0,2.46829e+06,2226907,2663515,73.2297,55.5323,104.442
1380,20700,20714,15,PACKAGE_SCENE,100000000,24415,24415,24415,24415,24415,4175,4175,4175,0,0,0,2.54863e+06,2289597,2768818,316.959,51.8538,3863.53
1381,20715,20729,15,PACKAGE_SCENE,100000000,24415,24415,24415,24415,24415,4175,4175,4175,0,0,0,2.50293e+06,2244298,2766954,200.812,51.6441,2178.71
1382,20730,20744,15,PACKAGE_SCENE,100000000,24415,24415,24415,24415,24415,4175,4175,4175,0,0,0,2.45844e+06,2196198,2663543,244.737,56.9257,2584.13
1383,20745,20759,15,PACKAGE_SCENE,100000000,24415,24415,24415,24415,24415,4175,4175,4175,0,0,0,2.49622e+06,2266117,2862731,222.439,55.8515,2404.74
1384,20760,20774,15,PACKAGE_SCENE,100000000,24415,24415,24415,24415,24415,4175,4175,4175,0,0,0,2.54887e+06,2332492,2862880,197.133,57.2308,2079.61
1385,20775,20789,15,PACKAGE_SCENE,100000000,24415,24415,24415,24415,24415,4175,4175,4175,0,0,0,2.49664e+06,2143693,2753294,64.9183,54.2782,75.3952
1386,20790,20804,15,PACKAGE_SCENE,100000000,24415,24415,24415,24415,24415,4175,4175,4175,0,0,0,2.4949e+06,2238740,2683277,383.366,54.2068,4800.51
1387,20805,20819,15,PACKAGE_SCENE,100000000,24415,24415,24415,24415,24415,4175,4175,4175,0,0,0,2.46321e+06,2242073,2748639,254.488,51.9543,2925.38
1388,20820,20834,15,PACKAGE_SCENE,100000000,24415,24415,24415,24415,24415,4175,4175,4175,0,0,0,2.41071e+06,2212508,2629817,247.019,56.3123,2765.38
1389,20835,20849,15,PACKAGE_SCENE,100000000,24415,24415,24415,24415,24415,4175,4175,4175,0,0,0,2.46723e+06,2209115,2692112,253.729,54.6694,2893.6
1390,20850,20864,15,PACKAGE_SCENE,100000000,24415,24415,24415,24415,24415,4175,4175,4175,0,0,0,2.44427e+06,2084017,2615857,230.934,51.7428,2561.84
1391,20865,20879,15,PACKAGE_SCENE,100000000,24415,24415,24415,24415,24415,4175,4175,4175,0,0,0,2.54516e+06,2326218,2799854,65.8721,59.6278,81.0129
1392,20880,20894,15,PACKAGE_SCENE,100000000,24415,24415,24415,24415,24415,4175,4175,4175,0,0,0,2.52212e+06,2168732,3038176,254.729,61.0873,2852.54
1393,20895,20909,15,PACKAGE_SCENE,100000000,24415,24415,24415,24415,24415,4175,4175,4175,0,0,0,2.44728e+06,2117770,2728486,244.764,54.6211,2773.81
1394,20910,20924,15,PACKAGE_SCENE,100000000,24415,24415,24415,24415,24415,4175,4175,4175,0,0,0,2.41655e+06,2165727,2758736,242.362,55.7928,2710.44
1395,20925,20939,15,PACKAGE_SCENE,100000000,24415,24415,24415,24415,24415,4175,4175,4175,0,0,0,2.41878e+06,2229092,2693379,262.582,52.3719,3012.52
1396,20940,20954,15,PACKAGE_SCENE,100000000,24415,24415,24415,24415,24415,4175,4175,4175,0,0,0,2.43958e+06,2060575,2702543,229.983,52.7917,2560.55
1397,20955,20969,15,PACKAGE_SCENE,100000000,24415,24415,24415,24415,24415,4175,4175,4175,0,0,0,2.53146e+06,2089060,2834475,63.9269,50.2793,80.0318
1398,20970,20984,15,PACKAGE_SCENE,100000000,24415,24415,24415,24415,24415,4175,4175,4175,0,0,0,2.49516e+06,2249659,2732730,248.184,50.5931,2836.93
1399,20985,20999,15,PACKAGE_SCENE,100000000,24415,24415,24415,24415,24415,4175,4175,4175,0,0,0,2.4926e+06,2357349,2689215,247.951,57.8541,2832.75
1400,21000,21014,15,PACKAGE_SCENE,100000000,24415,24415,24415,24415,24415,4175,4175,4175,0,0,0,2.53994e+06,2143921,2800672,224.543,52.6187,2465.67
1401,21015,21029,15,PACKAGE_SCENE,100000000,24415,24415,24415,24415,24415,4175,4175,4175,0,0,0,2.46064e+06,2167592,2841545,256.744,55.6864,2874.33
1402,21030,21044,15,PACKAGE_SCENE,100000000,24415,24415,24415,24415,24415,4175,4175,4175,0,0,0,2.4457e+06,2262312,2736211,246.429,53.8111,2757.4
1403,21045,21059,15,PACKAGE_SCENE,100000000,24415,24415,24415,24415,24415,4175,4175,4175,0,0,0,2.49385e+06,2290156,2609914,63.7993,50.7495,77.7786
1404,21060,21074,15,PACKAGE_SCENE,100000000,24415,24415,24415,24415,24415,4175,4175,4175,0,0,0,2.49422e+06,2267926,2817007,253.662,52.2429,2848.17
1405,21075,21089,15,PACKAGE_SCENE,100000000,24415,24415,24415,24415,24415,4175,4175,4175,0,0,0,2.47663e+06,2209283,2808806,251.128,50.69,2878.21
1406,21090,21104,15,PACKAGE_SCENE,100000000,24415,24415,24415,24415,24415,4175,4175,4175,0,0,0,2.48115e+06,2229871,2840658,191.277,50.5426,1979.93
1407,21105,21119,15,PACKAGE_SCENE,100000000,24415,24415,24415,24415,24415,4175,4175,4175,0,0,0,2.46557e+06,2204518,2836384,189.566,51.4381,1930.78
1408,21120,21134,15,PACKAGE_SCENE,100000000,24415,24415,24415,24415,24415,4175,4175,4175,0,0,0,2.47929e+06,2145485,2780943,201.666,51.7773,2087.93
1409,21135,21149,15,PACKAGE_SCENE,100000000,24415,24415,24415,24415,24415,4175,4175,4175,0,0,0,2.53546e+06,2245664,2884915,66.1081,50.2634,79.7972
1410,21150,21164,15,PACKAGE_SCENE,100000000,24415,24415,24415,24415,24415,4175,4175,4175,0,0,0,2.58131e+06,2301887,2979301,861.363,57.8616,12024.4
1411,21165,21179,15,PACKAGE_SCENE,100000000,24415,24415,24415,24415,24415,4175,4175,4175,0,0,0,2.46758e+06,2279737,2694768,61.8924,52.213,74.9011
1412,21180,21194,15,PACKAGE_SCENE,100000000,24415,24415,24415,24415,24415,4175,4175,4175,0,0,0,2.44191e+06,2088069,2922684,64.0223,50.7782,69.4524
1413,21195,21209,15,PACKAGE_SCENE,100000000,24415,24415,24415,24415,24415,4175,4175,4175,0,0,0,2.49039e+06,2206875,2802581,67.3659,60.7759,82.3822
1414,21210,21224,15,PACKAGE_SCENE,100000000,24415,24415,24415,24415,24415,4175,4175,4175,0,0,0,2.46246e+06,2255277,2677036,63.6739,52.0716,74.2341
1415,21225,21239,15,PACKAGE_SCENE,100000000,24415,24415,24415,24415,24415,4175,4175,4175,0,0,0,2.48744e+06,2197372,2654969,67.6896,53.2626,80.8202
1416,21240,21254,15,PACKAGE_SCENE,100000000,24415,24415,24415,24415,24415,4175,4175,4175,0,0,0,2.48555e+06,2351316,2736647,67.6023,57.1753,79.0084
1417,21255,21269,15,PACKAGE_SCENE,100000000,24415,24415,24415,24415,24415,4175,4175,4175,0,0,0,2.48555e+06,2270035,2781408,62.7022,50.0323,74.179
1418,21270,21284,15,PACKAGE_SCENE,100000000,24415,24415,24415,24415,24415,4175,4175,4175,0,0,0,2.55926e+06,2348255,2977352,63.3077,59.3869,74.5963
1419,21285,21299,15,PACKAGE_SCENE,100000000,24415,24415,24415,24415,24415,4175,4175,4175,0,0,0,2.50899e+06,2324396,2709772,65.2912,58.8127,85.3924
1420,21300,21314,15,PACKAGE_SCENE,100000000,24415,24415,24415,24415,24415,4175,4175,4175,0,0,0,2.53339e+06,2153068,2796668,63.7579,51.5518,87.5391
1421,21315,21329,15,PACKAGE_SCENE,100000000,24415,24415,24415,24415,24415,4175,4175,4175,0,0,0,2.43516e+06,2245913,2588566,61.822,51.7493,76.5614
1422,21330,21344,15,PACKAGE_SCENE,100000000,24415,24415,24415,24415,24415,4175,4175,4175,0,0,0,2.51796e+06,2250440,3102304,61.8048,50.0221,76.1832
1423,21345,21359,15,PACKAGE_SCENE,100000000,24415,24415,24415,24415,24415,4175,4175,4175,0,0,0,2.4897e+06,2203963,2682039,64.0448,52.1043,75.3564
1424,21360,21374,15,PACKAGE_SCENE,100000000,24415,24415,24415,24415,24415,4175,4175,4175,0,0,0,2.51927e+06,2188531,2777093,66.8757,51.3655,76.504
1425,21375,21389,15,PACKAGE_SCENE,100000000,24415,24415,24415,24415,24415,4175,4175,4175,0,0,0,2.53348e+06,2285476,2774875,64.6116,55.0835,78.0522
1426,21390,21404,15,PACKAGE_SCENE,100000000,24415,24415,24415,24415,24415,4175,4175,4175,0,0,0,2.54087e+06,2266824,2831560,67.5929,59.0236,78.5641
1427,21405,21419,15,PACKAGE_SCENE,100000000,24415,24415,24415,24415,24415,4175,4175,4175,0,0,0,2.49376e+06,2158485,2808470,65.8775,54.5969,76.116
1428,21420,21434,15,PACKAGE_SCENE,100000000,24415,24415,24415,24415,24415,4175,4175,4175,0,0,0,2.47747e+06,2183290,2903660,77.0449,55.8205,254.827
1429,21435,21449,15,PACKAGE_SCENE,100000000,24415,24415,24415,24415,24415,4175,4175,4175,0,0,0,2.46101e+06,2210357,2708887,60.9095,50.5167,71.5288
1430,21450,21464,15,PACKAGE_SCENE,100000000,24415,24415,24415,24415,24415,4175,4175,4175,0,0,0,2.47098e+06,2260482,2781557,62.4041,49.7017,76.5299
1431,21465,21479,15,PACKAGE_SCENE,100000000,24415,24415,24415,24415,24415,4175,4175,4175,0,0,0,2.50035e+06,2202126,2786189,58.7395,49.9544,66.7014
1432,21480,21494,15,PACKAGE_SCENE,100000000,24415,24415,24415,24415,24415,4175,4175,4175,0,0,0,2.48672e+06,2230947,2742709,65.3865,58.263,78.6465
1433,21495,21509,15,PACKAGE_SCENE,100000000,24415,24415,24415,24415,24415,4175,4175,4175,0,0,0,2.52774e+06,2364722,2784427,59.7582,51.6491,65.5853
1434,21510,21524,15,PACKAGE_SCENE,100000000,24415,24415,24415,24415,24415,4175,4175,4175,0,0,0,2.54571e+06,2204066,2819419,62.2798,52.6956,79.4331
1435,21525,21539,15,PACKAGE_SCENE,100000000,24415,24415,24415,24415,24415,4175,4175,4175,0,0,0,2.49071e+06,2208492,2777852,65.8877,52.9357,85.7045
1436,21540,21554,15,PACKAGE_SCENE,100000000,24415,24415,24415,24415,24415,4175,4175,4175,0,0,0,2.44515e+06,2115614,2716213,66.441,54.4348,84.1685
1437,21555,21569,15,PACKAGE_SCENE,100000000,24415,24415,24415,24415,24415,4175,4175,4175,0,0,0,2.49578e+06,2167209,2769675,70.6435,55.6588,83.7497
1438,21570,21584,15,PACKAGE_SCENE,100000000,24415,24415,24415,24415,24415,4175,4175,4175,0,0,0,2.42034e+06,2055964,2804758,64.2086,59.0023,72.7111
1439,21585,21599,15,PACKAGE_SCENE,100000000,24415,24415,24415,24415,24415,4175,4175,4175,0,0,0,2.51526e+06,2219504,2822747,61.9372,50.1332,79.5978
1440,21600,21614,15,PACKAGE_SCENE,100000000,24415,24415,24415,24415,24415,4175,4175,4175,0,0,0,2.49632e+06,2319163,2910474,64.3079,55.0351,75.2632
1441,21615,21629,15,PACKAGE_SCENE,100000000,24415,24415,24415,24415,24415,4175,4175,4175,0,0,0,2.53171e+06,2389952,2782514,63.1943,52.8055,79.117
1442,21630,21644,15,PACKAGE_SCENE,100000000,24415,24415,24415,24415,24415,4175,4175,4175,0,0,0,2.4877e+06,2077842,2827930,62.697,49.9347,70.7971
1443,21645,21659,15,PACKAGE_SCENE,100000000,24415,24415,24415,24415,24415,4175,4175,4175,0,0,0,2.55277e+06,2313574,2799774,63.7211,53.0715,77.6305
1444,21660,21674,15,PACKAGE_SCENE,100000000,24415,24415,24415,24415,24415,4175,4175,4175,0,0,0,2.5078e+06,2239276,2779551,69.2091,58.1918,80.381
1445,21675,21689,15,PACKAGE_SCENE,100000000,24415,24415,24415,24415,24415,4175,4175,4175,0,0,0,2.52004e+06,2329871,2764428,64.4518,52.1417,75.6425
1446,21690,21704,15,PACKAGE_SCENE,100000000,24415,24415,24415,24415,24415,4175,4175,4175,0,0,0,2.46698e+06,2224555,2702014,63.4262,51.9024,76.9755
1447,21705,21719,15,PACKAGE_SCENE,100000000,24415,24415,24415,24415,24415,4175,4175,4175,0,0,0,2.51027e+06,2317720,2694830,63.7276,51.4723,85.1733
1448,21720,21734,15,PACKAGE_SCENE,100000000,24415,24415,24415,24415,24415,4175,4175,4175,0,0,0,2.44903e+06,2182890,2721009,62.3252,52.9499,72.2902
1449,21735,21749,15,PACKAGE_SCENE,100000000,24415,24415,24415,24415,24415,4175,4175,4175,0,0,0,2.52294e+06,2276168,2891949,64.7491,57.0826,82.3214
1450,21750,21764,15,PACKAGE_SCENE,100000000,24415,24415,24415,24415,24415,4175,4175,4175,0,0,0,2.51682e+06,2215851,2760732,64.3811,52.0007,76.5714
1451,21765,21779,15,PACKAGE_SCENE,100000000,24415,24415,24415,24415,24415,4175,4175,4175,0,0,0,2.48148e+06,2126534,3069416,67.778,58.2738,87.245
1452,21780,21794,15,PACKAGE_SCENE,100000000,24415,24415,24415,24415,24415,4175,4175,4175,0,0,0,2.45345e+06,2096315,2763962,70.6443,58.1685,114.26
1453,21795,21809,15,PACKAGE_SCENE,100000000,24415,24415,24415,24415,24415,4175,4175,4175,0,0,0,2.44708e+06,2238725,2764962,63.7248,55.8933,75.2718
1454,21810,21824,15,PACKAGE_SCENE,100000000,24415,24415,24415,24415,24415,4175,4175,4175,0,0,0,2.54601e+06,2199213,2718174,61.7261,45.6893,75.9502
1455,21825,21839,15,PACKAGE_SCENE,100000000,24415,24415,24415,24415,24415,4175,4175,4175,0,0,0,2.60885e+06,2375146,3026850,68.8653,52.294,82.7697
1456,21840,21854,15,PACKAGE_SCENE,100000000,24415,24415,24415,24415,24415,4175,4175,4175,0,0,0,2.50912e+06,2242600,2750009,66.4912,60.702,72.6494
1457,21855,21869,15,PACKAGE_SCENE,100000000,24415,24415,24415,24415,24415,4175,4175,4175,0,0,0,2.51609e+06,2250114,2847625,64.6411,52.4047,86.526
1458,21870,21884,15,PACKAGE_SCENE,100000000,24415,24415,24415,24415,24415,4175,4175,4175,0,0,0,2.45492e+06,2247406,2594096,66.3796,51.5604,79.0713
1459,21885,21899,15,PACKAGE_SCENE,100000000,24415,24415,24415,24415,24415,4175,4175,4175,0,0,0,2.42924e+06,2302935,2774273,61.2187,50.1738,81.2074
1460,21900,21914,15,PACKAGE_SCENE,100000000,24415,24415,24415,24415,24415,4175,4175,4175,0,0,0,2.53213e+06,2280388,2731675,61.1763,50.4995,74.5084
1461,21915,21929,15,PACKAGE_SCENE,100000000,24415,24415,24415,24415,24415,4175,4175,4175,0,0,0,2.49795e+06,2126623,2958665,60.5463,52.3407,71.6076
1462,21930,21944,15,PACKAGE_SCENE,100000000,24415,24415,24415,24415,24415,4175,4175,4175,0,0,0,2.4613e+06,2189614,2774199,59.9799,51.1929,70.7289
1463,21945,21959,15,PACKAGE_SCENE,100000000,24415,24415,24415,24415,24415,4175,4175,4175,0,0,0,2.41298e+06,2148021,2650517,60.2409,54.3854,76.146
1464,21960,21974,15,PACKAGE_SCENE,100000000,24415,24415,24415,24415,24415,4175,4175,4175,0,0,0,2.47762e+06,2134686,2750006,64.2015,51.7387,75.9067
1465,21975,21989,15,PACKAGE_SCENE,100000000,24415,24415,24415,24415,24415,4175,4175,4175,0,0,0,2.49734e+06,2261948,2860044,64.6025,52.576,75.2828
1466,21990,22004,15,PACKAGE_SCENE,100000000,24415,24415,24415,24415,24415,4175,4175,4175,0,0,0,2.51905e+06,2295615,2865310,70.7011,58.4489,84.3159
1467,22005,22019,15,PACKAGE_SCENE,100000000,24415,24415,24415,24415,24415,4175,4175,4175,0,0,0,2.40192e+06,2254641,2702978,67.0027,54.5195,73.2569
1468,22020,22034,15,PACKAGE_SCENE,100000000,24415,24415,24415,24415,24415,4175,4175,4175,0,0,0,2.4975e+06,2338392,2656891,64.2714,55.9463,79.407
1469,22035,22049,15,PACKAGE_SCENE,100000000,24415,24415,24415,24415,24415,4175,4175,4175,0,0,0,2.47847e+06,2308265,2772046,62.9796,51.1981,81.6421
1470,22050,22064,15,PACKAGE_SCENE,100000000,24415,24415,24415,24415,24415,4175,4175,4175,0,0,0,2.46628e+06,2293863,2654830,61.7872,50.0919,79.3195
1471,22065,22079,15,PACKAGE_SCENE,100000000,24415,24415,24415,24415,24415,4175,4175,4175,0,0,0,2.55513e+06,2399691,2738083,63.5337,51.3612,80.1498
1472,22080,22094,15,PACKAGE_SCENE,100000000,24415,24415,24415,24415,24415,4175,4175,4175,0,0,0,2.51015e+06,2241778,3016035,64.8547,52.5044,74.4807
1473,22095,22109,15,PACKAGE_SCENE,100000000,24415,24415,24415,24415,24415,4175,4175,4175,0,0,0,2.46472e+06,2149147,2645637,72.0669,52.4625,96.0818
1474,22110,22124,15,PACKAGE_SCENE,100000000,24415,24415,24415,24415,24415,4175,4175,4175,0,0,0,2.46192e+06,2267234,2697263,68.114,49.7195,88.8867
1475,22125,22139,15,PACKAGE_SCENE,100000000,24415,24415,24415,24415,24415,4175,4175,4175,0,0,0,2.47955e+06,2297742,2683549,63.9425,53.6393,78.554
1476,22140,22154,15,PACKAGE_SCENE,100000000,24415,24415,24415,24415,24415,4175,4175,4175,0,0,0,2.42893e+06,2168184,2770958,66.1685,54.8535,76.6613
1477,22155,22169,15,PACKAGE_SCENE,100000000,24415,24415,24415,24415,24415,4175,4175,4175,0,0,0,2.40791e+06,2261803,2606680,73.8006,55.1837,108.173
1478,22170,22184,15,PACKAGE_SCENE,100000000,24415,24415,24415,24415,24415,4175,4175,4175,0,0,0,2.40341e+06,2170630,2741531,79.2199,57.3092,117.386
1479,22185,22199,15,PACKAGE_SCENE,100000000,24415,24415,24415,24415,24415,4175,4175,4175,0,0,0,2.49339e+06,2220397,2914990,63.255,50.4117,81.5018
1480,22200,22214,15,PACKAGE_SCENE,100000000,24415,24415,24415,24415,24415,4175,4175,4175,0,0,0,2.47684e+06,2320743,2663792,60.5792,49.6398,80.4766
1481,22215,22229,15,PACKAGE_SCENE,100000000,24415,24415,24415,24415,24415,4175,4175,4175,0,0,0,2.54189e+06,2215850,2892077,62.7339,49.5934,72.9245
1482,22230,22244,15,PACKAGE_SCENE,100000000,24415,24415,24326.5,24249,24415,4119.53,4071,4175,0,0,0,2.32964e+06,2062917,2541566,63.8287,48.9796,76.0827
1483,22245,22259,15,PACKAGE_SCENE,100000000,24415,24415,22748.2,21482,24415,3500.6,2492,4071,1.13333,0,12,1.87311e+06,1320318,2520161,52.7531,38.2377,70.451
1484,22260,22274,15,PACKAGE_SCENE,100000000,24415,24415,21673.6,17741,24415,2942.8,2482,3418,2.33333,0,11,2.0571e+06,1126033,3014445,48.11,37.2958,56.2378
1485,22275,22289,15,PACKAGE_SCENE,100000000,24415,24415,20817.7,18694,24356,3215.4,2441,4129,1.86667,0,13,2.36821e+06,1579237,3534610,49.4292,41.3606,68.7976
1486,22290,22304,15,PACKAGE_SCENE,100000000,24415,24415,24360.4,24356,24362,4129,4129,4129,0,0,0,3.66182e+06,3207127,4026308,60.6094,51.3582,75.7521
1487,22305,22319,15,PACKAGE_SCENE,100000000,24415,24415,24362,24362,24362,4129,4129,4129,0,0,0,3.71101e+06,3040910,4174568,59.3563,49.348,67.8382
1488,22320,22334,15,PACKAGE_SCENE,100000000,24415,24415,24362,24362,24362,4129,4129,4129,0,0,0,3.70818e+06,3103419,4154126,62.9566,49.0129,74.7775
1489,22335,22349,15,PACKAGE_SCENE,100000000,24415,24415,24362,24362,24362,4129,4129,4129,0,0,0,3.68522e+06,3109541,4158623,60.9607,49.5447,75.3905
1490,22350,22364,15,PACKAGE_SCENE,100000000,24415,24415,24362,24362,24362,4129,4129,4129,0,0,0,3.73306e+06,3373238,4130091,59.3286,49.4569,68.8724
1491,22365,22379,15,PACKAGE_SCENE,100000000,24415,24415,24362,24362,24362,4129,4129,4129,0,0,0,3.67356e+06,3103784,4345063,59.5497,48.8158,74.7605
1492,22380,22394,15,PACKAGE_SCENE,100000000,24415,24415,24362,24362,24362,4129,4129,4129,0,0,0,3.70258e+06,3298452,4148846,60.6411,55.577,73.808
1493,22395,22409,15,PACKAGE_SCENE,100000000,24415,24415,24362,24362,24362,4129,4129,4129,0,0,0,3.75788e+06,3434580,4322383,62.3501,49.4238,107.333
1494,22410,22424,15,PACKAGE_SCENE,100000000,24415,24415,24362,24362,24362,4129,4129,4129,0,0,0,3.64525e+06,3009226,4092883,730.926,50.1948,10066.9
1495,22425,22439,15,PACKAGE_SCENE,100000000,24415,24415,24362,24362,24362,4129,4129,4129,0,0,0,3.58613e+06,3164998,4217002,61.0006,49.4395,71.8976
1496,22440,22454,15,PACKAGE_SCENE,100000000,24415,24415,24362,24362,24362,4129,4129,4129,0,0,0,3.66917e+06,3179879,4091587,960.312,48.7623,13555.1
1497,22455,22469,15,PACKAGE_SCENE,100000000,24415,24415,24362,24362,24362,4129,4129,4129,0,0,0,3.72546e+06,3403871,3980934,330.128,48.5796,4095.34
1498,22470,22484,15,PACKAGE_SCENE,100000000,24415,24415,24362,24362,24362,4129,4129,4129,0,0,0,3.6987e+06,3084514,4317468,314.18,48.416,3812.91
1499,22485,22499,15,PACKAGE_SCENE,100000000,24415,24415,24362,24362,24362,4129,4129,4129,0,0,0,3.83138e+06,3113997,4566766,330.779,48.0094,4082.86
1500,22500,22514,15,PACKAGE_SCENE,100000000,24415,24415,24362,24362,24362,4129,4129,4129,0,0,0,3.62902e+06,3085705,4276509,258.28,55.4703,3015.08
1501,22515,22529,15,PACKAGE_SCENE,100000000,24415,24415,24362,24362,24362,4129,4129,4129,0,0,0,3.81709e+06,3174010,4209232,57.9406,48.2202,68.4487
1502,22530,22544,15,PACKAGE_SCENE,100000000,24415,24415,24362,24362,24362,4129,4129,4129,0,0,0,3.6807e+06,2988481,4169648,263.532,50.1223,3103.05
1503,22545,22559,15,PACKAGE_SCENE,100000000,24415,24415,24362,24362,24362,4129,4129,4129,0,0,0,3.78255e+06,3503529,4082388,184.668,48.0489,1922.26
1504,22560,22574,15,PACKAGE_SCENE,100000000,24415,24415,24362,24362,24362,4129,4129,4129,0,0,0,3.77636e+06,3136074,4431890,181.178,48.4182,1883.02
1505,22575,22589,15,PACKAGE_SCENE,100000000,24415,24415,24362,24362,24362,4129,4129,4129,0,0,0,3.71643e+06,3029086,4868171,183.791,47.9891,1899.75
1506,22590,22604,15,PACKAGE_SCENE,100000000,24415,24415,24362,24362,24362,4129,4129,4129,0,0,0,3.64182e+06,3321285,3952091,188.38,48.4771,1965.83
1507,22605,22619,15,PACKAGE_SCENE,100000000,24415,24415,24362,24362,24362,4129,4129,4129,0,0,0,3.72665e+06,3450017,4215110,58.3594,48.0938,78.5422
1508,22620,22634,15,PACKAGE_SCENE,100000000,24415,24415,24362,24362,24362,4129,4129,4129,0,0,0,3.83537e+06,3198628,4323393,179.352,54.8189,1857.11
1509,22635,22649,15,PACKAGE_SCENE,100000000,24415,24415,24362,24362,24362,4129,4129,4129,0,0,0,3.73668e+06,3434108,4234730,186.56,48.6652,1928.6
1510,22650,22664,15,PACKAGE_SCENE,100000000,24415,24415,24362,24362,24362,4129,4129,4129,0,0,0,3.79962e+06,3097499,4500527,192.163,54.8124,2000.39
1511,22665,22679,15,PACKAGE_SCENE,100000000,24415,24415,24362,24362,24362,4129,4129,4129,0,0,0,3.79156e+06,3482557,4067522,217.573,48.0281,2343.73
1512,22680,22694,15,PACKAGE_SCENE,100000000,24415,24415,24362,24362,24362,4129,4129,4129,0,0,0,3.70728e+06,3257541,4300742,210.729,48.9763,2293.33
1513,22695,22709,15,PACKAGE_SCENE,100000000,24415,24415,24362,24362,24362,4129,4129,4129,0,0,0,3.67353e+06,3200330,4134099,57.6542,54.9791,66.13
1514,22710,22724,15,PACKAGE_SCENE,100000000,24415,24415,24362,24362,24362,4129,4129,4129,0,0,0,3.5899e+06,2986468,4022931,191.683,48.1678,2026.85
1515,22725,22739,15,PACKAGE_SCENE,100000000,24415,24415,24362,24362,24362,4129,4129,4129,0,0,0,3.56597e+06,3197943,4038736,207.356,48.1499,2116.9
1516,22740,22754,15,PACKAGE_SCENE,100000000,24415,24415,24362,24362,24362,4129,4129,4129,0,0,0,3.73069e+06,3337555,4227870,325.774,48.075,4046.72
1517,22755,22769,15,PACKAGE_SCENE,100000000,24415,24415,24362,24362,24362,4129,4129,4129,0,0,0,3.69498e+06,2915528,4164577,222.923,48.1424,2533.6
1518,22770,22784,15,PACKAGE_SCENE,100000000,24415,24415,24362,24362,24362,4129,4129,4129,0,0,0,3.52939e+06,3268705,4082419,217.409,48.4468,2428.96
1519,22785,22799,15,PACKAGE_SCENE,100000000,24415,24415,24362,24362,24362,4129,4129,4129,0,0,0,3.67534e+06,3101170,4168898,58.0554,49.0352,67.1252
1520,22800,22814,15,PACKAGE_SCENE,100000000,24415,24415,24362,24362,24362,4129,4129,4129,0,0,0,3.75716e+06,3140787,4135716,234.151,48.2731,2693.03
1521,22815,22829,15,PACKAGE_SCENE,100000000,24415,24415,24362,24362,24362,4129,4129,4129,0,0,0,3.64425e+06,2864951,4967586,215.107,50.8995,2386.13
1522,22830,22844,15,PACKAGE_SCENE,100000000,24415,24415,24362,24362,24362,4129,4129,4129,0,0,0,3.71983e+06,3287849,4077762,215.124,48.3265,2392.37
1523,22845,22859,15,PACKAGE_SCENE,100000000,24415,24415,24362,24362,24362,4129,4129,4129,0,0,0,3.65448e+06,3067806,4279298,215.375,48.2029,2374.43
1524,22860,22874,15,PACKAGE_SCENE,100000000,24415,24415,24362,24362,24362,4129,4129,4129,0,0,0,3.6562e+06,3132479,4645221,211.606,49.8867,2356.26
1525,22875,22889,15,PACKAGE_SCENE,100000000,24415,24415,24362,24362,24362,4129,4129,4129,0,0,0,3.72922e+06,3301595,4290981,59.0377,55.3352,67.7692
1526,22890,22904,15,PACKAGE_SCENE,100000000,24415,24415,24362,24362,24362,4129,4129,4129,0,0,0,3.67855e+06,3285835,4114410,217.76,49.0187,2392.87
1527,22905,22919,15,PACKAGE_SCENE,100000000,24415,24415,24362,24362,24362,4129,4129,4129,0,0,0,3.67553e+06,3051930,4229593,270.432,54.2171,3121.79
1528,22920,22934,15,PACKAGE_SCENE,100000000,24415,24415,24362,24362,24362,4129,4129,4129,0,0,0,3.52924e+06,3220953,3837934,268.094,57.7782,3013.05
1529,22935,22949,15,PACKAGE_SCENE,100000000,24415,24415,24362,24362,24362,4129,4129,4129,0,0,0,3.66257e+06,3099798,4604231,263.951,54.049,3039.56
1530,22950,22964,15,PACKAGE_SCENE,100000000,24415,24415,24362,24362,24362,4129,4129,4129,0,0,0,3.60598e+06,3182860,4166735,253.358,55.7109,2809.92
1531,22965,22979,15,PACKAGE_SCENE,100000000,24415,24415,24362,24362,24362,4129,4129,4129,0,0,0,3.7476e+06,3421914,4652227,61.8763,51.1033,79.0866
1532,22980,22994,15,PACKAGE_SCENE,100000000,24415,24415,24362,24362,24362,4129,4129,4129,0,0,0,3.7335e+06,3354722,4392422,257.309,54.1454,2877.01
1533,22995,23009,15,PACKAGE_SCENE,100000000,24415,24415,24362,24362,24362,4129,4129,4129,0,0,0,3.65773e+06,3237827,3991769,262.457,58.1313,2999.77
1534,23010,23024,15,PACKAGE_SCENE,100000000,24415,24415,24362,24362,24362,4129,4129,4129,0,0,0,3.71627e+06,3024551,4272532,267.579,57.085,3084.39
1535,23025,23039,15,PACKAGE_SCENE,100000000,24415,24415,24362,24362,24362,4129,4129,4129,0,0,0,3.62375e+06,3233120,4063168,260.256,52.1101,2973.72
1536,23040,23054,15,PACKAGE_SCENE,100000000,24415,24415,24362,24362,24362,4129,4129,4129,0,0,0,3.53213e+06,3146130,3998658,68.1669,60.902,85.4293
1537,23055,23069,15,PACKAGE_SCENE,100000000,24415,24415,24362,24362,24362,4129,4129,4129,0,0,0,3.75495e+06,3273353,4365309,225.395,51.2413,2456.77
1538,23070,23084,15,PACKAGE_SCENE,100000000,24415,24415,24362,24362,24362,4129,4129,4129,0,0,0,3.71266e+06,3345999,4466052,201.828,57.5582,2051.7
1539,23085,23099,15,PACKAGE_SCENE,100000000,24415,24415,24362,24362,24362,4129,4129,4129,0,0,0,3.59505e+06,3124425,4065268,202.373,51.2933,2161.58
1540,23100,23114,15,PACKAGE_SCENE,100000000,24415,24415,24362,24362,24362,4129,4129,4129,0,0,0,3.72107e+06,3119179,4225791,892.961,52.1061,12488.1
1541,23115,23129,15,PACKAGE_SCENE,100000000,24415,24415,24362,24362,24362,4129,4129,4129,0,0,0,3.61963e+06,3040528,4079924,60.8097,51.4987,72.9032
1542,23130,23144,15,PACKAGE_SCENE,100000000,24415,24415,24362,24362,24362,4129,4129,4129,0,0,0,3.74776e+06,3275033,4193017,62.4405,55.3621,76.3554
1543,23145,23159,15,PACKAGE_SCENE,100000000,24415,24415,24362,24362,24362,4129,4129,4129,0,0,0,3.58781e+06,2890340,4067136,62.9364,51.7019,74.0197
1544,23160,23174,15,PACKAGE_SCENE,100000000,24415,24415,24362,24362,24362,4129,4129,4129,0,0,0,3.77114e+06,3335036,4369588,67.1052,52.099,78.6553
1545,23175,23189,15,PACKAGE_SCENE,100000000,24415,24415,24362,24362,24362,4129,4129,4129,0,0,0,3.69452e+06,3223175,4548463,66.9086,52.3876,92.2217
1546,23190,23204,15,PACKAGE_SCENE,100000000,24415,24415,24362,24362,24362,4129,4129,4129,0,0,0,3.59664e+06,2840249,4119364,64.0337,52.0957,77.913
1547,23205,23219,15,PACKAGE_SCENE,100000000,24415,24415,24362,24362,24362,4129,4129,4129,0,0,0,3.62401e+06,3061295,4192488,67.7605,54.605,79.4523
1548,23220,23234,15,PACKAGE_SCENE,100000000,24415,24415,24362,24362,24362,4129,4129,4129,0,0,0,3.56046e+06,2794140,4178127,65.6406,49.9314,94.7418
1549,23235,23249,15,PACKAGE_SCENE,100000000,24415,24415,24362,24362,24362,4129,4129,4129,0,0,0,3.76493e+06,3197307,4319180,59.9475,50.303,67.3489
1550,23250,23264,15,PACKAGE_SCENE,100000000,24415,24415,24362,24362,24362,4129,4129,4129,0,0,0,3.60334e+06,3375430,3948149,61.9349,53.8426,74.0608
1551,23265,23279,15,PACKAGE_SCENE,100000000,24415,24415,24362,24362,24362,4129,4129,4129,0,0,0,3.62508e+06,3077479,4482564,62.1691,56.1907,70.0098
1552,23280,23294,15,PACKAGE_SCENE,100000000,24415,24415,24362,24362,24362,4129,4129,4129,0,0,0,3.75709e+06,3421797,4562753,62.2878,53.0158,69.2286
1553,23295,23309,15,PACKAGE_SCENE,100000000,24415,24415,24362,24362,24362,4129,4129,4129,0,0,0,3.67335e+06,3194599,4387677,64.07,54.8099,81.9709
1554,23310,23324,15,PACKAGE_SCENE,100000000,24415,24415,24362,24362,24362,4129,4129,4129,0,0,0,3.77469e+06,3329857,4275299,59.4079,47.8098,67.4491
1555,23325,23339,15,PACKAGE_SCENE,100000000,24415,24415,24362,24362,24362,4129,4129,4129,0,0,0,3.75121e+06,2904647,4314122,63.9995,47.895,170.278
1556,23340,23354,15,PACKAGE_SCENE,100000000,24415,24415,24362,24362,24362,4129,4129,4129,0,0,0,3.61107e+06,3332287,3848455,55.4737,47.8467,64.1119
1557,23355,23369,15,PACKAGE_SCENE,100000000,24415,24415,24362,24362,24362,4129,4129,4129,0,0,0,3.74476e+06,3185601,4406064,59.4808,47.8529,68.2333
1558,23370,23384,15,PACKAGE_SCENE,100000000,24415,24415,24362,24362,24362,4129,4129,4129,0,0,0,3.68275e+06,3208265,4229672,60.6416,49.0306,72.7919
1559,23385,23399,15,PACKAGE_SCENE,100000000,24415,24415,24362,24362,24362,4129,4129,4129,0,0,0,3.59323e+06,2950446,4039673,63.0983,50.0116,74.8292
1560,23400,23414,15,PACKAGE_SCENE,100000000,24415,24415,24362,24362,24362,4129,4129,4129,0,0,0,3.65786e+06,3205640,3969821,62.9135,49.3248,78.3235
1561,23415,23429,15,PACKAGE_SCENE,100000000,24415,24415,24362,24362,24362,4129,4129,4129,0,0,0,3.68181e+06,3351671,4256563,61.1927,51.8798,76.2003
1562,23430,23444,15,PACKAGE_SCENE,100000000,24415,24415,24362,24362,24362,4129,4129,4129,0,0,0,3.71911e+06,3360103,4143128,63.9284,55.9344,75.5348
1563,23445,23459,15,PACKAGE_SCENE,100000000,24415,24415,24362,24362,24362,4129,4129,4129,0,0,0,3.60607e+06,3340683,3993448,73.2235,51.5408,141.33
1564,23460,23474,15,PACKAGE_SCENE,100000000,24415,24415,24362,24362,24362,4129,4129,4129,0,0,0,3.7668e+06,3193152,4269692,68.7072,49.7156,139.946
1565,23475,23489,15,PACKAGE_SCENE,100000000,24415,24415,24362,24362,24362,4129,4129,4129,0,0,0,3.71422e+06,3163698,4280491,59.2921,49.2494,71.7771
1566,23490,23504,15,PACKAGE_SCENE,100000000,24415,24415,24362,24362,24362,4129,4129,4129,0,0,0,3.72377e+06,2954239,4595647,63.5118,52.5983,77.3098
1567,23505,23519,15,PACKAGE_SCENE,100000000,24415,24415,24362,24362,24362,4129,4129,4129,0,0,0,3.6687e+06,3315462,4271275,62.6873,52.8778,80.3755
1568,23520,23534,15,PACKAGE_SCENE,100000000,24415,24415,24362,24362,24362,4129,4129,4129,0,0,0,3.4737e+06,2931281,3946053,61.338,52.848,74.6671
1569,23535,23549,15,PACKAGE_SCENE,100000000,24415,24415,24362,24362,24362,4129,4129,4129,0,0,0,3.72715e+06,3287823,4469414,62.4718,52.9689,75.7059
1570,23550,23564,15,PACKAGE_SCENE,100000000,24415,24415,24362,24362,24362,4129,4129,4129,0,0,0,3.66675e+06,3311292,4105241,64.6128,53.1525,100.909
1571,23565,23579,15,PACKAGE_SCENE,100000000,24415,24415,24362,24362,24362,4129,4129,4129,0,0,0,3.73424e+06,3319928,4018804,63.9179,51.9134,79.7848
1572,23580,23594,15,PACKAGE_SCENE,100000000,24415,24415,24362,24362,24362,4129,4129,4129,0,0,0,3.54907e+06,3131219,3905757,73.1657,53.5369,184.395
1573,23595,23609,15,PACKAGE_SCENE,100000000,24415,24415,24362,24362,24362,4129,4129,4129,0,0,0,3.56411e+06,3005408,4247153,70.8281,57.6434,170.547
1574,23610,23624,15,PACKAGE_SCENE,100000000,24415,24415,24362,24362,24362,4129,4129,4129,0,0,0,3.59991e+06,3270690,4076099,95.0532,58.0975,376.809
1575,23625,23639,15,PACKAGE_SCENE,100000000,24415,24415,24362,24362,24362,4129,4129,4129,0,0,0,3.56572e+06,3117673,4178643,60.4061,49.9903,74.1363
1576,23640,23654,15,PACKAGE_SCENE,100000000,24415,24415,24362,24362,24362,4129,4129,4129,0,0,0,3.60358e+06,3080114,4143420,67.9094,56.1918,87.1488
1577,23655,23669,15,PACKAGE_SCENE,100000000,24415,24415,24362,24362,24362,4129,4129,4129,0,0,0,3.58887e+06,3135406,4270595,62.9345,49.8271,76.1666
1578,23670,23684,15,PACKAGE_SCENE,100000000,24415,24415,24362,24362,24362,4129,4129,4129,0,0,0,3.58726e+06,3164023,4031052,64.8773,45.9345,81.5027
1579,23685,23699,15,PACKAGE_SCENE,100000000,24415,24415,24362,24362,24362,4129,4129,4129,0,0,0,3.58113e+06,3259381,3825889,82.1947,43.6441,130.797
1580,23700,23714,15,PACKAGE_SCENE,100000000,24415,24415,24362,24362,24362,4129,4129,4129,0,0,0,3.44564e+06,3196006,3863671,61.2825,52.2812,79.6802
1581,23715,23729,15,PACKAGE_SCENE,100000000,24415,24415,24362,24362,24362,4129,4129,4129,0,0,0,3.83281e+06,3468365,4177800,72.4847,49.0183,119.933
1582,23730,23744,15,PACKAGE_SCENE,100000000,24415,24415,22564.9,18739,24362,3814.4,3172,4129,1.6,0,16,2.99652e+06,1809968,4167458,60.3411,39.3806,110.025
1583,23745,23759,15,PACKAGE_SCENE,100000000,24415,24415,22663,19227,24264,2752,2341,2971,0.8,0,8,2.36934e+06,1272686,3475386,51.7795,37.9561,64.0464
1584,23760,23774,15,PACKAGE_SCENE,100000000,24415,24415,24264,24264,24264,2950,2950,2950,0,0,0,2.85166e+06,2465906,3555566,56.3308,46.9743,67.3262
1585,23775,23789,15,PACKAGE_SCENE,100000000,24415,24415,24264,24264,24264,2950,2950,2950,0,0,0,3.09206e+06,2559263,3579854,56.6889,47.1387,97.0961
1586,23790,23804,15,PACKAGE_SCENE,100000000,24415,24415,24264,24264,24264,2950,2950,2950,0,0,0,3.01213e+06,2623990,3660303,963.423,46.6436,13640.7
1587,23805,23819,15,PACKAGE_SCENE,100000000,24415,24415,24264,24264,24264,2950,2950,2950,0,0,0,3.00564e+06,2537127,3736647,819.746,47.0321,11292.3
1588,23820,23834,15,PACKAGE_SCENE,100000000,24415,24415,24264,24264,24264,2950,2950,2950,0,0,0,2.84879e+06,2395496,3452682,293.185,46.637,3665.56
1589,23835,23849,15,PACKAGE_SCENE,100000000,24415,24415,24264,24264,24264,2950,2950,2950,0,0,0,2.88162e+06,2337125,3600603,253.119,45.6122,3071.37
1590,23850,23864,15,PACKAGE_SCENE,100000000,24415,24415,24264,24264,24264,2950,2950,2950,0,0,0,2.93978e+06,2367636,3255666,48.7579,44.028,60.7409
1591,23865,23879,15,PACKAGE_SCENE,100000000,24415,24415,24264,24264,24264,2950,2950,2950,0,0,0,2.89027e+06,2511582,3348315,309.066,43.2098,3923.85
1592,23880,23894,15,PACKAGE_SCENE,100000000,24415,24415,24264,24264,24264,2950,2950,2950,0,0,0,2.96601e+06,2399041,3507981,235.89,45.7712,2823.16
1593,23895,23909,15,PACKAGE_SCENE,100000000,24415,24415,24264,24264,24264,2950,2950,2950,0,0,0,2.86657e+06,2599625,3085048,232.901,45.6321,2763.28
1594,23910,23924,15,PACKAGE_SCENE,100000000,24415,24415,24264,24264,24264,2950,2950,2950,0,0,0,2.84355e+06,2568429,3246146,520.191,45.6024,6993.52
1595,23925,23939,15,PACKAGE_SCENE,100000000,24415,24415,24264,24264,24264,2950,2950,2950,0,0,0,3.16677e+06,2514453,3571884,170.756,44.2008,1836.99
1596,23940,23954,15,PACKAGE_SCENE,100000000,24415,24415,24264,24264,24264,2950,2950,2950,0,0,0,3.00379e+06,2513960,3516371,51.4841,45.7149,71.7869
1597,23955,23969,15,PACKAGE_SCENE,100000000,24415,24415,24264,24264,24264,2950,2950,2950,0,0,0,2.89226e+06,2368095,3480996,167.415,45.9353,1746.13
1598,23970,23984,15,PACKAGE_SCENE,100000000,24415,24415,24264,24264,24264,2950,2950,2950,0,0,0,3.06344e+06,2701444,3596761,172.332,45.7116,1836.85
1599,23985,23999,15,PACKAGE_SCENE,100000000,24415,24415,24264,24264,24264,2950,2950,2950,0,0,0,2.98142e+06,2501485,3639549,161.804,43.7793,1727.19
1600,24000,24014,15,PACKAGE_SCENE,100000000,24415,24415,24264,24264,24264,2950,2950,2950,0,0,0,2.88549e+06,2234669,3592269,159.327,45.3613,1658.48
1601,24015,24029,15,PACKAGE_SCENE,100000000,24415,24415,24264,24264,24264,2950,2950,2950,0,0,0,3.03242e+06,2620268,3528167,159.648,45.3517,1665.14
1602,24030,24044,15,PACKAGE_SCENE,100000000,24415,24415,24264,24264,24264,2950,2950,2950,0,0,0,3.02217e+06,2520049,3552531,49.5719,45.6553,62.8206
1603,24045,24059,15,PACKAGE_SCENE,100000000,24415,24415,24264,24264,24264,2950,2950,2950,0,0,0,2.95239e+06,2321651,3656953,155.783,45.9201,1605.63
1604,24060,24074,15,PACKAGE_SCENE,100000000,24415,24415,24264,24264,24264,2950,2950,2950,0,0,0,2.98515e+06,2449931,3464545,165.141,45.2928,1762.38
1605,24075,24089,15,PACKAGE_SCENE,100000000,24415,24415,24264,24264,24264,2950,2950,2950,0,0,0,3.02132e+06,2412103,3517591,178.183,45.9431,1926.67
1606,24090,24104,15,PACKAGE_SCENE,100000000,24415,24415,24264,24264,24264,2950,2950,2950,0,0,0,2.97359e+06,2506271,3647611,179.924,46.1745,1919.23
1607,24105,24119,15,PACKAGE_SCENE,100000000,24415,24415,24264,24264,24264,2950,2950,2950,0,0,0,2.94202e+06,2582924,3892251,384.98,43.552,5040.4
1608,24120,24134,15,PACKAGE_SCENE,100000000,24415,24415,24264,24264,24264,2950,2950,2950,0,0,0,2.94113e+06,2285850,3443998,54.2588,45.7908,77.105
1609,24135,24149,15,PACKAGE_SCENE,100000000,24415,24415,24264,24264,24264,2950,2950,2950,0,0,0,2.94599e+06,2456449,3712092,215.24,45.6729,2464.62
1610,24150,24164,15,PACKAGE_SCENE,100000000,24415,24415,24264,24264,24264,2950,2950,2950,0,0,0,2.994e+06,2495653,3398839,187.892,45.4837,2087.99
1611,24165,24179,15,PACKAGE_SCENE,100000000,24415,24415,24264,24264,24264,2950,2950,2950,0,0,0,2.80385e+06,2370144,3650449,191.933,45.871,2100.38
1612,24180,24194,15,PACKAGE_SCENE,100000000,24415,24415,24264,24264,24264,2950,2950,2950,0,0,0,3.00395e+06,2459186,3762860,266.487,45.3541,3240.56
1613,24195,24209,15,PACKAGE_SCENE,100000000,24415,24415,24264,24264,24264,2950,2950,2950,0,0,0,3.00993e+06,2346774,3699073,192.256,43.7775,2155.92
1614,24210,24224,15,PACKAGE_SCENE,100000000,24415,24415,24264,24264,24264,2950,2950,2950,0,0,0,3.00725e+06,2517445,3465792,51.8264,45.4875,63.9513
1615,24225,24239,15,PACKAGE_SCENE,100000000,24415,24415,24264,24264,24264,2950,2950,2950,0,0,0,2.90476e+06,2511155,3333352,215.664,45.5427,2509.49
1616,24240,24254,15,PACKAGE_SCENE,100000000,24415,24415,24264,24264,24264,2950,2950,2950,0,0,0,2.89354e+06,2487016,3226323,271.556,45.6607,3337.59
1617,24255,24269,15,PACKAGE_SCENE,100000000,24415,24415,24264,24264,24264,2950,2950,2950,0,0,0,3.05574e+06,2490055,3707510,199.246,44.0115,2230.84
1618,24270,24284,15,PACKAGE_SCENE,100000000,24415,24415,24264,24264,24264,2950,2950,2950,0,0,0,2.96062e+06,2543974,3518836,187.814,45.9563,2080.29
1619,24285,24299,15,PACKAGE_SCENE,100000000,24415,24415,24264,24264,24264,2950,2950,2950,0,0,0,2.96643e+06,2390885,3962192,195.252,45.6148,2171.24
1620,24300,24314,15,PACKAGE_SCENE,100000000,24415,24415,24264,24264,24264,2950,2950,2950,0,0,0,2.99731e+06,2662157,3301029,52.2574,43.5356,63.261
1621,24315,24329,15,PACKAGE_SCENE,100000000,24415,24415,24264,24264,24264,2950,2950,2950,0,0,0,3.16392e+06,2586433,3554437,189.159,45.5256,2088.55
1622,24330,24344,15,PACKAGE_SCENE,100000000,24415,24415,24264,24264,24264,2950,2950,2950,0,0,0,2.82995e+06,2328382,3510526,188.243,45.5727,2106.13
1623,24345,24359,15,PACKAGE_SCENE,100000000,24415,24415,24264,24264,24264,2950,2950,2950,0,0,0,3.05414e+06,2398470,4142515,187.947,45.5871,2083.67
1624,24360,24374,15,PACKAGE_SCENE,100000000,24415,24415,24264,24264,24264,2950,2950,2950,0,0,0,2.97156e+06,2551130,3400607,192.883,44.1598,2154.89
1625,24375,24389,15,PACKAGE_SCENE,100000000,24415,24415,24264,24264,24264,2950,2950,2950,0,0,0,2.98067e+06,2610812,3307686,190.672,46.6482,2121.26
1626,24390,24404,15,PACKAGE_SCENE,100000000,24415,24415,24264,24264,24264,2950,2950,2950,0,0,0,3.11414e+06,2395263,3829526,51.5263,45.5125,64.2743
1627,24405,24419,15,PACKAGE_SCENE,100000000,24415,24415,24264,24264,24264,2950,2950,2950,0,0,0,3.00748e+06,2537926,3536831,186.199,45.5517,2060.94
1628,24420,24434,15,PACKAGE_SCENE,100000000,24415,24415,24264,24264,24264,2950,2950,2950,0,0,0,2.88834e+06,2423730,3336389,158.659,45.6597,1622.58
1629,24435,24449,15,PACKAGE_SCENE,100000000,24415,24415,24264,24264,24264,2950,2950,2950,0,0,0,2.95524e+06,2559317,3581597,149.845,45.4461,1521.21
1630,24450,24464,15,PACKAGE_SCENE,100000000,24415,24415,24264,24264,24264,2950,2950,2950,0,0,0,2.90491e+06,2523027,3364820,148.056,43.5384,1471.61
1631,24465,24479,15,PACKAGE_SCENE,100000000,24415,24415,24264,24264,24264,2950,2950,2950,0,0,0,3.03412e+06,2426142,3423622,1493,45.6511,21490.6
1632,24480,24494,15,PACKAGE_SCENE,100000000,24415,24415,24264,24264,24264,2950,2950,2950,0,0,0,2.86398e+06,2410292,3714058,54.5141,45.5034,74.475
1633,24495,24509,15,PACKAGE_SCENE,100000000,24415,24415,24264,24264,24264,2950,2950,2950,0,0,0,2.98559e+06,2232723,3753774,53.033,46.1083,57.8942
1634,24510,24524,15,PACKAGE_SCENE,100000000,24415,24415,24264,24264,24264,2950,2950,2950,0,0,0,2.91205e+06,2428975,3473633,53.0222,45.729,63.5505
1635,24525,24539,15,PACKAGE_SCENE,100000000,24415,24415,24264,24264,24264,2950,2950,2950,0,0,0,2.92157e+06,2537966,3549113,52.8879,45.5185,62.2826
1636,24540,24554,15,PACKAGE_SCENE,100000000,24415,24415,24264,24264,24264,2950,2950,2950,0,0,0,2.95834e+06,2399882,3388443,49.6948,45.1372,54.8863
1637,24555,24569,15,PACKAGE_SCENE,100000000,24415,24415,24264,24264,24264,2950,2950,2950,0,0,0,3.04491e+06,2545370,3567285,53.4638,45.3999,95.484
1638,24570,24584,15,PACKAGE_SCENE,100000000,24415,24415,24264,24264,24264,2950,2950,2950,0,0,0,2.92174e+06,2293516,3589318,49.8631,45.5233,61.6262
1639,24585,24599,15,PACKAGE_SCENE,100000000,24415,24415,24264,24264,24264,2950,2950,2950,0,0,0,2.96975e+06,2569854,3294777,50.4643,45.2327,63.5706
1640,24600,24614,15,PACKAGE_SCENE,100000000,24415,24415,24264,24264,24264,2950,2950,2950,0,0,0,2.95667e+06,2674852,3356996,51.6629,45.3791,59.4168
1641,24615,24629,15,PACKAGE_SCENE,100000000,24415,24415,24264,24264,24264,2950,2950,2950,0,0,0,2.8939e+06,2445776,3375277,54.9995,45.3196,107.441
1642,24630,24644,15,PACKAGE_SCENE,100000000,24415,24415,24264,24264,24264,2950,2950,2950,0,0,0,2.989e+06,2291941,3356152,51.3056,45.4664,68.8282
1643,24645,24659,15,PACKAGE_SCENE,100000000,24415,24415,24264,24264,24264,2950,2950,2950,0,0,0,2.90474e+06,2402531,3593028,53.7932,45.5673,63.8993
1644,24660,24674,15,PACKAGE_SCENE,100000000,24415,24415,24264,24264,24264,2950,2950,2950,0,0,0,3.05592e+06,2568732,3776982,54.9409,45.2224,100.534
1645,24675,24689,15,PACKAGE_SCENE,100000000,24415,24415,24264,24264,24264,2950,2950,2950,0,0,0,2.95392e+06,2621460,3105076,51.0992,43.1023,64.0007
1646,24690,24704,15,PACKAGE_SCENE,100000000,24415,24415,24264,24264,24264,2950,2950,2950,0,0,0,3.01671e+06,2408644,3308506,62.4398,45.1668,226.416
1647,24705,24719,15,PACKAGE_SCENE,100000000,24415,24415,24264,24264,24264,2950,2950,2950,0,0,0,2.95393e+06,2582566,3467437,51.7725,45.4587,61.6927
1648,24720,24734,15,PACKAGE_SCENE,100000000,24415,24415,24264,24264,24264,2950,2950,2950,0,0,0,3.01588e+06,2575852,3694597,64.0323,42.8918,188.806
1649,24735,24749,15,PACKAGE_SCENE,100000000,24415,24415,24264,24264,24264,2950,2950,2950,0,0,0,3.01294e+06,2677825,3620985,51.0902,41.1558,66.0778
1650,24750,24764,15,PACKAGE_SCENE,100000000,24415,24415,24264,24264,24264,2950,2950,2950,0,0,0,2.92843e+06,2433641,3554240,129.24,42.7081,1239.46
1651,24765,24779,15,PACKAGE_SCENE,100000000,24415,24415,24264,24264,24264,2950,2950,2950,0,0,0,2.89041e+06,2470566,3212117,51.3541,43.3374,63.9111
1652,24780,24794,15,PACKAGE_SCENE,100000000,24415,24415,24264,24264,24264,2950,2950,2950,0,0,0,2.93466e+06,2478453,3238093,51.0462,45.4416,61.8236
1653,24795,24809,15,PACKAGE_SCENE,100000000,24415,24415,24264,24264,24264,2950,2950,2950,0,0,0,3.02656e+06,2639684,3491755,51.2795,45.5292,62.5556
1654,24810,24824,15,PACKAGE_SCENE,100000000,24415,24415,24264,24264,24264,2950,2950,2950,0,0,0,2.9228e+06,2531149,3279866,49.7278,45.249,56.3898
1655,24825,24839,15,PACKAGE_SCENE,100000000,24415,24415,24264,24264,24264,2950,2950,2950,0,0,0,2.94634e+06,2555152,3472237,97.8678,45.3515,455.728
1656,24840,24854,15,PACKAGE_SCENE,100000000,24415,24415,24264,24264,24264,2950,2950,2950,0,0,0,2.92061e+06,2469915,3549573,74.6218,45.3036,366.606
1657,24855,24869,15,PACKAGE_SCENE,100000000,24415,24415,24264,24264,24264,2950,2950,2950,0,0,0,2.91027e+06,2102567,3525609,52.3472,45.5808,64.9359
1658,24870,24884,15,PACKAGE_SCENE,100000000,24415,24415,24264,24264,24264,2950,2950,2950,0,0,0,2.85756e+06,2533422,3375123,51.1998,45.255,57.5155
1659,24885,24899,15,PACKAGE_SCENE,100000000,24415,24415,24264,24264,24264,2950,2950,2950,0,0,0,3.06649e+06,2651168,3690878,49.2517,45.3259,54.7725
1660,24900,24914,15,PACKAGE_SCENE,100000000,24415,24415,24264,24264,24264,2950,2950,2950,0,0,0,2.95315e+06,2378229,3400574,51.2312,45.2448,68.7545
1661,24915,24929,15,PACKAGE_SCENE,100000000,24415,24415,24264,24264,24264,2950,2950,2950,0,0,0,2.90657e+06,2560153,3377195,49.9506,43.6255,55.1038
1662,24930,24944,15,PACKAGE_SCENE,100000000,24415,24415,24264,24264,24264,2950,2950,2950,0,0,0,2.90303e+06,2317830,3479071,53.5526,45.6399,65.219
1663,24945,24959,15,PACKAGE_SCENE,100000000,24415,24415,24264,24264,24264,2950,2950,2950,0,0,0,2.87086e+06,2504771,3204899,51.3634,45.3274,67.0708
1664,24960,24974,15,PACKAGE_SCENE,100000000,24415,24415,24264,24264,24264,2950,2950,2950,0,0,0,2.91596e+06,2404437,3336045,52.8707,45.6688,81.7578
1665,24975,24989,15,PACKAGE_SCENE,100000000,24415,24415,24264,24264,24264,2950,2950,2950,0,0,0,2.9224e+06,2229513,3325008,53.6164,43.4177,67.5159
1666,24990,25004,15,PACKAGE_SCENE,100000000,24415,24415,24264,24264,24264,2950,2950,2950,0,0,0,2.8147e+06,2517731,3118987,53.4913,45.4256,68.7189
1667,25005,25019,15,PACKAGE_SCENE,100000000,24415,24415,24264,24264,24264,2950,2950,2950,0,0,0,2.93018e+06,2559972,3457444,63.1407,45.4787,221.901
1668,25020,25034,15,PACKAGE_SCENE,100000000,24415,24415,24264,24264,24264,2950,2950,2950,0,0,0,2.92717e+06,2440643,3486936,51.4823,43.5281,59.875
1669,25035,25049,15,PACKAGE_SCENE,100000000,24415,24415,24264,24264,24264,2950,2950,2950,0,0,0,3.03944e+06,2438652,3714519,50.8043,45.735,55.4852
1670,25050,25064,15,PACKAGE_SCENE,100000000,24415,24415,24264,24264,24264,2950,2950,2950,0,0,0,2.93073e+06,2324392,3490356,50.7487,45.2688,64.2802
1671,25065,25079,15,PACKAGE_SCENE,100000000,24415,24415,24264,24264,24264,2950,2950,2950,0,0,0,3.00313e+06,2349633,3808344,54.7002,43.8094,109.073
1672,25080,25094,15,PACKAGE_SCENE,100000000,24415,24415,24264,24264,24264,2950,2950,2950,0,0,0,2.95742e+06,2558201,3562191,48.9521,43.7142,64.5779
1673,25095,25109,15,PACKAGE_SCENE,100000000,24415,24415,24264,24264,24264,2950,2950,2950,0,0,0,2.89374e+06,2506113,3515952,51.9657,43.5446,72.3187
1674,25110,25124,15,PACKAGE_SCENE,100000000,24415,24415,24264,24264,24264,2950,2950,2950,0,0,0,2.98715e+06,2633869,3621577,76.2146,46.9096,198.289
1675,25125,25139,15,PACKAGE_SCENE,100000000,24415,24415,24264,24264,24264,2950,2950,2950,0,0,0,2.77998e+06,2458443,3389677,55.8188,45.99,98.0945
1676,25140,25154,15,PACKAGE_SCENE,100000000,24415,24415,24264,24264,24264,2950,2950,2950,0,0,0,3.05305e+06,2606543,3559866,58.2234,48.117,81.1097
1677,25155,25169,15,PACKAGE_SCENE,100000000,24415,24415,24264,24264,24264,2950,2950,2950,0,0,0,3.04175e+06,2511379,3491568,53.9448,47.3693,62.7478
1678,25170,25184,15,PACKAGE_SCENE,100000000,24415,24415,24264,24264,24264,2950,2950,2950,0,0,0,3.00909e+06,2488255,3725542,52.033,47.0385,57.3812
1679,25185,25199,15,PACKAGE_SCENE,100000000,24415,24415,24264,24264,24264,2950,2950,2950,0,0,0,2.85836e+06,2518758,3306973,54.919,45.2233,64.1717
1680,25200,25214,15,PACKAGE_SCENE,100000000,24415,24415,23460.6,22925,24264,2798.8,2698,2950,0,0,0,2.68578e+06,2304165,3353375,52.949,43.2038,64.1132
1681,25215,25229,15,PACKAGE_SCENE,100000000,24415,24415,23124.2,19295,24415,2849.33,2318,3594,1.26667,0,7,1.70568e+06,1261487,2765048,50.6072,37.1428,71.5629
1682,25230,25244,15,PACKAGE_SCENE,100000000,24415,24415,24415,24415,24415,3859.33,3850,3908,0,0,0,1.66616e+06,1540236,1853112,56.8651,48.0616,67.2883
1683,25245,25259,15,PACKAGE_SCENE,100000000,24415,24415,24415,24415,24415,3853,3853,3853,0,0,0,1.67017e+06,1516542,1813698,56.367,48.1522,67.6274
1684,25260,25274,15,PACKAGE_SCENE,100000000,24415,24415,24415,24415,24415,3853,3853,3853,0,0,0,1.64294e+06,1547807,1769253,76.3396,48.6367,252.257
1685,25275,25289,15,PACKAGE_SCENE,100000000,24415,24415,24415,24415,24415,3853,3853,3853,0,0,0,1.70291e+06,1523720,1887093,819.527,50.3189,11300.6
1686,25290,25304,15,PACKAGE_SCENE,100000000,24415,24415,24415,24415,24415,3853,3853,3853,0,0,0,1.68537e+06,1547011,1792401,618.712,47.3041,8459.18
1687,25305,25319,15,PACKAGE_SCENE,100000000,24415,24415,24415,24415,24415,3853,3853,3853,0,0,0,1.66678e+06,1525958,1835022,326.288,54.1371,4050.52
1688,25320,25334,15,PACKAGE_SCENE,100000000,24415,24415,24415,24415,24415,3853,3853,3853,0,0,0,1.6931e+06,1516048,1872602,1593.42,48.0471,23020.7
1689,25335,25349,15,PACKAGE_SCENE,100000000,24415,24415,24415,24415,24415,3853,3853,3853,0,0,0,1.66852e+06,1545232,1935386,54.952,47.0516,63.8114
1690,25350,25364,15,PACKAGE_SCENE,100000000,24415,24415,24415,24415,24415,3853,3853,3853,0,0,0,1.6394e+06,1477332,1882493,534.603,47.3626,7222.09
1691,25365,25379,15,PACKAGE_SCENE,100000000,24415,24415,24415,24415,24415,3853,3853,3853,0,0,0,1.71975e+06,1582205,1853728,247.501,47.126,2868.97
1692,25380,25394,15,PACKAGE_SCENE,100000000,24415,24415,24415,24415,24415,3853,3853,3853,0,0,0,1.73174e+06,1460115,2000163,269.308,47.3766,3265.52
1693,25395,25409,15,PACKAGE_SCENE,100000000,24415,24415,24415,24415,24415,3853,3853,3853,0,0,0,1.66683e+06,1545917,1792002,188.785,47.4341,2021.14
1694,25410,25424,15,PACKAGE_SCENE,100000000,24415,24415,24415,24415,24415,3853,3853,3853,0,0,0,1.66381e+06,1557085,1856008,173.764,46.6903,1791.14
1695,25425,25439,15,PACKAGE_SCENE,100000000,24415,24415,24415,24415,24415,3853,3853,3853,0,0,0,1.68881e+06,1511607,1871289,55.0787,47.0501,72.4815
1696,25440,25454,15,PACKAGE_SCENE,100000000,24415,24415,24415,24415,24415,3853,3853,3853,0,0,0,1.68673e+06,1506184,1861294,169.324,47.4591,1727.06
1697,25455,25469,15,PACKAGE_SCENE,100000000,24415,24415,24415,24415,24415,3853,3853,3853,0,0,0,1.64264e+06,1495730,1772403,202.134,46.9335,2228.79
1698,25470,25484,15,PACKAGE_SCENE,100000000,24415,24415,24415,24415,24415,3853,3853,3853,0,0,0,1.69167e+06,1547226,1936127,221.104,47.3,2508.79
1699,25485,25499,15,PACKAGE_SCENE,100000000,24415,24415,24415,24415,24415,3853,3853,3853,0,0,0,1.69035e+06,1555470,1836404,318.2,47.0723,3962.47
1700,25500,25514,15,PACKAGE_SCENE,100000000,24415,24415,24415,24415,24415,3853,3853,3853,0,0,0,1.69724e+06,1599384,1847307,169.558,46.8204,1766.39
1701,25515,25529,15,PACKAGE_SCENE,100000000,24415,24415,24415,24415,24415,3853,3853,3853,0,0,0,1.70942e+06,1593107,1874457,55.4381,47.0421,70.2282
1702,25530,25544,15,PACKAGE_SCENE,100000000,24415,24415,24415,24415,24415,3853,3853,3853,0,0,0,1.71197e+06,1507751,1969165,171.68,47.2669,1784.84
1703,25545,25559,15,PACKAGE_SCENE,100000000,24415,24415,24415,24415,24415,3853,3853,3853,0,0,0,1.65819e+06,1548413,1859762,172.501,47.3275,1753.43
1704,25560,25574,15,PACKAGE_SCENE,100000000,24415,24415,24415,24415,24415,3853,3853,3853,0,0,0,1.67034e+06,1513104,1916931,183.887,47.5576,1929.99
1705,25575,25589,15,PACKAGE_SCENE,100000000,24415,24415,24415,24415,24415,3853,3853,3853,0,0,0,1.72763e+06,1552010,2112970,172.822,47.6715,1779.76
1706,25590,25604,15,PACKAGE_SCENE,100000000,24415,24415,24415,24415,24415,3853,3853,3853,0,0,0,1.69199e+06,1493603,1905107,262.71,47.5326,3155.63
1707,25605,25619,15,PACKAGE_SCENE,100000000,24415,24415,24415,24415,24415,3853,3853,3853,0,0,0,1.73094e+06,1569887,1901628,57.7206,45.0176,72.6083
1708,25620,25634,15,PACKAGE_SCENE,100000000,24415,24415,24415,24415,24415,3853,3853,3853,0,0,0,1.67072e+06,1490324,1851572,216.909,47.0893,2462.04
1709,25635,25649,15,PACKAGE_SCENE,100000000,24415,24415,24415,24415,24415,3853,3853,3853,0,0,0,1.70226e+06,1539032,1911926,200.947,46.8628,2241.5
1710,25650,25664,15,PACKAGE_SCENE,100000000,24415,24415,24415,24415,24415,3853,3853,3853,0,0,0,1.70434e+06,1475702,1898150,198.034,47.2651,2168.16
1711,25665,25679,15,PACKAGE_SCENE,100000000,24415,24415,24415,24415,24415,3853,3853,3853,0,0,0,1.69013e+06,1443250,1894208,209.928,48.9716,2296.1
1712,25680,25694,15,PACKAGE_SCENE,100000000,24415,24415,24415,24415,24415,3853,3853,3853,0,0,0,1.68591e+06,1539049,1844822,205.411,46.8744,2274.92
1713,25695,25709,15,PACKAGE_SCENE,100000000,24415,24415,24415,24415,24415,3853,3853,3853,0,0,0,1.64118e+06,1454759,1829369,54.9105,47.0806,65.7843
1714,25710,25724,15,PACKAGE_SCENE,100000000,24415,24415,24415,24415,24415,3853,3853,3853,0,0,0,1.71856e+06,1490966,1857228,200.147,47.059,2205.59
1715,25725,25739,15,PACKAGE_SCENE,100000000,24415,24415,24415,24415,24415,3853,3853,3853,0,0,0,1.66901e+06,1424650,1815966,202.27,46.8364,2257.71
1716,25740,25754,15,PACKAGE_SCENE,100000000,24415,24415,24415,24415,24415,3853,3853,3853,0,0,0,1.66674e+06,1498006,1795804,197.483,46.9873,2144.83
1717,25755,25769,15,PACKAGE_SCENE,100000000,24415,24415,24415,24415,24415,3853,3853,3853,0,0,0,1.68208e+06,1514304,1906794,217.018,56.1979,2408.79
1718,25770,25784,15,PACKAGE_SCENE,100000000,24415,24415,24415,24415,24415,3853,3853,3853,0,0,0,1.66354e+06,1560177,1826004,236.968,50.0508,2724.3
1719,25785,25799,15,PACKAGE_SCENE,100000000,24415,24415,24415,24415,24415,3853,3853,3853,0,0,0,1.64704e+06,1528302,1763716,58.907,54.0488,71.4306
1720,25800,25814,15,PACKAGE_SCENE,100000000,24415,24415,24415,24415,24415,3853,3853,3853,0,0,0,1.6488e+06,1527731,1834483,222.819,47.6622,2524.91
1721,25815,25829,15,PACKAGE_SCENE,100000000,24415,24415,24415,24415,24415,3853,3853,3853,0,0,0,1.65511e+06,1526269,1817339,193.794,46.6911,2133.44
1722,25830,25844,15,PACKAGE_SCENE,100000000,24415,24415,24415,24415,24415,3853,3853,3853,0,0,0,1.73822e+06,1589238,1939775,203.33,47.1535,2255.87
1723,25845,25859,15,PACKAGE_SCENE,100000000,24415,24415,24415,24415,24415,3853,3853,3853,0,0,0,1.67364e+06,1460445,1874338,191.607,47.1697,2111.69
1724,25860,25874,15,PACKAGE_SCENE,100000000,24415,24415,24415,24415,24415,3853,3853,3853,0,0,0,1.6938e+06,1546098,1888544,207.33,47.291,2292.04
1725,25875,25889,15,PACKAGE_SCENE,100000000,24415,24415,24415,24415,24415,3853,3853,3853,0,0,0,1.64422e+06,1519801,1949251,58.5604,47.2562,71.4812
1726,25890,25904,15,PACKAGE_SCENE,100000000,24415,24415,24415,24415,24415,3853,3853,3853,0,0,0,1.68209e+06,1483330,1868078,207.975,47.2459,2329.3
1727,25905,25919,15,PACKAGE_SCENE,100000000,24415,24415,24415,24415,24415,3853,3853,3853,0,0,0,1.67466e+06,1474732,1874831,171.483,47.5021,1757.25
1728,25920,25934,15,PACKAGE_SCENE,100000000,24415,24415,24415,24415,24415,3853,3853,3853,0,0,0,1.6697e+06,1506704,1781943,176.583,47.8337,1818.36
1729,25935,25949,15,PACKAGE_SCENE,100000000,24415,24415,24415,24415,24415,3853,3853,3853,0,0,0,1.66004e+06,1446948,1797282,170.643,47.52,1690.44
1730,25950,25964,15,PACKAGE_SCENE,100000000,24415,24415,24415,24415,24415,3853,3853,3853,0,0,0,1.66018e+06,1446227,1862145,500.008,47.4407,6718.83
1731,25965,25979,15,PACKAGE_SCENE,100000000,24415,24415,24415,24415,24415,3853,3853,3853,0,0,0,1.68504e+06,1504291,1805846,54.9626,47.251,65.6232
