batch_index,first_frame,last_frame,frames,scene_type,sphere_count,total_blocks,pool_slots,avg_numVisible,min_numVisible,max_numVisible,avg_numFiltered,min_numFiltered,max_numFiltered,avg_numRequests,min_numRequests,max_numRequests,avg_activeCount,min_activeCount,max_activeCount,avg_frame_ms,min_frame_ms,max_frame_ms
0,0,14,15,LOADED_SCENE,552008,1079,1079,471.267,162,513,208.733,73,230,24.8667,0,166,22762.9,0,32593,24.47,6.7413,208.235
1,15,29,15,LOADED_SCENE,552008,1079,1079,472,438,483,189.933,152,208,2.86667,0,11,19097.9,14681,20609,11.4715,6.0107,28.1894
2,30,44,15,LOADED_SCENE,552008,1079,1079,419.6,399,438,167.133,138,204,4.2,0,18,15871.3,13559,23193,16.0748,8.8272,27.966
3,45,59,15,LOADED_SCENE,552008,1079,1079,313.8,269,399,189.267,178,206,3.8,0,19,32469.9,25244,37453,16.7006,6.2233,45.4303
4,60,74,15,LOADED_SCENE,552008,1079,1079,259.133,254,268,189.2,185,192,0.933333,0,3,36566.2,35977,37283,4.44251,3.3193,7.1922
5,75,89,15,LOADED_SCENE,552008,1079,1079,250.067,242,254,194,190,200,0.666667,0,3,34117.3,32723,35639,4.32299,3.635,5.0934
6,90,104,15,LOADED_SCENE,552008,1079,1079,232.467,223,242,184.467,174,196,0.4,0,4,30089.1,27311,32402,4.35895,3.8635,5.2063
7,105,119,15,LOADED_SCENE,552008,1079,1079,214,209,223,153.8,134,170,0.466667,0,7,21355.7,15115,26305,4.49922,4.0808,5.6892
8,120,134,15,LOADED_SCENE,552008,1079,1079,196.533,185,209,136.933,129,148,0.0666667,0,1,19613.1,17817,21064,6.16179,4.5578,9.6419
9,135,149,15,LOADED_SCENE,552008,1079,1079,167.933,166,179,127.667,125,132,0.133333,0,1,16350.3,14497,18698,7.26183,3.4435,22.1078
10,150,164,15,LOADED_SCENE,552008,1079,1079,175.4,160,216,134.2,125,160,0.266667,0,2,15814.7,13711,21571,5.47593,3.411,13.0489
11,165,179,15,LOADED_SCENE,552008,1079,1079,298.067,216,456,172.133,140,187,1.4,0,8,25555.9,12094,34816,10.5983,3.7344,29.0849
12,180,194,15,LOADED_SCENE,552008,1079,1079,466.933,417,523,247.533,167,325,7.66667,0,51,35259.2,12671,60658,11.4578,4.1762,33.01
13,195,209,15,LOADED_SCENE,552008,1079,1079,337.933,265,409,246.267,184,301,1.06667,0,3,43419.2,31128,55572,4.42089,3.1711,5.6192
14,210,224,15,LOADED_SCENE,552008,1079,1079,223.467,202,262,178.533,170,189,0.333333,0,2,31330.1,29570,33978,3.20789,2.462,4.8827
15,225,239,15,LOADED_SCENE,552008,1079,1079,211.267,202,216,176.6,171,179,0,0,0,31065.1,30140,32101,2.86566,2.4399,3.8805
16,240,254,15,LOADED_SCENE,552008,1079,1079,223,216,228,176.8,171,183,0,0,0,32544.1,30835,34093,2.41758,2.1692,2.7459
17,255,269,15,LOADED_SCENE,552008,1079,1079,232,228,245,185.333,181,195,0,0,0,33665.5,32710,34370,2.54268,2.3498,2.8577
18,270,284,15,LOADED_SCENE,552008,1079,1079,249.267,245,250,195.133,189,200,0,0,0,33974.9,32151,35700,2.70364,2.4528,3.244
19,285,299,15,LOADED_SCENE,552008,1079,1079,260.8,250,268,194.133,187,201,0,0,0,33907,32358,36110,2.82148,2.541,3.3579
20,300,314,15,LOADED_SCENE,552008,1079,1079,280.6,268,289,204.4,195,214,0,0,0,35150.1,34637,37095,2.89789,2.6868,3.3601
21,315,329,15,LOADED_SCENE,552008,1079,1079,310.4,289,328,233.467,210,250,0,0,0,39431.8,35255,43356,3.41971,3.021,3.7832
22,330,344,15,LOADED_SCENE,552008,1079,1079,346.6,328,365,264.733,245,287,0.266667,0,3,46343.1,41476,51643,4.82196,4.1054,6.1178
23,345,359,15,LOADED_SCENE,552008,1079,1079,378.067,371,388,288.667,286,291,0.0666667,0,1,53730.8,51708,55809,4.17705,3.4081,5.731
24,360,374,15,LOADED_SCENE,552008,1079,1079,399.867,388,407,298.667,291,305,0,0,0,57061.5,54511,58673,3.76639,3.3248,5.0173
25,375,389,15,LOADED_SCENE,552008,1079,1079,417.867,407,436,307,298,317,0,0,0,59394.5,56862,61561,3.73731,3.3494,4.5052
26,390,404,15,LOADED_SCENE,552008,1079,1079,437.2,434,444,315.733,306,334,0.0666667,0,1,61745.3,57520,67307,3.71112,3.3298,4.735
27,405,419,15,LOADED_SCENE,552008,1079,1079,455.267,444,474,333.267,329,338,0.866667,0,7,67230.5,64775,68752,4.80187,3.7862,6.4206
28,420,434,15,LOADED_SCENE,552008,1079,1079,487.067,480,493,332.533,323,338,0,0,0,66183.7,62502,67818,3.93651,3.5976,4.5434
29,435,449,15,LOADED_SCENE,552008,1079,1079,505.267,492,524,312.267,287,325,0.466667,0,7,57098.7,41897,63961,4.49508,3.7877,5.7294
30,450,464,15,LOADED_SCENE,552008,1079,1079,530.867,522,557,256.2,230,282,0,0,0,33445.3,25475,39928,22.3842,4.7556,142.651
31,465,479,15,LOADED_SCENE,552008,1079,1079,555.267,553,564,250.267,234,283,0.466667,0,7,33524.9,30087,40306,5.96554,4.903,12.3333
32,480,494,15,LOADED_SCENE,552008,1079,1079,561.267,550,571,296.467,281,313,0.733333,0,6,40144.6,32762,46305,5.73317,3.2367,32.247
33,495,509,15,LOADED_SCENE,552008,1079,1079,538.067,524,561,297.133,291,309,0,0,0,46060.3,43802,48550,25.2252,3.3086,326.923
34,510,524,15,LOADED_SCENE,552008,1079,1079,470.4,466,478,220.133,208,231,0.133333,0,2,27455.9,25500,29449,4.00161,3.6433,4.8553
35,525,539,15,LOADED_SCENE,552008,1079,1079,442.733,421,464,259.667,225,286,0.2,0,1,41536.3,28932,53883,8.43819,3.4508,31.8936
36,540,554,15,LOADED_SCENE,552008,1079,1079,391.067,374,416,272.8,262,284,0.0666667,0,1,52435.7,48886,54243,3.57512,3.2453,4.3917
37,555,569,15,LOADED_SCENE,552008,1079,1079,369.667,355,381,264.6,254,273,0.133333,0,1,49293.2,46278,52635,4.49806,3.2217,18.6974
38,570,584,15,LOADED_SCENE,552008,1079,1079,335.2,320,353,255.133,249,268,0.0666667,0,1,49625.8,47840,50907,3.18395,2.8982,4.0872
39,585,599,15,LOADED_SCENE,552008,1079,1079,314.267,311,320,255.6,250,259,0.133333,0,2,48511,46253,51372,3.37055,2.9868,4.1927
40,600,614,15,LOADED_SCENE,552008,1079,1079,292.2,284,305,247.2,243,255,0,0,0,47793.7,45863,49401,3.24617,2.937,4.4205
41,615,629,15,LOADED_SCENE,552008,1079,1079,279.733,278,284,239,235,243,0,0,0,44516,41791,46892,3.13815,2.9425,3.5471
42,630,644,15,LOADED_SCENE,552008,1079,1079,266,261,270,226.4,218,233,0,0,0,41406.3,39222,43184,3.27459,2.9438,4.097
43,645,659,15,LOADED_SCENE,552008,1079,1079,257,257,257,202.533,195,212,0,0,0,34583,29351,39125,3.37733,3.1134,4.3719
44,660,674,15,LOADED_SCENE,552008,1079,1079,248.2,243,257,186.2,179,195,0,0,0,27178.3,26051,29317,3.31335,3.0912,3.9702
45,675,689,15,LOADED_SCENE,552008,1079,1079,240.8,240,243,181.8,179,185,0,0,0,24813.7,22875,26007,3.26937,2.8199,4.0183
46,690,704,15,LOADED_SCENE,552008,1079,1079,226.533,219,233,169.267,164,175,0,0,0,21083.8,19715,22340,2.78243,2.4809,3.4884
47,705,719,15,LOADED_SCENE,552008,1079,1079,213.333,205,219,162.4,157,166,0,0,0,17847.3,16274,19613,2.64207,2.3787,3.098
48,720,734,15,LOADED_SCENE,552008,1079,1079,190.933,175,205,152.333,144,161,0,0,0,15081.5,13780,16088,2.7777,2.5079,3.6435
49,735,749,15,LOADED_SCENE,552008,1079,1079,219.6,170,243,169.6,139,191,0,0,0,20622.1,13461,30540,3.10583,2.6692,4.0019
50,750,764,15,LOADED_SCENE,552008,1079,1079,299.467,249,360,246.6,197,271,1.13333,0,6,44686.2,32020,49489,4.30586,3.0668,5.5206
51,765,779,15,LOADED_SCENE,552008,1079,1079,452.667,367,528,274.4,214,303,3.06667,0,10,44647.8,29830,53371,14.4149,3.915,52.1144
52,780,794,15,LOADED_SCENE,552008,1079,1079,258.867,221,494,201.933,189,267,2,0,16,27866.2,22282,45233,14.2174,2.1807,161.491
53,795,809,15,LOADED_SCENE,552008,1079,1079,225,224,229,192.133,189,197,0,0,0,29279.8,27253,31513,4.13245,2.1402,24.3345
54,810,824,15,LOADED_SCENE,552008,1079,1079,245.933,229,250,211.467,196,218,0.0666667,0,1,38998.4,30722,42672,6.54197,2.3539,30.8884
55,825,839,15,LOADED_SCENE,552008,1079,1079,265.733,250,300,238.067,221,272,0.666667,0,8,45393.2,43403,47238,3.78757,3.3396,4.6061
56,840,854,15,LOADED_SCENE,552008,1079,1079,312.4,303,324,282.2,268,293,0,0,0,49991.7,46013,52200,3.18329,2.7677,3.7134
57,855,869,15,LOADED_SCENE,552008,1079,1079,341.467,323,347,303.867,291,310,0.0666667,0,1,54511.9,51331,57102,3.60757,2.8865,4.6596
58,870,884,15,LOADED_SCENE,552008,1079,1079,370.867,347,399,332.467,310,349,0.0666667,0,1,59755.9,56895,61690,3.34251,2.8586,4.0062
59,885,899,15,LOADED_SCENE,552008,1079,1079,404.733,399,414,347.333,341,357,0,0,0,62960.6,61564,64894,4.20155,3.041,5.3872
60,900,914,15,LOADED_SCENE,552008,1079,1079,424.067,414,425,365.467,355,368,0,0,0,67480.7,64101,69716,4.50937,4.1209,5.2414
61,915,929,15,LOADED_SCENE,552008,1079,1079,463.267,426,471,367.933,360,388,0.8,0,5,69093.3,62830,72041,7.00682,3.5543,27.4618
62,930,944,15,LOADED_SCENE,552008,1079,1079,532.067,475,576,322.067,288,356,0.333333,0,4,59125.8,51517,66116,24.1665,8.4942,97.436
63,945,959,15,LOADED_SCENE,552008,1079,1079,554.867,538,587,329.067,287,375,0.933333,0,7,63656.4,53477,70961,32.9515,11.3578,86.3457
64,960,974,15,LOADED_SCENE,552008,1079,1079,506.8,481,557,351.933,332,380,0.0666667,0,1,70923.5,59304,76429,16.9942,7.043,68.2396
65,975,989,15,LOADED_SCENE,552008,1079,1079,477.467,452,486,381.533,371,390,0,0,0,72426.7,67410,75535,4.12032,3.6191,6.6976
66,990,1004,15,LOADED_SCENE,552008,1079,1079,446.267,433,452,367.467,353,373,0,0,0,70688.5,67235,73284,3.78377,3.2333,4.8289
67,1005,1019,15,LOADED_SCENE,552008,1079,1079,378.267,363,392,319.467,314,326,0,0,0,65488.9,55937,69309,3.49397,2.9908,4.8349
68,1020,1034,15,LOADED_SCENE,552008,1079,1079,341.2,340,358,287.333,274,310,0,0,0,62800.5,59691,66927,4.13163,3.6447,4.7685
69,1035,1049,15,LOADED_SCENE,552008,1079,1079,329.733,326,340,288.867,285,294,0.0666667,0,1,60457.8,58150,62593,4.21813,2.9867,4.8519
70,1050,1064,15,LOADED_SCENE,552008,1079,1079,305.467,291,326,279.6,271,294,0,0,0,57554.2,54216,59582,3.06049,2.7401,3.9392
71,1065,1079,15,LOADED_SCENE,552008,1079,1079,284.733,280,291,267.067,261,274,0,0,0,53292.1,50738,55472,2.86652,2.7109,3.6198
72,1080,1094,15,LOADED_SCENE,552008,1079,1079,276.267,258,280,259.667,248,263,0,0,0,49011.3,47040,52568,2.99755,2.6596,3.7525
73,1095,1109,15,LOADED_SCENE,552008,1079,1079,258,258,258,241.733,237,248,0,0,0,46225.6,44054,49272,2.81314,2.5502,3.5423
74,1110,1124,15,LOADED_SCENE,552008,1079,1079,245.667,242,258,222.467,217,237,0,0,0,42574.5,41209,43787,2.74378,2.4088,3.1214
75,1125,1139,15,LOADED_SCENE,552008,1079,1079,242,242,242,214.067,210,217,0,0,0,38052.3,35096,41277,2.74875,2.374,3.2495
76,1140,1154,15,LOADED_SCENE,552008,1079,1079,236.467,231,242,197.2,189,207,0,0,0,30150.1,27374,33653,2.75722,2.2861,3.604
77,1155,1169,15,LOADED_SCENE,552008,1079,1079,228,226,231,193.133,191,195,0,0,0,26952.3,25379,27856,2.47394,2.2138,2.9403
78,1170,1184,15,LOADED_SCENE,552008,1079,1079,218.8,212,226,183.267,179,193,0,0,0,22177.3,20343,25346,2.41927,2.1216,2.9492
79,1185,1199,15,LOADED_SCENE,552008,1079,1079,210.667,207,212,181,179,183,0,0,0,19020.6,17857,20212,2.61781,2.2473,3.3378
80,1200,1212,13,LOADED_SCENE,552008,1079,1079,208.154,207,212,182.308,180,186,0,0,0,17427.8,15563,20653,2.59505,2.2301,3.7303
0,0,14,15,LOADED_SCENE,552008,1079,1079,468.2,162,513,201.533,73,232,25.2,1,166,20651.8,0,31376,26.7502,7.0238,246.659
1,15,29,15,LOADED_SCENE,552008,1079,1079,453.533,413,483,177.067,138,207,4.53333,0,20,17385.3,14292,20581,21.6594,9.4879,64.3404
2,30,44,15,LOADED_SCENE,552008,1079,1079,320.533,262,412,187.133,171,207,6.06667,0,35,29923.1,14652,37269,21.6026,7.5517,112.059
3,45,59,15,LOADED_SCENE,552008,1079,1079,255.267,251,262,192.067,189,200,1.2,0,4,35551.3,33792,37295,5.71099,4.4801,7.7515
4,60,74,15,LOADED_SCENE,552008,1079,1079,236.267,223,248,187.067,174,196,0.6,0,4,30828.4,28015,33359,5.79601,5.1158,6.7391
5,75,89,15,LOADED_SCENE,552008,1079,1079,211.4,199,223,150.8,133,172,0.533333,0,7,21204.1,15459,26896,6.98275,5.9367,8.5085
6,90,104,15,LOADED_SCENE,552008,1079,1079,176.533,166,199,129.733,124,140,0.2,0,1,17314.2,14729,20290,12.0196,7.4832,22.1575
7,105,119,15,LOADED_SCENE,552008,1079,1079,162.867,160,166,132.4,126,138,0.266667,0,2,14371.3,13707,15393,5.12885,4.104,6.9918
8,120,134,15,LOADED_SCENE,552008,1079,1079,213.133,166,251,157,125,190,0.333333,0,5,23028.1,14299,32280,9.63465,4.9989,19.3839
9,135,149,15,LOADED_SCENE,552008,1079,1079,292.333,253,326,170.867,157,188,0.4,0,6,27381.9,18689,35407,194.073,4.715,626.796
10,150,164,15,LOADED_SCENE,552008,1079,1079,292,275,326,180.133,159,192,0,0,0,30844.4,21690,36999,126.457,7.6972,367.322
11,165,179,15,LOADED_SCENE,552008,1079,1079,275,275,275,192,192,192,0,0,0,36830.3,36631,36961,9.8507,7.6657,23.9879
12,180,194,15,LOADED_SCENE,552008,1079,1079,377.8,275,513,171.533,152,205,0,0,0,23746.3,14693,36962,22.1319,7.7461,34.0396
13,195,209,15,LOADED_SCENE,552008,1079,1079,513,513,513,205,205,205,0,0,0,19570.3,19547,19585,15.8562,9.2122,46.5711
14,210,224,15,LOADED_SCENE,552008,1079,1079,442.067,380,513,234.8,205,261,4.33333,0,63,32443.5,19545,47087,8.54294,7.2696,10.0519
15,225,239,15,LOADED_SCENE,552008,1079,1079,380,380,380,261,261,261,0,0,0,46080.1,44069,46682,7.31121,6.9348,8.368
16,240,254,15,LOADED_SCENE,552008,1079,1079,380,380,380,261,261,261,0,0,0,46094.8,45672,46778,7.28839,7.001,8.0705
17,255,269,15,LOADED_SCENE,552008,1079,1079,477.533,380,513,219.933,205,261,0,0,0,26624.9,19553,46579,9.70175,8.2376,10.5892
18,270,284,15,LOADED_SCENE,552008,1079,1079,513,513,513,205,205,205,0,0,0,19568.5,19543,19593,9.57274,9.2872,10.1092
19,285,299,15,LOADED_SCENE,552008,1079,1079,513,513,513,205,205,205,0,0,0,19565.1,19543,19584,9.66903,9.2496,10.5571
20,300,314,15,LOADED_SCENE,552008,1079,1079,513,513,513,205,205,205,0,0,0,19569.8,19550,19588,9.82681,9.3618,10.5432
21,315,329,15,LOADED_SCENE,552008,1079,1079,513,513,513,205,205,205,0,0,0,19569.1,19543,19584,9.50518,9.2382,10.24
22,330,344,15,LOADED_SCENE,552008,1079,1079,513,513,513,205,205,205,0,0,0,19566.1,19544,19586,9.52795,9.0733,10.1073
23,345,359,15,LOADED_SCENE,552008,1079,1079,513,513,513,205,205,205,0,0,0,19570.9,19552,19588,9.5523,9.1942,10.5192
24,360,374,15,LOADED_SCENE,552008,1079,1079,513,513,513,205,205,205,0,0,0,19567.2,19547,19581,9.72397,9.1766,10.4299
25,375,389,15,LOADED_SCENE,552008,1079,1079,513,513,513,205,205,205,0,0,0,19574.1,19551,19583,9.57549,9.0063,11.0877
26,390,404,15,LOADED_SCENE,552008,1079,1079,513,513,513,205,205,205,0,0,0,19566.7,19550,19583,10.7173,9.269,22.4385
27,405,419,15,LOADED_SCENE,552008,1079,1079,513,513,513,205,205,205,0,0,0,19577.3,19556,19590,135.553,9.2688,1863.43
28,420,434,15,LOADED_SCENE,552008,1079,1079,513,513,513,205,205,205,0,0,0,19570.9,19541,19590,94.5404,9.2222,1254.74
29,435,449,15,LOADED_SCENE,552008,1079,1079,513,513,513,205,205,205,0,0,0,19573.9,19560,19591,60.8938,9.253,772.418
30,450,464,15,LOADED_SCENE,552008,1079,1079,513,513,513,205,205,205,0,0,0,19575.7,19560,19587,12.0419,9.138,34.0842
31,465,479,15,LOADED_SCENE,552008,1079,1079,513,513,513,205,205,205,0,0,0,19569.5,19549,19589,59.3486,9.345,736.312
32,480,494,15,LOADED_SCENE,552008,1079,1079,513,513,513,205,205,205,0,0,0,19569.5,19532,19581,56.1016,9.3151,688.807
33,495,509,15,LOADED_SCENE,552008,1079,1079,513,513,513,205,205,205,0,0,0,19570.7,19549,19585,47.9052,9.3453,554.975
34,510,524,15,LOADED_SCENE,552008,1079,1079,513,513,513,205,205,205,0,0,0,19568.6,19549,19584,54.3499,9.4194,663.33
35,525,539,15,LOADED_SCENE,552008,1079,1079,513,513,513,205,205,205,0,0,0,19577.1,19552,19588,34.6492,9.3572,379.641
36,540,554,15,LOADED_SCENE,552008,1079,1079,513,513,513,205,205,205,0,0,0,19571.6,19543,19588,11.3878,9.1181,22.5396
37,555,569,15,LOADED_SCENE,552008,1079,1079,513,513,513,205,205,205,0,0,0,19572.9,19557,19586,37.0989,9.2512,405.659
38,570,584,15,LOADED_SCENE,552008,1079,1079,513,513,513,205,205,205,0,0,0,19570.9,19555,19589,35.3725,9.2447,371.365
39,585,599,15,LOADED_SCENE,552008,1079,1079,513,513,513,205,205,205,0,0,0,19568,19550,19581,36.8181,9.2249,401.969
40,600,614,15,LOADED_SCENE,552008,1079,1079,513,513,513,205,205,205,0,0,0,19568.7,19547,19585,35.7215,9.2751,381.476
41,615,629,15,LOADED_SCENE,552008,1079,1079,513,513,513,205,205,205,0,0,0,19568.2,19542,19581,36.1983,9.1645,397.854
42,630,644,15,LOADED_SCENE,552008,1079,1079,513,513,513,205,205,205,0,0,0,19570,19558,19579,11.5484,9.2994,35.5958
43,645,659,15,LOADED_SCENE,552008,1079,1079,513,513,513,205,205,205,0,0,0,19568.9,19547,19581,36.2583,9.1076,394.739
44,660,674,15,LOADED_SCENE,552008,1079,1079,513,513,513,205,205,205,0,0,0,19569.8,19544,19588,35.0117,9.2574,369.376
45,675,689,15,LOADED_SCENE,552008,1079,1079,513,513,513,205,205,205,0,0,0,19570,19539,19584,37.8975,9.2006,412.813
46,690,704,15,LOADED_SCENE,552008,1079,1079,513,513,513,205,205,205,0,0,0,19567.1,19552,19582,36.7225,9.309,397.687
47,705,719,15,LOADED_SCENE,552008,1079,1079,513,513,513,205,205,205,0,0,0,19566.1,19550,19585,36.6911,9.2099,405.902
48,720,734,15,LOADED_SCENE,552008,1079,1079,513,513,513,205,205,205,0,0,0,19572,19554,19586,12.0358,9.2239,35.3465
49,735,749,15,LOADED_SCENE,552008,1079,1079,513,513,513,205,205,205,0,0,0,19577.5,19564,19592,57.5571,9.3555,696.405
50,750,764,15,LOADED_SCENE,552008,1079,1079,513,513,513,205,205,205,0,0,0,19565.3,19532,19585,45.6114,9.3519,515.677
51,765,779,15,LOADED_SCENE,552008,1079,1079,513,513,513,205,205,205,0,0,0,19572,19561,19589,43.4712,9.4317,493.438
52,780,794,15,LOADED_SCENE,552008,1079,1079,513,513,513,205,205,205,0,0,0,19569.3,19549,19584,42.5172,9.1649,476.913
53,795,809,15,LOADED_SCENE,552008,1079,1079,513,513,513,205,205,205,0,0,0,19565,19537,19583,40.7616,9.0993,464.956
54,810,824,15,LOADED_SCENE,552008,1079,1079,513,513,513,205,205,205,0,0,0,19571.8,19551,19589,11.9512,9.256,32.3916
55,825,839,15,LOADED_SCENE,552008,1079,1079,513,513,513,205,205,205,0,0,0,19568.9,19550,19583,43.9114,9.3032,499.914
56,840,854,15,LOADED_SCENE,552008,1079,1079,513,513,513,205,205,205,0,0,0,19574.3,19552,19590,41.3768,9.2059,469.719
57,855,869,15,LOADED_SCENE,552008,1079,1079,513,513,513,205,205,205,0,0,0,19573.3,19551,19585,42.4316,9.2197,474.902
58,870,884,15,LOADED_SCENE,552008,1079,1079,513,513,513,205,205,205,0,0,0,19569.4,19546,19588,42.5291,9.1482,468.318
59,885,899,15,LOADED_SCENE,552008,1079,1079,513,513,513,205,205,205,0,0,0,19565.4,19543,19584,42.268,9.5679,485.567
60,900,914,15,LOADED_SCENE,552008,1079,1079,513,513,513,205,205,205,0,0,0,19574.6,19558,19588,11.5809,9.1593,27.2821
61,915,929,15,LOADED_SCENE,552008,1079,1079,513,513,513,205,205,205,0,0,0,19567.6,19537,19583,42.8163,9.1367,488.346
62,930,944,15,LOADED_SCENE,552008,1079,1079,513,513,513,205,205,205,0,0,0,19569.9,19555,19586,44.7594,9.3668,499.213
63,945,959,15,LOADED_SCENE,552008,1079,1079,513,513,513,205,205,205,0,0,0,19565.7,19544,19587,43.5468,9.1049,493.291
64,960,974,15,LOADED_SCENE,552008,1079,1079,513,513,513,205,205,205,0,0,0,19571.2,19558,19584,41.5033,9.2379,467.946
65,975,989,15,LOADED_SCENE,552008,1079,1079,513,513,513,205,205,205,0,0,0,19571.2,19552,19589,42.3376,9.4556,492.042
66,990,1004,15,LOADED_SCENE,552008,1079,1079,513,513,513,205,205,205,0,0,0,19567.3,19545,19589,11.415,9.2218,24.0593
67,1005,1019,15,LOADED_SCENE,552008,1079,1079,513,513,513,205,205,205,0,0,0,19567.4,19546,19584,44.4224,9.5216,493.62
68,1020,1034,15,LOADED_SCENE,552008,1079,1079,513,513,513,205,205,205,0,0,0,19569.2,19542,19587,44.0987,9.5027,494.381
69,1035,1049,15,LOADED_SCENE,552008,1079,1079,513,513,513,205,205,205,0,0,0,19567.3,19543,19589,38.2234,9.4761,413.635
70,1050,1064,15,LOADED_SCENE,552008,1079,1079,513,513,513,205,205,205,0,0,0,19569.3,19547,19586,40.4702,9.6955,401.329
71,1065,1079,15,LOADED_SCENE,552008,1079,1079,513,513,513,205,205,205,0,0,0,19565.5,19530,19584,41.5246,9.8393,457.851
72,1080,1094,15,LOADED_SCENE,552008,1079,1079,513,513,513,205,205,205,0,0,0,19572.5,19539,19594,11.9202,9.1447,31.5157
73,1095,1109,15,LOADED_SCENE,552008,1079,1079,513,513,513,205,205,205,0,0,0,19571.5,19559,19584,119.233,9.1742,1649.57
74,1110,1124,15,LOADED_SCENE,552008,1079,1079,513,513,513,205,205,205,0,0,0,19565.4,19542,19582,9.73567,9.2323,11.1842
75,1125,1139,15,LOADED_SCENE,552008,1079,1079,513,513,513,205,205,205,0,0,0,19569.2,19549,19587,9.68363,9.2387,10.5324
76,1140,1154,15,LOADED_SCENE,552008,1079,1079,513,513,513,205,205,205,0,0,0,19572.7,19550,19583,11.8145,9.247,24.4289
77,1155,1169,15,LOADED_SCENE,552008,1079,1079,513,513,513,205,205,205,0,0,0,19572.4,19553,19593,9.61105,9.1875,10.6486
78,1170,1184,15,LOADED_SCENE,552008,1079,1079,513,513,513,205,205,205,0,0,0,19576.5,19558,19589,9.74145,9.3923,10.9216
79,1185,1199,15,LOADED_SCENE,552008,1079,1079,513,513,513,205,205,205,0,0,0,19572.9,19557,19585,10.2921,9.2932,12.84
80,1200,1214,15,LOADED_SCENE,552008,1079,1079,513,513,513,205,205,205,0,0,0,19570.9,19548,19587,10.5963,9.2189,13.7238
81,1215,1229,15,LOADED_SCENE,552008,1079,1079,513,513,513,205,205,205,0,0,0,19566,19543,19586,10.0097,9.256,10.8933
82,1230,1244,15,LOADED_SCENE,552008,1079,1079,513,513,513,205,205,205,0,0,0,19571.8,19558,19585,9.7937,9.324,10.5969
83,1245,1259,15,LOADED_SCENE,552008,1079,1079,513,513,513,205,205,205,0,0,0,19571.4,19559,19585,10.3591,9.2477,13.053
84,1260,1274,15,LOADED_SCENE,552008,1079,1079,513,513,513,205,205,205,0,0,0,19573.7,19554,19586,11.1497,9.4743,23.6743
85,1275,1289,15,LOADED_SCENE,552008,1079,1079,513,513,513,205,205,205,0,0,0,19571.1,19553,19585,9.98947,9.5078,10.7812
86,1290,1304,15,LOADED_SCENE,552008,1079,1079,513,513,513,205,205,205,0,0,0,19575.9,19553,19588,10.6256,9.2308,13.2779
87,1305,1319,15,LOADED_SCENE,552008,1079,1079,513,513,513,205,205,205,0,0,0,19568.1,19552,19583,9.81058,9.3406,11.3265
88,1320,1334,15,LOADED_SCENE,552008,1079,1079,513,513,513,205,205,205,0,0,0,19574.5,19539,19584,9.79225,9.4197,10.4064
89,1335,1349,15,LOADED_SCENE,552008,1079,1079,513,513,513,205,205,205,0,0,0,19569.3,19546,19581,9.83005,9.1015,10.7228
90,1350,1364,15,LOADED_SCENE,552008,1079,1079,513,513,513,205,205,205,0,0,0,19573.7,19547,19597,9.96276,9.2565,10.7457
91,1365,1379,15,LOADED_SCENE,552008,1079,1079,513,513,513,205,205,205,0,0,0,19575.2,19557,19589,9.94877,9.3636,11.0771
92,1380,1394,15,LOADED_SCENE,552008,1079,1079,513,513,513,205,205,205,0,0,0,19572.6,19545,19589,9.80955,9.3473,10.6942
93,1395,1409,15,LOADED_SCENE,552008,1079,1079,513,513,513,205,205,205,0,0,0,19572.2,19557,19586,9.68285,9.1363,10.1485
94,1410,1424,15,LOADED_SCENE,552008,1079,1079,513,513,513,205,205,205,0,0,0,19568,19548,19591,9.82495,9.2031,10.7125
95,1425,1439,15,LOADED_SCENE,552008,1079,1079,513,513,513,205,205,205,0,0,0,19572.2,19556,19585,9.69103,9.2079,11.098
96,1440,1454,15,LOADED_SCENE,552008,1079,1079,513,513,513,205,205,205,0,0,0,19569.6,19546,19588,9.72279,9.1463,11.1401
97,1455,1469,15,LOADED_SCENE,552008,1079,1079,513,513,513,205,205,205,0,0,0,19565.2,19547,19582,9.99991,9.3374,11.078
98,1470,1484,15,LOADED_SCENE,552008,1079,1079,513,513,513,205,205,205,0,0,0,19572.9,19554,19584,10.9989,9.3219,14.1763
99,1485,1499,15,LOADED_SCENE,552008,1079,1079,513,513,513,205,205,205,0,0,0,19569.5,19552,19581,13.7293,9.692,27.3717
100,1500,1514,15,LOADED_SCENE,552008,1079,1079,513,513,513,205,205,205,0,0,0,19564.5,19535,19583,10.2511,9.5801,11.6933
101,1515,1529,15,LOADED_SCENE,552008,1079,1079,513,513,513,205,205,205,0,0,0,19565.3,19549,19585,10.6232,9.8941,13.1949
102,1530,1544,15,LOADED_SCENE,552008,1079,1079,513,513,513,205,205,205,0,0,0,19572.4,19547,19593,10.0449,9.4603,11.1358
103,1545,1559,15,LOADED_SCENE,552008,1079,1079,513,513,513,205,205,205,0,0,0,19571.6,19555,19586,10.0068,9.3751,10.6086
104,1560,1574,15,LOADED_SCENE,552008,1079,1079,513,513,513,205,205,205,0,0,0,19564.7,19550,19592,11.0825,9.6238,18.464
105,1575,1589,15,LOADED_SCENE,552008,1079,1079,513,513,513,205,205,205,0,0,0,19571.9,19545,19584,9.99533,9.3694,10.906
106,1590,1604,15,LOADED_SCENE,552008,1079,1079,513,513,513,205,205,205,0,0,0,19571.5,19560,19584,9.67229,9.2588,10.3979
107,1605,1619,15,LOADED_SCENE,552008,1079,1079,513,513,513,205,205,205,0,0,0,19564.5,19548,19577,9.38729,9.0511,9.738
108,1620,1634,15,LOADED_SCENE,552008,1079,1079,513,513,513,205,205,205,0,0,0,19576.2,19554,19592,9.54156,9.108,10.7139
109,1635,1649,15,LOADED_SCENE,552008,1079,1079,513,513,513,205,205,205,0,0,0,19571.8,19560,19584,9.44157,9.1054,10.2387
110,1650,1664,15,LOADED_SCENE,552008,1079,1079,513,513,513,205,205,205,0,0,0,19575,19558,19590,9.67085,9.3092,10.4979
111,1665,1679,15,LOADED_SCENE,552008,1079,1079,513,513,513,205,205,205,0,0,0,19569.9,19539,19592,9.87644,9.5483,10.3586
112,1680,1694,15,LOADED_SCENE,552008,1079,1079,513,513,513,205,205,205,0,0,0,19565.7,19538,19577,9.52061,9.2148,10.1423
113,1695,1709,15,LOADED_SCENE,552008,1079,1079,462.133,275,513,179.467,152,205,0,0,0,18483.8,14688,37415,20.904,7.7695,35.167
114,1710,1724,15,LOADED_SCENE,552008,1079,1079,275,275,275,192,192,192,0,0,0,36751.3,36291,36961,8.01023,7.5072,8.784
115,1725,1739,15,LOADED_SCENE,552008,1079,1079,175.333,160,275,140.8,132,192,0,0,0,16719.1,13299,36958,5.07466,4.2818,8.4424
116,1740,1754,15,LOADED_SCENE,552008,1079,1079,160,160,160,133,133,133,0,0,0,13672.7,13635,13756,4.80217,4.26,5.7629
117,1755,1769,15,LOADED_SCENE,552008,1079,1079,185.2,160,202,158.2,133,175,1.93333,0,29,22668.7,13666,29632,3.99897,3.0843,5.4931
118,1770,1784,15,LOADED_SCENE,552008,1079,1079,202,202,202,175,175,175,0,0,0,29551.2,29249,29647,3.25864,2.887,3.7941
119,1785,1799,15,LOADED_SCENE,552008,1079,1079,202,202,202,175,175,175,0,0,0,29527.9,29222,29648,3.32212,2.8442,4.5626
120,1800,1814,15,LOADED_SCENE,552008,1079,1079,338.667,202,407,256.333,175,297,1.4,0,21,47933.1,29293,58131,4.63051,3.4886,6.7465
121,1815,1829,15,LOADED_SCENE,552008,1079,1079,407,407,407,297,297,297,0,0,0,57235.5,56500,58215,4.95785,4.6741,5.7846
122,1830,1844,15,LOADED_SCENE,552008,1079,1079,466.6,407,557,269.8,235,297,2.6,0,23,44785.2,24892,57857,34.1359,4.5322,223.024
123,1845,1859,15,LOADED_SCENE,552008,1079,1079,518,518,518,242,242,242,0,0,0,34440.6,34050,34541,7.4529,4.7344,26.0205
124,1860,1874,15,LOADED_SCENE,552008,1079,1079,518,518,518,242,242,242,0,0,0,34423.8,33949,34528,5.73432,4.3934,6.8786
125,1875,1889,15,LOADED_SCENE,552008,1079,1079,518,518,518,242,242,242,0,0,0,34419.3,33956,34515,5.07025,4.315,6.5217
126,1890,1904,15,LOADED_SCENE,552008,1079,1079,518,518,518,242,242,242,0,0,0,34420.7,34162,34544,4.83109,4.4512,5.6647
127,1905,1919,15,LOADED_SCENE,552008,1079,1079,518,518,518,242,242,242,0,0,0,34447.3,34378,34513,4.81201,4.3445,5.345
128,1920,1934,15,LOADED_SCENE,552008,1079,1079,518,518,518,242,242,242,0,0,0,34444.6,34382,34523,4.87143,4.4422,5.3396
129,1935,1949,15,LOADED_SCENE,552008,1079,1079,518,518,518,242,242,242,0,0,0,34447.6,34372,34510,4.75823,4.3107,5.2371
130,1950,1964,15,LOADED_SCENE,552008,1079,1079,518,518,518,242,242,242,0,0,0,34462.1,34376,34545,4.95251,4.349,6.4423
131,1965,1979,15,LOADED_SCENE,552008,1079,1079,518,518,518,242,242,242,0,0,0,34479.8,34396,34564,4.81171,4.4081,5.5192
132,1980,1994,15,LOADED_SCENE,552008,1079,1079,518,518,518,242,242,242,0,0,0,34458.7,34321,34609,4.68744,4.3025,5.3412
133,1995,2009,15,LOADED_SCENE,552008,1079,1079,518,518,518,242,242,242,0,0,0,34399.2,34031,34520,5.247,4.3509,7.1647
134,2010,2024,15,LOADED_SCENE,552008,1079,1079,518,518,518,242,242,242,0,0,0,34388.4,33893,34496,4.85405,4.3915,5.8116
135,2025,2039,15,LOADED_SCENE,552008,1079,1079,518,518,518,242,242,242,0,0,0,34430.3,34376,34499,4.86371,4.3408,6.2882
136,2040,2054,15,LOADED_SCENE,552008,1079,1079,518,518,518,242,242,242,0,0,0,34333.8,33856,34509,4.88621,4.474,5.3757
137,2055,2069,15,LOADED_SCENE,552008,1079,1079,518,518,518,242,242,242,0,0,0,34371.4,33563,34516,4.92554,4.5112,5.6251
138,2070,2084,15,LOADED_SCENE,552008,1079,1079,518,518,518,242,242,242,0,0,0,34403.9,33848,34550,4.85417,4.4535,5.4645
139,2085,2099,15,LOADED_SCENE,552008,1079,1079,518,518,518,242,242,242,0,0,0,34381.5,33857,34530,4.81569,4.4446,5.4369
140,2100,2114,15,LOADED_SCENE,552008,1079,1079,518,518,518,242,242,242,0,0,0,34420.1,34068,34580,4.72336,4.2433,5.9362
141,2115,2129,15,LOADED_SCENE,552008,1079,1079,518,518,518,242,242,242,0,0,0,34425.3,34006,34548,4.73698,4.3149,5.3782
142,2130,2144,15,LOADED_SCENE,552008,1079,1079,518,518,518,242,242,242,0,0,0,34387.2,34011,34568,4.79991,4.4673,5.3838
143,2145,2159,15,LOADED_SCENE,552008,1079,1079,518,518,518,242,242,242,0,0,0,34465.6,34386,34567,4.78612,4.3916,5.7014
144,2160,2174,15,LOADED_SCENE,552008,1079,1079,518,518,518,242,242,242,0,0,0,34422.3,34062,34541,4.71619,4.3252,5.3169
145,2175,2189,15,LOADED_SCENE,552008,1079,1079,518,518,518,242,242,242,0,0,0,34469.8,34376,34559,4.65323,4.2708,5.0652
146,2190,2204,15,LOADED_SCENE,552008,1079,1079,518,518,518,242,242,242,0,0,0,34420.5,33987,34529,4.86494,4.345,5.6501
147,2205,2219,15,LOADED_SCENE,552008,1079,1079,518,518,518,242,242,242,0,0,0,34424.7,33899,34529,4.90483,4.5351,6.5859
148,2220,2234,15,LOADED_SCENE,552008,1079,1079,518,518,518,242,242,242,0,0,0,34430.6,34098,34517,5.70873,4.2932,19.4109
149,2235,2249,15,LOADED_SCENE,552008,1079,1079,518,518,518,242,242,242,0,0,0,34408.9,34082,34521,88.5043,4.704,1251.24
150,2250,2264,15,LOADED_SCENE,552008,1079,1079,518,518,518,242,242,242,0,0,0,34443.9,34330,34594,7.94678,4.5691,30.0153
151,2265,2279,15,LOADED_SCENE,552008,1079,1079,518,518,518,242,242,242,0,0,0,34437.3,34384,34502,63.0087,4.5972,852.944
152,2280,2294,15,LOADED_SCENE,552008,1079,1079,518,518,518,242,242,242,0,0,0,34434.2,34356,34510,48.8183,4.4853,581.609
153,2295,2309,15,LOADED_SCENE,552008,1079,1079,518,518,518,242,242,242,0,0,0,34413.2,34000,34560,41.1599,4.5456,527.474
154,2310,2324,15,LOADED_SCENE,552008,1079,1079,518,518,518,242,242,242,0,0,0,34413.8,34017,34563,51.6089,4.5749,619.919
155,2325,2339,15,LOADED_SCENE,552008,1079,1079,518,518,518,242,242,242,0,0,0,34435.6,34012,34528,31.2242,4.535,384.855
156,2340,2354,15,LOADED_SCENE,552008,1079,1079,518,518,518,242,242,242,0,0,0,34438.6,34374,34526,11.2801,4.6428,34.8532
157,2355,2369,15,LOADED_SCENE,552008,1079,1079,518,518,518,242,242,242,0,0,0,34429.1,33853,34544,51.1946,4.7772,605.919
158,2370,2384,15,LOADED_SCENE,552008,1079,1079,518,518,518,242,242,242,0,0,0,34408.5,33956,34496,34.219,4.4771,372.853
159,2385,2399,15,LOADED_SCENE,552008,1079,1079,518,518,518,242,242,242,0,0,0,34418.3,33920,34544,27.1421,4.3818,312.502
160,2400,2414,15,LOADED_SCENE,552008,1079,1079,518,518,518,242,242,242,0,0,0,34452.5,34361,34539,35.5965,4.6346,379.78
161,2415,2429,15,LOADED_SCENE,552008,1079,1079,518,518,518,242,242,242,0,0,0,34433.9,34372,34544,33.4968,4.383,369.154
162,2430,2444,15,LOADED_SCENE,552008,1079,1079,518,518,518,242,242,242,0,0,0,34422.2,34049,34565,10.1779,4.6034,31.7843
163,2445,2459,15,LOADED_SCENE,552008,1079,1079,518,518,518,242,242,242,0,0,0,34435,34374,34498,35.4903,4.4956,361.789
164,2460,2474,15,LOADED_SCENE,552008,1079,1079,518,518,518,242,242,242,0,0,0,34379.1,33946,34504,32.7978,4.5965,388.195
165,2475,2489,15,LOADED_SCENE,552008,1079,1079,518,518,518,242,242,242,0,0,0,34407.2,34084,34484,26.5674,4.4216,284.17
166,2490,2504,15,LOADED_SCENE,552008,1079,1079,518,518,518,242,242,242,0,0,0,34448.3,34368,34507,35.4747,4.6792,371.007
167,2505,2519,15,LOADED_SCENE,552008,1079,1079,518,518,518,242,242,242,0,0,0,34410.6,33966,34503,27.0214,4.6316,308.704
168,2520,2534,15,LOADED_SCENE,552008,1079,1079,518,518,518,242,242,242,0,0,0,34382.8,33948,34534,7.41273,4.5823,32.3328
169,2535,2549,15,LOADED_SCENE,552008,1079,1079,518,518,518,242,242,242,0,0,0,34384.1,33946,34511,34.6254,4.751,364.521
170,2550,2564,15,LOADED_SCENE,552008,1079,1079,518,518,518,242,242,242,0,0,0,34353.1,33588,34505,29.4107,4.6905,332.946
171,2565,2579,15,LOADED_SCENE,552008,1079,1079,518,518,518,242,242,242,0,0,0,34459.8,34360,34547,38.9525,4.7168,481.335
172,2580,2594,15,LOADED_SCENE,552008,1079,1079,518,518,518,242,242,242,0,0,0,34370.1,33849,34528,35.4838,4.998,397.839
173,2595,2609,15,LOADED_SCENE,552008,1079,1079,518,518,518,242,242,242,0,0,0,34422.1,34360,34492,32.8754,4.7186,388.15
174,2610,2624,15,LOADED_SCENE,552008,1079,1079,518,518,518,242,242,242,0,0,0,34414.6,33969,34580,7.00331,4.3911,26.3316
175,2625,2639,15,LOADED_SCENE,552008,1079,1079,518,518,518,242,242,242,0,0,0,34386.3,33889,34529,35.848,4.5746,396.396
176,2640,2654,15,LOADED_SCENE,552008,1079,1079,518,518,518,242,242,242,0,0,0,34396.4,33989,34555,31.0745,4.5296,347.589
177,2655,2669,15,LOADED_SCENE,552008,1079,1079,518,518,518,242,242,242,0,0,0,34464.1,34370,34582,32.3096,4.4123,353.435
178,2670,2684,15,LOADED_SCENE,552008,1079,1079,518,518,518,242,242,242,0,0,0,34410.5,33995,34513,40.0887,4.7943,452.313
179,2685,2699,15,LOADED_SCENE,552008,1079,1079,518,518,518,242,242,242,0,0,0,34465.4,34353,34562,5.97549,4.4881,15.2004
180,2700,2714,15,LOADED_SCENE,552008,1079,1079,518,518,518,242,242,242,0,0,0,34451,34393,34549,28.9758,4.4445,321.631
181,2715,2729,15,LOADED_SCENE,552008,1079,1079,518,518,518,242,242,242,0,0,0,34413.2,33934,34559,29.1868,4.7245,341.541
182,2730,2744,15,LOADED_SCENE,552008,1079,1079,518,518,518,242,242,242,0,0,0,34421.5,34012,34549,29.4433,4.5931,316.587
183,2745,2759,15,LOADED_SCENE,552008,1079,1079,518,518,518,242,242,242,0,0,0,34451.2,34321,34555,41.5846,4.588,470.399
184,2760,2774,15,LOADED_SCENE,552008,1079,1079,518,518,518,242,242,242,0,0,0,34430.9,34359,34520,27.4963,4.6332,299.77
185,2775,2789,15,LOADED_SCENE,552008,1079,1079,518,518,518,242,242,242,0,0,0,34466.6,34374,34525,9.02025,4.4879,31.7117
186,2790,2804,15,LOADED_SCENE,552008,1079,1079,518,518,518,242,242,242,0,0,0,34449.8,34393,34518,36.9795,4.4401,454.31
187,2805,2819,15,LOADED_SCENE,552008,1079,1079,518,518,518,242,242,242,0,0,0,34376.3,33868,34550,37.5647,4.5911,403.092
188,2820,2834,15,LOADED_SCENE,552008,1079,1079,518,518,518,242,242,242,0,0,0,34452.5,34338,34605,27.827,4.3606,317.225
189,2835,2849,15,LOADED_SCENE,552008,1079,1079,518,518,518,242,242,242,0,0,0,34421.6,33916,34562,38.969,4.5407,432.665
190,2850,2864,15,LOADED_SCENE,552008,1079,1079,518,518,518,242,242,242,0,0,0,34451.9,34332,34560,26.6809,4.4518,316.356
191,2865,2879,15,LOADED_SCENE,552008,1079,1079,518,518,518,242,242,242,0,0,0,34387.3,33928,34573,11.3222,4.4822,37.1802
192,2880,2894,15,LOADED_SCENE,552008,1079,1079,518,518,518,242,242,242,0,0,0,34456.8,34369,34542,29.5839,4.7276,353.391
193,2895,2909,15,LOADED_SCENE,552008,1079,1079,518,518,518,242,242,242,0,0,0,34445.8,34346,34548,23.0485,4.6087,234.828
194,2910,2924,15,LOADED_SCENE,552008,1079,1079,518,518,518,242,242,242,0,0,0,34423.1,34322,34545,21.9779,4.6341,241.975
195,2925,2939,15,LOADED_SCENE,552008,1079,1079,518,518,518,242,242,242,0,0,0,34409.5,33871,34532,104.953,4.6917,1500.7
196,2940,2954,15,LOADED_SCENE,552008,1079,1079,518,518,518,242,242,242,0,0,0,34387.7,33949,34545,4.63715,4.3067,5.6972
197,2955,2969,15,LOADED_SCENE,552008,1079,1079,518,518,518,242,242,242,0,0,0,34415.7,33881,34526,6.8498,4.3483,28.8652
198,2970,2984,15,LOADED_SCENE,552008,1079,1079,518,518,518,242,242,242,0,0,0,34467.4,34375,34528,4.89384,4.4283,5.6883
199,2985,2999,15,LOADED_SCENE,552008,1079,1079,518,518,518,242,242,242,0,0,0,34412.8,33947,34588,4.73662,4.3002,5.5583
200,3000,3014,15,LOADED_SCENE,552008,1079,1079,518,518,518,242,242,242,0,0,0,34458.5,34041,34563,4.63893,4.3433,4.9997
201,3015,3029,15,LOADED_SCENE,552008,1079,1079,518,518,518,242,242,242,0,0,0,34359.3,33730,34503,4.64497,4.3601,5.338
202,3030,3044,15,LOADED_SCENE,552008,1079,1079,518,518,518,242,242,242,0,0,0,34435.9,34163,34528,4.91859,4.4885,5.8046
203,3045,3059,15,LOADED_SCENE,552008,1079,1079,518,518,518,242,242,242,0,0,0,34450.3,34378,34546,4.85829,4.4201,5.6291
204,3060,3074,15,LOADED_SCENE,552008,1079,1079,518,518,518,242,242,242,0,0,0,34351.9,33884,34492,4.75113,4.4914,5.7177
205,3075,3089,15,LOADED_SCENE,552008,1079,1079,518,518,518,242,242,242,0,0,0,34442.5,34360,34528,4.72521,4.3598,5.8416
206,3090,3104,15,LOADED_SCENE,552008,1079,1079,518,518,518,242,242,242,0,0,0,34452.9,34391,34591,4.84845,4.3117,6.1373
207,3105,3119,15,LOADED_SCENE,552008,1079,1079,518,518,518,242,242,242,0,0,0,34410.9,33835,34507,4.55153,4.3019,5.1615
208,3120,3134,15,LOADED_SCENE,552008,1079,1079,518,518,518,242,242,242,0,0,0,34451.1,34387,34543,4.65035,4.3526,5.5556
209,3135,3149,15,LOADED_SCENE,552008,1079,1079,518,518,518,242,242,242,0,0,0,34416.6,34346,34488,4.63816,4.2831,5.2213
210,3150,3164,15,LOADED_SCENE,552008,1079,1079,518,518,518,242,242,242,0,0,0,34430.1,34006,34552,4.6233,4.2716,5.6702
211,3165,3179,15,LOADED_SCENE,552008,1079,1079,518,518,518,242,242,242,0,0,0,34446.7,34378,34555,4.61407,4.2727,5.2582
212,3180,3194,15,LOADED_SCENE,552008,1079,1079,518,518,518,242,242,242,0,0,0,34410.7,33955,34561,4.86413,4.4718,5.6492
213,3195,3209,15,LOADED_SCENE,552008,1079,1079,518,518,518,242,242,242,0,0,0,34436.9,34405,34494,4.68739,4.2585,5.5684
214,3210,3224,15,LOADED_SCENE,552008,1079,1079,518,518,518,242,242,242,0,0,0,34381.4,33882,34519,4.67715,4.2455,5.3284
215,3225,3239,15,LOADED_SCENE,552008,1079,1079,518,518,518,242,242,242,0,0,0,34434.6,34366,34523,4.75563,4.2826,5.7727
216,3240,3254,15,LOADED_SCENE,552008,1079,1079,518,518,518,242,242,242,0,0,0,34443.2,34406,34507,4.6319,4.2731,6.1152
217,3255,3269,15,LOADED_SCENE,552008,1079,1079,518,518,518,242,242,242,0,0,0,34445.4,34361,34560,4.56348,4.3089,5.0333
218,3270,3284,15,LOADED_SCENE,552008,1079,1079,518,518,518,242,242,242,0,0,0,34379.1,33938,34507,4.76744,4.3207,5.5047
219,3285,3299,15,LOADED_SCENE,552008,1079,1079,518,518,518,242,242,242,0,0,0,34416.1,33985,34502,4.76692,4.4608,5.5128
220,3300,3314,15,LOADED_SCENE,552008,1079,1079,518,518,518,242,242,242,0,0,0,34347.6,33821,34511,4.58261,4.3191,5.4318
221,3315,3329,15,LOADED_SCENE,552008,1079,1079,518,518,518,242,242,242,0,0,0,34407.8,33637,34546,4.51317,4.24,4.9012
222,3330,3344,15,LOADED_SCENE,552008,1079,1079,518,518,518,242,242,242,0,0,0,34403.7,33984,34536,4.61517,4.3008,4.9911
223,3345,3359,15,LOADED_SCENE,552008,1079,1079,518,518,518,242,242,242,0,0,0,34433.4,34356,34513,4.74589,4.364,5.3617
224,3360,3374,15,LOADED_SCENE,552008,1079,1079,518,518,518,242,242,242,0,0,0,34453.9,34372,34500,4.59858,4.3408,4.9346
225,3375,3389,15,LOADED_SCENE,552008,1079,1079,518,518,518,242,242,242,0,0,0,34416.9,34069,34538,4.67861,4.3982,5.5041
226,3390,3404,15,LOADED_SCENE,552008,1079,1079,518,518,518,242,242,242,0,0,0,34469.2,34407,34534,4.63535,4.3146,5.3202
227,3405,3419,15,LOADED_SCENE,552008,1079,1079,518,518,518,242,242,242,0,0,0,34431,34049,34546,4.69889,4.3515,5.3583
228,3420,3434,15,LOADED_SCENE,552008,1079,1079,518,518,518,242,242,242,0,0,0,34379.4,33937,34480,4.65857,4.3554,5.2074
229,3435,3449,15,LOADED_SCENE,552008,1079,1079,518,518,518,242,242,242,0,0,0,34371.1,33854,34533,4.75217,4.429,5.8209
230,3450,3464,15,LOADED_SCENE,552008,1079,1079,518,518,518,242,242,242,0,0,0,34448.7,34377,34527,4.95439,4.4481,7.8544
231,3465,3479,15,LOADED_SCENE,552008,1079,1079,518,518,518,242,242,242,0,0,0,34461.3,34352,34594,4.83931,4.4173,5.7094
232,3480,3494,15,LOADED_SCENE,552008,1079,1079,518,518,518,242,242,242,0,0,0,34414.9,33920,34573,5.28879,4.4374,6.8129
233,3495,3509,15,LOADED_SCENE,552008,1079,1079,518,518,518,242,242,242,0,0,0,34451.7,34324,34551,5.60988,4.4973,8.5441
234,3510,3524,15,LOADED_SCENE,552008,1079,1079,518,518,518,242,242,242,0,0,0,34457.6,34393,34548,5.43772,4.7799,6.7007
235,3525,3539,15,LOADED_SCENE,552008,1079,1079,518,518,518,242,242,242,0,0,0,34373.4,33966,34498,5.37049,4.5564,6.5446
236,3540,3554,15,LOADED_SCENE,552008,1079,1079,518,518,518,242,242,242,0,0,0,34452.1,34347,34552,5.73578,4.3756,17.6091
237,3555,3569,15,LOADED_SCENE,552008,1079,1079,518,518,518,242,242,242,0,0,0,34416.7,34020,34507,5.21677,4.3426,7.321
238,3570,3584,15,LOADED_SCENE,552008,1079,1079,518,518,518,242,242,242,0,0,0,34438.5,34385,34531,5.51203,4.3182,7.2421
239,3585,3599,15,LOADED_SCENE,552008,1079,1079,518,518,518,242,242,242,0,0,0,34422,33891,34540,4.49438,4.2592,5.0164
240,3600,3614,15,LOADED_SCENE,552008,1079,1079,518,518,518,242,242,242,0,0,0,34439.1,34366,34569,4.68812,4.3009,5.2151
241,3615,3629,15,LOADED_SCENE,552008,1079,1079,518,518,518,242,242,242,0,0,0,34403.7,33900,34507,4.69361,4.1836,6.119
242,3630,3644,15,LOADED_SCENE,552008,1079,1079,518,518,518,242,242,242,0,0,0,34420.9,34110,34506,4.69295,4.3018,5.5726
243,3645,3659,15,LOADED_SCENE,552008,1079,1079,518,518,518,242,242,242,0,0,0,34452.8,34387,34508,4.75933,4.4257,5.378
244,3660,3674,15,LOADED_SCENE,552008,1079,1079,518,518,518,242,242,242,0,0,0,34462.5,34382,34525,4.66128,4.3406,6.0893
245,3675,3689,15,LOADED_SCENE,552008,1079,1079,518,518,518,242,242,242,0,0,0,34404.7,33802,34536,4.81435,4.3814,6.7239
246,3690,3704,15,LOADED_SCENE,552008,1079,1079,518,518,518,242,242,242,0,0,0,34369.3,33956,34568,4.64523,4.2285,5.3838
247,3705,3719,15,LOADED_SCENE,552008,1079,1079,518,518,518,242,242,242,0,0,0,34463.6,34403,34549,5.10293,4.2443,11.4934
248,3720,3734,15,LOADED_SCENE,552008,1079,1079,518,518,518,242,242,242,0,0,0,34411.4,33967,34526,5.43924,4.6589,7.6726
249,3735,3749,15,LOADED_SCENE,552008,1079,1079,518,518,518,242,242,242,0,0,0,34366.3,33901,34516,5.17683,4.3526,7.4351
250,3750,3764,15,LOADED_SCENE,552008,1079,1079,518,518,518,242,242,242,0,0,0,34420.9,33999,34526,5.7223,5.1194,6.8786
251,3765,3779,15,LOADED_SCENE,552008,1079,1079,518,518,518,242,242,242,0,0,0,34439.2,34345,34529,5.92716,5.1325,7.5945
252,3780,3794,15,LOADED_SCENE,552008,1079,1079,518,518,518,242,242,242,0,0,0,34424.5,33979,34563,10.2278,4.9923,64.7893
253,3795,3809,15,LOADED_SCENE,552008,1079,1079,518,518,518,242,242,242,0,0,0,34373.4,33898,34502,5.31741,4.6316,6.6828
254,3810,3824,15,LOADED_SCENE,552008,1079,1079,518,518,518,242,242,242,0,0,0,34455.3,34372,34545,4.83963,4.4437,5.4132
255,3825,3839,15,LOADED_SCENE,552008,1079,1079,518,518,518,242,242,242,0,0,0,34461.5,34359,34554,4.92372,4.1977,6.1354
256,3840,3854,15,LOADED_SCENE,552008,1079,1079,518,518,518,242,242,242,0,0,0,34470.6,34386,34567,4.64254,4.1414,5.3978
257,3855,3869,15,LOADED_SCENE,552008,1079,1079,518,518,518,242,242,242,0,0,0,34396.5,33913,34541,5.76366,4.2524,14.7446
258,3870,3884,15,LOADED_SCENE,552008,1079,1079,518,518,518,242,242,242,0,0,0,34376.8,34059,34514,4.94968,4.1631,6.1448
259,3885,3899,15,LOADED_SCENE,552008,1079,1079,518,518,518,242,242,242,0,0,0,34411.8,34082,34505,4.5891,4.2335,5.1643
260,3900,3914,15,LOADED_SCENE,552008,1079,1079,518,518,518,242,242,242,0,0,0,34360.3,33648,34520,4.84536,4.3128,5.9114
261,3915,3929,15,LOADED_SCENE,552008,1079,1079,518,518,518,242,242,242,0,0,0,34401,33890,34553,4.55981,4.1276,5.2042
262,3930,3944,15,LOADED_SCENE,552008,1079,1079,518,518,518,242,242,242,0,0,0,34325.2,33793,34624,4.51413,4.2049,5.0258
263,3945,3959,15,LOADED_SCENE,552008,1079,1079,518,518,518,242,242,242,0,0,0,34433.9,34006,34527,9.58269,4.1324,54.8312
264,3960,3974,15,LOADED_SCENE,552008,1079,1079,518,518,518,242,242,242,0,0,0,34441,34393,34538,4.56234,4.3008,5.3094
265,3975,3989,15,LOADED_SCENE,552008,1079,1079,518,518,518,242,242,242,0,0,0,34420.7,33917,34563,4.44253,4.2191,5.1665
266,3990,4004,15,LOADED_SCENE,552008,1079,1079,382.333,333,518,249.333,242,252,1.2,0,18,45772.1,34421,51130,6.43344,4.0938,28.137
267,4005,4019,15,LOADED_SCENE,552008,1079,1079,333,333,333,252,252,252,0,0,0,50054,48428,51022,4.60017,4.1764,5.4804
268,4020,4034,15,LOADED_SCENE,552008,1079,1079,333,333,333,252,252,252,0,0,0,50872.7,50387,51099,4.52858,4.1111,6.0067
269,4035,4049,15,LOADED_SCENE,552008,1079,1079,333,333,333,252,252,252,0,0,0,50594.1,49585,51056,4.13986,3.7881,4.8129
270,4050,4064,15,LOADED_SCENE,552008,1079,1079,333,333,333,252,252,252,0,0,0,50515.4,49606,51077,4.06834,3.8591,4.6432
271,4065,4079,15,LOADED_SCENE,552008,1079,1079,333,333,333,252,252,252,0,0,0,50726.3,50292,51106,4.16376,3.8759,5.4211
272,4080,4094,15,LOADED_SCENE,552008,1079,1079,333,333,333,252,252,252,0,0,0,50163.7,48613,51043,4.09536,3.8321,4.8644
273,4095,4109,15,LOADED_SCENE,552008,1079,1079,311.267,170,333,236.933,139,252,0.133333,0,2,45744.7,13312,51096,4.04568,3.401,4.7275
274,4110,4124,15,LOADED_SCENE,552008,1079,1079,200.6,170,221,169,139,189,1.66667,0,25,18833.4,13411,22723,3.43133,2.8569,5.5731
275,4125,4139,15,LOADED_SCENE,552008,1079,1079,398.2,221,557,303.867,189,367,6.2,0,36,52837.9,22600,67704,12.7407,2.9797,104.036
276,4140,4154,15,LOADED_SCENE,552008,1079,1079,228,188,331,198.4,150,284,0.6,0,4,24729.1,14495,62046,3.55541,2.8927,5.4603
277,4155,4169,15,LOADED_SCENE,552008,1079,1079,388,188,536,217.067,150,317,0.8,0,6,24488.2,15830,49514,22.0532,3.0078,44.6899
278,4170,4184,15,LOADED_SCENE,552008,1079,1079,411.133,339,536,238,176,271,0.266667,0,2,39478.7,12999,57208,16.0654,4.6231,33.4627
279,4185,4199,15,LOADED_SCENE,552008,1079,1079,339,339,339,271,271,271,0,0,0,56111.9,55424,57268,5.35687,4.465,7.4391
280,4200,4214,15,LOADED_SCENE,552008,1079,1079,238.333,188,339,203.667,170,271,0,0,0,32477.6,20874,56467,4.37612,2.9859,6.9899
281,4215,4229,15,LOADED_SCENE,552008,1079,1079,188,188,188,170,170,170,0,0,0,20936.2,20830,20985,3.67934,2.8735,5.5185
282,4230,4244,15,LOADED_SCENE,552008,1079,1079,188,188,188,170,170,170,0,0,0,20950.2,20911,20990,3.34537,2.7556,4.8778
283,4245,4259,15,LOADED_SCENE,552008,1079,1079,173.333,168,188,145.8,137,170,0.4,0,6,16588.9,14964,20989,4.16022,3.0409,5.3012
284,4260,4274,15,LOADED_SCENE,552008,1079,1079,168,168,168,137,137,137,0,0,0,14994.7,14935,15046,4.30139,3.9542,4.6116
285,4275,4289,15,LOADED_SCENE,552008,1079,1079,193.867,168,362,151,137,242,0.8,0,12,17490.9,14942,33819,4.67617,3.9831,6.3487
286,4290,4304,15,LOADED_SCENE,552008,1079,1079,362,362,362,242,242,242,0,0,0,33810.4,33627,33926,5.46221,5.0176,5.9345
287,4305,4319,15,LOADED_SCENE,552008,1079,1079,362,362,362,242,242,242,0,0,0,33799,33347,33906,5.18075,4.9065,5.7153
288,4320,4334,15,LOADED_SCENE,552008,1079,1079,497,496,501,180.533,175,206,0.0666667,0,1,13375.2,12906,16173,22.4336,13.0978,57.9287
289,4335,4349,15,LOADED_SCENE,552008,1079,1079,213.733,166,345,187.4,164,251,1.4,0,11,24524.6,16834,45215,15.4366,2.693,50.5994
290,4350,4364,15,LOADED_SCENE,552008,1079,1079,166,166,166,165,165,165,0,0,0,17318.7,17272,17343,3.18784,2.6809,4.7619
291,4365,4379,15,LOADED_SCENE,552008,1079,1079,166,166,166,165,165,165,0,0,0,17307.5,17259,17329,2.97446,2.7143,3.7947
292,4380,4394,15,LOADED_SCENE,552008,1079,1079,168.4,166,172,153.8,137,165,0.466667,0,7,14798.1,10960,17328,3.34757,2.7591,4.1703
293,4395,4409,15,LOADED_SCENE,552008,1079,1079,172,172,172,137,137,137,0,0,0,11028.6,11001,11042,2.96807,2.6973,3.5997
294,4410,4424,15,LOADED_SCENE,552008,1079,1079,172,172,172,137,137,137,0,0,0,11032.2,11013,11063,3.01626,2.7033,3.5064
295,4425,4439,15,LOADED_SCENE,552008,1079,1079,172,172,172,137,137,137,0,0,0,11027.8,11010,11042,3.04823,2.717,3.7435
296,4440,4454,15,LOADED_SCENE,552008,1079,1079,172,172,172,137,137,137,0,0,0,11027.9,10996,11061,3.03051,2.6841,4.162
297,4455,4469,15,LOADED_SCENE,552008,1079,1079,365.6,172,414,218.6,137,239,0.4,0,6,30715.9,11033,35838,5.92281,2.9457,8.029
298,4470,4484,15,LOADED_SCENE,552008,1079,1079,414,414,414,239,239,239,0,0,0,35799.1,35691,35873,6.65713,6.1965,7.4772
299,4485,4499,15,LOADED_SCENE,552008,1079,1079,414,414,414,239,239,239,0,0,0,35821.3,35765,35853,6.61601,6.022,7.6301
300,4500,4514,15,LOADED_SCENE,552008,1079,1079,492.2,414,555,251,225,276,0.266667,0,2,36017.6,25086,42006,42.7601,6.1275,146.064
301,4515,4529,15,LOADED_SCENE,552008,1079,1079,517.4,377,539,275.333,271,276,0.4,0,6,43214.5,41731,50887,26.4794,15.092,29.2416
302,4530,4544,15,LOADED_SCENE,552008,1079,1079,377,377,377,271,271,271,0,0,0,50840,50725,51507,15.2514,14.5781,15.813
303,4545,4559,15,LOADED_SCENE,552008,1079,1079,377,377,377,271,271,271,0,0,0,51084.5,50760,52280,15.553,15.0773,16.2129
304,4560,4574,15,LOADED_SCENE,552008,1079,1079,377,377,377,271,271,271,0,0,0,50889.1,50545,51542,15.3644,14.6932,16.1596
305,4575,4589,15,LOADED_SCENE,552008,1079,1079,377,377,377,271,271,271,0,0,0,51053,50050,51662,15.9883,15.1886,17.3335
306,4590,4604,15,LOADED_SCENE,552008,1079,1079,377,377,377,271,271,271,0,0,0,50921,49993,52065,16.2459,15.0447,17.8373
307,4605,4619,15,LOADED_SCENE,552008,1079,1079,377,377,377,271,271,271,0,0,0,50725.7,49405,51479,15.3956,14.6477,16.235
308,4620,4634,15,LOADED_SCENE,552008,1079,1079,377,377,377,271,271,271,0,0,0,50720.2,49446,51457,15.5169,14.6562,17.3704
309,4635,4649,15,LOADED_SCENE,552008,1079,1079,377,377,377,271,271,271,0,0,0,50917.9,50611,51584,15.3508,14.8737,15.9056
310,4650,4664,15,LOADED_SCENE,552008,1079,1079,377,377,377,271,271,271,0,0,0,50942.1,50201,51963,17.3555,15.4881,32.2134
311,4665,4679,15,LOADED_SCENE,552008,1079,1079,377,377,377,271,271,271,0,0,0,50828.3,50625,51474,201.424,15.6141,2778.83
312,4680,4694,15,LOADED_SCENE,552008,1079,1079,377,377,377,271,271,271,0,0,0,51052.5,50544,51962,139.127,15.5539,1833.03
313,4695,4709,15,LOADED_SCENE,552008,1079,1079,377,377,377,271,271,271,0,0,0,50928.1,50155,51632,15.9226,15.5336,16.2284
314,4710,4724,15,LOADED_SCENE,552008,1079,1079,377,377,377,271,271,271,0,0,0,51253.5,50669,52334,96.7852,15.2068,1208.02
315,4725,4739,15,LOADED_SCENE,552008,1079,1079,377,377,377,271,271,271,0,0,0,50761.1,50155,51464,86.7806,15.3077,1054.55
316,4740,4754,15,LOADED_SCENE,552008,1079,1079,377,377,377,271,271,271,0,0,0,50782,50300,52187,86.7924,15.4465,1051.43
317,4755,4769,15,LOADED_SCENE,552008,1079,1079,377,377,377,271,271,271,0,0,0,50845.1,50271,51456,75.5692,15.5406,882.813
318,4770,4784,15,LOADED_SCENE,552008,1079,1079,377,377,377,271,271,271,0,0,0,51015,50534,51579,79.058,15.0923,958.333
319,4785,4799,15,LOADED_SCENE,552008,1079,1079,377,377,377,271,271,271,0,0,0,50750.3,49635,51579,16.9568,15.1374,32.4841
320,4800,4814,15,LOADED_SCENE,552008,1079,1079,377,377,377,271,271,271,0,0,0,50755.9,50513,51142,56.0484,15.3256,593.093
321,4815,4829,15,LOADED_SCENE,552008,1079,1079,377,377,377,271,271,271,0,0,0,50799.2,50072,51482,56.2119,15.2721,600.085
322,4830,4844,15,LOADED_SCENE,552008,1079,1079,377,377,377,271,271,271,0,0,0,50816.7,48759,51543,54.6596,15.4224,567.197
323,4845,4859,15,LOADED_SCENE,552008,1079,1079,377,377,377,271,271,271,0,0,0,50950.8,50211,51573,55.5197,15.3984,596.164
324,4860,4874,15,LOADED_SCENE,552008,1079,1079,377,377,377,271,271,271,0,0,0,51068.8,50582,51944,52.3144,15.4645,561.572
325,4875,4889,15,LOADED_SCENE,552008,1079,1079,377,377,377,271,271,271,0,0,0,51063.1,50540,51658,17.3359,15.166,32.8982
326,4890,4904,15,LOADED_SCENE,552008,1079,1079,377,377,377,271,271,271,0,0,0,50866.9,48679,51555,56.4869,15.4438,597.487
327,4905,4919,15,LOADED_SCENE,552008,1079,1079,377,377,377,271,271,271,0,0,0,50837.6,48636,52222,55.5379,15.2047,579.319
328,4920,4934,15,LOADED_SCENE,552008,1079,1079,377,377,377,271,271,271,0,0,0,50813,50597,51657,54.5805,15.2892,581.024
329,4935,4949,15,LOADED_SCENE,552008,1079,1079,377,377,377,271,271,271,0,0,0,50761,49698,51401,54.7389,15.1862,571.34
330,4950,4964,15,LOADED_SCENE,552008,1079,1079,377,377,377,271,271,271,0,0,0,50626.7,48906,51537,53.3223,14.876,577.45
331,4965,4979,15,LOADED_SCENE,552008,1079,1079,377,377,377,271,271,271,0,0,0,51129.2,50614,51872,16.7958,14.9761,28.774
332,4980,4994,15,LOADED_SCENE,552008,1079,1079,377,377,377,271,271,271,0,0,0,50775.1,49662,51540,54.6314,15.5353,579.087
333,4995,5009,15,LOADED_SCENE,552008,1079,1079,377,377,377,271,271,271,0,0,0,50960.4,50674,51579,81.2248,15.2088,977.565
334,5010,5024,15,LOADED_SCENE,552008,1079,1079,377,377,377,271,271,271,0,0,0,50816.3,48625,51598,66.5746,15.214,763.001
335,5025,5039,15,LOADED_SCENE,552008,1079,1079,377,377,377,271,271,271,0,0,0,50982.4,50562,52020,63.4556,15.3223,705.552
336,5040,5054,15,LOADED_SCENE,552008,1079,1079,377,377,377,271,271,271,0,0,0,50650.9,50009,51465,62.7144,15.1545,714.543
337,5055,5069,15,LOADED_SCENE,552008,1079,1079,377,377,377,271,271,271,0,0,0,51137.3,50519,51970,17.7545,15.3992,43.2249
338,5070,5084,15,LOADED_SCENE,552008,1079,1079,377,377,377,271,271,271,0,0,0,50779.3,50061,51496,64.5578,15.4082,729.529
339,5085,5099,15,LOADED_SCENE,552008,1079,1079,377,377,377,271,271,271,0,0,0,50823.9,50146,51505,63.7686,15.7197,699.114
340,5100,5114,15,LOADED_SCENE,552008,1079,1079,377,377,377,271,271,271,0,0,0,51000.4,50520,51956,66.3375,15.2714,745.801
341,5115,5129,15,LOADED_SCENE,552008,1079,1079,377,377,377,271,271,271,0,0,0,50983.9,50205,51616,62.2641,15.2982,696.54
342,5130,5144,15,LOADED_SCENE,552008,1079,1079,377,377,377,271,271,271,0,0,0,50963.2,50622,51688,16.4086,14.7093,17.5549
343,5145,5159,15,LOADED_SCENE,552008,1079,1079,377,377,377,271,271,271,0,0,0,51001.1,50613,51584,64.1181,15.5699,718.411
344,5160,5174,15,LOADED_SCENE,552008,1079,1079,377,377,377,271,271,271,0,0,0,50977.1,50584,51629,63.2343,15.2163,710.605
345,5175,5189,15,LOADED_SCENE,552008,1079,1079,377,377,377,271,271,271,0,0,0,50989.7,50696,51608,63.2789,15.3999,711.234
346,5190,5204,15,LOADED_SCENE,552008,1079,1079,377,377,377,271,271,271,0,0,0,50777.5,50139,51491,62.5803,15.1099,686.765
347,5205,5219,15,LOADED_SCENE,552008,1079,1079,377,377,377,271,271,271,0,0,0,51068.1,50734,51513,63.4188,15.253,708.721
348,5220,5234,15,LOADED_SCENE,552008,1079,1079,377,377,377,271,271,271,0,0,0,51036.7,49461,52123,15.9148,15.2835,16.8152
349,5235,5249,15,LOADED_SCENE,552008,1079,1079,377,377,377,271,271,271,0,0,0,50812.3,50282,51509,63.523,15.2167,705.962
350,5250,5264,15,LOADED_SCENE,552008,1079,1079,377,377,377,271,271,271,0,0,0,50870.9,50408,52005,64.5637,15.2896,724.751
351,5265,5279,15,LOADED_SCENE,552008,1079,1079,377,377,377,271,271,271,0,0,0,50828.3,50583,51502,64.417,15.1357,715.779
352,5280,5294,15,LOADED_SCENE,552008,1079,1079,377,377,377,271,271,271,0,0,0,50840.5,49611,52243,64.4463,14.942,713.764
353,5295,5309,15,LOADED_SCENE,552008,1079,1079,377,377,377,271,271,271,0,0,0,50950.9,50533,52175,53.5142,15.0207,556.942
354,5310,5324,15,LOADED_SCENE,552008,1079,1079,377,377,377,271,271,271,0,0,0,50810.1,50162,51486,15.9653,15.3678,16.5106
355,5325,5339,15,LOADED_SCENE,552008,1079,1079,377,377,377,271,271,271,0,0,0,50981,50304,52000,51.4594,15.5161,526.091
356,5340,5354,15,LOADED_SCENE,552008,1079,1079,377,377,377,271,271,271,0,0,0,50835.5,50636,51509,51.9519,15.3797,535.698
357,5355,5369,15,LOADED_SCENE,552008,1079,1079,377,377,377,271,271,271,0,0,0,51104.5,50705,51626,359.718,14.8703,5157.11
358,5370,5384,15,LOADED_SCENE,552008,1079,1079,377,377,377,271,271,271,0,0,0,51056.8,50730,52197,14.7812,14.2994,15.3068
359,5385,5399,15,LOADED_SCENE,552008,1079,1079,377,377,377,271,271,271,0,0,0,50672.1,48690,51957,15.0654,14.5499,15.9064
360,5400,5414,15,LOADED_SCENE,552008,1079,1079,377,377,377,271,271,271,0,0,0,50884.1,50090,51545,14.7696,14.4568,15.7425
361,5415,5429,15,LOADED_SCENE,552008,1079,1079,377,377,377,271,271,271,0,0,0,51000,48626,52201,14.8375,14.4529,15.4624
362,5430,5444,15,LOADED_SCENE,552008,1079,1079,377,377,377,271,271,271,0,0,0,51090.3,50675,52210,14.7745,14.5012,15.1449
363,5445,5459,15,LOADED_SCENE,552008,1079,1079,377,377,377,271,271,271,0,0,0,50925,49507,51581,14.7313,14.449,14.9793
364,5460,5474,15,LOADED_SCENE,552008,1079,1079,377,377,377,271,271,271,0,0,0,50987.2,50643,52252,14.8401,14.4659,15.3088
365,5475,5489,15,LOADED_SCENE,552008,1079,1079,377,377,377,271,271,271,0,0,0,50982.3,50735,51547,14.6868,14.4222,15.1087
366,5490,5504,15,LOADED_SCENE,552008,1079,1079,377,377,377,271,271,271,0,0,0,50895.6,50179,51674,14.7501,14.4328,15.1764
367,5505,5519,15,LOADED_SCENE,552008,1079,1079,377,377,377,271,271,271,0,0,0,50785.3,50121,51494,14.8575,14.5675,15.264
368,5520,5534,15,LOADED_SCENE,552008,1079,1079,377,377,377,271,271,271,0,0,0,50824.9,50561,51560,15.3976,14.8706,16.1932
369,5535,5549,15,LOADED_SCENE,552008,1079,1079,377,377,377,271,271,271,0,0,0,50861.8,50648,51438,15.3037,14.5124,16.2881
370,5550,5564,15,LOADED_SCENE,552008,1079,1079,377,377,377,271,271,271,0,0,0,50845.4,49542,52014,15.2847,14.6618,16.8896
371,5565,5579,15,LOADED_SCENE,552008,1079,1079,377,377,377,271,271,271,0,0,0,50909.7,50186,51993,14.9103,14.4332,15.4821
372,5580,5594,15,LOADED_SCENE,552008,1079,1079,377,377,377,271,271,271,0,0,0,50686.1,48758,51514,15.1289,14.5472,16.4088
373,5595,5609,15,LOADED_SCENE,552008,1079,1079,377,377,377,271,271,271,0,0,0,51010,50675,51527,15.3602,14.6159,16.6183
374,5610,5624,15,LOADED_SCENE,552008,1079,1079,377,377,377,271,271,271,0,0,0,50896.9,50113,51473,15.9091,14.7112,25.6493
375,5625,5639,15,LOADED_SCENE,552008,1079,1079,377,377,377,271,271,271,0,0,0,51114.3,50654,52028,15.5531,15.0394,16.0112
376,5640,5654,15,LOADED_SCENE,552008,1079,1079,377,377,377,271,271,271,0,0,0,50826.1,48572,51544,14.908,14.5495,15.5649
377,5655,5669,15,LOADED_SCENE,552008,1079,1079,377,377,377,271,271,271,0,0,0,50909.3,50436,51573,16.354,15.0839,24.4823
378,5670,5684,15,LOADED_SCENE,552008,1079,1079,377,377,377,271,271,271,0,0,0,50861.9,49682,51560,16.4184,14.8534,18.0677
379,5685,5699,15,LOADED_SCENE,552008,1079,1079,377,377,377,271,271,271,0,0,0,50941.3,49937,51505,26.3529,15.6923,123.35
380,5700,5714,15,LOADED_SCENE,552008,1079,1079,377,377,377,271,271,271,0,0,0,51083.9,50766,52190,15.4627,14.7721,16.1752
381,5715,5729,15,LOADED_SCENE,552008,1079,1079,377,377,377,271,271,271,0,0,0,50880.7,50192,51595,15.804,15.2371,16.3787
382,5730,5744,15,LOADED_SCENE,552008,1079,1079,377,377,377,271,271,271,0,0,0,50857.2,50112,51624,15.8285,15.046,16.8109
383,5745,5759,15,LOADED_SCENE,552008,1079,1079,377,377,377,271,271,271,0,0,0,50812.3,48740,51552,15.8343,15.3169,16.2978
384,5760,5774,15,LOADED_SCENE,552008,1079,1079,377,377,377,271,271,271,0,0,0,50971.1,49677,51597,15.6727,14.8476,16.118
385,5775,5789,15,LOADED_SCENE,552008,1079,1079,377,377,377,271,271,271,0,0,0,51083.3,50461,52082,15.6163,15.1185,16.3744
386,5790,5804,15,LOADED_SCENE,552008,1079,1079,377,377,377,271,271,271,0,0,0,50908.5,50569,51604,15.102,14.5296,16.21
387,5805,5819,15,LOADED_SCENE,552008,1079,1079,377,377,377,271,271,271,0,0,0,50769.3,49964,51624,14.903,14.5521,15.4589
388,5820,5834,15,LOADED_SCENE,552008,1079,1079,377,377,377,271,271,271,0,0,0,50695.9,49328,51404,15.0035,14.618,15.5359
389,5835,5849,15,LOADED_SCENE,552008,1079,1079,377,377,377,271,271,271,0,0,0,50941.1,49396,51581,15.0398,14.6797,15.3817
390,5850,5864,15,LOADED_SCENE,552008,1079,1079,377,377,377,271,271,271,0,0,0,50903.3,50616,51535,15.0148,14.7947,15.8325
391,5865,5879,15,LOADED_SCENE,552008,1079,1079,377,377,377,271,271,271,0,0,0,50851.7,50206,52052,14.9867,14.7322,15.3316
392,5880,5894,15,LOADED_SCENE,552008,1079,1079,377,377,377,271,271,271,0,0,0,50826.1,50204,51476,15.0368,14.7376,15.4978
393,5895,5909,15,LOADED_SCENE,552008,1079,1079,377,377,377,271,271,271,0,0,0,50833.5,50239,51603,14.9846,14.5689,15.4204
394,5910,5924,15,LOADED_SCENE,552008,1079,1079,377,377,377,271,271,271,0,0,0,50780.7,50625,51444,14.9792,14.6742,15.8461
395,5925,5939,15,LOADED_SCENE,552008,1079,1079,377,377,377,271,271,271,0,0,0,50937.4,50461,52226,15.0771,14.6593,15.8712
396,5940,5954,15,LOADED_SCENE,552008,1079,1079,377,377,377,271,271,271,0,0,0,50898.3,50374,51553,14.9139,14.5424,15.3904
397,5955,5969,15,LOADED_SCENE,552008,1079,1079,377,377,377,271,271,271,0,0,0,50756.7,49521,51645,14.9883,14.688,15.4788
398,5970,5984,15,LOADED_SCENE,552008,1079,1079,377,377,377,271,271,271,0,0,0,50726.3,49122,51633,15.5634,14.8349,16.773
399,5985,5999,15,LOADED_SCENE,552008,1079,1079,377,377,377,271,271,271,0,0,0,51022,50601,52003,15.8353,14.7194,17.9805
400,6000,6014,15,LOADED_SCENE,552008,1079,1079,377,377,377,271,271,271,0,0,0,50820.6,49839,51547,15.461,14.5456,17.9458
401,6015,6029,15,LOADED_SCENE,552008,1079,1079,377,377,377,271,271,271,0,0,0,50892.9,49144,52215,14.824,14.5218,15.6288
402,6030,6044,15,LOADED_SCENE,552008,1079,1079,377,377,377,271,271,271,0,0,0,50873.4,50686,51555,15.7901,14.3189,29.5036
403,6045,6059,15,LOADED_SCENE,552008,1079,1079,377,377,377,271,271,271,0,0,0,50832.2,50343,51522,15.3995,14.2989,17.2105
404,6060,6074,15,LOADED_SCENE,552008,1079,1079,377,377,377,271,271,271,0,0,0,50846.3,48637,52256,15.0556,14.6958,16.256
405,6075,6089,15,LOADED_SCENE,552008,1079,1079,377,377,377,271,271,271,0,0,0,50797.1,49627,52043,15.6848,14.5403,17.0915
406,6090,6104,15,LOADED_SCENE,552008,1079,1079,377,377,377,271,271,271,0,0,0,50943,50600,51653,15.5372,14.628,16.7796
407,6105,6119,15,LOADED_SCENE,552008,1079,1079,377,377,377,271,271,271,0,0,0,50782,48936,51988,15.4805,14.6258,16.1849
408,6120,6134,15,LOADED_SCENE,552008,1079,1079,377,377,377,271,271,271,0,0,0,50912.8,50126,51904,15.8226,14.4015,20.8861
409,6135,6149,15,LOADED_SCENE,552008,1079,1079,377,377,377,271,271,271,0,0,0,50990.5,50640,51994,16.4324,14.8304,19.63
410,6150,6164,15,LOADED_SCENE,552008,1079,1079,377,377,377,271,271,271,0,0,0,50713.6,49627,51635,15.6381,14.6856,16.6711
411,6165,6179,15,LOADED_SCENE,552008,1079,1079,377,377,377,271,271,271,0,0,0,50973.1,50490,51573,16.1514,14.7763,20.249
412,6180,6194,15,LOADED_SCENE,552008,1079,1079,377,377,377,271,271,271,0,0,0,50892.5,50653,51645,15.1244,14.7456,15.6278
413,6195,6209,15,LOADED_SCENE,552008,1079,1079,377,377,377,271,271,271,0,0,0,50979.5,50250,51532,15.2456,14.8538,15.9516
414,6210,6224,15,LOADED_SCENE,552008,1079,1079,377,377,377,271,271,271,0,0,0,50868.9,49421,51560,15.0853,14.4342,16.5008
415,6225,6239,15,LOADED_SCENE,552008,1079,1079,377,377,377,271,271,271,0,0,0,50963.6,50584,52006,18.2333,15.0654,29.4606
416,6240,6254,15,LOADED_SCENE,552008,1079,1079,377,377,377,271,271,271,0,0,0,50900.9,50686,51985,14.9975,14.7339,15.4326
417,6255,6269,15,LOADED_SCENE,552008,1079,1079,377,377,377,271,271,271,0,0,0,50973.3,50516,51494,15.0283,14.5552,15.7508
418,6270,6284,15,LOADED_SCENE,552008,1079,1079,377,377,377,271,271,271,0,0,0,50954.1,50147,52274,16.2133,14.5192,23.3306
419,6285,6299,15,LOADED_SCENE,552008,1079,1079,377,377,377,271,271,271,0,0,0,50933.4,50659,52175,14.8857,14.6138,15.4633
420,6300,6314,15,LOADED_SCENE,552008,1079,1079,377,377,377,271,271,271,0,0,0,50952.5,48834,52214,14.7377,14.3801,15.0287
421,6315,6329,15,LOADED_SCENE,552008,1079,1079,377,377,377,271,271,271,0,0,0,50819.3,50095,51636,14.7528,14.4157,15.1212
422,6330,6344,15,LOADED_SCENE,552008,1079,1079,377,377,377,271,271,271,0,0,0,51077.9,50722,51636,14.8394,14.4265,15.6103
423,6345,6359,15,LOADED_SCENE,552008,1079,1079,377,377,377,271,271,271,0,0,0,50849.8,50422,51626,14.9981,14.5687,15.8887
424,6360,6374,15,LOADED_SCENE,552008,1079,1079,201.067,174,377,179.133,165,271,0,0,0,22243,17818,50938,4.43908,2.6517,15.0468
425,6375,6389,15,LOADED_SCENE,552008,1079,1079,174,174,174,165,165,165,0,0,0,17832.7,17815,17849,2.97911,2.6544,4.4677
426,6390,6404,15,LOADED_SCENE,552008,1079,1079,174,174,174,165,165,165,0,0,0,17821.9,17735,17852,2.89856,2.6776,3.3941
427,6405,6419,15,LOADED_SCENE,552008,1079,1079,174,174,174,165,165,165,0,0,0,17828.3,17819,17846,2.83629,2.6152,3.3394
428,6420,6434,15,LOADED_SCENE,552008,1079,1079,174,174,174,165,165,165,0,0,0,17819.5,17755,17841,2.9698,2.7606,3.6907
429,6435,6449,15,LOADED_SCENE,552008,1079,1079,174,174,174,165,165,165,0,0,0,17827.6,17804,17843,3.2354,2.862,3.7814
430,6450,6464,15,LOADED_SCENE,552008,1079,1079,174,174,174,165,165,165,0,0,0,17836.1,17819,17849,3.1612,2.69,4.3672
431,6465,6479,15,LOADED_SCENE,552008,1079,1079,174,174,174,165,165,165,0,0,0,17832.3,17808,17863,3.03233,2.684,3.7634
432,6480,6494,15,LOADED_SCENE,552008,1079,1079,174,174,174,165,165,165,0,0,0,17832.7,17815,17870,3.70588,3.2119,4.0958
433,6495,6509,15,LOADED_SCENE,552008,1079,1079,174,174,174,165,165,165,0,0,0,17831.1,17818,17849,3.94459,3.6796,4.3716
434,6510,6524,15,LOADED_SCENE,552008,1079,1079,177.6,174,180,162,160,165,0.8,0,12,14919.7,11450,17845,3.63321,2.65,6.872
435,6525,6539,15,LOADED_SCENE,552008,1079,1079,467.667,131,589,321.533,128,400,1.86667,0,19,55689,7814,78314,9.94619,2.7737,18.392
436,6540,6554,15,LOADED_SCENE,552008,1079,1079,179.6,131,212,167.4,129,193,0.733333,0,11,21546.5,7829,31388,3.0886,2.8309,5.3512
437,6555,6569,15,LOADED_SCENE,552008,1079,1079,332.467,120,544,197.333,120,315,0.333333,0,3,24854,10578,60399,10.3333,2.5751,53.9979
438,6570,6584,15,LOADED_SCENE,552008,1079,1079,267.6,120,366,240,120,320,0.133333,0,2,47179,10575,73557,3.26718,2.6902,4.9191
439,6585,6599,15,LOADED_SCENE,552008,1079,1079,734.333,647,797,603,529,661,0.933333,0,10,170298,143678,195919,4.72894,3.9481,6.2015
440,6600,6614,15,LOADED_SCENE,552008,1079,1079,548.8,276,777,444.333,259,622,0,0,0,118164,48435,189938,4.13865,3.186,5.3106
441,6615,6629,15,LOADED_SCENE,552008,1079,1079,276,276,276,259,259,259,0,0,0,48816.7,47363,51149,3.48245,3.1433,4.4896
442,6630,6644,15,LOADED_SCENE,552008,1079,1079,276,276,276,259,259,259,0,0,0,49108.7,48196,50364,3.33163,3.1433,3.9055
443,6645,6659,15,LOADED_SCENE,552008,1079,1079,276,276,276,259,259,259,0,0,0,48874,48225,50250,3.29801,3.1216,3.8896
444,6660,6674,15,LOADED_SCENE,552008,1079,1079,276,276,276,259,259,259,0,0,0,49126.3,48215,53618,3.29235,3.0891,3.8749
445,6675,6689,15,LOADED_SCENE,552008,1079,1079,276,276,276,259,259,259,0,0,0,48463.3,47283,49963,3.29809,3.0832,4.2691
446,6690,6704,15,LOADED_SCENE,552008,1079,1079,276,276,276,259,259,259,0,0,0,48660.5,48306,49968,4.18925,3.2272,5.6319
447,6705,6719,15,LOADED_SCENE,552008,1079,1079,276,276,276,259,259,259,0,0,0,48760.7,47817,50040,3.40947,3.0826,3.8911
448,6720,6734,15,LOADED_SCENE,552008,1079,1079,377.733,276,385,330.867,259,336,0.133333,0,2,68088.5,48913,70893,3.69545,3.3048,5.4205
449,6735,6749,15,LOADED_SCENE,552008,1079,1079,385,385,385,336,336,336,0,0,0,69404.3,65698,70916,3.49333,3.288,4.1386
450,6750,6764,15,LOADED_SCENE,552008,1079,1079,385,385,385,336,336,336,0,0,0,69476.1,67973,70868,3.44843,3.0326,4.0998
451,6765,6779,15,LOADED_SCENE,552008,1079,1079,527.933,385,653,432,336,516,0.0666667,0,1,108408,68729,145691,3.74904,3.2444,4.3839
452,6780,6794,15,LOADED_SCENE,552008,1079,1079,653,653,653,516,516,516,0,0,0,136459,113679,144853,3.9917,3.8049,4.7773
453,6795,6809,15,LOADED_SCENE,552008,1079,1079,653,653,653,516,516,516,0,0,0,137898,122888,144551,3.99282,3.7778,4.6063
454,6810,6824,15,LOADED_SCENE,552008,1079,1079,653,653,653,516,516,516,0,0,0,141498,132311,146253,4.01329,3.8301,4.3596
455,6825,6839,15,LOADED_SCENE,552008,1079,1079,653,653,653,516,516,516,0,0,0,139346,128888,143904,4.08147,3.829,4.6803
456,6840,6854,15,LOADED_SCENE,552008,1079,1079,665.733,653,844,497.933,245,516,0.933333,0,14,133008,41228,144767,4.24817,3.8422,7.3015
457,6855,6869,15,LOADED_SCENE,552008,1079,1079,844,844,844,245,245,245,0,0,0,43674.4,42769,44088,5.1043,4.8688,5.8771
458,6870,6884,15,LOADED_SCENE,552008,1079,1079,844,844,844,245,245,245,0,0,0,43747.8,42998,44220,5.03203,4.837,5.6491
459,6885,6899,15,LOADED_SCENE,552008,1079,1079,844,844,844,245,245,245,0,0,0,43754.5,43389,44359,5.08066,4.7979,6.1077
460,6900,6914,15,LOADED_SCENE,552008,1079,1079,844,844,844,245,245,245,0,0,0,43702.7,43305,44092,5.02331,4.8319,5.3828
461,6915,6929,15,LOADED_SCENE,552008,1079,1079,844,844,844,245,245,245,0,0,0,43691.1,43193,44170,5.07127,4.8132,5.7572
462,6930,6944,15,LOADED_SCENE,552008,1079,1079,855.4,844,863,225.2,212,245,0.466667,0,7,34407.3,26812,44024,20.7947,4.8758,34.0003
463,6945,6959,15,LOADED_SCENE,552008,1079,1079,863,863,863,212,212,212,0,0,0,28336.5,28292,28378,30.8247,30.4583,32.0037
464,6960,6974,15,LOADED_SCENE,552008,1079,1079,863,863,863,212,212,212,0,0,0,28319.4,28282,28371,30.5868,30.4487,30.831
465,6975,6989,15,LOADED_SCENE,552008,1079,1079,863,863,863,212,212,212,0,0,0,28322,28236,28367,30.6737,30.4104,31.4217
466,6990,7004,15,LOADED_SCENE,552008,1079,1079,863,863,863,212,212,212,0,0,0,28337.5,28283,28386,31.7575,30.4095,42.5831
467,7005,7019,15,LOADED_SCENE,552008,1079,1079,863,863,863,212,212,212,0,0,0,28347.3,28290,28425,501.325,30.7629,7004.73
468,7020,7034,15,LOADED_SCENE,552008,1079,1079,863,863,863,212,212,212,0,0,0,28343.9,28276,28408,298.941,32.524,3996.82
469,7035,7049,15,LOADED_SCENE,552008,1079,1079,863,863,863,212,212,212,0,0,0,28335.6,28269,28400,33.8829,32.2718,46.3485
470,7050,7064,15,LOADED_SCENE,552008,1079,1079,863,863,863,212,212,212,0,0,0,28341.3,28260,28386,182.364,32.5278,2260.77
471,7065,7079,15,LOADED_SCENE,552008,1079,1079,863,863,863,212,212,212,0,0,0,28341.4,28272,28379,169.066,32.2373,2061.91
472,7080,7094,15,LOADED_SCENE,552008,1079,1079,863,863,863,212,212,212,0,0,0,28332.9,28236,28387,168.301,32.1896,2045.91
473,7095,7109,15,LOADED_SCENE,552008,1079,1079,863,863,863,212,212,212,0,0,0,28331.1,28290,28396,140.925,31.9286,1644.14
474,7110,7124,15,LOADED_SCENE,552008,1079,1079,863,863,863,212,212,212,0,0,0,28328.3,28276,28377,152.624,32.1432,1832.57
475,7125,7139,15,LOADED_SCENE,552008,1079,1079,863,863,863,212,212,212,0,0,0,28333.6,28281,28365,34.9486,32.2081,61.1931
476,7140,7154,15,LOADED_SCENE,552008,1079,1079,863,863,863,212,212,212,0,0,0,28346.9,28277,28427,118.24,32.4767,1292.82
477,7155,7169,15,LOADED_SCENE,552008,1079,1079,863,863,863,212,212,212,0,0,0,28328.3,28288,28400,110.669,31.8066,1169.92
478,7170,7184,15,LOADED_SCENE,552008,1079,1079,863,863,863,212,212,212,0,0,0,28330.7,28291,28363,109.12,32.293,1158.76
479,7185,7199,15,LOADED_SCENE,552008,1079,1079,863,863,863,212,212,212,0,0,0,28342.7,28289,28393,105.596,31.6241,1111.1
480,7200,7214,15,LOADED_SCENE,552008,1079,1079,863,863,863,212,212,212,0,0,0,28339.6,28301,28374,103.333,31.7874,1091.65
481,7215,7229,15,LOADED_SCENE,552008,1079,1079,863,863,863,212,212,212,0,0,0,28339.2,28289,28394,34.7078,31.6898,60.4015
482,7230,7244,15,LOADED_SCENE,552008,1079,1079,863,863,863,212,212,212,0,0,0,28341.9,28291,28403,106.611,31.9216,1121.66
483,7245,7259,15,LOADED_SCENE,552008,1079,1079,863,863,863,212,212,212,0,0,0,28332,28262,28374,103.911,31.8854,1090.03
484,7260,7274,15,LOADED_SCENE,552008,1079,1079,863,863,863,212,212,212,0,0,0,28328.9,28294,28359,103.937,32.1637,1087.94
485,7275,7289,15,LOADED_SCENE,552008,1079,1079,863,863,863,212,212,212,0,0,0,28329.8,28217,28383,104.495,31.6901,1097.59
486,7290,7304,15,LOADED_SCENE,552008,1079,1079,863,863,863,212,212,212,0,0,0,28337.9,28234,28383,33.0123,31.8358,35.8148
487,7305,7319,15,LOADED_SCENE,552008,1079,1079,863,863,863,212,212,212,0,0,0,28325.6,28300,28349,103.982,31.5395,1092.49
488,7320,7334,15,LOADED_SCENE,552008,1079,1079,863,863,863,212,212,212,0,0,0,28333.9,28291,28368,103.773,31.7998,1081.99
489,7335,7349,15,LOADED_SCENE,552008,1079,1079,863,863,863,212,212,212,0,0,0,28320.6,28278,28384,157.925,31.6489,1893.1
490,7350,7364,15,LOADED_SCENE,552008,1079,1079,863,863,863,212,212,212,0,0,0,28336.3,28294,28390,130.216,31.6079,1483.72
491,7365,7379,15,LOADED_SCENE,552008,1079,1079,863,863,863,212,212,212,0,0,0,28337.5,28257,28391,123.054,32.4546,1361.21
492,7380,7394,15,LOADED_SCENE,552008,1079,1079,863,863,863,212,212,212,0,0,0,28338,28291,28412,33.0463,32.066,34.6505
493,7395,7409,15,LOADED_SCENE,552008,1079,1079,863,863,863,212,212,212,0,0,0,28320.5,28246,28368,122.936,32.2265,1372.81
494,7410,7424,15,LOADED_SCENE,552008,1079,1079,863,863,863,212,212,212,0,0,0,28344.9,28313,28396,123.367,32.017,1363.28
495,7425,7439,15,LOADED_SCENE,552008,1079,1079,863,863,863,212,212,212,0,0,0,28340.5,28299,28386,122.408,31.7059,1366.04
496,7440,7454,15,LOADED_SCENE,552008,1079,1079,863,863,863,212,212,212,0,0,0,28337.2,28301,28401,121.506,32.1742,1349.5
497,7455,7469,15,LOADED_SCENE,552008,1079,1079,863,863,863,212,212,212,0,0,0,28329.9,28266,28385,120.905,32.1275,1350.33
498,7470,7484,15,LOADED_SCENE,552008,1079,1079,863,863,863,212,212,212,0,0,0,28332.3,28249,28369,33.5855,31.9257,47.7663
499,7485,7499,15,LOADED_SCENE,552008,1079,1079,863,863,863,212,212,212,0,0,0,28335.2,28282,28416,123.76,32.195,1380.68
500,7500,7514,15,LOADED_SCENE,552008,1079,1079,863,863,863,212,212,212,0,0,0,28334.3,28282,28396,121.523,31.6074,1351.55
501,7515,7529,15,LOADED_SCENE,552008,1079,1079,863,863,863,212,212,212,0,0,0,28325.9,28266,28391,121.669,32.0787,1351.13
502,7530,7544,15,LOADED_SCENE,552008,1079,1079,863,863,863,212,212,212,0,0,0,28323.7,28120,28377,120.363,31.7748,1337.72
503,7545,7559,15,LOADED_SCENE,552008,1079,1079,863,863,863,212,212,212,0,0,0,28325.5,28275,28357,119.805,32.0391,1339.72
504,7560,7574,15,LOADED_SCENE,552008,1079,1079,863,863,863,212,212,212,0,0,0,28321.9,28284,28365,33.6427,31.9471,48.4936
505,7575,7589,15,LOADED_SCENE,552008,1079,1079,863,863,863,212,212,212,0,0,0,28333.2,28287,28383,122.363,32.1017,1360.88
506,7590,7604,15,LOADED_SCENE,552008,1079,1079,863,863,863,212,212,212,0,0,0,28321.2,28268,28384,120.718,32.1182,1340.09
507,7605,7619,15,LOADED_SCENE,552008,1079,1079,863,863,863,212,212,212,0,0,0,28333.2,28284,28394,121.688,32.0717,1352.09
508,7620,7634,15,LOADED_SCENE,552008,1079,1079,863,863,863,212,212,212,0,0,0,28326.5,28270,28376,120.634,32.1473,1340.31
509,7635,7649,15,LOADED_SCENE,552008,1079,1079,863,863,863,212,212,212,0,0,0,28335.7,28254,28419,101.388,32.0881,1061.08
510,7650,7664,15,LOADED_SCENE,552008,1079,1079,863,863,863,212,212,212,0,0,0,28341.7,28292,28394,33.6564,31.9499,46.2012
511,7665,7679,15,LOADED_SCENE,552008,1079,1079,863,863,863,212,212,212,0,0,0,28331.5,28257,28388,97.6475,32.3874,993.639
512,7680,7694,15,LOADED_SCENE,552008,1079,1079,863,863,863,212,212,212,0,0,0,28338.3,28273,28385,98.5252,31.8696,999.941
513,7695,7709,15,LOADED_SCENE,552008,1079,1079,863,863,863,212,212,212,0,0,0,28328.8,28261,28373,510.968,31.1072,7199.79
514,7710,7724,15,LOADED_SCENE,552008,1079,1079,863,863,863,212,212,212,0,0,0,28337.5,28271,28394,31.0503,30.5991,32.1337
515,7725,7739,15,LOADED_SCENE,552008,1079,1079,863,863,863,212,212,212,0,0,0,28335.5,28278,28400,30.9563,30.5125,32.1718
516,7740,7754,15,LOADED_SCENE,552008,1079,1079,863,863,863,212,212,212,0,0,0,28332.4,28281,28375,30.9202,30.5404,32.003
517,7755,7769,15,LOADED_SCENE,552008,1079,1079,863,863,863,212,212,212,0,0,0,28340.9,28307,28388,30.9199,30.5993,31.9131
518,7770,7784,15,LOADED_SCENE,552008,1079,1079,863,863,863,212,212,212,0,0,0,28330.4,28292,28373,30.8866,30.5916,31.8274
519,7785,7799,15,LOADED_SCENE,552008,1079,1079,863,863,863,212,212,212,0,0,0,28333.4,28281,28362,31.0392,30.3692,31.9601
520,7800,7814,15,LOADED_SCENE,552008,1079,1079,863,863,863,212,212,212,0,0,0,28327.8,28136,28380,30.8128,30.4446,31.7427
521,7815,7829,15,LOADED_SCENE,552008,1079,1079,863,863,863,212,212,212,0,0,0,28333.9,28284,28385,30.7298,30.3852,31.7755
522,7830,7844,15,LOADED_SCENE,552008,1079,1079,863,863,863,212,212,212,0,0,0,28331.3,28281,28388,30.6834,30.441,31.0846
523,7845,7859,15,LOADED_SCENE,552008,1079,1079,863,863,863,212,212,212,0,0,0,28338.6,28288,28449,30.7867,30.3946,31.6804
524,7860,7874,15,LOADED_SCENE,552008,1079,1079,863,863,863,212,212,212,0,0,0,28337.9,28306,28372,30.8614,30.405,31.7125
525,7875,7889,15,LOADED_SCENE,552008,1079,1079,863,863,863,212,212,212,0,0,0,28342.4,28296,28389,30.9748,30.3313,31.905
526,7890,7904,15,LOADED_SCENE,552008,1079,1079,863,863,863,212,212,212,0,0,0,28328.3,28241,28395,31.2286,30.4053,33.7207
527,7905,7919,15,LOADED_SCENE,552008,1079,1079,863,863,863,212,212,212,0,0,0,28338.3,28291,28413,32.6772,30.483,35.1384
528,7920,7934,15,LOADED_SCENE,552008,1079,1079,863,863,863,212,212,212,0,0,0,28348.9,28289,28399,32.1213,30.4445,41.9447
529,7935,7949,15,LOADED_SCENE,552008,1079,1079,863,863,863,212,212,212,0,0,0,28345.8,28287,28408,31.9391,30.9864,32.9949
530,7950,7964,15,LOADED_SCENE,552008,1079,1079,863,863,863,212,212,212,0,0,0,28337.4,28302,28372,40.5534,31.4513,59.7582
531,7965,7979,15,LOADED_SCENE,552008,1079,1079,863,863,863,212,212,212,0,0,0,28321.5,28271,28361,32.2696,30.8784,36.6857
532,7980,7994,15,LOADED_SCENE,552008,1079,1079,863,863,863,212,212,212,0,0,0,28344.4,28300,28397,32.7706,30.6931,40.2643
533,7995,8009,15,LOADED_SCENE,552008,1079,1079,863,863,863,212,212,212,0,0,0,28324.7,28270,28377,31.453,31.0127,31.9299
534,8010,8024,15,LOADED_SCENE,552008,1079,1079,863,863,863,212,212,212,0,0,0,28329.1,28271,28369,32.3904,31.0745,40.3418
535,8025,8039,15,LOADED_SCENE,552008,1079,1079,863,863,863,212,212,212,0,0,0,28340.2,28300,28377,31.2614,30.6688,31.7191
536,8040,8054,15,LOADED_SCENE,552008,1079,1079,863,863,863,212,212,212,0,0,0,28328.2,28264,28394,31.4468,30.9427,32.2816
537,8055,8069,15,LOADED_SCENE,552008,1079,1079,788,638,863,275.867,212,406,0,0,0,55046.1,28291,110983,22.0229,4.1705,31.2338
538,8070,8084,15,LOADED_SCENE,552008,1079,1079,638,638,638,406,406,406,0,0,0,109431,99644,111989,4.23847,4.0611,4.8859
539,8085,8099,15,LOADED_SCENE,552008,1079,1079,638,638,638,406,406,406,0,0,0,109978,105774,112525,4.22251,3.9813,5.0399
540,8100,8114,15,LOADED_SCENE,552008,1079,1079,638,638,638,406,406,406,0,0,0,109471,105761,112041,4.26542,4.0169,5.2118
541,8115,8129,15,LOADED_SCENE,552008,1079,1079,638,638,638,406,406,406,0,0,0,109488,106754,111985,4.26408,3.9517,5.2564
542,8130,8144,15,LOADED_SCENE,552008,1079,1079,638,638,638,406,406,406,0,0,0,109965,105607,112416,4.19985,3.9623,4.7102
543,8145,8159,15,LOADED_SCENE,552008,1079,1079,638,638,638,406,406,406,0,0,0,109931,104916,112297,4.26337,3.9751,4.7439
544,8160,8174,15,LOADED_SCENE,552008,1079,1079,638,638,638,406,406,406,0,0,0,109350,103185,112076,4.32002,3.9098,5.7944
545,8175,8189,15,LOADED_SCENE,552008,1079,1079,416.467,299,638,314.933,260,406,0,0,0,77204.1,57269,112023,3.62553,3.1431,4.6074
546,8190,8204,15,LOADED_SCENE,552008,1079,1079,418,366,626,371.4,354,441,0,0,0,93668.7,78889,145998,3.63131,3.362,4.0586
547,8205,8219,15,LOADED_SCENE,552008,1079,1079,791.867,626,882,520.4,441,575,0.333333,0,5,152148,121344,170709,4.80286,4.0192,6.9033
548,8220,8234,15,LOADED_SCENE,552008,1079,1079,527.667,337,864,433,325,575,0.0666667,0,1,124369,75296,170661,3.99112,3.3188,5.5589
549,8235,8249,15,LOADED_SCENE,552008,1079,1079,337,337,337,325,325,325,0,0,0,75657.9,66961,78254,3.42276,3.2262,3.6893
550,8250,8264,15,LOADED_SCENE,552008,1079,1079,337,337,337,325,325,325,0,0,0,74692.2,71780,76323,3.52331,3.2472,3.9989
551,8265,8279,15,LOADED_SCENE,552008,1079,1079,337,337,337,325,325,325,0,0,0,76357.3,71045,78582,3.59244,3.3062,4.1946
552,8280,8294,15,LOADED_SCENE,552008,1079,1079,337,337,337,325,325,325,0,0,0,76156.3,72294,78233,3.48333,3.2235,4.1696
553,8295,8309,15,LOADED_SCENE,552008,1079,1079,340.2,337,341,300.2,294,325,0,0,0,61334.2,56008,76134,3.48532,3.1807,3.9778
554,8310,8324,15,LOADED_SCENE,552008,1079,1079,341,341,341,294,294,294,0,0,0,57207.6,55211,58269,3.35751,3.1645,3.9404
555,8325,8339,15,LOADED_SCENE,552008,1079,1079,341,341,341,294,294,294,0,0,0,57972.5,56502,60852,3.66981,3.323,3.917
556,8340,8354,15,LOADED_SCENE,552008,1079,1079,381.533,341,645,298.133,294,326,0,0,0,60254.9,56067,80760,3.82698,3.2395,6.48
557,8355,8369,15,LOADED_SCENE,552008,1079,1079,645,645,645,324,324,324,0,0,0,80072,77492,84471,6.64403,6.4097,7.6013
558,8370,8384,15,LOADED_SCENE,552008,1079,1079,645,645,645,324,324,324,0,0,0,78870.1,75659,83242,6.69795,6.4292,7.372
559,8385,8399,15,LOADED_SCENE,552008,1079,1079,645,645,645,324,324,324,0,0,0,80149.2,76356,84519,6.83569,6.532,7.2735
560,8400,8414,15,LOADED_SCENE,552008,1079,1079,830,830,830,292,292,292,0.2,0,3,57089.2,52998,59528,5.54107,5.1735,7.9893
561,8415,8429,15,LOADED_SCENE,552008,1079,1079,830,830,830,292,292,292,0,0,0,56943,54859,59081,5.58595,5.2386,5.9709
562,8430,8444,15,LOADED_SCENE,552008,1079,1079,830,830,830,292,292,292,0,0,0,56400.7,49966,61006,5.51082,5.2864,6.2641
563,8445,8459,15,LOADED_SCENE,552008,1079,1079,830,830,830,292,292,292,0,0,0,56759.8,54505,59483,5.51275,5.2738,6.0382
564,8460,8474,15,LOADED_SCENE,552008,1079,1079,830,830,830,292,292,292,0,0,0,56882.3,54424,59142,5.53263,5.1888,6.2701
565,8475,8489,15,LOADED_SCENE,552008,1079,1079,830,830,830,292,292,292,0,0,0,57469.5,54858,59729,5.59275,5.2534,6.3182
566,8490,8504,15,LOADED_SCENE,552008,1079,1079,830,830,830,292,292,292,0,0,0,57546.9,56291,59407,5.60507,5.0954,6.5771
567,8505,8519,15,LOADED_SCENE,552008,1079,1079,830,830,830,292,292,292,0,0,0,57368.7,54066,61808,5.48155,5.195,6.0356
568,8520,8534,15,LOADED_SCENE,552008,1079,1079,830,830,830,292,292,292,0,0,0,56642.9,50012,59656,5.59029,5.3476,6.2142
569,8535,8549,15,LOADED_SCENE,552008,1079,1079,830,830,830,292,292,292,0,0,0,57252.7,52760,59527,5.55984,5.3464,6.1762
570,8550,8564,15,LOADED_SCENE,552008,1079,1079,830,830,830,292,292,292,0,0,0,56914.3,52820,59498,5.70923,5.3089,6.6024
571,8565,8579,15,LOADED_SCENE,552008,1079,1079,830,830,830,292,292,292,0,0,0,57215.7,54726,61767,6.43671,6.0521,7.9056
572,8580,8594,15,LOADED_SCENE,552008,1079,1079,830,830,830,292,292,292,0,0,0,57152.3,55144,59159,6.31211,5.9956,7.0836
573,8595,8609,15,LOADED_SCENE,552008,1079,1079,830,830,830,292,292,292,0,0,0,56798.2,49877,60102,6.41017,6.0238,7.8965
574,8610,8624,15,LOADED_SCENE,552008,1079,1079,830,830,830,292,292,292,0,0,0,57419.7,56038,59719,6.52652,6.1284,7.2895
575,8625,8639,15,LOADED_SCENE,552008,1079,1079,830,830,830,292,292,292,0,0,0,56223.7,49626,59672,6.10083,5.2093,7.9969
576,8640,8654,15,LOADED_SCENE,552008,1079,1079,830,830,830,292,292,292,0,0,0,57138.2,56169,59112,5.74247,5.4395,6.8045
577,8655,8669,15,LOADED_SCENE,552008,1079,1079,830,830,830,292,292,292,0,0,0,57467,54724,61776,5.68887,5.3271,6.2997
578,8670,8684,15,LOADED_SCENE,552008,1079,1079,830,830,830,292,292,292,0,0,0,56773.4,53173,59592,5.57451,5.2271,6.3613
579,8685,8699,15,LOADED_SCENE,552008,1079,1079,830,830,830,292,292,292,0,0,0,57644.2,54604,59875,5.43239,5.1713,5.7687
580,8700,8714,15,LOADED_SCENE,552008,1079,1079,830,830,830,292,292,292,0,0,0,56100.5,48979,58096,5.63914,5.3012,6.9056
581,8715,8729,15,LOADED_SCENE,552008,1079,1079,830,830,830,292,292,292,0,0,0,57564.5,52949,59585,5.71545,5.3785,6.1788
582,8730,8744,15,LOADED_SCENE,552008,1079,1079,830,830,830,292,292,292,0,0,0,57512.9,55716,59612,7.90219,5.4283,23.2996
583,8745,8759,15,LOADED_SCENE,552008,1079,1079,830,830,830,292,292,292,0,0,0,57257,53257,59579,5.87931,5.3669,9.284
584,8760,8774,15,LOADED_SCENE,552008,1079,1079,830,830,830,292,292,292,0,0,0,57352.9,54916,61862,176.569,5.4823,2544.02
585,8775,8789,15,LOADED_SCENE,552008,1079,1079,830,830,830,292,292,292,0,0,0,57373.3,56328,59625,84.6691,5.3239,1117.73
586,8790,8804,15,LOADED_SCENE,552008,1079,1079,830,830,830,292,292,292,0,0,0,57666.9,56021,59912,48.0034,5.3787,598.166
587,8805,8819,15,LOADED_SCENE,552008,1079,1079,830,830,830,292,292,292,0,0,0,56571,52128,59185,52.779,5.3534,638.235
588,8820,8834,15,LOADED_SCENE,552008,1079,1079,830,830,830,292,292,292,0,0,0,57211.3,50141,59613,38.8488,5.3597,484.437
589,8835,8849,15,LOADED_SCENE,552008,1079,1079,830,830,830,292,292,292,0,0,0,57656.8,55178,59732,5.85462,5.3333,6.8461
590,8850,8864,15,LOADED_SCENE,552008,1079,1079,830,830,830,292,292,292,0,0,0,57743.9,53762,60869,34.3557,5.5267,399.711
591,8865,8879,15,LOADED_SCENE,552008,1079,1079,830,830,830,292,292,292,0,0,0,57028.3,54981,59396,41.6579,5.4231,526.088
592,8880,8894,15,LOADED_SCENE,552008,1079,1079,830,830,830,292,292,292,0,0,0,56265.4,49889,59313,30.4831,5.2575,317.483
593,8895,8909,15,LOADED_SCENE,552008,1079,1079,830,830,830,292,292,292,0,0,0,57207.8,55455,59410,30.4087,5.5446,336.849
594,8910,8924,15,LOADED_SCENE,552008,1079,1079,830,830,830,292,292,292,0,0,0,56742.6,54373,59652,29.75,5.3565,336.851
595,8925,8939,15,LOADED_SCENE,552008,1079,1079,830,830,830,292,292,292,0,0,0,56751.3,54704,60362,6.25793,5.2817,14.4913
596,8940,8954,15,LOADED_SCENE,552008,1079,1079,830,830,830,292,292,292,0,0,0,57340.9,55953,59470,29.379,5.3284,322.904
597,8955,8969,15,LOADED_SCENE,552008,1079,1079,830,830,830,292,292,292,0,0,0,57862.1,54526,61616,28.7047,5.3388,304.145
598,8970,8984,15,LOADED_SCENE,552008,1079,1079,830,830,830,292,292,292,0,0,0,57426.9,53638,59758,32.1364,5.3447,349.642
599,8985,8999,15,LOADED_SCENE,552008,1079,1079,830,830,830,292,292,292,0,0,0,57556.1,55227,59574,35.4437,5.3621,379.637
600,9000,9014,15,LOADED_SCENE,552008,1079,1079,830,830,830,292,292,292,0,0,0,56700.9,50085,59678,35.4173,5.2824,371.062
601,9015,9029,15,LOADED_SCENE,552008,1079,1079,830,830,830,292,292,292,0,0,0,57353.3,52648,60417,9.53431,5.1926,31.6916
602,9030,9044,15,LOADED_SCENE,552008,1079,1079,830,830,830,292,292,292,0,0,0,57279.1,54492,59516,33.843,5.3327,385.942
603,9045,9059,15,LOADED_SCENE,552008,1079,1079,830,830,830,292,292,292,0,0,0,57238.5,53583,59651,31.0137,5.5236,343.044
604,9060,9074,15,LOADED_SCENE,552008,1079,1079,830,830,830,292,292,292,0,0,0,57599.2,56167,60819,29.8949,5.3609,299.949
605,9075,9089,15,LOADED_SCENE,552008,1079,1079,830,830,830,292,292,292,0,0,0,56063.5,49478,59472,45.1707,5.3422,555.793
606,9090,9104,15,LOADED_SCENE,552008,1079,1079,830,830,830,292,292,292,0,0,0,57613.3,50717,59720,29.8005,5.3214,363.466
607,9105,9119,15,LOADED_SCENE,552008,1079,1079,830,830,830,292,292,292,0,0,0,57010.9,49884,59811,6.85439,5.2964,20.2958
608,9120,9134,15,LOADED_SCENE,552008,1079,1079,830,830,830,292,292,292,0,0,0,57083.5,54593,59547,34.3867,5.3395,393.224
609,9135,9149,15,LOADED_SCENE,552008,1079,1079,830,830,830,292,292,292,0,0,0,56594.6,49730,61768,42.1648,5.66,463.131
610,9150,9164,15,LOADED_SCENE,552008,1079,1079,830,830,830,292,292,292,0,0,0,56843.9,53778,59873,34.9273,5.4416,388.99
611,9165,9179,15,LOADED_SCENE,552008,1079,1079,830,830,830,292,292,292,0,0,0,56999.8,52416,60485,35.4559,5.2522,417.473
612,9180,9194,15,LOADED_SCENE,552008,1079,1079,830,830,830,292,292,292,0,0,0,56033.5,49447,59489,6.30907,5.4379,11.3725
613,9195,9209,15,LOADED_SCENE,552008,1079,1079,830,830,830,292,292,292,0,0,0,56390.9,53382,59840,33.7936,5.2975,403.089
614,9210,9224,15,LOADED_SCENE,552008,1079,1079,830,830,830,292,292,292,0,0,0,57463.7,55822,59510,34.3722,5.3137,399.4
615,9225,9239,15,LOADED_SCENE,552008,1079,1079,830,830,830,292,292,292,0,0,0,56675.4,51720,59560,42.804,5.6203,460.638
616,9240,9254,15,LOADED_SCENE,552008,1079,1079,830,830,830,292,292,292,0,0,0,57655.1,56069,59384,43.241,5.3881,481.724
617,9255,9269,15,LOADED_SCENE,552008,1079,1079,830,830,830,292,292,292,0,0,0,57207.6,54579,59437,32.0343,5.3373,367.915
618,9270,9284,15,LOADED_SCENE,552008,1079,1079,830,830,830,292,292,292,0,0,0,56627.5,53206,59321,7.72016,5.3231,32.6121
619,9285,9299,15,LOADED_SCENE,552008,1079,1079,830,830,830,292,292,292,0,0,0,57059.4,54519,59560,34.2722,5.3859,407.522
620,9300,9314,15,LOADED_SCENE,552008,1079,1079,830,830,830,292,292,292,0,0,0,57327.9,54464,59345,34.3795,5.3921,404.397
621,9315,9329,15,LOADED_SCENE,552008,1079,1079,830,830,830,292,292,292,0,0,0,56742.7,53027,59396,33.1769,5.5313,393.724
622,9330,9344,15,LOADED_SCENE,552008,1079,1079,830,830,830,292,292,292,0,0,0,57089,52467,59625,34.2783,5.4152,383.282
623,9345,9359,15,LOADED_SCENE,552008,1079,1079,830,830,830,292,292,292,0,0,0,57459.3,54166,59282,38.1422,5.4229,462.43
624,9360,9374,15,LOADED_SCENE,552008,1079,1079,830,830,830,292,292,292,0,0,0,56964.9,51408,59207,8.73739,5.3294,45.7746
625,9375,9389,15,LOADED_SCENE,552008,1079,1079,830,830,830,292,292,292,0,0,0,57466.3,54854,59380,35.2641,5.3879,404.003
626,9390,9404,15,LOADED_SCENE,552008,1079,1079,830,830,830,292,292,292,0,0,0,56872.2,54423,58751,25.5339,5.4364,257.441
627,9405,9419,15,LOADED_SCENE,552008,1079,1079,830,830,830,292,292,292,0,0,0,56873.8,54299,59053,35.3184,5.4153,369.252
628,9420,9434,15,LOADED_SCENE,552008,1079,1079,830,830,830,292,292,292,0,0,0,57280.4,55025,59300,28.7406,5.1373,305.013
629,9435,9449,15,LOADED_SCENE,552008,1079,1079,830,830,830,292,292,292,0,0,0,57238,53694,60980,6.5822,5.4068,12.8943
630,9450,9464,15,LOADED_SCENE,552008,1079,1079,830,830,830,292,292,292,0,0,0,56491.6,50289,59502,86.5811,5.2046,1219.88
631,9465,9479,15,LOADED_SCENE,552008,1079,1079,830,830,830,292,292,292,0,0,0,57153.8,54358,59716,7.46825,5.1055,28.7031
632,9480,9494,15,LOADED_SCENE,552008,1079,1079,830,830,830,292,292,292,0,0,0,56884.5,53491,59641,5.37213,5.1886,5.7697
633,9495,9509,15,LOADED_SCENE,552008,1079,1079,830,830,830,292,292,292,0,0,0,57612.7,56271,59316,5.43129,5.2013,5.9929
634,9510,9524,15,LOADED_SCENE,552008,1079,1079,830,830,830,292,292,292,0,0,0,57725.5,51656,61827,5.42925,5.0977,6.2036
635,9525,9539,15,LOADED_SCENE,552008,1079,1079,830,830,830,292,292,292,0,0,0,57345.3,49933,59589,5.41869,5.1731,6.3782
636,9540,9554,15,LOADED_SCENE,552008,1079,1079,830,830,830,292,292,292,0,0,0,57076.7,55370,59270,6.0378,5.2448,7.098
637,9555,9569,15,LOADED_SCENE,552008,1079,1079,830,830,830,292,292,292,0,0,0,58004.6,56451,59356,5.43624,5.1022,5.8386
638,9570,9584,15,LOADED_SCENE,552008,1079,1079,830,830,830,292,292,292,0,0,0,57306.5,53960,59719,5.30717,5.1127,5.7542
639,9585,9599,15,LOADED_SCENE,552008,1079,1079,830,830,830,292,292,292,0,0,0,57135.4,54424,59386,5.55165,5.2101,6.2217
640,9600,9614,15,LOADED_SCENE,552008,1079,1079,830,830,830,292,292,292,0,0,0,55378.5,49283,59396,5.40601,5.1197,6.2544
641,9615,9629,15,LOADED_SCENE,552008,1079,1079,830,830,830,292,292,292,0,0,0,57295.8,53211,59579,5.46322,5.0759,6.319
642,9630,9644,15,LOADED_SCENE,552008,1079,1079,830,830,830,292,292,292,0,0,0,57350.3,52698,59740,5.43859,5.2188,5.9574
643,9645,9659,15,LOADED_SCENE,552008,1079,1079,830,830,830,292,292,292,0,0,0,56465.9,53874,57901,5.3859,5.1828,5.9559
644,9660,9674,15,LOADED_SCENE,552008,1079,1079,830,830,830,292,292,292,0,0,0,57867.9,54745,59966,5.53508,5.2341,6.2698
645,9675,9689,15,LOADED_SCENE,552008,1079,1079,830,830,830,292,292,292,0,0,0,57407.7,54365,59620,5.41471,5.1834,6.0644
646,9690,9704,15,LOADED_SCENE,552008,1079,1079,830,830,830,292,292,292,0,0,0,57076,54134,59718,5.42663,5.2057,5.9578
647,9705,9719,15,LOADED_SCENE,552008,1079,1079,830,830,830,292,292,292,0,0,0,57136.2,54602,59694,5.40108,5.197,6.3164
648,9720,9734,15,LOADED_SCENE,552008,1079,1079,830,830,830,292,292,292,0,0,0,56758.1,53434,59749,5.40961,5.1572,5.7362
649,9735,9749,15,LOADED_SCENE,552008,1079,1079,830,830,830,292,292,292,0,0,0,57514.9,54426,59342,5.39871,5.1313,5.9135
650,9750,9764,15,LOADED_SCENE,552008,1079,1079,830,830,830,292,292,292,0,0,0,57248.6,54183,59736,5.61328,5.1501,6.18
651,9765,9779,15,LOADED_SCENE,552008,1079,1079,830,830,830,292,292,292,0,0,0,56390.5,51593,59220,5.3818,5.1884,6.1479
652,9780,9794,15,LOADED_SCENE,552008,1079,1079,830,830,830,292,292,292,0,0,0,57185.9,55641,59462,5.39087,5.1255,6.1085
653,9795,9809,15,LOADED_SCENE,552008,1079,1079,830,830,830,292,292,292,0,0,0,56549.9,50322,59852,5.46041,5.239,5.9275
654,9810,9824,15,LOADED_SCENE,552008,1079,1079,830,830,830,292,292,292,0,0,0,56817.5,54170,59461,5.48436,5.1872,6.1376
655,9825,9839,15,LOADED_SCENE,552008,1079,1079,830,830,830,292,292,292,0,0,0,57450.6,55053,59727,5.41849,5.204,5.8227
656,9840,9854,15,LOADED_SCENE,552008,1079,1079,830,830,830,292,292,292,0,0,0,56716.5,49802,59729,5.37724,5.1724,5.7853
657,9855,9869,15,LOADED_SCENE,552008,1079,1079,830,830,830,292,292,292,0,0,0,57515.5,54650,59658,5.39742,5.1678,5.9927
658,9870,9884,15,LOADED_SCENE,552008,1079,1079,830,830,830,292,292,292,0,0,0,56683.4,52749,59194,5.44681,5.158,5.9994
659,9885,9899,15,LOADED_SCENE,552008,1079,1079,830,830,830,292,292,292,0,0,0,57393.2,55000,59499,5.44839,5.1207,5.9248
660,9900,9914,15,LOADED_SCENE,552008,1079,1079,830,830,830,292,292,292,0,0,0,57360,48834,59494,5.39029,5.1937,5.8576
661,9915,9929,15,LOADED_SCENE,552008,1079,1079,830,830,830,292,292,292,0,0,0,57296,54938,61294,5.42803,5.236,5.7306
662,9930,9944,15,LOADED_SCENE,552008,1079,1079,830,830,830,292,292,292,0,0,0,57489.7,49293,60913,5.39166,5.1481,5.8382
663,9945,9959,15,LOADED_SCENE,552008,1079,1079,830,830,830,292,292,292,0,0,0,56700.8,50240,59563,5.3768,5.1564,6.1945
664,9960,9974,15,LOADED_SCENE,552008,1079,1079,830,830,830,292,292,292,0,0,0,56257.5,53150,58032,5.42068,5.1692,6.0514
665,9975,9989,15,LOADED_SCENE,552008,1079,1079,830,830,830,292,292,292,0,0,0,57094.5,53223,59854,5.30815,5.1254,5.8604
666,9990,10004,15,LOADED_SCENE,552008,1079,1079,830,830,830,292,292,292,0,0,0,56984.1,49782,59520,5.49295,5.2065,5.8849
667,10005,10019,15,LOADED_SCENE,552008,1079,1079,830,830,830,292,292,292,0,0,0,56311.1,50257,59402,5.47632,5.288,6.1089
668,10020,10034,15,LOADED_SCENE,552008,1079,1079,830,830,830,292,292,292,0,0,0,56389.5,49151,59189,5.38348,5.1816,6.317
669,10035,10049,15,LOADED_SCENE,552008,1079,1079,830,830,830,292,292,292,0,0,0,57391.7,56352,61915,5.50528,5.1357,7.2396
670,10050,10064,15,LOADED_SCENE,552008,1079,1079,830,830,830,292,292,292,0,0,0,57438.6,55012,59451,5.31795,5.1098,5.6277
671,10065,10079,15,LOADED_SCENE,552008,1079,1079,830,830,830,292,292,292,0,0,0,56944.4,50209,59463,5.38477,5.1717,5.8092
672,10080,10094,15,LOADED_SCENE,552008,1079,1079,830,830,830,292,292,292,0,0,0,56808.8,53156,59589,5.44821,5.2536,6.3126
673,10095,10109,15,LOADED_SCENE,552008,1079,1079,830,830,830,292,292,292,0,0,0,57869.8,55042,60656,5.47691,5.184,6.0224
674,10110,10124,15,LOADED_SCENE,552008,1079,1079,830,830,830,292,292,292,0,0,0,57169.5,53797,59617,5.36356,5.1852,5.8008
675,10125,10139,15,LOADED_SCENE,552008,1079,1079,830,830,830,292,292,292,0,0,0,56897.7,50394,59724,5.33263,5.157,5.5752
676,10140,10154,15,LOADED_SCENE,552008,1079,1079,830,830,830,292,292,292,0,0,0,56829.6,51353,59461,5.46322,5.2133,6.8479
677,10155,10169,15,LOADED_SCENE,552008,1079,1079,830,830,830,292,292,292,0,0,0,58064.5,56236,59545,5.43302,5.2347,6.627
678,10170,10184,15,LOADED_SCENE,552008,1079,1079,830,830,830,292,292,292,0,0,0,57587.4,56279,59589,5.38768,5.1525,6.0623
679,10185,10199,15,LOADED_SCENE,552008,1079,1079,830,830,830,292,292,292,0,0,0,56613.1,49871,59242,5.43534,5.167,6.1096
680,10200,10214,15,LOADED_SCENE,552008,1079,1079,830,830,830,292,292,292,0,0,0,57112.7,50622,61856,5.41767,5.2056,6.1514
681,10215,10229,15,LOADED_SCENE,552008,1079,1079,830,830,830,292,292,292,0,0,0,58100.7,54489,61899,5.3805,5.1969,6.0718
682,10230,10244,15,LOADED_SCENE,552008,1079,1079,830,830,830,292,292,292,0,0,0,57864.5,55991,60852,5.46146,5.2266,6.2421
683,10245,10259,15,LOADED_SCENE,552008,1079,1079,830,830,830,292,292,292,0,0,0,57422.6,53476,60606,5.39879,5.1375,5.8648
684,10260,10274,15,LOADED_SCENE,552008,1079,1079,830,830,830,292,292,292,0,0,0,57213.9,54911,59353,5.33387,5.144,5.6527
685,10275,10289,15,LOADED_SCENE,552008,1079,1079,830,830,830,292,292,292,0,0,0,57264.8,56113,59378,5.45689,5.1618,6.4673
686,10290,10304,15,LOADED_SCENE,552008,1079,1079,830,830,830,292,292,292,0,0,0,56675.3,49647,59621,5.49516,5.1773,6.1685
687,10305,10319,15,LOADED_SCENE,552008,1079,1079,830,830,830,292,292,292,0,0,0,55656,49110,59758,5.35241,5.1767,6.144
688,10320,10334,15,LOADED_SCENE,552008,1079,1079,830,830,830,292,292,292,0,0,0,56513.6,50434,59640,5.41427,5.2062,5.9121
689,10335,10349,15,LOADED_SCENE,552008,1079,1079,830,830,830,292,292,292,0,0,0,57084.8,54862,59502,5.3901,5.1663,5.7504
690,10350,10364,15,LOADED_SCENE,552008,1079,1079,830,830,830,292,292,292,0,0,0,57127.3,51997,59765,5.55602,5.2895,6.6297
691,10365,10379,15,LOADED_SCENE,552008,1079,1079,830,830,830,292,292,292,0,0,0,57315.5,56000,59658,5.39323,5.1806,6.4339
692,10380,10394,15,LOADED_SCENE,552008,1079,1079,830,830,830,292,292,292,0,0,0,56982.7,49509,59772,5.5631,5.1768,6.5676
693,10395,10409,15,LOADED_SCENE,552008,1079,1079,830,830,830,292,292,292,0,0,0,57515.3,53439,59658,5.50966,5.1688,6.1414
694,10410,10424,15,LOADED_SCENE,552008,1079,1079,830,830,830,292,292,292,0,0,0,57512.9,54457,60548,5.39155,5.1813,5.9002
695,10425,10439,15,LOADED_SCENE,552008,1079,1079,830,830,830,292,292,292,0,0,0,57227.7,54615,59458,5.51455,5.17,6.2967
696,10440,10454,15,LOADED_SCENE,552008,1079,1079,830,830,830,292,292,292,0,0,0,56547.5,50162,59447,5.41229,5.2058,5.7703
697,10455,10469,15,LOADED_SCENE,552008,1079,1079,830,830,830,292,292,292,0,0,0,58097.7,54548,61940,5.32253,5.1049,5.6041
698,10470,10484,15,LOADED_SCENE,552008,1079,1079,830,830,830,292,292,292,0,0,0,57882.6,54525,59858,5.47931,5.1687,5.8051
699,10485,10499,15,LOADED_SCENE,552008,1079,1079,830,830,830,292,292,292,0,0,0,56797.3,54714,58186,5.44715,5.1476,5.8593
700,10500,10514,15,LOADED_SCENE,552008,1079,1079,830,830,830,292,292,292,0,0,0,56880.4,54281,59483,5.39954,5.1935,5.8355
701,10515,10529,15,LOADED_SCENE,552008,1079,1079,830,830,830,292,292,292,0,0,0,57627.9,53508,59770,5.64162,5.2857,6.3893
702,10530,10544,15,LOADED_SCENE,552008,1079,1079,830,830,830,292,292,292,0,0,0,57166.3,53441,59322,5.40868,5.1857,5.7311
703,10545,10559,15,LOADED_SCENE,552008,1079,1079,830,830,830,292,292,292,0,0,0,56330.3,50031,59548,5.44813,5.1541,6.3733
704,10560,10574,15,LOADED_SCENE,552008,1079,1079,830,830,830,292,292,292,0,0,0,57378.3,55994,60720,5.67769,5.1954,6.8305
705,10575,10589,15,LOADED_SCENE,552008,1079,1079,830,830,830,292,292,292,0,0,0,57516.8,54568,59535,5.36719,5.2143,5.7004
706,10590,10604,15,LOADED_SCENE,552008,1079,1079,830,830,830,292,292,292,0,0,0,57337.3,52242,59583,5.4132,5.2076,5.8832
707,10605,10619,15,LOADED_SCENE,552008,1079,1079,830,830,830,292,292,292,0,0,0,57341.1,54725,59448,5.36717,5.1687,6.0336
708,10620,10634,15,LOADED_SCENE,552008,1079,1079,830,830,830,292,292,292,0,0,0,56850.8,54892,59606,5.40194,5.1787,5.9573
709,10635,10649,15,LOADED_SCENE,552008,1079,1079,830,830,830,292,292,292,0,0,0,57285.8,54734,59517,5.42301,5.1987,6.0285
710,10650,10664,15,LOADED_SCENE,552008,1079,1079,830,830,830,292,292,292,0,0,0,58127.8,56354,60276,5.51918,5.1208,6.2576
711,10665,10679,15,LOADED_SCENE,552008,1079,1079,830,830,830,292,292,292,0,0,0,56400,50283,59552,5.46121,5.2435,6.1106
712,10680,10694,15,LOADED_SCENE,552008,1079,1079,830,830,830,292,292,292,0,0,0,57004.4,54047,61802,5.4207,5.1737,5.8812
713,10695,10709,15,LOADED_SCENE,552008,1079,1079,830,830,830,292,292,292,0,0,0,57442.2,52570,61958,5.57715,5.2267,6.3699
714,10710,10724,15,LOADED_SCENE,552008,1079,1079,830,830,830,292,292,292,0,0,0,57543.2,53528,59646,5.47303,5.2484,5.9545
715,10725,10739,15,LOADED_SCENE,552008,1079,1079,830,830,830,292,292,292,0,0,0,56974.3,53147,59602,5.40663,5.1842,6.0373
716,10740,10754,15,LOADED_SCENE,552008,1079,1079,830,830,830,292,292,292,0,0,0,56762.7,54587,59678,5.43023,5.1718,5.9531
717,10755,10769,15,LOADED_SCENE,552008,1079,1079,830,830,830,292,292,292,0,0,0,56889.3,49244,59888,5.42912,5.2372,6.3332
718,10770,10784,15,LOADED_SCENE,552008,1079,1079,830,830,830,292,292,292,0,0,0,57316.4,54831,59401,5.48333,5.232,6.1429
719,10785,10799,15,LOADED_SCENE,552008,1079,1079,830,830,830,292,292,292,0,0,0,56424.5,49362,60901,5.9877,5.2215,6.7115
720,10800,10814,15,LOADED_SCENE,552008,1079,1079,830,830,830,292,292,292,0,0,0,57639.8,54954,59685,5.39567,5.1013,5.7096
721,10815,10829,15,LOADED_SCENE,552008,1079,1079,830,830,830,292,292,292,0,0,0,57258.5,55038,60675,5.41915,5.1696,6.5276
722,10830,10844,15,LOADED_SCENE,552008,1079,1079,830,830,830,292,292,292,0,0,0,57123.9,52367,59368,5.3982,5.1202,5.9975
723,10845,10859,15,LOADED_SCENE,552008,1079,1079,830,830,830,292,292,292,0,0,0,57512.5,56123,59567,5.46539,5.1983,6.0688
724,10860,10874,15,LOADED_SCENE,552008,1079,1079,830,830,830,292,292,292,0,0,0,57436.7,55394,59530,5.37873,5.1659,5.8436
725,10875,10889,15,LOADED_SCENE,552008,1079,1079,830,830,830,292,292,292,0,0,0,57081.1,55795,59396,5.44502,5.2027,5.9574
726,10890,10904,15,LOADED_SCENE,552008,1079,1079,830,830,830,292,292,292,0,0,0,56782.7,51465,59313,5.40905,5.2521,6.3467
727,10905,10919,15,LOADED_SCENE,552008,1079,1079,830,830,830,292,292,292,0,0,0,57508.5,54837,59366,5.46675,5.2758,5.9599
728,10920,10934,15,LOADED_SCENE,552008,1079,1079,830,830,830,292,292,292,0,0,0,57825.8,55155,60914,5.30001,5.1535,5.7763
729,10935,10949,15,LOADED_SCENE,552008,1079,1079,830,830,830,292,292,292,0,0,0,56903.3,54651,59634,5.53552,5.2455,6.877
730,10950,10964,15,LOADED_SCENE,552008,1079,1079,830,830,830,292,292,292,0,0,0,57817.1,49957,60950,5.39551,5.1274,5.7881
731,10965,10979,15,LOADED_SCENE,552008,1079,1079,830,830,830,292,292,292,0,0,0,56479.9,49971,59466,5.48213,5.1483,6.2847
732,10980,10994,15,LOADED_SCENE,552008,1079,1079,830,830,830,292,292,292,0,0,0,57491.7,53217,59711,5.43833,5.171,5.9727
733,10995,11009,15,LOADED_SCENE,552008,1079,1079,830,830,830,292,292,292,0,0,0,57571,56024,59629,5.53845,5.2918,6.342
734,11010,11024,15,LOADED_SCENE,552008,1079,1079,830,830,830,292,292,292,0,0,0,57447.9,55026,61857,5.399,5.2247,5.721
735,11025,11039,15,LOADED_SCENE,552008,1079,1079,830,830,830,292,292,292,0,0,0,57256.2,54026,61798,5.52579,5.3194,6.0204
736,11040,11054,15,LOADED_SCENE,552008,1079,1079,830,830,830,292,292,292,0,0,0,57610.1,54744,59565,5.37933,5.1747,5.6168
737,11055,11069,15,LOADED_SCENE,552008,1079,1079,830,830,830,292,292,292,0,0,0,57131.1,52990,59658,5.34721,5.1969,5.9351
738,11070,11084,15,LOADED_SCENE,552008,1079,1079,830,830,830,292,292,292,0,0,0,56707.9,52435,59474,5.45173,5.1321,6.2331
739,11085,11099,15,LOADED_SCENE,552008,1079,1079,830,830,830,292,292,292,0,0,0,57505.4,56414,59610,5.39275,5.1366,6.1477
740,11100,11114,15,LOADED_SCENE,552008,1079,1079,830,830,830,292,292,292,0,0,0,56853.5,49879,60712,5.31725,5.0732,5.6077
741,11115,11129,15,LOADED_SCENE,552008,1079,1079,830,830,830,292,292,292,0,0,0,57278.1,55174,59439,5.55716,5.0441,6.7146
742,11130,11144,15,LOADED_SCENE,552008,1079,1079,830,830,830,292,292,292,0,0,0,57529.3,54810,59736,5.34884,5.2015,5.7874
743,11145,11159,15,LOADED_SCENE,552008,1079,1079,830,830,830,292,292,292,0,0,0,57539.1,54670,59724,5.49516,5.1937,6.4733
744,11160,11174,15,LOADED_SCENE,552008,1079,1079,830,830,830,292,292,292,0,0,0,56908.9,54520,59663,5.40231,5.2008,5.9237
745,11175,11189,15,LOADED_SCENE,552008,1079,1079,830,830,830,292,292,292,0,0,0,57215.6,53742,60152,5.72681,5.2256,6.6264
746,11190,11204,15,LOADED_SCENE,552008,1079,1079,830,830,830,292,292,292,0,0,0,57406.1,54948,60850,5.50325,5.2304,6.05
747,11205,11219,15,LOADED_SCENE,552008,1079,1079,830,830,830,292,292,292,0,0,0,57107.4,55031,59282,5.64725,5.3565,6.1128
748,11220,11234,15,LOADED_SCENE,552008,1079,1079,830,830,830,292,292,292,0,0,0,57070,54914,59716,5.48293,5.2387,6.4873
749,11235,11249,15,LOADED_SCENE,552008,1079,1079,830,830,830,292,292,292,0,0,0,57004.1,52747,59622,5.51571,5.2134,6.9274
750,11250,11264,15,LOADED_SCENE,552008,1079,1079,830,830,830,292,292,292,0,0,0,57645.4,55239,59609,5.38535,5.2119,5.6367
751,11265,11279,15,LOADED_SCENE,552008,1079,1079,830,830,830,292,292,292,0,0,0,57442.7,54165,62045,5.48313,5.261,5.8429
752,11280,11294,15,LOADED_SCENE,552008,1079,1079,830,830,830,292,292,292,0,0,0,57233.5,55991,59219,5.4366,5.125,6.1535
753,11295,11309,15,LOADED_SCENE,552008,1079,1079,830,830,830,292,292,292,0,0,0,57294.4,53854,59840,5.53866,5.1636,6.658
754,11310,11324,15,LOADED_SCENE,552008,1079,1079,830,830,830,292,292,292,0,0,0,56942.1,51497,59507,5.53631,5.1921,6.3897
755,11325,11339,15,LOADED_SCENE,552008,1079,1079,830,830,830,292,292,292,0,0,0,57625.1,56029,61847,5.34011,5.1858,5.7312
756,11340,11354,15,LOADED_SCENE,552008,1079,1079,830,830,830,292,292,292,0,0,0,57067.4,49084,60447,5.47744,5.2494,6.0653
757,11355,11369,15,LOADED_SCENE,552008,1079,1079,830,830,830,292,292,292,0,0,0,57398.6,54800,59519,5.59764,5.2585,7.0539
758,11370,11384,15,LOADED_SCENE,552008,1079,1079,830,830,830,292,292,292,0,0,0,57583.3,53733,59381,5.48729,5.2221,6.2864
759,11385,11399,15,LOADED_SCENE,552008,1079,1079,830,830,830,292,292,292,0,0,0,56978,54481,59428,5.45149,5.2092,5.7852
760,11400,11414,15,LOADED_SCENE,552008,1079,1079,830,830,830,292,292,292,0,0,0,57073.6,54448,59409,5.41768,5.2393,5.753
761,11415,11429,15,LOADED_SCENE,552008,1079,1079,830,830,830,292,292,292,0,0,0,57039.2,51359,59456,5.35852,5.1423,5.7696
762,11430,11444,15,LOADED_SCENE,552008,1079,1079,830,830,830,292,292,292,0,0,0,57076.8,51115,59677,5.36891,5.1633,5.7301
763,11445,11459,15,LOADED_SCENE,552008,1079,1079,830,830,830,292,292,292,0,0,0,57201.4,55055,59547,5.40362,5.1399,6.0723
764,11460,11474,15,LOADED_SCENE,552008,1079,1079,830,830,830,292,292,292,0,0,0,57305.7,56166,59245,5.43163,5.2363,6.1574
765,11475,11489,15,LOADED_SCENE,552008,1079,1079,830,830,830,292,292,292,0,0,0,57175.1,54022,59277,5.46775,5.1742,5.8905
766,11490,11504,15,LOADED_SCENE,552008,1079,1079,830,830,830,292,292,292,0,0,0,56309.6,48983,58254,5.39027,5.2124,5.8667
767,11505,11519,15,LOADED_SCENE,552008,1079,1079,830,830,830,292,292,292,0,0,0,57305.4,51611,59703,5.51268,5.2287,5.8657
768,11520,11534,15,LOADED_SCENE,552008,1079,1079,830,830,830,292,292,292,0,0,0,57085.1,53429,59409,5.33782,5.2296,5.8783
769,11535,11549,15,LOADED_SCENE,552008,1079,1079,830,830,830,292,292,292,0,0,0,56952.9,52079,59395,5.43513,5.1816,5.9189
770,11550,11564,15,LOADED_SCENE,552008,1079,1079,830,830,830,292,292,292,0,0,0,56984.2,52466,59266,5.33966,5.2049,5.6937
771,11565,11579,15,LOADED_SCENE,552008,1079,1079,830,830,830,292,292,292,0,0,0,56701.2,50234,59292,5.44284,5.1376,5.9631
772,11580,11594,15,LOADED_SCENE,552008,1079,1079,830,830,830,292,292,292,0,0,0,56758,53557,59782,5.4821,5.1678,6.4291
773,11595,11609,15,LOADED_SCENE,552008,1079,1079,830,830,830,292,292,292,0,0,0,57540.6,53075,59601,5.41063,5.1873,5.9185
774,11610,11624,15,LOADED_SCENE,552008,1079,1079,830,830,830,292,292,292,0,0,0,56108.1,50787,59573,5.84432,5.2936,6.6119
775,11625,11639,15,LOADED_SCENE,552008,1079,1079,830,830,830,292,292,292,0,0,0,57306.1,50275,59621,5.6907,5.1861,7.3557
776,11640,11654,15,LOADED_SCENE,552008,1079,1079,830,830,830,292,292,292,0,0,0,57414.7,53275,59584,5.44039,5.1387,6.2028
777,11655,11669,15,LOADED_SCENE,552008,1079,1079,830,830,830,292,292,292,0,0,0,57138.7,54278,59129,5.65603,5.2051,8.9739
778,11670,11684,15,LOADED_SCENE,552008,1079,1079,830,830,830,292,292,292,0,0,0,57914.8,55517,59592,5.59086,5.2035,5.9985
779,11685,11699,15,LOADED_SCENE,552008,1079,1079,830,830,830,292,292,292,0,0,0,57467.9,54869,59445,5.38631,5.1573,5.9889
780,11700,11714,15,LOADED_SCENE,552008,1079,1079,830,830,830,292,292,292,0,0,0,56990.6,54444,59705,5.45572,5.1436,6.0949
781,11715,11729,15,LOADED_SCENE,552008,1079,1079,830,830,830,292,292,292,0,0,0,57463.5,56028,59368,5.35456,5.1956,5.8236
782,11730,11744,15,LOADED_SCENE,552008,1079,1079,830,830,830,292,292,292,0,0,0,57858.4,53020,59720,5.38099,5.185,6.0476
783,11745,11759,15,LOADED_SCENE,552008,1079,1079,830,830,830,292,292,292,0,0,0,57602.2,56275,59512,5.5225,5.166,6.149
784,11760,11774,15,LOADED_SCENE,552008,1079,1079,830,830,830,292,292,292,0,0,0,56801,52779,59530,5.42871,5.2532,5.9833
785,11775,11789,15,LOADED_SCENE,552008,1079,1079,830,830,830,292,292,292,0,0,0,57257.5,50287,59539,5.43655,5.2396,6.1104
786,11790,11804,15,LOADED_SCENE,552008,1079,1079,830,830,830,292,292,292,0,0,0,58025.3,55344,59601,5.32494,5.1427,5.7067
787,11805,11819,15,LOADED_SCENE,552008,1079,1079,830,830,830,292,292,292,0,0,0,57277.8,53801,59469,5.41229,5.2076,6.249
788,11820,11834,15,LOADED_SCENE,552008,1079,1079,830,830,830,292,292,292,0,0,0,56355.3,48914,59436,5.43099,5.1116,5.838
789,11835,11849,15,LOADED_SCENE,552008,1079,1079,830,830,830,292,292,292,0,0,0,56960.5,53481,59560,5.38587,5.1873,5.7442
790,11850,11864,15,LOADED_SCENE,552008,1079,1079,830,830,830,292,292,292,0,0,0,56894.3,54511,59548,5.53039,5.227,6.1349
791,11865,11879,15,LOADED_SCENE,552008,1079,1079,830,830,830,292,292,292,0,0,0,57450.1,53882,59864,5.43831,5.2048,5.6941
792,11880,11894,15,LOADED_SCENE,552008,1079,1079,830,830,830,292,292,292,0,0,0,57638.1,55913,59818,5.37088,5.1637,5.7171
793,11895,11909,15,LOADED_SCENE,552008,1079,1079,830,830,830,292,292,292,0,0,0,57278.7,54767,59617,5.45003,5.1772,6.2988
794,11910,11924,15,LOADED_SCENE,552008,1079,1079,830,830,830,292,292,292,0,0,0,57525.5,51891,59337,5.35515,5.1726,6.0254
795,11925,11939,15,LOADED_SCENE,552008,1079,1079,830,830,830,292,292,292,0,0,0,56565.8,50581,59403,5.39872,5.227,5.8988
796,11940,11954,15,LOADED_SCENE,552008,1079,1079,830,830,830,292,292,292,0,0,0,56849.9,49948,59455,5.3501,5.1198,5.6656
797,11955,11969,15,LOADED_SCENE,552008,1079,1079,830,830,830,292,292,292,0,0,0,57420.3,53387,59393,5.61581,5.2293,6.7738
798,11970,11984,15,LOADED_SCENE,552008,1079,1079,830,830,830,292,292,292,0,0,0,57324.9,55385,59510,5.30501,5.1644,5.8048
799,11985,11999,15,LOADED_SCENE,552008,1079,1079,830,830,830,292,292,292,0,0,0,57445.4,53261,59515,5.50997,5.1468,6.2054
800,12000,12014,15,LOADED_SCENE,552008,1079,1079,830,830,830,292,292,292,0,0,0,56108.8,50260,59503,5.44944,5.1722,6.0625
801,12015,12029,15,LOADED_SCENE,552008,1079,1079,830,830,830,292,292,292,0,0,0,57202.8,54748,59612,5.32285,5.1707,5.7321
802,12030,12044,15,LOADED_SCENE,552008,1079,1079,830,830,830,292,292,292,0,0,0,57641.3,55122,59839,5.40457,5.163,6.1669
803,12045,12059,15,LOADED_SCENE,552008,1079,1079,830,830,830,292,292,292,0,0,0,57413.7,54681,61834,5.41445,5.2011,5.6316
804,12060,12074,15,LOADED_SCENE,552008,1079,1079,830,830,830,292,292,292,0,0,0,57389.7,55027,59629,5.36378,5.1679,5.8484
805,12075,12089,15,LOADED_SCENE,552008,1079,1079,830,830,830,292,292,292,0,0,0,57395.5,54775,59618,5.36277,5.1539,5.7012
806,12090,12104,15,LOADED_SCENE,552008,1079,1079,830,830,830,292,292,292,0,0,0,57380.5,54881,59850,5.48641,5.1839,6.3415
807,12105,12119,15,LOADED_SCENE,552008,1079,1079,830,830,830,292,292,292,0,0,0,57240.5,54575,61729,5.36493,5.1624,5.7967
808,12120,12134,15,LOADED_SCENE,552008,1079,1079,830,830,830,292,292,292,0,0,0,57255,54798,59875,5.38447,5.1598,6.1409
809,12135,12149,15,LOADED_SCENE,552008,1079,1079,830,830,830,292,292,292,0,0,0,57058.9,54709,59318,5.41499,5.1377,6.0074
810,12150,12164,15,LOADED_SCENE,552008,1079,1079,830,830,830,292,292,292,0,0,0,57005.3,54533,59358,5.4967,5.1146,6.0277
811,12165,12179,15,LOADED_SCENE,552008,1079,1079,830,830,830,292,292,292,0,0,0,57587.1,56150,59520,5.42975,5.1646,5.9583
812,12180,12194,15,LOADED_SCENE,552008,1079,1079,830,830,830,292,292,292,0,0,0,57166.5,53818,59358,5.39613,5.1815,5.9201
813,12195,12209,15,LOADED_SCENE,552008,1079,1079,830,830,830,292,292,292,0,0,0,57669.7,54736,60874,5.42188,5.1486,6.2408
814,12210,12224,15,LOADED_SCENE,552008,1079,1079,830,830,830,292,292,292,0,0,0,57777.8,53803,60086,5.34576,5.1738,5.5938
815,12225,12239,15,LOADED_SCENE,552008,1079,1079,830,830,830,292,292,292,0,0,0,57297.8,54622,59565,5.48751,5.1601,6.527
816,12240,12254,15,LOADED_SCENE,552008,1079,1079,830,830,830,292,292,292,0,0,0,57012.3,53672,59549,5.45527,5.2241,5.8523
817,12255,12269,15,LOADED_SCENE,552008,1079,1079,830,830,830,292,292,292,0,0,0,56854.9,51611,59099,5.35064,5.2274,5.5962
818,12270,12284,15,LOADED_SCENE,552008,1079,1079,830,830,830,292,292,292,0,0,0,56479.1,51749,59948,5.38071,5.1615,5.7406
819,12285,12299,15,LOADED_SCENE,552008,1079,1079,830,830,830,292,292,292,0,0,0,56821.5,53990,59194,5.4137,5.1479,5.9234
820,12300,12314,15,LOADED_SCENE,552008,1079,1079,830,830,830,292,292,292,0,0,0,56865.7,53326,59754,6.19874,5.983,6.6074
821,12315,12329,15,LOADED_SCENE,552008,1079,1079,830,830,830,292,292,292,0,0,0,57417.2,55719,59626,5.80111,5.1682,7.2757
822,12330,12344,15,LOADED_SCENE,552008,1079,1079,830,830,830,292,292,292,0,0,0,56850.9,51008,59342,6.59593,5.3129,16.4284
823,12345,12359,15,LOADED_SCENE,552008,1079,1079,830,830,830,292,292,292,0,0,0,56543.2,54975,58077,6.42103,5.15,7.6159
824,12360,12374,15,LOADED_SCENE,552008,1079,1079,830,830,830,292,292,292,0,0,0,57147.4,52857,59797,5.36024,5.1122,5.9442
825,12375,12389,15,LOADED_SCENE,552008,1079,1079,830,830,830,292,292,292,0,0,0,56795.3,50582,59301,5.47856,5.1469,6.0774
826,12390,12404,15,LOADED_SCENE,552008,1079,1079,830,830,830,292,292,292,0,0,0,56957,53344,59364,5.37069,5.1613,6.077
827,12405,12419,15,LOADED_SCENE,552008,1079,1079,830,830,830,292,292,292,0,0,0,56603.9,50644,59363,5.42553,5.214,5.9053
828,12420,12434,15,LOADED_SCENE,552008,1079,1079,830,830,830,292,292,292,0,0,0,56076.7,50270,59406,5.45093,5.2002,5.7284
829,12435,12449,15,LOADED_SCENE,552008,1079,1079,830,830,830,292,292,292,0,0,0,56824.2,50561,59346,5.37635,5.1686,5.7737
830,12450,12464,15,LOADED_SCENE,552008,1079,1079,830,830,830,292,292,292,0,0,0,56793.1,52193,59140,5.49038,5.0848,7.1441
831,12465,12479,15,LOADED_SCENE,552008,1079,1079,830,830,830,292,292,292,0,0,0,56730.5,54784,58840,5.41124,5.1664,6.1451
832,12480,12494,15,LOADED_SCENE,552008,1079,1079,830,830,830,292,292,292,0,0,0,57480.5,54904,59387,5.35001,5.1758,5.5933
833,12495,12509,15,LOADED_SCENE,552008,1079,1079,830,830,830,292,292,292,0,0,0,57501.9,53570,59516,5.41349,5.1929,6.1266
834,12510,12524,15,LOADED_SCENE,552008,1079,1079,830,830,830,292,292,292,0,0,0,58257.4,56419,60868,5.38173,5.165,5.9682
835,12525,12539,15,LOADED_SCENE,552008,1079,1079,830,830,830,292,292,292,0,0,0,56455.5,49451,59482,5.39168,5.1812,5.7822
836,12540,12554,15,LOADED_SCENE,552008,1079,1079,830,830,830,292,292,292,0,0,0,56973.7,53071,59527,5.35404,5.1855,6.005
837,12555,12569,15,LOADED_SCENE,552008,1079,1079,830,830,830,292,292,292,0,0,0,57116.9,53702,59041,5.38395,5.0802,5.7307
838,12570,12584,15,LOADED_SCENE,552008,1079,1079,830,830,830,292,292,292,0,0,0,57089.3,54747,59480,5.40987,5.2433,6.0206
839,12585,12599,15,LOADED_SCENE,552008,1079,1079,830,830,830,292,292,292,0,0,0,57114.7,54247,59123,5.43863,5.1583,6.0723
840,12600,12614,15,LOADED_SCENE,552008,1079,1079,830,830,830,292,292,292,0,0,0,56664.7,54888,59489,5.41239,5.1562,6.0167
841,12615,12629,15,LOADED_SCENE,552008,1079,1079,830,830,830,292,292,292,0,0,0,57041.5,54540,58295,5.40731,5.1617,5.7511
842,12630,12644,15,LOADED_SCENE,552008,1079,1079,830,830,830,292,292,292,0,0,0,56759.3,54463,59135,5.45049,5.1893,6.1824
843,12645,12659,15,LOADED_SCENE,552008,1079,1079,830,830,830,292,292,292,0,0,0,57210.9,54328,59472,5.32757,5.1511,6.0243
844,12660,12674,15,LOADED_SCENE,552008,1079,1079,830,830,830,292,292,292,0,0,0,57369.7,50283,59575,5.35332,5.1005,5.8916
845,12675,12689,15,LOADED_SCENE,552008,1079,1079,830,830,830,292,292,292,0,0,0,57789.7,56237,61796,5.71571,5.1685,6.4046
846,12690,12704,15,LOADED_SCENE,552008,1079,1079,830,830,830,292,292,292,0,0,0,57689.9,54995,61586,5.41092,5.2197,5.8079
847,12705,12719,15,LOADED_SCENE,552008,1079,1079,830,830,830,292,292,292,0,0,0,57601.8,55642,59616,5.33727,5.1359,5.8387
848,12720,12734,15,LOADED_SCENE,552008,1079,1079,830,830,830,292,292,292,0,0,0,55845.3,49794,58430,5.45709,5.2713,6.0816
849,12735,12749,15,LOADED_SCENE,552008,1079,1079,830,830,830,292,292,292,0,0,0,57179.8,55913,59203,5.39043,5.1958,5.7358
850,12750,12764,15,LOADED_SCENE,552008,1079,1079,830,830,830,292,292,292,0,0,0,57670.1,54880,59652,5.41818,5.1936,6.047
851,12765,12779,15,LOADED_SCENE,552008,1079,1079,830,830,830,292,292,292,0,0,0,57345.1,56212,59487,5.49226,5.153,6.2267
852,12780,12794,15,LOADED_SCENE,552008,1079,1079,830,830,830,292,292,292,0,0,0,56492.4,49191,59238,5.36377,5.1697,6.0436
853,12795,12809,15,LOADED_SCENE,552008,1079,1079,830,830,830,292,292,292,0,0,0,56913.6,55512,59261,5.51168,5.163,6.0479
854,12810,12824,15,LOADED_SCENE,552008,1079,1079,830,830,830,292,292,292,0,0,0,57328.1,54714,59549,5.47656,5.2567,6.1492
855,12825,12839,15,LOADED_SCENE,552008,1079,1079,830,830,830,292,292,292,0,0,0,56381.1,50097,59596,5.44833,5.1073,6.0246
856,12840,12854,15,LOADED_SCENE,552008,1079,1079,830,830,830,292,292,292,0,0,0,57408.3,54546,61567,5.49969,5.2111,6.184
857,12855,12869,15,LOADED_SCENE,552008,1079,1079,830,830,830,292,292,292,0,0,0,57137.7,52445,59543,5.42995,5.1548,5.8503
858,12870,12884,15,LOADED_SCENE,552008,1079,1079,830,830,830,292,292,292,0,0,0,56684.8,52816,57942,5.44331,5.1733,6.1364
859,12885,12899,15,LOADED_SCENE,552008,1079,1079,830,830,830,292,292,292,0,0,0,57448.9,54166,59439,5.60809,5.283,6.4611
860,12900,12914,15,LOADED_SCENE,552008,1079,1079,830,830,830,292,292,292,0,0,0,56773.2,50568,59575,5.41311,5.132,6.0944
861,12915,12929,15,LOADED_SCENE,552008,1079,1079,830,830,830,292,292,292,0,0,0,57788.1,56082,59715,5.40225,5.137,5.6841
862,12930,12944,15,LOADED_SCENE,552008,1079,1079,830,830,830,292,292,292,0,0,0,57328.4,56067,59818,5.45177,5.1744,6.6647
863,12945,12959,15,LOADED_SCENE,552008,1079,1079,830,830,830,292,292,292,0,0,0,56674.3,54748,58262,5.35193,5.1239,5.5864
864,12960,12974,15,LOADED_SCENE,552008,1079,1079,830,830,830,292,292,292,0,0,0,56721.5,53452,59189,5.48957,5.1933,6.0322
865,12975,12989,15,LOADED_SCENE,552008,1079,1079,830,830,830,292,292,292,0,0,0,57113.3,53413,60551,5.48579,5.1669,6.0408
866,12990,13004,15,LOADED_SCENE,552008,1079,1079,830,830,830,292,292,292,0,0,0,56793.1,49917,59505,5.41445,5.1098,6.3584
867,13005,13019,15,LOADED_SCENE,552008,1079,1079,830,830,830,292,292,292,0,0,0,56894.3,54331,59075,5.43831,5.2307,6.3839
868,13020,13034,15,LOADED_SCENE,552008,1079,1079,830,830,830,292,292,292,0,0,0,57312.1,54646,59500,5.46135,5.2016,5.8316
869,13035,13049,15,LOADED_SCENE,552008,1079,1079,830,830,830,292,292,292,0,0,0,56890.3,54643,58617,5.66445,5.286,6.1771
870,13050,13064,15,LOADED_SCENE,552008,1079,1079,830,830,830,292,292,292,0,0,0,56762.1,54560,59715,5.64621,5.1968,6.8305
871,13065,13079,15,LOADED_SCENE,552008,1079,1079,830,830,830,292,292,292,0,0,0,56866.8,53332,59654,5.41473,5.1858,5.8523
872,13080,13094,15,LOADED_SCENE,552008,1079,1079,830,830,830,292,292,292,0,0,0,57499.5,55074,59696,5.33941,5.1803,6.2386
873,13095,13109,15,LOADED_SCENE,552008,1079,1079,830,830,830,292,292,292,0,0,0,57040.3,55053,60443,5.42114,5.202,5.8774
874,13110,13124,15,LOADED_SCENE,552008,1079,1079,830,830,830,292,292,292,0,0,0,56843.7,50626,59550,5.38141,5.1162,5.8689
875,13125,13139,15,LOADED_SCENE,552008,1079,1079,830,830,830,292,292,292,0,0,0,55793.5,49878,59671,5.41911,5.1989,6.0958
876,13140,13154,15,LOADED_SCENE,552008,1079,1079,830,830,830,292,292,292,0,0,0,57125.3,53578,59191,5.59225,5.2151,6.3488
877,13155,13169,15,LOADED_SCENE,552008,1079,1079,830,830,830,292,292,292,0,0,0,56794.2,54607,58169,5.44195,5.186,5.9247
878,13170,13184,15,LOADED_SCENE,552008,1079,1079,830,830,830,292,292,292,0,0,0,57428.8,53521,59577,5.40044,5.1385,6.1162
879,13185,13199,15,LOADED_SCENE,552008,1079,1079,830,830,830,292,292,292,0,0,0,56912.5,52873,59299,5.35758,5.1714,5.7622
880,13200,13214,15,LOADED_SCENE,552008,1079,1079,830,830,830,292,292,292,0,0,0,56848.2,54355,59402,5.39379,5.2175,5.9336
881,13215,13229,15,LOADED_SCENE,552008,1079,1079,830,830,830,292,292,292,0,0,0,57219.7,52512,59720,5.45905,5.1479,6.1177
882,13230,13244,15,LOADED_SCENE,552008,1079,1079,830,830,830,292,292,292,0,0,0,56545.9,50221,59678,5.50682,5.1608,6.4305
883,13245,13259,15,LOADED_SCENE,552008,1079,1079,830,830,830,292,292,292,0,0,0,56917.1,53319,59451,5.35659,5.0904,5.6999
884,13260,13274,15,LOADED_SCENE,552008,1079,1079,830,830,830,292,292,292,0,0,0,56773.5,54800,60014,6.535,5.1839,20.6903
885,13275,13289,15,LOADED_SCENE,552008,1079,1079,830,830,830,292,292,292,0,0,0,56433.3,49930,59941,5.52048,5.1504,7.2617
886,13290,13304,15,LOADED_SCENE,552008,1079,1079,830,830,830,292,292,292,0,0,0,57466.9,56096,59658,5.46512,5.2235,6.3641
887,13305,13319,15,LOADED_SCENE,552008,1079,1079,830,830,830,292,292,292,0,0,0,56593.3,50707,60884,5.66388,5.2952,6.0624
888,13320,13334,15,LOADED_SCENE,552008,1079,1079,830,830,830,292,292,292,0,0,0,57887.1,54648,61672,5.95719,5.1836,6.9984
889,13335,13349,15,LOADED_SCENE,552008,1079,1079,830,830,830,292,292,292,0,0,0,56959.8,49844,59527,5.64143,5.2016,6.0678
890,13350,13364,15,LOADED_SCENE,552008,1079,1079,830,830,830,292,292,292,0,0,0,57063.1,52890,60393,5.48828,5.2321,6.1945
891,13365,13379,15,LOADED_SCENE,552008,1079,1079,830,830,830,292,292,292,0,0,0,57251.5,55944,59538,6.64549,5.2056,21.5061
892,13380,13394,15,LOADED_SCENE,552008,1079,1079,830,830,830,292,292,292,0,0,0,56649.5,52584,59330,5.46769,5.169,6.0399
893,13395,13409,15,LOADED_SCENE,552008,1079,1079,830,830,830,292,292,292,0,0,0,58537.2,56677,61707,5.38884,5.1828,5.8062
894,13410,13424,15,LOADED_SCENE,552008,1079,1079,830,830,830,292,292,292,0,0,0,56714.9,50339,59622,5.48831,5.2022,6.0605
895,13425,13439,15,LOADED_SCENE,552008,1079,1079,830,830,830,292,292,292,0,0,0,56550,50797,59492,5.45206,5.2172,5.9522
896,13440,13454,15,LOADED_SCENE,552008,1079,1079,830,830,830,292,292,292,0,0,0,57158.7,52708,59478,5.47247,5.2032,6.0669
897,13455,13469,15,LOADED_SCENE,552008,1079,1079,830,830,830,292,292,292,0,0,0,57408.6,54452,59828,5.38931,5.1843,5.8188
898,13470,13484,15,LOADED_SCENE,552008,1079,1079,830,830,830,292,292,292,0,0,0,57462.4,50780,59551,5.40143,5.2204,5.914
899,13485,13499,15,LOADED_SCENE,552008,1079,1079,830,830,830,292,292,292,0,0,0,57332.6,53877,60241,5.9684,5.3576,7.1021
900,13500,13514,15,LOADED_SCENE,552008,1079,1079,830,830,830,292,292,292,0,0,0,57385.2,56190,59694,5.88645,5.2195,7.9486
901,13515,13529,15,LOADED_SCENE,552008,1079,1079,830,830,830,292,292,292,0,0,0,57364.9,54673,59564,6.54285,5.8422,7.7221
902,13530,13544,15,LOADED_SCENE,552008,1079,1079,830,830,830,292,292,292,0,0,0,56333.6,50131,59259,9.26315,5.928,24.5981
903,13545,13559,15,LOADED_SCENE,552008,1079,1079,830,830,830,292,292,292,0,0,0,57266.2,52569,59505,5.99717,5.4727,6.5502
904,13560,13574,15,LOADED_SCENE,552008,1079,1079,830,830,830,292,292,292,0,0,0,57104.2,50486,60975,5.9739,5.4264,6.8853
905,13575,13589,15,LOADED_SCENE,552008,1079,1079,830,830,830,292,292,292,0,0,0,57285.4,54452,59509,5.96449,5.4163,6.7025
906,13590,13604,15,LOADED_SCENE,552008,1079,1079,830,830,830,292,292,292,0,0,0,56880.2,54163,59459,5.83175,5.3507,6.4527
907,13605,13619,15,LOADED_SCENE,552008,1079,1079,830,830,830,292,292,292,0,0,0,57153,56200,59976,5.75645,5.2215,6.8153
908,13620,13634,15,LOADED_SCENE,552008,1079,1079,830,830,830,292,292,292,0,0,0,56970.6,53133,61887,5.73984,5.2356,6.41
909,13635,13649,15,LOADED_SCENE,552008,1079,1079,830,830,830,292,292,292,0,0,0,56956.3,53699,58128,5.66476,5.2225,6.0324
910,13650,13664,15,LOADED_SCENE,552008,1079,1079,830,830,830,292,292,292,0,0,0,56795.1,53038,59310,5.72675,5.2903,6.6931
911,13665,13679,15,LOADED_SCENE,552008,1079,1079,830,830,830,292,292,292,0,0,0,57017.9,51543,59533,5.58059,5.233,6.2043
912,13680,13694,15,LOADED_SCENE,552008,1079,1079,830,830,830,292,292,292,0,0,0,57111.5,51513,59414,5.47609,5.1887,5.847
913,13695,13709,15,LOADED_SCENE,552008,1079,1079,830,830,830,292,292,292,0,0,0,57577.7,54793,59885,5.39786,5.218,5.7408
914,13710,13724,15,LOADED_SCENE,552008,1079,1079,830,830,830,292,292,292,0,0,0,57188.6,54238,59244,5.51393,5.2787,6.1532
915,13725,13739,15,LOADED_SCENE,552008,1079,1079,830,830,830,292,292,292,0,0,0,57187.5,52743,59713,5.46187,5.112,6.3075
916,13740,13754,15,LOADED_SCENE,552008,1079,1079,830,830,830,292,292,292,0,0,0,56839.4,53740,59376,5.52732,5.2387,6.2624
917,13755,13769,15,LOADED_SCENE,552008,1079,1079,830,830,830,292,292,292,0,0,0,57301,55161,59640,5.61975,5.3781,6.1215
918,13770,13784,15,LOADED_SCENE,552008,1079,1079,830,830,830,292,292,292,0,0,0,57472.7,54491,59526,5.5387,5.2667,6.1514
919,13785,13799,15,LOADED_SCENE,552008,1079,1079,830,830,830,292,292,292,0,0,0,57011.4,54683,59438,5.49023,5.2628,6.1701
920,13800,13814,15,LOADED_SCENE,552008,1079,1079,830,830,830,292,292,292,0,0,0,57271.8,55198,59553,5.62419,5.2675,6.4459
921,13815,13829,15,LOADED_SCENE,552008,1079,1079,830,830,830,292,292,292,0,0,0,56969.2,54284,59203,5.53751,5.1908,6.0681
922,13830,13844,15,LOADED_SCENE,552008,1079,1079,830,830,830,292,292,292,0,0,0,57614.5,55309,61930,5.81103,5.3763,6.7935
923,13845,13859,15,LOADED_SCENE,552008,1079,1079,830,830,830,292,292,292,0,0,0,56441.1,50321,59644,5.59665,5.2374,6.1905
924,13860,13874,15,LOADED_SCENE,552008,1079,1079,830,830,830,292,292,292,0,0,0,57339.3,54820,59598,5.8282,5.3781,6.8854
925,13875,13889,15,LOADED_SCENE,552008,1079,1079,830,830,830,292,292,292,0,0,0,56775.2,54694,59240,5.55374,5.263,6.0968
926,13890,13904,15,LOADED_SCENE,552008,1079,1079,830,830,830,292,292,292,0,0,0,57483.6,54833,59596,5.55876,5.1882,6.1181
927,13905,13919,15,LOADED_SCENE,552008,1079,1079,830,830,830,292,292,292,0,0,0,57138.1,54969,59521,5.56904,5.2634,6.1261
928,13920,13934,15,LOADED_SCENE,552008,1079,1079,830,830,830,292,292,292,0,0,0,56571.7,50196,59514,5.67025,5.2693,6.4347
929,13935,13949,15,LOADED_SCENE,552008,1079,1079,830,830,830,292,292,292,0,0,0,57308.4,53856,59464,5.41358,5.2058,5.9712
930,13950,13964,15,LOADED_SCENE,552008,1079,1079,830,830,830,292,292,292,0,0,0,56956.3,53457,59332,5.41505,5.1336,6.161
931,13965,13979,15,LOADED_SCENE,552008,1079,1079,830,830,830,292,292,292,0,0,0,57480.7,49897,61663,5.54614,5.2283,6.3247
932,13980,13994,15,LOADED_SCENE,552008,1079,1079,830,830,830,292,292,292,0,0,0,56732.4,49960,59388,5.60388,5.3338,5.9171
933,13995,14009,15,LOADED_SCENE,552008,1079,1079,830,830,830,292,292,292,0,0,0,56786.3,48604,59537,5.67122,5.206,6.9564
934,14010,14024,15,LOADED_SCENE,552008,1079,1079,830,830,830,292,292,292,0,0,0,56683.9,51570,59735,6.00909,5.3115,8.0463
935,14025,14039,15,LOADED_SCENE,552008,1079,1079,830,830,830,292,292,292,0,0,0,57608.3,54664,59498,6.22049,5.3653,8.1398
936,14040,14054,15,LOADED_SCENE,552008,1079,1079,830,830,830,292,292,292,0,0,0,58123.6,56430,61733,5.68075,5.2429,7.1538
937,14055,14069,15,LOADED_SCENE,552008,1079,1079,830,830,830,292,292,292,0,0,0,57536,54792,61863,5.46317,5.1765,6.2966
938,14070,14084,15,LOADED_SCENE,552008,1079,1079,830,830,830,292,292,292,0,0,0,56592.1,55010,58262,5.42911,5.1836,6.2057
939,14085,14099,15,LOADED_SCENE,552008,1079,1079,830,830,830,292,292,292,0,0,0,57301.8,54638,59246,5.46742,5.2176,6.1853
940,14100,14114,15,LOADED_SCENE,552008,1079,1079,830,830,830,292,292,292,0,0,0,57723.1,54949,59805,5.36105,5.1647,5.9413
941,14115,14129,15,LOADED_SCENE,552008,1079,1079,830,830,830,292,292,292,0,0,0,57039.9,54669,59052,5.3597,5.1045,5.7883
942,14130,14144,15,LOADED_SCENE,552008,1079,1079,830,830,830,292,292,292,0,0,0,56707.5,54225,59308,5.36289,5.189,5.6589
943,14145,14159,15,LOADED_SCENE,552008,1079,1079,830,830,830,292,292,292,0,0,0,56627.9,49360,59292,5.52916,5.2295,6.1599
944,14160,14174,15,LOADED_SCENE,552008,1079,1079,830,830,830,292,292,292,0,0,0,57303,54573,59492,5.51581,5.2636,5.9474
945,14175,14189,15,LOADED_SCENE,552008,1079,1079,830,830,830,292,292,292,0,0,0,57071.5,50593,59520,5.42042,5.1878,5.8184
946,14190,14204,15,LOADED_SCENE,552008,1079,1079,830,830,830,292,292,292,0,0,0,57016.5,54322,59418,6.14085,5.267,7.0116
947,14205,14219,15,LOADED_SCENE,552008,1079,1079,830,830,830,292,292,292,0,0,0,57138.5,54752,59825,5.38679,5.1701,6.3644
948,14220,14234,15,LOADED_SCENE,552008,1079,1079,830,830,830,292,292,292,0,0,0,56164.7,48499,59500,5.45311,5.1728,5.9791
949,14235,14249,15,LOADED_SCENE,552008,1079,1079,830,830,830,292,292,292,0,0,0,57465.1,55508,59401,5.72134,5.2784,6.3548
950,14250,14264,15,LOADED_SCENE,552008,1079,1079,830,830,830,292,292,292,0,0,0,56884.3,52760,59413,5.37979,5.172,5.9344
951,14265,14279,15,LOADED_SCENE,552008,1079,1079,830,830,830,292,292,292,0,0,0,57370.1,54671,59443,5.33125,5.1844,5.8286
952,14280,14294,15,LOADED_SCENE,552008,1079,1079,830,830,830,292,292,292,0,0,0,57056.8,51343,59587,5.48642,5.2246,6.0759
953,14295,14309,15,LOADED_SCENE,552008,1079,1079,830,830,830,292,292,292,0,0,0,56331.8,50187,59311,5.48753,5.1873,6.2232
954,14310,14324,15,LOADED_SCENE,552008,1079,1079,830,830,830,292,292,292,0,0,0,57292.5,48968,61910,5.54083,5.2899,6.4533
955,14325,14339,15,LOADED_SCENE,552008,1079,1079,830,830,830,292,292,292,0,0,0,57515.3,53904,59546,5.40589,5.1623,5.7293
956,14340,14354,15,LOADED_SCENE,552008,1079,1079,830,830,830,292,292,292,0,0,0,56232.5,49364,59323,5.39449,5.1277,5.8316
957,14355,14369,15,LOADED_SCENE,552008,1079,1079,830,830,830,292,292,292,0,0,0,57304,55132,60760,5.66711,5.2055,6.6517
958,14370,14384,15,LOADED_SCENE,552008,1079,1079,830,830,830,292,292,292,0,0,0,56724.6,53527,60144,6.07207,5.2096,7.4661
959,14385,14399,15,LOADED_SCENE,552008,1079,1079,830,830,830,292,292,292,0,0,0,57532.9,56194,59290,5.85733,5.3295,7.0431
960,14400,14414,15,LOADED_SCENE,552008,1079,1079,830,830,830,292,292,292,0,0,0,56537.8,53776,58141,6.03448,5.3422,7.4885
961,14415,14429,15,LOADED_SCENE,552008,1079,1079,830,830,830,292,292,292,0,0,0,57143.1,50196,62608,6.20007,5.3026,7.3001
962,14430,14444,15,LOADED_SCENE,552008,1079,1079,830,830,830,292,292,292,0,0,0,57644.1,56411,60415,6.13795,5.2833,7.4737
963,14445,14459,15,LOADED_SCENE,552008,1079,1079,830,830,830,292,292,292,0,0,0,57096.9,53607,59297,6.32217,5.4818,7.3675
964,14460,14474,15,LOADED_SCENE,552008,1079,1079,830,830,830,292,292,292,0,0,0,56887.6,52491,59775,6.41333,5.4842,7.3342
965,14475,14489,15,LOADED_SCENE,552008,1079,1079,830,830,830,292,292,292,0,0,0,56240.1,50249,59092,6.18241,5.4836,7.9267
966,14490,14504,15,LOADED_SCENE,552008,1079,1079,830,830,830,292,292,292,0,0,0,56914.1,55246,59257,6.19929,5.5227,8.2572
967,14505,14519,15,LOADED_SCENE,552008,1079,1079,830,830,830,292,292,292,0,0,0,57556.3,56362,59487,6.11988,5.4608,7.3432
968,14520,14534,15,LOADED_SCENE,552008,1079,1079,830,830,830,292,292,292,0,0,0,57011.5,51305,59589,6.15137,5.4084,7.309
969,14535,14549,15,LOADED_SCENE,552008,1079,1079,830,830,830,292,292,292,0,0,0,55892.7,49442,59376,5.90524,5.1989,7.204
970,14550,14564,15,LOADED_SCENE,552008,1079,1079,830,830,830,292,292,292,0,0,0,56712.9,52260,59466,5.55405,5.2064,6.053
971,14565,14579,15,LOADED_SCENE,552008,1079,1079,830,830,830,292,292,292,0,0,0,56709.2,49875,61764,5.53135,5.2109,6.0483
972,14580,14594,15,LOADED_SCENE,552008,1079,1079,830,830,830,292,292,292,0,0,0,56756.1,49517,59324,5.94885,5.2178,7.1391
973,14595,14609,15,LOADED_SCENE,552008,1079,1079,830,830,830,292,292,292,0,0,0,57245.3,56170,59589,5.73529,5.3082,6.667
974,14610,14624,15,LOADED_SCENE,552008,1079,1079,830,830,830,292,292,292,0,0,0,57319.9,54738,59525,5.65859,5.2478,6.7521
975,14625,14639,15,LOADED_SCENE,552008,1079,1079,830,830,830,292,292,292,0,0,0,56679.2,54349,59320,5.59644,5.2291,6.4377
976,14640,14654,15,LOADED_SCENE,552008,1079,1079,830,830,830,292,292,292,0,0,0,57302.3,54955,59455,5.4424,5.1952,5.948
977,14655,14669,15,LOADED_SCENE,552008,1079,1079,830,830,830,292,292,292,0,0,0,57078.5,53130,59579,5.42465,5.2313,6.0044
978,14670,14684,15,LOADED_SCENE,552008,1079,1079,830,830,830,292,292,292,0,0,0,56612.3,49993,59777,5.62218,5.282,6.1043
979,14685,14699,15,LOADED_SCENE,552008,1079,1079,830,830,830,292,292,292,0,0,0,57019.3,54395,59747,7.59265,5.3213,11.4135
980,14700,14714,15,LOADED_SCENE,552008,1079,1079,830,830,830,292,292,292,0,0,0,57140.3,53679,59517,5.92505,5.2203,7.4198
981,14715,14729,15,LOADED_SCENE,552008,1079,1079,830,830,830,292,292,292,0,0,0,57146,54392,59567,5.43605,5.2945,5.8406
982,14730,14744,15,LOADED_SCENE,552008,1079,1079,830,830,830,292,292,292,0,0,0,57243.5,49361,59575,5.63807,5.3312,6.0429
983,14745,14759,15,LOADED_SCENE,552008,1079,1079,830,830,830,292,292,292,0,0,0,56230.9,51148,57899,5.50478,5.1769,6.5147
984,14760,14774,15,LOADED_SCENE,552008,1079,1079,830,830,830,292,292,292,0,0,0,57615,55200,59536,5.90431,5.2562,6.9544
985,14775,14789,15,LOADED_SCENE,552008,1079,1079,830,830,830,292,292,292,0,0,0,57536.5,55070,60627,7.03097,5.2337,10.1886
986,14790,14804,15,LOADED_SCENE,552008,1079,1079,830,830,830,292,292,292,0,0,0,57036.1,52742,59390,5.56466,5.1901,6.2359
987,14805,14819,15,LOADED_SCENE,552008,1079,1079,830,830,830,292,292,292,0,0,0,57066.9,54590,59304,5.50146,5.2783,6.2689
988,14820,14834,15,LOADED_SCENE,552008,1079,1079,830,830,830,292,292,292,0,0,0,56189.2,50643,59246,6.76709,5.3134,16.9756
989,14835,14849,15,LOADED_SCENE,552008,1079,1079,830,830,830,292,292,292,0,0,0,57417.1,54833,59852,5.86067,5.2247,7.9347
990,14850,14864,15,LOADED_SCENE,552008,1079,1079,830,830,830,292,292,292,0,0,0,57201.8,53308,61928,5.60943,5.2859,6.2149
991,14865,14879,15,LOADED_SCENE,552008,1079,1079,830,830,830,292,292,292,0,0,0,56671.5,49030,59652,5.64198,5.3456,6.1453
992,14880,14894,15,LOADED_SCENE,552008,1079,1079,830,830,830,292,292,292,0,0,0,57206.9,54516,59549,5.62913,5.2266,6.6747
993,14895,14909,15,LOADED_SCENE,552008,1079,1079,830,830,830,292,292,292,0,0,0,56878.7,49651,61735,5.52949,5.2619,5.9231
994,14910,14924,15,LOADED_SCENE,552008,1079,1079,830,830,830,292,292,292,0,0,0,56917.7,54656,59682,5.55189,5.2419,6.1787
995,14925,14939,15,LOADED_SCENE,552008,1079,1079,830,830,830,292,292,292,0,0,0,57231.5,52743,59517,5.48459,5.2421,6.0438
996,14940,14954,15,LOADED_SCENE,552008,1079,1079,830,830,830,292,292,292,0,0,0,58369.5,55540,59536,6.56157,5.2137,16.8692
997,14955,14969,15,LOADED_SCENE,552008,1079,1079,830,830,830,292,292,292,0,0,0,56585.8,53515,59494,5.90915,5.2153,8.611
998,14970,14984,15,LOADED_SCENE,552008,1079,1079,830,830,830,292,292,292,0,0,0,57674.4,51768,61837,5.58188,5.0669,7.3477
999,14985,14999,15,LOADED_SCENE,552008,1079,1079,830,830,830,292,292,292,0,0,0,58021.7,55191,59963,5.71594,5.3109,6.801
1000,15000,15014,15,LOADED_SCENE,552008,1079,1079,830,830,830,292,292,292,0,0,0,58022.6,54285,59446,5.62728,5.2652,6.4237
1001,15015,15029,15,LOADED_SCENE,552008,1079,1079,830,830,830,292,292,292,0,0,0,57195.1,54420,59320,5.42568,5.1598,5.9234
1002,15030,15044,15,LOADED_SCENE,552008,1079,1079,830,830,830,292,292,292,0,0,0,57540.9,54940,60610,5.42697,5.2205,5.9469
1003,15045,15059,15,LOADED_SCENE,552008,1079,1079,814.8,792,830,378.6,292,509,0.133333,0,2,85873.9,53355,131851,5.30775,4.5723,6.4173
1004,15060,15074,15,LOADED_SCENE,552008,1079,1079,792,792,792,509,509,509,0,0,0,132917,122429,136833,4.83367,4.4575,5.3951
1005,15075,15089,15,LOADED_SCENE,552008,1079,1079,792,792,792,509,509,509,0,0,0,132054,107919,136376,4.57969,4.4307,5.0675
1006,15090,15104,15,LOADED_SCENE,552008,1079,1079,792,792,792,509,509,509,0,0,0,131431,112073,137238,4.65152,4.4022,5.2636
1007,15105,15119,15,LOADED_SCENE,552008,1079,1079,792,792,792,509,509,509,0,0,0,131661,109350,136291,4.65009,4.434,5.2924
1008,15120,15134,15,LOADED_SCENE,552008,1079,1079,792,792,792,509,509,509,0,0,0,132712,112507,136296,4.66349,4.4368,5.2709
1009,15135,15149,15,LOADED_SCENE,552008,1079,1079,792,792,792,509,509,509,0,0,0,133200,104358,139372,4.63255,4.409,5.351
1010,15150,15164,15,LOADED_SCENE,552008,1079,1079,731.467,565,792,497,464,509,0,0,0,135318,129219,139511,4.45941,3.7824,4.9382
1011,15165,15179,15,LOADED_SCENE,552008,1079,1079,376.533,299,565,328.667,259,464,0,0,0,80606.9,51945,138868,3.62381,3.2517,4.5535
1012,15180,15194,15,LOADED_SCENE,552008,1079,1079,513.867,299,794,387.267,259,605,0.0666667,0,1,95443.7,51894,185342,4.17909,3.4452,5.3966
1013,15195,15209,15,LOADED_SCENE,552008,1079,1079,780.733,595,794,593.267,457,605,0,0,0,163438,122819,186598,4.68944,4.0139,5.5815
1014,15210,15224,15,LOADED_SCENE,552008,1079,1079,442.467,309,595,363.133,281,457,0,0,0,89034.1,58474,128477,3.83901,3.2864,4.7949
1015,15225,15239,15,LOADED_SCENE,552008,1079,1079,309,309,309,281,281,281,0,0,0,60088.6,56600,61808,3.56593,3.2095,4.8978
1016,15240,15254,15,LOADED_SCENE,552008,1079,1079,309,309,309,281,281,281,0,0,0,61041.3,57874,62408,4.94325,3.2559,6.8043
1017,15255,15269,15,LOADED_SCENE,552008,1079,1079,370.533,309,380,304.4,281,308,0,0,0,58018.2,55701,61599,5.6441,4.2928,6.7791
1018,15270,15284,15,LOADED_SCENE,552008,1079,1079,380,380,380,308,308,308,0,0,0,56241.3,52080,59339,3.54693,3.2138,5.1367
1019,15285,15299,15,LOADED_SCENE,552008,1079,1079,479.667,380,679,350.333,308,435,0,0,0,73514,55302,111456,3.69858,3.3052,4.3425
1020,15300,15314,15,LOADED_SCENE,552008,1079,1079,679,679,679,435,435,435,0,0,0,109720,106793,111426,4.2316,4.0252,4.8498
1021,15315,15329,15,LOADED_SCENE,552008,1079,1079,679,679,679,435,435,435,0,0,0,109284,105523,111230,4.23919,4.1192,4.5192
1022,15330,15344,15,LOADED_SCENE,552008,1079,1079,800.733,679,845,395.4,381,435,0.0666667,0,1,92650.4,83853,111000,4.98019,4.2589,6.0524
1023,15345,15359,15,LOADED_SCENE,552008,1079,1079,845,845,845,381,381,381,0,0,0,85646.6,74039,91350,5.11321,4.8613,5.8284
1024,15360,15374,15,LOADED_SCENE,552008,1079,1079,837,825,845,406.6,381,445,0,0,0,100333,80638,125936,4.93103,4.452,5.351
1025,15375,15389,15,LOADED_SCENE,552008,1079,1079,825,825,825,445,445,445,0,0,0,121008,115026,125796,4.69287,4.5076,5.337
1026,15390,15404,15,LOADED_SCENE,552008,1079,1079,775.4,639,825,431.4,394,445,0,0,0,116050,99658,125726,4.63332,3.9046,5.3433
1027,15405,15419,15,LOADED_SCENE,552008,1079,1079,639,639,639,394,394,394,0,0,0,99837.1,91367,104475,4.14283,3.885,5.4986
1028,15420,15434,15,LOADED_SCENE,552008,1079,1079,639,639,639,394,394,394,0,0,0,100670,96323,103986,4.13472,3.8393,5.1099
1029,15435,15449,15,LOADED_SCENE,552008,1079,1079,432.333,329,639,317.333,279,394,0,0,0,70844.7,51741,103211,3.61295,3.1854,4.4164
1030,15450,15464,15,LOADED_SCENE,552008,1079,1079,329,329,329,279,279,279,0,0,0,55701.7,54843,58867,3.45775,3.1762,3.8541
1031,15465,15479,15,LOADED_SCENE,552008,1079,1079,329,329,329,279,279,279,0,0,0,55676.4,53145,59493,3.41422,3.2022,3.9578
1032,15480,15494,15,LOADED_SCENE,552008,1079,1079,365,329,389,302.4,279,318,0,0,0,66132.6,54958,76812,3.54836,3.2997,3.8136
1033,15495,15509,15,LOADED_SCENE,552008,1079,1079,389,389,389,318,318,318,0,0,0,73010.2,71640,76939,4.25699,3.4141,4.9758
1034,15510,15524,15,LOADED_SCENE,552008,1079,1079,389,389,389,318,318,318,0,0,0,72730.9,71536,74268,3.36154,3.1807,3.872
1035,15525,15539,15,LOADED_SCENE,552008,1079,1079,711,389,734,504.667,318,518,0,0,0,138529,70929,145693,4.1205,3.8973,4.4998
1036,15540,15554,15,LOADED_SCENE,552008,1079,1079,734,734,734,518,518,518,0,0,0,138934,105443,146070,4.07695,3.8487,4.6911
1037,15555,15569,15,LOADED_SCENE,552008,1079,1079,734,734,734,518,518,518,0,0,0,143338,128964,146515,4.08861,3.8788,4.6166
1038,15570,15584,15,LOADED_SCENE,552008,1079,1079,765.2,734,890,515.933,507,518,0,0,0,141827,116045,146823,4.36413,3.9182,5.3289
1039,15585,15599,15,LOADED_SCENE,552008,1079,1079,890,890,890,507,507,507,0,0,0,138476,106234,147174,5.52427,5.2103,6.0879
1040,15600,15614,15,LOADED_SCENE,552008,1079,1079,890,890,890,507,507,507,0,0,0,145161,141509,147366,5.54993,5.3192,5.7963
1041,15615,15629,15,LOADED_SCENE,552008,1079,1079,890,890,890,507,507,507,0,0,0,141441,104586,147986,5.48971,5.1626,6.5045
1042,15630,15644,15,LOADED_SCENE,552008,1079,1079,893.6,890,896,525.6,507,538,0,0,0,148895,133775,156404,5.37967,4.9378,5.8839
1043,15645,15659,15,LOADED_SCENE,552008,1079,1079,896,896,896,538,538,538,0,0,0,153480,150279,156716,5.25475,4.8258,6.0454
1044,15660,15674,15,LOADED_SCENE,552008,1079,1079,896,896,896,538,538,538,0,0,0,153657,151641,156631,5.10833,4.8771,5.5226
1045,15675,15689,15,LOADED_SCENE,552008,1079,1079,896,896,896,538,538,538,0,0,0,152730,146271,156925,5.06729,4.8662,5.4527
1046,15690,15704,15,LOADED_SCENE,552008,1079,1079,896,896,896,538,538,538,0,0,0,154377,149360,158003,5.08605,4.8833,5.569
1047,15705,15719,15,LOADED_SCENE,552008,1079,1079,896,896,896,538,538,538,0,0,0,153205,151316,157087,5.07563,4.8557,5.4673
1048,15720,15734,15,LOADED_SCENE,552008,1079,1079,896,896,896,538,538,538,0,0,0,147924,110716,156907,5.01857,4.7622,5.4633
1049,15735,15749,15,LOADED_SCENE,552008,1079,1079,896,896,896,538,538,538,0,0,0,153847,150480,157224,5.05017,4.9005,5.5608
1050,15750,15764,15,LOADED_SCENE,552008,1079,1079,896,896,896,538,538,538,0,0,0,154045,151615,156710,5.09535,4.8289,5.8106
1051,15765,15779,15,LOADED_SCENE,552008,1079,1079,896,896,896,538,538,538,0,0,0,153553,149351,157154,5.16971,4.9024,5.5894
1052,15780,15794,15,LOADED_SCENE,552008,1079,1079,896,896,896,538,538,538,0,0,0,150629,107748,157132,5.07113,4.6907,5.5572
1053,15795,15809,15,LOADED_SCENE,552008,1079,1079,896,896,896,538,538,538,0,0,0,153905,151344,157209,5.08523,4.8591,5.4601
1054,15810,15824,15,LOADED_SCENE,552008,1079,1079,896,896,896,538,538,538,0,0,0,152987,149862,156433,5.95253,4.909,17.1262
1055,15825,15839,15,LOADED_SCENE,552008,1079,1079,896,896,896,538,538,538,0,0,0,150612,127356,157028,87.9251,5.0428,1213.14
1056,15840,15854,15,LOADED_SCENE,552008,1079,1079,896,896,896,538,538,538,0,0,0,153953,137026,157172,5.51631,5.0324,6.7131
1057,15855,15869,15,LOADED_SCENE,552008,1079,1079,896,896,896,538,538,538,0,0,0,153101,146186,157003,64.0714,4.935,819.432
1058,15870,15884,15,LOADED_SCENE,552008,1079,1079,896,896,896,538,538,538,0,0,0,153718,150313,156768,54.6878,4.972,705.43
1059,15885,15899,15,LOADED_SCENE,552008,1079,1079,896,896,896,538,538,538,0,0,0,152347,142578,156591,34.9496,5.0642,416.099
1060,15900,15914,15,LOADED_SCENE,552008,1079,1079,896,896,896,538,538,538,0,0,0,153587,141958,157126,51.6186,5.156,627.354
1061,15915,15929,15,LOADED_SCENE,552008,1079,1079,896,896,896,538,538,538,0,0,0,153853,151040,158156,39.6352,4.8437,484.25
1062,15930,15944,15,LOADED_SCENE,552008,1079,1079,896,896,896,538,538,538,0,0,0,152545,144086,157023,6.74089,5.0709,20.8076
1063,15945,15959,15,LOADED_SCENE,552008,1079,1079,896,896,896,538,538,538,0,0,0,150981,123130,156468,34.0621,4.712,403.273
1064,15960,15974,15,LOADED_SCENE,552008,1079,1079,896,896,896,538,538,538,0,0,0,153270,149426,156551,36.5985,5.1059,373.761
1065,15975,15989,15,LOADED_SCENE,552008,1079,1079,896,896,896,538,538,538,0,0,0,152989,149589,156478,31.1224,5.0257,332.518
1066,15990,16004,15,LOADED_SCENE,552008,1079,1079,896,896,896,538,538,538,0,0,0,148835,107306,156489,29.8288,5.1597,318.543
1067,16005,16019,15,LOADED_SCENE,552008,1079,1079,896,896,896,538,538,538,0,0,0,150863,129579,156222,24.3645,5.1765,281.419
1068,16020,16034,15,LOADED_SCENE,552008,1079,1079,896,896,896,538,538,538,0,0,0,153108,146999,156460,9.73811,5.4117,38.3024
1069,16035,16049,15,LOADED_SCENE,552008,1079,1079,896,896,896,538,538,538,0,0,0,154827,151583,156724,29.0766,5.5886,323.403
1070,16050,16064,15,LOADED_SCENE,552008,1079,1079,896,896,896,538,538,538,0,0,0,153900,149074,157101,29.4792,5.0656,324.832
1071,16065,16079,15,LOADED_SCENE,552008,1079,1079,896,896,896,538,538,538,0,0,0,151554,140194,156189,30.011,5.1532,319.027
1072,16080,16094,15,LOADED_SCENE,552008,1079,1079,896,896,896,538,538,538,0,0,0,151655,113469,156662,25.4651,5.1432,264.985
1073,16095,16109,15,LOADED_SCENE,552008,1079,1079,896,896,896,538,538,538,0,0,0,153918,141430,157347,7.41757,5.0336,27.8209
1074,16110,16124,15,LOADED_SCENE,552008,1079,1079,896,896,896,538,538,538,0,0,0,146102,107500,156715,28.4694,5.1438,326.736
1075,16125,16139,15,LOADED_SCENE,552008,1079,1079,896,896,896,538,538,538,0,0,0,153872,149019,157252,29.4843,5.0175,300.685
1076,16140,16154,15,LOADED_SCENE,552008,1079,1079,896,896,896,538,538,538,0,0,0,153764,151104,158204,32.1802,5.1773,336.504
1077,16155,16169,15,LOADED_SCENE,552008,1079,1079,896,896,896,538,538,538,0,0,0,147973,107091,157288,44.3599,5.15,545.507
1078,16170,16184,15,LOADED_SCENE,552008,1079,1079,896,896,896,538,538,538,0,0,0,151690,118408,156447,34.4037,5.0455,390.256
1079,16185,16199,15,LOADED_SCENE,552008,1079,1079,896,896,896,538,538,538,0,0,0,150437,106896,157836,9.68745,4.885,32.4333
1080,16200,16214,15,LOADED_SCENE,552008,1079,1079,896,896,896,538,538,538,0,0,0,151427,118974,156525,36.5276,5.1435,450.455
1081,16215,16229,15,LOADED_SCENE,552008,1079,1079,896,896,896,538,538,538,0,0,0,147370,108378,157635,30.4214,5.0048,313.641
1082,16230,16244,15,LOADED_SCENE,552008,1079,1079,896,896,896,538,538,538,0,0,0,150549,105143,156778,35.004,5.0625,412.942
1083,16245,16259,15,LOADED_SCENE,552008,1079,1079,896,896,896,538,538,538,0,0,0,152738,145176,156640,28.8391,5.063,320.703
1084,16260,16274,15,LOADED_SCENE,552008,1079,1079,896,896,896,538,538,538,0,0,0,152333,142986,157038,33.2623,5.0446,383.62
1085,16275,16289,15,LOADED_SCENE,552008,1079,1079,896,896,896,538,538,538,0,0,0,151421,146914,154353,6.33909,5.297,10.9186
1086,16290,16304,15,LOADED_SCENE,552008,1079,1079,896,896,896,538,538,538,0,0,0,153543,150029,157539,32.5593,5.1026,384.734
1087,16305,16319,15,LOADED_SCENE,552008,1079,1079,896,896,896,538,538,538,0,0,0,151575,122502,157242,28.465,5.2383,320.086
1088,16320,16334,15,LOADED_SCENE,552008,1079,1079,896,896,896,538,538,538,0,0,0,152792,150053,155832,30.1127,5.0994,342.163
1089,16335,16349,15,LOADED_SCENE,552008,1079,1079,896,896,896,538,538,538,0,0,0,153053,149272,157111,34.4646,5.251,380.921
1090,16350,16364,15,LOADED_SCENE,552008,1079,1079,896,896,896,538,538,538,0,0,0,153259,149841,157158,33.2002,5.0791,375.556
1091,16365,16379,15,LOADED_SCENE,552008,1079,1079,896,896,896,538,538,538,0,0,0,150193,105986,156923,6.63174,5.074,12.6423
1092,16380,16394,15,LOADED_SCENE,552008,1079,1079,896,896,896,538,538,538,0,0,0,151102,126376,156626,38.7914,5.0262,464.818
1093,16395,16409,15,LOADED_SCENE,552008,1079,1079,896,896,896,538,538,538,0,0,0,153701,151344,157614,30.7593,4.9325,320.715
1094,16410,16424,15,LOADED_SCENE,552008,1079,1079,896,896,896,538,538,538,0,0,0,152907,147971,156713,39.158,5.1768,457.703
1095,16425,16439,15,LOADED_SCENE,552008,1079,1079,896,896,896,538,538,538,0,0,0,154900,151305,156934,28.7967,5.285,325.356
1096,16440,16454,15,LOADED_SCENE,552008,1079,1079,896,896,896,538,538,538,0,0,0,152216,148972,155588,34.3302,5.1718,373.347
1097,16455,16469,15,LOADED_SCENE,552008,1079,1079,896,896,896,538,538,538,0,0,0,151714,140188,157799,7.46014,5.0497,28.1827
1098,16470,16484,15,LOADED_SCENE,552008,1079,1079,896,896,896,538,538,538,0,0,0,150137,109385,156090,29.0874,4.9725,331.151
1099,16485,16499,15,LOADED_SCENE,552008,1079,1079,896,896,896,538,538,538,0,0,0,153323,145937,156498,22.7293,5.1047,241.818
1100,16500,16514,15,LOADED_SCENE,552008,1079,1079,896,896,896,538,538,538,0,0,0,154484,150901,157208,30.5223,5.1061,329.013
1101,16515,16529,15,LOADED_SCENE,552008,1079,1079,896,896,896,538,538,538,0,0,0,154053,151049,156945,80.9947,4.9196,1130.35
1102,16530,16544,15,LOADED_SCENE,552008,1079,1079,896,896,896,538,538,538,0,0,0,152714,148060,156532,5.23505,4.7695,6.4123
1103,16545,16559,15,LOADED_SCENE,552008,1079,1079,896,896,896,538,538,538,0,0,0,151221,127261,157256,7.08644,4.8146,28.9081
1104,16560,16574,15,LOADED_SCENE,552008,1079,1079,896,896,896,538,538,538,0,0,0,153972,151155,157135,5.10925,4.8793,5.4682
1105,16575,16589,15,LOADED_SCENE,552008,1079,1079,896,896,896,538,538,538,0,0,0,153470,148650,156782,5.03029,4.8233,5.2576
1106,16590,16604,15,LOADED_SCENE,552008,1079,1079,896,896,896,538,538,538,0,0,0,152396,148263,156634,5.07159,4.8686,5.4935
1107,16605,16619,15,LOADED_SCENE,552008,1079,1079,896,896,896,538,538,538,0,0,0,153718,149211,157094,5.25907,4.9746,5.8212
1108,16620,16634,15,LOADED_SCENE,552008,1079,1079,896,896,896,538,538,538,0,0,0,150887,119370,157370,5.15173,4.7745,5.9241
1109,16635,16649,15,LOADED_SCENE,552008,1079,1079,896,896,896,538,538,538,0,0,0,149936,115057,155793,5.20683,4.8872,6.1197
1110,16650,16664,15,LOADED_SCENE,552008,1079,1079,896,896,896,538,538,538,0,0,0,153931,151417,157196,5.15747,4.8846,6.1296
1111,16665,16679,15,LOADED_SCENE,552008,1079,1079,896,896,896,538,538,538,0,0,0,153355,149936,156300,5.15947,4.8602,6.1728
1112,16680,16694,15,LOADED_SCENE,552008,1079,1079,896,896,896,538,538,538,0,0,0,153424,149134,156459,5.115,4.819,5.41
1113,16695,16709,15,LOADED_SCENE,552008,1079,1079,896,896,896,538,538,538,0,0,0,151314,123561,156150,5.0486,4.8182,5.8449
1114,16710,16724,15,LOADED_SCENE,552008,1079,1079,896,896,896,538,538,538,0,0,0,149929,112981,156658,5.0896,4.7388,6.2159
1115,16725,16739,15,LOADED_SCENE,552008,1079,1079,896,896,896,538,538,538,0,0,0,153663,145254,156658,5.153,4.8576,5.7302
1116,16740,16754,15,LOADED_SCENE,552008,1079,1079,896,896,896,538,538,538,0,0,0,150158,107893,156489,5.12095,4.9076,5.3732
1117,16755,16769,15,LOADED_SCENE,552008,1079,1079,896,896,896,538,538,538,0,0,0,153963,149868,157107,5.07723,4.9017,5.5413
1118,16770,16784,15,LOADED_SCENE,552008,1079,1079,896,896,896,538,538,538,0,0,0,153127,138935,157049,5.11033,4.9446,5.6158
1119,16785,16799,15,LOADED_SCENE,552008,1079,1079,896,896,896,538,538,538,0,0,0,153666,149854,157159,5.05825,4.8512,5.3093
1120,16800,16814,15,LOADED_SCENE,552008,1079,1079,896,896,896,538,538,538,0,0,0,153636,151424,157112,5.24229,4.9,6.1444
1121,16815,16829,15,LOADED_SCENE,552008,1079,1079,896,896,896,538,538,538,0,0,0,149039,113954,156116,5.21738,4.9091,5.9644
1122,16830,16844,15,LOADED_SCENE,552008,1079,1079,896,896,896,538,538,538,0,0,0,152936,140576,156874,5.08762,4.7456,5.7367
1123,16845,16859,15,LOADED_SCENE,552008,1079,1079,896,896,896,538,538,538,0,0,0,149878,109462,156708,5.12641,4.8272,5.92
1124,16860,16874,15,LOADED_SCENE,552008,1079,1079,896,896,896,538,538,538,0,0,0,154074,144452,156664,5.10329,4.8016,5.979
1125,16875,16889,15,LOADED_SCENE,552008,1079,1079,896,896,896,538,538,538,0,0,0,152650,137002,156353,5.15356,4.8017,6.1943
1126,16890,16904,15,LOADED_SCENE,552008,1079,1079,896,896,896,538,538,538,0,0,0,154096,149029,156964,5.10364,4.8666,5.8325
1127,16905,16919,15,LOADED_SCENE,552008,1079,1079,896,896,896,538,538,538,0,0,0,152201,142713,157113,5.55047,5.0728,6.4907
1128,16920,16934,15,LOADED_SCENE,552008,1079,1079,896,896,896,538,538,538,0,0,0,153668,149256,156575,5.94202,5.2109,7.3022
1129,16935,16949,15,LOADED_SCENE,552008,1079,1079,896,896,896,538,538,538,0,0,0,152419,149526,156329,5.451,5.0768,6.2654
1130,16950,16964,15,LOADED_SCENE,552008,1079,1079,896,896,896,538,538,538,0,0,0,152460,142888,158090,5.23854,4.8212,6.6819
1131,16965,16979,15,LOADED_SCENE,552008,1079,1079,896,896,896,538,538,538,0,0,0,153105,150481,156482,5.25763,4.8451,6.023
1132,16980,16994,15,LOADED_SCENE,552008,1079,1079,896,896,896,538,538,538,0,0,0,153172,151213,157891,5.276,4.8403,6.7562
1133,16995,17009,15,LOADED_SCENE,552008,1079,1079,896,896,896,538,538,538,0,0,0,153648,150993,156468,5.0846,4.8539,5.6376
1134,17010,17024,15,LOADED_SCENE,552008,1079,1079,896,896,896,538,538,538,0,0,0,153047,148262,156928,5.19206,4.885,5.5614
1135,17025,17039,15,LOADED_SCENE,552008,1079,1079,896,896,896,538,538,538,0,0,0,151926,127646,156514,5.09953,4.8299,5.7421
1136,17040,17054,15,LOADED_SCENE,552008,1079,1079,896,896,896,538,538,538,0,0,0,151342,118665,156643,5.08212,4.8173,5.6249
1137,17055,17069,15,LOADED_SCENE,552008,1079,1079,896,896,896,538,538,538,0,0,0,154164,151149,157651,5.08171,4.9044,5.4968
1138,17070,17084,15,LOADED_SCENE,552008,1079,1079,896,896,896,538,538,538,0,0,0,153953,150030,156592,5.19112,4.8737,6.2706
1139,17085,17099,15,LOADED_SCENE,552008,1079,1079,896,896,896,538,538,538,0,0,0,150262,110091,156517,5.08247,4.9062,5.7143
1140,17100,17114,15,LOADED_SCENE,552008,1079,1079,896,896,896,538,538,538,0,0,0,150575,114876,156718,5.04002,4.9151,5.396
1141,17115,17129,15,LOADED_SCENE,552008,1079,1079,896,896,896,538,538,538,0,0,0,149277,110358,157253,5.09477,4.7523,5.9481
1142,17130,17144,15,LOADED_SCENE,552008,1079,1079,896,896,896,538,538,538,0,0,0,153052,127358,157030,5.12665,4.93,5.7501
1143,17145,17159,15,LOADED_SCENE,552008,1079,1079,896,896,896,538,538,538,0,0,0,150227,110285,156110,5.13016,4.7371,5.6489
1144,17160,17174,15,LOADED_SCENE,552008,1079,1079,896,896,896,538,538,538,0,0,0,153261,150850,156220,5.14735,4.9144,5.5646
1145,17175,17189,15,LOADED_SCENE,552008,1079,1079,896,896,896,538,538,538,0,0,0,149596,110819,156852,5.08773,4.8671,5.637
1146,17190,17204,15,LOADED_SCENE,552008,1079,1079,896,896,896,538,538,538,0,0,0,149626,107367,156321,5.47759,4.9129,6.5184
1147,17205,17219,15,LOADED_SCENE,552008,1079,1079,896,896,896,538,538,538,0,0,0,149462,109247,156292,5.06566,4.8501,5.4445
1148,17220,17234,15,LOADED_SCENE,552008,1079,1079,896,896,896,538,538,538,0,0,0,152491,137399,157117,5.15496,4.9191,6.0626
1149,17235,17249,15,LOADED_SCENE,552008,1079,1079,896,896,896,538,538,538,0,0,0,152188,148509,156242,5.12046,4.883,5.7045
1150,17250,17264,15,LOADED_SCENE,552008,1079,1079,896,896,896,538,538,538,0,0,0,151744,113299,157119,5.11669,4.8506,5.8254
1151,17265,17279,15,LOADED_SCENE,552008,1079,1079,896,896,896,538,538,538,0,0,0,153457,150400,156543,5.16258,4.9232,5.7643
1152,17280,17294,15,LOADED_SCENE,552008,1079,1079,896,896,896,538,538,538,0,0,0,153930,148868,157508,5.10475,4.8873,5.976
1153,17295,17309,15,LOADED_SCENE,552008,1079,1079,896,896,896,538,538,538,0,0,0,153438,149184,156355,5.16166,4.8423,6.2594
1154,17310,17324,15,LOADED_SCENE,552008,1079,1079,896,896,896,538,538,538,0,0,0,151856,139354,156751,5.06155,4.8571,5.803
1155,17325,17339,15,LOADED_SCENE,552008,1079,1079,896,896,896,538,538,538,0,0,0,152821,150475,156621,5.09834,4.8675,5.4236
1156,17340,17354,15,LOADED_SCENE,552008,1079,1079,896,896,896,538,538,538,0,0,0,150092,106757,157503,5.02702,4.7839,5.4401
1157,17355,17369,15,LOADED_SCENE,552008,1079,1079,896,896,896,538,538,538,0,0,0,149694,107692,157035,5.09653,4.7177,5.7053
1158,17370,17384,15,LOADED_SCENE,552008,1079,1079,896,896,896,538,538,538,0,0,0,152755,149216,156887,5.09027,4.8388,5.608
1159,17385,17399,15,LOADED_SCENE,552008,1079,1079,896,896,896,538,538,538,0,0,0,153515,150178,156670,5.39255,5.0593,6.1258
1160,17400,17414,15,LOADED_SCENE,552008,1079,1079,896,896,896,538,538,538,0,0,0,153776,148289,157163,5.18559,4.9425,6.1543
1161,17415,17429,15,LOADED_SCENE,552008,1079,1079,896,896,896,538,538,538,0,0,0,151856,139277,157002,5.1252,4.9042,5.4612
1162,17430,17444,15,LOADED_SCENE,552008,1079,1079,896,896,896,538,538,538,0,0,0,148158,107723,156378,5.1805,4.8806,5.8122
1163,17445,17459,15,LOADED_SCENE,552008,1079,1079,896,896,896,538,538,538,0,0,0,151161,112139,156725,5.15262,4.84,5.8991
1164,17460,17474,15,LOADED_SCENE,552008,1079,1079,896,896,896,538,538,538,0,0,0,152969,145648,156525,5.15216,4.9592,5.7888
1165,17475,17489,15,LOADED_SCENE,552008,1079,1079,896,896,896,538,538,538,0,0,0,149956,107139,156505,5.09332,4.8075,5.5307
1166,17490,17504,15,LOADED_SCENE,552008,1079,1079,896,896,896,538,538,538,0,0,0,151249,118445,157248,5.07898,4.8274,5.5709
1167,17505,17519,15,LOADED_SCENE,552008,1079,1079,896,896,896,538,538,538,0,0,0,153171,150674,155913,5.11845,4.7632,5.5026
1168,17520,17534,15,LOADED_SCENE,552008,1079,1079,896,896,896,538,538,538,0,0,0,153876,148487,156843,5.2296,4.9551,5.7616
1169,17535,17549,15,LOADED_SCENE,552008,1079,1079,896,896,896,538,538,538,0,0,0,148681,107967,156416,5.57789,4.9342,6.8562
1170,17550,17564,15,LOADED_SCENE,552008,1079,1079,896,896,896,538,538,538,0,0,0,152565,132149,157160,5.99011,5.6986,6.5019
1171,17565,17579,15,LOADED_SCENE,552008,1079,1079,896,896,896,538,538,538,0,0,0,153604,151551,156712,5.28448,4.9352,6.5417
1172,17580,17594,15,LOADED_SCENE,552008,1079,1079,896,896,896,538,538,538,0,0,0,153808,151512,156504,5.10061,4.8476,5.7231
1173,17595,17609,15,LOADED_SCENE,552008,1079,1079,896,896,896,538,538,538,0,0,0,152473,132303,156677,5.08303,4.8843,5.6514
1174,17610,17624,15,LOADED_SCENE,552008,1079,1079,896,896,896,538,538,538,0,0,0,153790,147272,156788,5.19937,4.8873,6.0503
1175,17625,17639,15,LOADED_SCENE,552008,1079,1079,896,896,896,538,538,538,0,0,0,153748,151078,156681,5.06446,4.8949,5.6622
1176,17640,17654,15,LOADED_SCENE,552008,1079,1079,896,896,896,538,538,538,0,0,0,154666,150919,157182,5.14759,4.8476,5.3876
1177,17655,17669,15,LOADED_SCENE,552008,1079,1079,896,896,896,538,538,538,0,0,0,152110,135228,156718,5.16608,4.8381,5.9665
1178,17670,17684,15,LOADED_SCENE,552008,1079,1079,896,896,896,538,538,538,0,0,0,152914,137437,156914,5.10329,4.8607,5.767
1179,17685,17699,15,LOADED_SCENE,552008,1079,1079,896,896,896,538,538,538,0,0,0,153369,149422,156528,5.06243,4.8713,5.5003
1180,17700,17714,15,LOADED_SCENE,552008,1079,1079,896,896,896,538,538,538,0,0,0,148963,107345,157864,5.07949,4.7762,5.5071
1181,17715,17729,15,LOADED_SCENE,552008,1079,1079,896,896,896,538,538,538,0,0,0,150435,107652,157521,5.10399,4.7778,5.5081
1182,17730,17744,15,LOADED_SCENE,552008,1079,1079,896,896,896,538,538,538,0,0,0,152516,139555,157092,5.08147,4.9046,5.4692
1183,17745,17759,15,LOADED_SCENE,552008,1079,1079,896,896,896,538,538,538,0,0,0,153586,136216,156704,5.14469,4.8452,5.7304
1184,17760,17774,15,LOADED_SCENE,552008,1079,1079,896,896,896,538,538,538,0,0,0,152570,131538,156922,5.33667,4.7648,6.245
1185,17775,17789,15,LOADED_SCENE,552008,1079,1079,896,896,896,538,538,538,0,0,0,152632,141493,156589,5.28524,4.9909,5.9948
1186,17790,17804,15,LOADED_SCENE,552008,1079,1079,896,896,896,538,538,538,0,0,0,150468,108633,156616,5.08803,4.7131,5.8131
1187,17805,17819,15,LOADED_SCENE,552008,1079,1079,896,896,896,538,538,538,0,0,0,151830,142784,156991,5.10587,4.8439,6.0093
1188,17820,17834,15,LOADED_SCENE,552008,1079,1079,896,896,896,538,538,538,0,0,0,152364,140102,156966,5.07287,4.8262,5.7845
1189,17835,17849,15,LOADED_SCENE,552008,1079,1079,896,896,896,538,538,538,0,0,0,152349,136003,158238,5.09297,4.739,5.437
1190,17850,17864,15,LOADED_SCENE,552008,1079,1079,896,896,896,538,538,538,0,0,0,152482,149666,156104,5.03077,4.8574,5.3703
1191,17865,17879,15,LOADED_SCENE,552008,1079,1079,896,896,896,538,538,538,0,0,0,151615,136298,155711,5.08988,4.8415,5.9043
1192,17880,17894,15,LOADED_SCENE,552008,1079,1079,896,896,896,538,538,538,0,0,0,152787,141827,156363,5.17955,4.87,5.8856
1193,17895,17909,15,LOADED_SCENE,552008,1079,1079,896,896,896,538,538,538,0,0,0,151718,144233,157248,5.19503,4.8814,6.0019
1194,17910,17924,15,LOADED_SCENE,552008,1079,1079,896,896,896,538,538,538,0,0,0,152344,146193,156352,5.2223,4.9375,5.7296
1195,17925,17939,15,LOADED_SCENE,552008,1079,1079,896,896,896,538,538,538,0,0,0,152466,146869,156548,5.24913,4.9388,5.8499
1196,17940,17954,15,LOADED_SCENE,552008,1079,1079,896,896,896,538,538,538,0,0,0,152993,149877,156357,5.15675,4.9474,5.6675
1197,17955,17969,15,LOADED_SCENE,552008,1079,1079,896,896,896,538,538,538,0,0,0,153635,150216,156575,5.14951,4.8013,5.8629
1198,17970,17984,15,LOADED_SCENE,552008,1079,1079,896,896,896,538,538,538,0,0,0,150964,121802,157179,5.11168,4.8983,5.4768
1199,17985,17999,15,LOADED_SCENE,552008,1079,1079,896,896,896,538,538,538,0,0,0,152903,148593,156922,5.0918,4.882,5.9991
1200,18000,18014,15,LOADED_SCENE,552008,1079,1079,896,896,896,538,538,538,0,0,0,153887,149426,157171,5.89437,4.9153,10.6567
1201,18015,18029,15,LOADED_SCENE,552008,1079,1079,896,896,896,538,538,538,0,0,0,153232,149570,157037,6.43063,5.4114,8.6017
1202,18030,18044,15,LOADED_SCENE,552008,1079,1079,896,896,896,538,538,538,0,0,0,154343,152061,156699,5.27142,4.7652,6.8304
1203,18045,18059,15,LOADED_SCENE,552008,1079,1079,896,896,896,538,538,538,0,0,0,153678,148138,157445,5.16193,4.8738,6.1104
1204,18060,18074,15,LOADED_SCENE,552008,1079,1079,896,896,896,538,538,538,0,0,0,153658,151225,156433,5.09721,4.9161,5.7108
1205,18075,18089,15,LOADED_SCENE,552008,1079,1079,896,896,896,538,538,538,0,0,0,152761,136678,157569,5.09871,4.8064,5.7876
1206,18090,18104,15,LOADED_SCENE,552008,1079,1079,896,896,896,538,538,538,0,0,0,151605,131376,156855,5.13127,4.8424,6.4547
1207,18105,18119,15,LOADED_SCENE,552008,1079,1079,896,896,896,538,538,538,0,0,0,154076,149478,156917,5.22924,4.947,5.7922
1208,18120,18134,15,LOADED_SCENE,552008,1079,1079,896,896,896,538,538,538,0,0,0,150201,108170,156507,5.00791,4.8367,5.4617
1209,18135,18149,15,LOADED_SCENE,552008,1079,1079,896,896,896,538,538,538,0,0,0,150919,112697,157633,5.44404,4.9655,6.4286
1210,18150,18164,15,LOADED_SCENE,552008,1079,1079,896,896,896,538,538,538,0,0,0,153906,142235,157240,5.20331,4.8772,6.4117
1211,18165,18179,15,LOADED_SCENE,552008,1079,1079,896,896,896,538,538,538,0,0,0,153809,151243,156622,5.26913,4.915,5.8133
1212,18180,18194,15,LOADED_SCENE,552008,1079,1079,896,896,896,538,538,538,0,0,0,153108,149886,157499,5.06182,4.7813,5.4694
1213,18195,18209,15,LOADED_SCENE,552008,1079,1079,896,896,896,538,538,538,0,0,0,152334,150588,154626,5.14623,4.792,6.3578
1214,18210,18224,15,LOADED_SCENE,552008,1079,1079,896,896,896,538,538,538,0,0,0,152300,139644,156372,5.04317,4.8606,5.4017
1215,18225,18239,15,LOADED_SCENE,552008,1079,1079,896,896,896,538,538,538,0,0,0,154080,151482,156957,5.14223,4.8831,5.7688
1216,18240,18254,15,LOADED_SCENE,552008,1079,1079,896,896,896,538,538,538,0,0,0,152069,132579,156972,5.0395,4.9005,5.344
1217,18255,18269,15,LOADED_SCENE,552008,1079,1079,896,896,896,538,538,538,0,0,0,151155,126566,157721,5.17037,4.8398,5.96
1218,18270,18284,15,LOADED_SCENE,552008,1079,1079,896,896,896,538,538,538,0,0,0,152250,145150,156502,5.02622,4.7863,5.5922
1219,18285,18299,15,LOADED_SCENE,552008,1079,1079,896,896,896,538,538,538,0,0,0,154125,149422,157425,5.09567,4.8593,5.855
1220,18300,18314,15,LOADED_SCENE,552008,1079,1079,896,896,896,538,538,538,0,0,0,153822,150060,156536,5.11521,4.8837,5.9162
1221,18315,18329,15,LOADED_SCENE,552008,1079,1079,896,896,896,538,538,538,0,0,0,151721,134154,156586,5.04041,4.7771,5.4926
1222,18330,18344,15,LOADED_SCENE,552008,1079,1079,896,896,896,538,538,538,0,0,0,153869,151000,156530,5.10553,4.8875,5.8983
1223,18345,18359,15,LOADED_SCENE,552008,1079,1079,896,896,896,538,538,538,0,0,0,153712,151530,156331,5.05139,4.8856,5.4969
1224,18360,18374,15,LOADED_SCENE,552008,1079,1079,896,896,896,538,538,538,0,0,0,153297,149479,156502,5.08954,4.8805,5.5936
1225,18375,18389,15,LOADED_SCENE,552008,1079,1079,896,896,896,538,538,538,0,0,0,152675,144145,156386,5.06759,4.9131,5.6851
1226,18390,18404,15,LOADED_SCENE,552008,1079,1079,896,896,896,538,538,538,0,0,0,153014,149305,156459,5.09131,4.8006,5.599
1227,18405,18419,15,LOADED_SCENE,552008,1079,1079,896,896,896,538,538,538,0,0,0,151261,123832,156745,5.10207,4.7929,5.6266
1228,18420,18434,15,LOADED_SCENE,552008,1079,1079,896,896,896,538,538,538,0,0,0,152896,139313,156927,5.14873,4.9548,5.7099
1229,18435,18449,15,LOADED_SCENE,552008,1079,1079,896,896,896,538,538,538,0,0,0,149455,132603,157137,5.05532,4.8441,5.8876
1230,18450,18464,15,LOADED_SCENE,552008,1079,1079,896,896,896,538,538,538,0,0,0,149702,106990,156709,5.08788,4.8628,6.0582
1231,18465,18479,15,LOADED_SCENE,552008,1079,1079,896,896,896,538,538,538,0,0,0,149909,110037,156757,5.03349,4.7668,5.6333
1232,18480,18494,15,LOADED_SCENE,552008,1079,1079,896,896,896,538,538,538,0,0,0,152956,143470,157193,5.06376,4.8962,5.4936
1233,18495,18509,15,LOADED_SCENE,552008,1079,1079,896,896,896,538,538,538,0,0,0,153427,150351,156630,5.29414,4.882,6.23
1234,18510,18524,15,LOADED_SCENE,552008,1079,1079,896,896,896,538,538,538,0,0,0,153011,151078,156947,5.53961,4.9517,7.4791
1235,18525,18539,15,LOADED_SCENE,552008,1079,1079,896,896,896,538,538,538,0,0,0,153495,150239,156324,5.12568,4.8893,5.8213
1236,18540,18554,15,LOADED_SCENE,552008,1079,1079,896,896,896,538,538,538,0,0,0,152645,148347,157285,5.16363,4.9277,5.8152
1237,18555,18569,15,LOADED_SCENE,552008,1079,1079,896,896,896,538,538,538,0,0,0,152422,139437,156986,5.74905,5.1103,6.4739
1238,18570,18584,15,LOADED_SCENE,552008,1079,1079,896,896,896,538,538,538,0,0,0,153791,144782,157214,5.48944,4.9432,6.6889
1239,18585,18599,15,LOADED_SCENE,552008,1079,1079,896,896,896,538,538,538,0,0,0,150849,127819,156485,5.25582,4.9534,5.8655
1240,18600,18614,15,LOADED_SCENE,552008,1079,1079,896,896,896,538,538,538,0,0,0,149249,112720,156547,5.97223,4.7994,17.6425
1241,18615,18629,15,LOADED_SCENE,552008,1079,1079,896,896,896,538,538,538,0,0,0,150180,106672,157201,5.19356,4.8758,5.8282
1242,18630,18644,15,LOADED_SCENE,552008,1079,1079,896,896,896,538,538,538,0,0,0,150702,107825,157241,5.65291,4.9552,6.4777
1243,18645,18659,15,LOADED_SCENE,552008,1079,1079,896,896,896,538,538,538,0,0,0,154020,151389,157317,5.41413,4.8898,7.1083
1244,18660,18674,15,LOADED_SCENE,552008,1079,1079,896,896,896,538,538,538,0,0,0,153891,151066,156429,5.1618,4.9084,5.5913
1245,18675,18689,15,LOADED_SCENE,552008,1079,1079,896,896,896,538,538,538,0,0,0,153677,148470,156356,5.09961,4.8801,5.6209
1246,18690,18704,15,LOADED_SCENE,552008,1079,1079,896,896,896,538,538,538,0,0,0,152893,141775,157233,5.07601,4.7892,5.6437
1247,18705,18719,15,LOADED_SCENE,552008,1079,1079,896,896,896,538,538,538,0,0,0,152365,138233,158074,5.51397,4.8194,7.4234
1248,18720,18734,15,LOADED_SCENE,552008,1079,1079,896,896,896,538,538,538,0,0,0,151225,126458,156603,5.46549,4.9188,7.0426
1249,18735,18749,15,LOADED_SCENE,552008,1079,1079,896,896,896,538,538,538,0,0,0,151328,127144,156214,5.57075,5.0461,7.3532
1250,18750,18764,15,LOADED_SCENE,552008,1079,1079,896,896,896,538,538,538,0,0,0,153164,143478,156678,6.18118,5.4672,7.3592
1251,18765,18779,15,LOADED_SCENE,552008,1079,1079,896,896,896,538,538,538,0,0,0,148325,106320,156888,8.49063,4.9852,20.835
1252,18780,18794,15,LOADED_SCENE,552008,1079,1079,896,896,896,538,538,538,0,0,0,152848,149386,156522,5.46383,5.1369,6.085
1253,18795,18809,15,LOADED_SCENE,552008,1079,1079,896,896,896,538,538,538,0,0,0,153140,139113,157439,5.65211,5.1867,6.6073
1254,18810,18824,15,LOADED_SCENE,552008,1079,1079,896,896,896,538,538,538,0,0,0,151042,136401,156616,5.68288,5.2172,6.2192
1255,18825,18839,15,LOADED_SCENE,552008,1079,1079,896,896,896,538,538,538,0,0,0,153208,149209,156744,5.84896,4.947,7.903
1256,18840,18854,15,LOADED_SCENE,552008,1079,1079,896,896,896,538,538,538,0,0,0,151772,140732,156810,5.5797,4.8629,6.5343
1257,18855,18869,15,LOADED_SCENE,552008,1079,1079,896,896,896,538,538,538,0,0,0,149635,123504,157225,5.67539,4.9323,6.3652
1258,18870,18884,15,LOADED_SCENE,552008,1079,1079,896,896,896,538,538,538,0,0,0,151207,131031,156801,5.50055,4.8992,6.3534
1259,18885,18899,15,LOADED_SCENE,552008,1079,1079,896,896,896,538,538,538,0,0,0,153450,148841,156235,5.71749,4.94,6.6714
1260,18900,18914,15,LOADED_SCENE,552008,1079,1079,896,896,896,538,538,538,0,0,0,146219,101767,157143,7.30516,5.0357,9.6231
1261,18915,18929,15,LOADED_SCENE,552008,1079,1079,896,896,896,538,538,538,0,0,0,151762,139933,156309,6.10114,5.2961,7.2721
1262,18930,18944,15,LOADED_SCENE,552008,1079,1079,896,896,896,538,538,538,0,0,0,150255,108159,156451,6.02494,5.3285,7.4486
1263,18945,18959,15,LOADED_SCENE,552008,1079,1079,896,896,896,538,538,538,0,0,0,153012,149811,157177,5.71442,5.2446,6.4385
1264,18960,18974,15,LOADED_SCENE,552008,1079,1079,896,896,896,538,538,538,0,0,0,152517,129116,156849,7.49725,5.1426,12.1505
1265,18975,18989,15,LOADED_SCENE,552008,1079,1079,896,896,896,538,538,538,0,0,0,150811,109875,156812,6.01901,5.1134,8.9353
1266,18990,19004,15,LOADED_SCENE,552008,1079,1079,896,896,896,538,538,538,0,0,0,150983,120064,156771,5.54531,5.0957,6.0402
1267,19005,19019,15,LOADED_SCENE,552008,1079,1079,896,896,896,538,538,538,0,0,0,150484,111537,156483,5.6453,5.3201,6.3637
1268,19020,19034,15,LOADED_SCENE,552008,1079,1079,896,896,896,538,538,538,0,0,0,153316,147275,156484,5.48221,5.0875,6.7652
1269,19035,19049,15,LOADED_SCENE,552008,1079,1079,896,896,896,538,538,538,0,0,0,152403,138152,156521,5.44853,4.9915,6.0065
1270,19050,19064,15,LOADED_SCENE,552008,1079,1079,896,896,896,538,538,538,0,0,0,152737,149016,156366,5.55959,5.0655,6.2345
1271,19065,19079,15,LOADED_SCENE,552008,1079,1079,896,896,896,538,538,538,0,0,0,151014,118140,156580,5.53603,5.2305,6.0749
1272,19080,19094,15,LOADED_SCENE,552008,1079,1079,896,896,896,538,538,538,0,0,0,151962,122883,156373,5.50395,4.9545,6.4071
1273,19095,19109,15,LOADED_SCENE,552008,1079,1079,896,896,896,538,538,538,0,0,0,149707,101813,156786,5.53986,5.2564,5.9844
1274,19110,19124,15,LOADED_SCENE,552008,1079,1079,896,896,896,538,538,538,0,0,0,150660,110556,157306,5.49171,5.1804,5.8151
1275,19125,19139,15,LOADED_SCENE,552008,1079,1079,896,896,896,538,538,538,0,0,0,153742,151375,157093,6.82375,5.1858,20.6128
1276,19140,19154,15,LOADED_SCENE,552008,1079,1079,896,896,896,538,538,538,0,0,0,150927,101558,157341,5.69668,5.0273,7.4393
1277,19155,19169,15,LOADED_SCENE,552008,1079,1079,896,896,896,538,538,538,0,0,0,153289,151359,156800,5.4632,4.9162,5.9936
1278,19170,19184,15,LOADED_SCENE,552008,1079,1079,896,896,896,538,538,538,0,0,0,154066,149691,157514,5.22691,4.9571,5.7485
1279,19185,19199,15,LOADED_SCENE,552008,1079,1079,896,896,896,538,538,538,0,0,0,153329,141728,156693,5.37662,4.9092,6.0199
1280,19200,19214,15,LOADED_SCENE,552008,1079,1079,896,896,896,538,538,538,0,0,0,153697,150934,156565,5.73291,5.0486,6.4616
1281,19215,19229,15,LOADED_SCENE,552008,1079,1079,896,896,896,538,538,538,0,0,0,152669,148605,155790,7.42799,5.3421,20.0504
1282,19230,19244,15,LOADED_SCENE,552008,1079,1079,896,896,896,538,538,538,0,0,0,151598,126234,156846,6.03218,4.7831,9.3984
1283,19245,19259,15,LOADED_SCENE,552008,1079,1079,896,896,896,538,538,538,0,0,0,147144,110635,156490,6.11753,5.134,8.0901
1284,19260,19274,15,LOADED_SCENE,552008,1079,1079,896,896,896,538,538,538,0,0,0,154391,151355,156464,6.69147,5.2688,12.4505
1285,19275,19289,15,LOADED_SCENE,552008,1079,1079,896,896,896,538,538,538,0,0,0,152765,126455,157258,5.69375,4.8498,7.0344
1286,19290,19304,15,LOADED_SCENE,552008,1079,1079,896,896,896,538,538,538,0,0,0,152522,140989,156314,5.28335,4.8713,5.809
1287,19305,19319,15,LOADED_SCENE,552008,1079,1079,896,896,896,538,538,538,0,0,0,153379,150718,157331,5.21165,4.8976,5.7471
1288,19320,19334,15,LOADED_SCENE,552008,1079,1079,896,896,896,538,538,538,0,0,0,153678,151245,156722,5.26083,4.8525,6.4281
1289,19335,19349,15,LOADED_SCENE,552008,1079,1079,896,896,896,538,538,538,0,0,0,150923,106694,157423,5.2699,4.9112,5.9529
1290,19350,19364,15,LOADED_SCENE,552008,1079,1079,896,896,896,538,538,538,0,0,0,153673,151460,156633,5.20383,4.9108,5.7118
1291,19365,19379,15,LOADED_SCENE,552008,1079,1079,896,896,896,538,538,538,0,0,0,150867,111476,156582,5.47565,4.9339,6.4666
1292,19380,19394,15,LOADED_SCENE,552008,1079,1079,896,896,896,538,538,538,0,0,0,145188,107032,156973,5.31905,4.8571,5.9031
1293,19395,19409,15,LOADED_SCENE,552008,1079,1079,896,896,896,538,538,538,0,0,0,152640,150289,156288,5.26665,4.915,6.0116
1294,19410,19424,15,LOADED_SCENE,552008,1079,1079,896,896,896,538,538,538,0,0,0,152853,145892,156678,5.2378,4.8194,5.9534
1295,19425,19439,15,LOADED_SCENE,552008,1079,1079,896,896,896,538,538,538,0,0,0,153158,143622,157487,5.38666,4.7593,6.3101
1296,19440,19454,15,LOADED_SCENE,552008,1079,1079,896,896,896,538,538,538,0,0,0,151975,118139,157123,5.24232,4.8384,6.0781
1297,19455,19469,15,LOADED_SCENE,552008,1079,1079,896,896,896,538,538,538,0,0,0,149333,109342,156518,5.28107,4.7842,6.2724
1298,19470,19484,15,LOADED_SCENE,552008,1079,1079,896,896,896,538,538,538,0,0,0,153768,148494,157089,5.62662,5.0196,6.5255
1299,19485,19499,15,LOADED_SCENE,552008,1079,1079,896,896,896,538,538,538,0,0,0,150823,112485,156626,5.35296,4.7983,5.8187
1300,19500,19514,15,LOADED_SCENE,552008,1079,1079,896,896,896,538,538,538,0,0,0,153787,151079,157181,5.23519,4.8956,5.7864
1301,19515,19529,15,LOADED_SCENE,552008,1079,1079,798.467,687,896,506.733,471,538,0,0,0,136064,114726,156960,4.88153,3.9285,5.4938
1302,19530,19544,15,LOADED_SCENE,552008,1079,1079,687,687,687,471,471,471,0,0,0,116708,111476,118501,4.34348,3.9344,5.3005
1303,19545,19559,15,LOADED_SCENE,552008,1079,1079,687,687,687,471,471,471,0,0,0,115949,108124,118406,4.13685,3.8018,4.7315
1304,19560,19574,15,LOADED_SCENE,552008,1079,1079,687,687,687,471,471,471,0,0,0,114700,105703,118489,4.30657,3.8085,4.864
1305,19575,19589,15,LOADED_SCENE,552008,1079,1079,687,687,687,471,471,471,0,0,0,116600,114445,118350,4.25613,3.8838,5.0244
1306,19590,19604,15,LOADED_SCENE,552008,1079,1079,687,687,687,471,471,471,0,0,0,115954,110580,118309,4.2414,3.9166,4.8213
1307,19605,19619,15,LOADED_SCENE,552008,1079,1079,687,687,687,471,471,471,0,0,0,115947,109577,118012,4.22227,3.878,5.1838
1308,19620,19634,15,LOADED_SCENE,552008,1079,1079,687,687,687,471,471,471,0,0,0,116108,108000,119622,4.1882,3.8359,4.5773
1309,19635,19649,15,LOADED_SCENE,552008,1079,1079,468,322,687,346.8,264,471,0,0,0,74473.2,44862,119119,3.86882,3.143,4.8
1310,19650,19664,15,LOADED_SCENE,552008,1079,1079,518.467,392,663,379.533,338,427,0,0,0,96434.9,79263,118840,3.94822,3.3461,4.824
1311,19665,19679,15,LOADED_SCENE,552008,1079,1079,792.2,627,836,464.2,427,500,0,0,0,120434,105645,138647,4.95779,4.0301,5.9878
1312,19680,19694,15,LOADED_SCENE,552008,1079,1079,383.533,295,627,307.733,260,439,0,0,0,58013.7,40098,106457,3.72043,3.1176,5.0751
1313,19695,19709,15,LOADED_SCENE,552008,1079,1079,642,295,872,580.2,260,787,0,0,0,166805,40877,248953,3.99654,3.5573,4.8407
1314,19710,19724,15,LOADED_SCENE,552008,1079,1079,1011.8,872,1036,944.867,787,971,0,0,0,270808,214461,334133,4.54689,4.2249,4.9988
1315,19725,19739,15,LOADED_SCENE,552008,1079,1079,693.6,514,1036,603.267,453,967,0,0,0,159742,92316,255692,4.07127,3.4292,5.5081
1316,19740,19754,15,LOADED_SCENE,552008,1079,1079,602,602,602,531,531,531,0,0,0,147317,144905,148988,3.77849,3.3844,4.7084
1317,19755,19769,15,LOADED_SCENE,552008,1079,1079,602,602,602,531,531,531,0,0,0,144152,122552,148299,3.86915,3.4728,4.5942
1318,19770,19784,15,LOADED_SCENE,552008,1079,1079,602,602,602,531,531,531,0,0,0,146415,133819,149206,3.73104,3.3878,4.3136
1319,19785,19799,15,LOADED_SCENE,552008,1079,1079,602,602,602,531,531,531,0,0,0,147137,143520,149650,3.85181,3.5069,4.5226
1320,19800,19814,15,LOADED_SCENE,552008,1079,1079,602,602,602,531,531,531,0,0,0,145366,130779,148488,4.87651,4.3486,5.7914
1321,19815,19829,15,LOADED_SCENE,552008,1079,1079,853.333,602,892,673.133,531,695,0,0,0,199747,144456,230757,4.26503,3.7039,5.9558
1322,19830,19844,15,LOADED_SCENE,552008,1079,1079,892,892,892,695,695,695,0,0,0,210860,174274,229524,4.13421,3.8367,4.8541
1323,19845,19859,15,LOADED_SCENE,552008,1079,1079,961.533,892,1041,720.2,695,749,0,0,0,232325,178564,273974,4.60054,3.9561,5.9723
1324,19860,19874,15,LOADED_SCENE,552008,1079,1079,1041,1041,1041,749,749,749,0,0,0,257712,241485,271588,4.80384,4.3057,5.7304
1325,19875,19889,15,LOADED_SCENE,552008,1079,1079,1043.4,1041,1050,735.133,697,749,0,0,0,251778,201094,276856,4.84347,4.3253,5.353
1326,19890,19904,15,LOADED_SCENE,552008,1079,1079,1050,1050,1050,697,697,697,0,0,0,238043,184404,262285,4.75363,4.4639,5.7133
1327,19905,19919,15,LOADED_SCENE,552008,1079,1079,1039.27,889,1050,691.667,617,697,0,0,0,222017,171258,266039,4.68431,4.2396,5.4249
1328,19920,19934,15,LOADED_SCENE,552008,1079,1079,889,889,889,617,617,617,0,0,0,185746,164183,193252,4.06532,3.8159,4.38
1329,19935,19949,15,LOADED_SCENE,552008,1079,1079,889,889,889,617,617,617,0,0,0,184296,147577,193726,4.22608,3.7995,5.3374
1330,19950,19964,15,LOADED_SCENE,552008,1079,1079,727.067,542,889,554.467,483,617,0,0,0,157365,114007,190839,4.19062,3.4551,5.4843
1331,19965,19979,15,LOADED_SCENE,552008,1079,1079,542,542,542,483,483,483,0,0,0,122818,117489,125752,3.84077,3.4022,4.8269
1332,19980,19994,15,LOADED_SCENE,552008,1079,1079,542,542,542,483,483,483,0,0,0,123462,117265,126352,3.77918,3.4645,4.2701
1333,19995,20009,15,LOADED_SCENE,552008,1079,1079,593.133,542,601,515.933,483,521,0,0,0,136577,113337,147693,3.86747,3.4784,4.9615
1334,20010,20024,15,LOADED_SCENE,552008,1079,1079,601,601,601,521,521,521,0,0,0,143996,135069,146775,3.85679,3.5167,5.064
1335,20025,20039,15,LOADED_SCENE,552008,1079,1079,630.467,601,822,535.533,521,630,0,0,0,153456,126921,220486,4.34776,3.5865,5.2534
1336,20040,20054,15,LOADED_SCENE,552008,1079,1079,822,822,822,630,630,630,0,0,0,217287,196602,227581,4.32564,3.9031,5.0381
1337,20055,20069,15,LOADED_SCENE,552008,1079,1079,822,822,822,630,630,630,0,0,0,217118,190583,230643,4.32286,3.7313,5.447
1338,20070,20084,15,LOADED_SCENE,552008,1079,1079,975.6,822,1014,798,630,840,0,0,0,269552,219937,306517,4.46811,4.1629,5.0322
1339,20085,20099,15,LOADED_SCENE,552008,1079,1079,1014,1014,1014,840,840,840,0,0,0,279231,225533,299183,4.55467,4.212,5.3902
1340,20100,20114,15,LOADED_SCENE,552008,1079,1079,1008.8,1001,1014,838.8,837,840,0,0,0,271838,220511,322113,4.50067,4.1265,5.2398
1341,20115,20129,15,LOADED_SCENE,552008,1079,1079,1001,1001,1001,837,837,837,0,0,0,284986,264818,326453,4.46019,4.0851,5.4163
1342,20130,20144,15,LOADED_SCENE,552008,1079,1079,1001,1001,1001,837,837,837,0,0,0,271345,230397,291206,4.37612,4.0248,4.9854
1343,20145,20159,15,LOADED_SCENE,552008,1079,1079,1001,1001,1001,837,837,837,0,0,0,278755,252191,306504,4.63332,4.1517,6.4477
1344,20160,20174,15,LOADED_SCENE,552008,1079,1079,1001,1001,1001,837,837,837,0,0,0,275808,258705,312885,4.43165,3.9447,4.9678
1345,20175,20189,15,LOADED_SCENE,552008,1079,1079,1001,1001,1001,837,837,837,0,0,0,288660,263254,316122,4.46028,4.1267,5.4089
1346,20190,20204,15,LOADED_SCENE,552008,1079,1079,1001,1001,1001,837,837,837,0,0,0,279167,234185,307118,4.4311,4.07,5.1168
1347,20205,20219,15,LOADED_SCENE,552008,1079,1079,1001,1001,1001,837,837,837,0,0,0,279124,248600,304187,4.43743,4.1602,5.2314
1348,20220,20234,15,LOADED_SCENE,552008,1079,1079,1009.67,1001,1014,839,837,840,0,0,0,272575,248202,304019,4.49812,4.248,4.9794
1349,20235,20249,15,LOADED_SCENE,552008,1079,1079,1014,1014,1014,840,840,840,0,0,0,279269,260496,300036,4.50416,4.2228,5.2169
1350,20250,20264,15,LOADED_SCENE,552008,1079,1079,1014,1014,1014,840,840,840,0,0,0,271569,232162,297019,4.55141,4.211,5.6225
1351,20265,20279,15,LOADED_SCENE,552008,1079,1079,1014,1014,1014,840,840,840,0,0,0,272016,239745,331217,4.58835,4.1266,5.8963
1352,20280,20294,15,LOADED_SCENE,552008,1079,1079,1014,1014,1014,840,840,840,0,0,0,277397,250554,299523,4.44965,4.2118,4.8716
1353,20295,20309,15,LOADED_SCENE,552008,1079,1079,1014,1014,1014,840,840,840,0,0,0,265798,209184,299738,4.54279,4.1501,5.4329
1354,20310,20324,15,LOADED_SCENE,552008,1079,1079,1014,1014,1014,840,840,840,0,0,0,275247,253773,309080,4.6123,4.1579,5.8799
1355,20325,20339,15,LOADED_SCENE,552008,1079,1079,1014,1014,1014,840,840,840,0,0,0,277221,240404,298126,4.45997,4.1393,5.2702
1356,20340,20354,15,LOADED_SCENE,552008,1079,1079,1014,1014,1014,840,840,840,0,0,0,278856,252530,300637,4.53109,4.2576,4.994
1357,20355,20369,15,LOADED_SCENE,552008,1079,1079,1014,1014,1014,840,840,840,0,0,0,273003,249409,294258,4.67853,4.1483,6.3012
1358,20370,20384,15,LOADED_SCENE,552008,1079,1079,1014,1014,1014,840,840,840,0,0,0,278856,235667,300601,4.49181,4.2152,5.3643
1359,20385,20399,15,LOADED_SCENE,552008,1079,1079,1014,1014,1014,840,840,840,0,0,0,276050,222972,303315,4.49777,4.1755,4.8901
1360,20400,20414,15,LOADED_SCENE,552008,1079,1079,1014,1014,1014,840,840,840,0,0,0,270973,213622,298210,4.50851,4.2341,5.7609
1361,20415,20429,15,LOADED_SCENE,552008,1079,1079,1014,1014,1014,840,840,840,0,0,0,278671,230214,302339,4.46452,4.1401,5.3332
1362,20430,20444,15,LOADED_SCENE,552008,1079,1079,1014,1014,1014,840,840,840,0,0,0,269872,240285,294955,4.71478,4.1912,5.5221
1363,20445,20459,15,LOADED_SCENE,552008,1079,1079,1014,1014,1014,840,840,840,0,0,0,280712,250652,299130,4.54104,4.2144,5.0902
1364,20460,20474,15,LOADED_SCENE,552008,1079,1079,1014,1014,1014,840,840,840,0,0,0,267249,250731,290785,5.37372,5.0157,6.2386
1365,20475,20489,15,LOADED_SCENE,552008,1079,1079,1014,1014,1014,840,840,840,0,0,0,272042,231410,302831,7.11565,4.8511,31.746
1366,20490,20504,15,LOADED_SCENE,552008,1079,1079,1014,1014,1014,840,840,840,0,0,0,275788,260845,299248,5.14436,4.3515,8.0552
1367,20505,20519,15,LOADED_SCENE,552008,1079,1079,1014,1014,1014,840,840,840,0,0,0,275998,249488,302541,89.2595,4.3128,1221.43
1368,20520,20534,15,LOADED_SCENE,552008,1079,1079,1014,1014,1014,840,840,840,0,0,0,278894,258435,325760,65.2613,4.3987,891.41
1369,20535,20549,15,LOADED_SCENE,552008,1079,1079,1014,1014,1014,840,840,840,0,0,0,273214,251672,294437,53.9681,4.4494,667.696
1370,20550,20564,15,LOADED_SCENE,552008,1079,1079,1014,1014,1014,840,840,840,0,0,0,272901,237862,297728,50.9796,4.299,604.829
1371,20565,20579,15,LOADED_SCENE,552008,1079,1079,1014,1014,1014,840,840,840,0,0,0,272667,216445,297743,53.4066,4.4564,648.155
1372,20580,20594,15,LOADED_SCENE,552008,1079,1079,1014,1014,1014,840,840,840,0,0,0,274660,239328,300394,9.2635,4.2857,32.6683
1373,20595,20609,15,LOADED_SCENE,552008,1079,1079,1014,1014,1014,840,840,840,0,0,0,273548,215141,300538,43.2772,4.2747,533.568
1374,20610,20624,15,LOADED_SCENE,552008,1079,1079,1014,1014,1014,840,840,840,0,0,0,272923,248845,304213,44.3709,4.2248,544.184
1375,20625,20639,15,LOADED_SCENE,552008,1079,1079,1014,1014,1014,840,840,840,0,0,0,274182,254728,301087,33.2601,4.3451,352.065
1376,20640,20654,15,LOADED_SCENE,552008,1079,1079,1014,1014,1014,840,840,840,0,0,0,274472,227909,312153,33.4117,4.5475,352.453
1377,20655,20669,15,LOADED_SCENE,552008,1079,1079,1014,1014,1014,840,840,840,0,0,0,270525,238621,307361,35.6032,4.205,378.236
1378,20670,20684,15,LOADED_SCENE,552008,1079,1079,1014,1014,1014,840,840,840,0,0,0,269133,226335,299715,5.612,4.2526,15.5356
1379,20685,20699,15,LOADED_SCENE,552008,1079,1079,1014,1014,1014,840,840,840,0,0,0,275021,231435,298969,34.4297,4.2903,376.824
1380,20700,20714,15,LOADED_SCENE,552008,1079,1079,1014,1014,1014,840,840,840,0,0,0,268680,234783,293238,27.5207,4.2969,287.931
1381,20715,20729,15,LOADED_SCENE,552008,1079,1079,1014,1014,1014,840,840,840,0,0,0,272819,228348,300081,26.0287,4.325,296.077
1382,20730,20744,15,LOADED_SCENE,552008,1079,1079,1014,1014,1014,840,840,840,0,0,0,280229,240670,331829,36.6935,4.474,373.759
1383,20745,20759,15,LOADED_SCENE,552008,1079,1079,1014,1014,1014,840,840,840,0,0,0,278999,247918,300027,42.6323,4.2607,460.449
1384,20760,20774,15,LOADED_SCENE,552008,1079,1079,1014,1014,1014,840,840,840,0,0,0,277042,251022,297367,6.62567,4.2324,32.7619
1385,20775,20789,15,LOADED_SCENE,552008,1079,1079,1014,1014,1014,840,840,840,0,0,0,273168,237955,293910,28.9701,4.2903,307.127
1386,20790,20804,15,LOADED_SCENE,552008,1079,1079,1014,1014,1014,840,840,840,0,0,0,281096,260002,306344,25.6005,4.3374,295.938
1387,20805,20819,15,LOADED_SCENE,552008,1079,1079,1014,1014,1014,840,840,840,0,0,0,278504,255157,303214,19.9188,4.4652,217.547
1388,20820,20834,15,LOADED_SCENE,552008,1079,1079,1014,1014,1014,840,840,840,0,0,0,284974,226073,322016,28.5282,4.4428,347.844
1389,20835,20849,15,LOADED_SCENE,552008,1079,1079,1014,1014,1014,840,840,840,0,0,0,272509,245051,299356,22.8754,4.394,276.068
1390,20850,20864,15,LOADED_SCENE,552008,1079,1079,1014,1014,1014,840,840,840,0,0,0,277034,231292,298422,5.90202,4.409,23.275
1391,20865,20879,15,LOADED_SCENE,552008,1079,1079,1014,1014,1014,840,840,840,0,0,0,280029,237603,301173,27.8274,4.1903,269.679
1392,20880,20894,15,LOADED_SCENE,552008,1079,1079,1014,1014,1014,840,840,840,0,0,0,275104,234017,298405,33.5567,4.3971,410.255
1393,20895,20909,15,LOADED_SCENE,552008,1079,1079,1014,1014,1014,840,840,840,0,0,0,273522,245438,299231,24.5851,4.359,285.951
1394,20910,20924,15,LOADED_SCENE,552008,1079,1079,1014,1014,1014,840,840,840,0,0,0,275784,252049,300320,36.7596,4.2598,423.132
1395,20925,20939,15,LOADED_SCENE,552008,1079,1079,1014,1014,1014,840,840,840,0,0,0,277429,252313,301856,28.0505,4.2077,353.928
1396,20940,20954,15,LOADED_SCENE,552008,1079,1079,1014,1014,1014,840,840,840,0,0,0,280028,228747,292458,6.59166,4.3158,33.6604
1397,20955,20969,15,LOADED_SCENE,552008,1079,1079,1014,1014,1014,840,840,840,0,0,0,275852,258359,297988,31.2173,4.3726,377.432
1398,20970,20984,15,LOADED_SCENE,552008,1079,1079,1014,1014,1014,840,840,840,0,0,0,271801,238495,293007,23.334,4.3315,269.089
1399,20985,20999,15,LOADED_SCENE,552008,1079,1079,1014,1014,1014,840,840,840,0,0,0,278647,250619,300360,23.3,4.3785,256.144
1400,21000,21014,15,LOADED_SCENE,552008,1079,1079,1014,1014,1014,840,840,840,0,0,0,278077,244390,297179,32.3399,4.3276,357.879
1401,21015,21029,15,LOADED_SCENE,552008,1079,1079,1014,1014,1014,840,840,840,0,0,0,282212,248590,306851,7.13823,4.2754,28.9844
1402,21030,21044,15,LOADED_SCENE,552008,1079,1079,1014,1014,1014,840,840,840,0,0,0,273657,224925,300126,36.5718,4.3265,446.866
1403,21045,21059,15,LOADED_SCENE,552008,1079,1079,1014,1014,1014,840,840,840,0,0,0,276187,239265,305447,38.9177,4.4015,461.105
1404,21060,21074,15,LOADED_SCENE,552008,1079,1079,1014,1014,1014,840,840,840,0,0,0,279221,245044,322981,39.0146,4.359,453.973
1405,21075,21089,15,LOADED_SCENE,552008,1079,1079,1014,1014,1014,840,840,840,0,0,0,278858,257824,298276,37.8154,4.2474,443.74
1406,21090,21104,15,LOADED_SCENE,552008,1079,1079,1014,1014,1014,840,840,840,0,0,0,270090,228264,290543,37.9101,4.2276,451.601
1407,21105,21119,15,LOADED_SCENE,552008,1079,1079,1014,1014,1014,840,840,840,0,0,0,284089,254113,323979,4.70811,4.2912,5.7702
1408,21120,21134,15,LOADED_SCENE,552008,1079,1079,1014,1014,1014,840,840,840,0,0,0,276319,244613,315857,29.9971,4.2369,288.752
1409,21135,21149,15,LOADED_SCENE,552008,1079,1079,1014,1014,1014,840,840,840,0,0,0,274559,226554,329535,30.1486,4.4326,370.311
1410,21150,21164,15,LOADED_SCENE,552008,1079,1079,1014,1014,1014,840,840,840,0,0,0,275842,229324,296677,24.5282,4.3037,263.388
1411,21165,21179,15,LOADED_SCENE,552008,1079,1079,1014,1014,1014,840,840,840,0,0,0,272533,247103,297701,22.4652,4.3498,256.46
1412,21180,21194,15,LOADED_SCENE,552008,1079,1079,1014,1014,1014,840,840,840,0,0,0,273216,233851,293538,80.9937,4.4063,1146.85
1413,21195,21209,15,LOADED_SCENE,552008,1079,1079,1014,1014,1014,840,840,840,0,0,0,278303,249340,308508,4.69231,4.1183,5.5184
1414,21210,21224,15,LOADED_SCENE,552008,1079,1079,1014,1014,1014,840,840,840,0,0,0,275695,252530,295823,8.82604,4.1882,31.6416
1415,21225,21239,15,LOADED_SCENE,552008,1079,1079,1014,1014,1014,840,840,840,0,0,0,266381,248159,287077,4.50677,4.0549,5.3636
1416,21240,21254,15,LOADED_SCENE,552008,1079,1079,1014,1014,1014,840,840,840,0,0,0,279852,263639,294668,4.58921,4.236,5.2781
1417,21255,21269,15,LOADED_SCENE,552008,1079,1079,1014,1014,1014,840,840,840,0,0,0,278232,244608,301217,4.38797,4.0998,4.9896
1418,21270,21284,15,LOADED_SCENE,552008,1079,1079,1014,1014,1014,840,840,840,0,0,0,269277,230210,303072,4.57241,4.16,5.4728
1419,21285,21299,15,LOADED_SCENE,552008,1079,1079,1014,1014,1014,840,840,840,0,0,0,277461,254897,300088,4.516,4.2575,5.0737
1420,21300,21314,15,LOADED_SCENE,552008,1079,1079,1014,1014,1014,840,840,840,0,0,0,274006,248956,291532,4.49575,4.2445,5.1618
1421,21315,21329,15,LOADED_SCENE,552008,1079,1079,1014,1014,1014,840,840,840,0,0,0,281355,255563,295058,4.44571,4.2741,4.8479
1422,21330,21344,15,LOADED_SCENE,552008,1079,1079,1014,1014,1014,840,840,840,0,0,0,285816,250468,303952,4.51415,4.214,5.2852
1423,21345,21359,15,LOADED_SCENE,552008,1079,1079,1014,1014,1014,840,840,840,0,0,0,273630,239680,296040,4.47804,4.2337,5.3824
1424,21360,21374,15,LOADED_SCENE,552008,1079,1079,1014,1014,1014,840,840,840,0,0,0,269985,234233,291484,4.43021,4.2116,5.0795
1425,21375,21389,15,LOADED_SCENE,552008,1079,1079,1014,1014,1014,840,840,840,0,0,0,268803,240411,306278,4.57511,4.2929,5.6468
1426,21390,21404,15,LOADED_SCENE,552008,1079,1079,1014,1014,1014,840,840,840,0,0,0,274854,233187,293295,5.32551,4.2922,6.4073
1427,21405,21419,15,LOADED_SCENE,552008,1079,1079,1014,1014,1014,840,840,840,0,0,0,281590,264253,297426,4.56125,4.2648,5.127
1428,21420,21434,15,LOADED_SCENE,552008,1079,1079,1014,1014,1014,840,840,840,0,0,0,281453,258428,300677,4.53453,4.2068,5.3192
1429,21435,21449,15,LOADED_SCENE,552008,1079,1079,1014,1014,1014,840,840,840,0,0,0,282803,251236,307456,4.54375,4.1231,5.294
1430,21450,21464,15,LOADED_SCENE,552008,1079,1079,1014,1014,1014,840,840,840,0,0,0,277591,248193,298128,4.32956,4.165,4.876
1431,21465,21479,15,LOADED_SCENE,552008,1079,1079,1014,1014,1014,840,840,840,0,0,0,272874,219842,304202,4.39311,4.1689,5.302
1432,21480,21494,15,LOADED_SCENE,552008,1079,1079,1014,1014,1014,840,840,840,0,0,0,282696,226779,302346,4.39949,4.1462,5.1106
1433,21495,21509,15,LOADED_SCENE,552008,1079,1079,1014,1014,1014,840,840,840,0,0,0,276760,239369,306427,4.32851,4.1788,4.8306
1434,21510,21524,15,LOADED_SCENE,552008,1079,1079,1014,1014,1014,840,840,840,0,0,0,277481,250592,301176,4.33057,4.0494,4.7981
1435,21525,21539,15,LOADED_SCENE,552008,1079,1079,1014,1014,1014,840,840,840,0,0,0,274394,250627,291057,4.42195,4.199,4.9086
1436,21540,21554,15,LOADED_SCENE,552008,1079,1079,1014,1014,1014,840,840,840,0,0,0,277736,252250,302972,4.37873,4.1248,5.4347
1437,21555,21569,15,LOADED_SCENE,552008,1079,1079,1014,1014,1014,840,840,840,0,0,0,273766,216283,296721,4.47557,4.1649,5.2849
1438,21570,21584,15,LOADED_SCENE,552008,1079,1079,1014,1014,1014,840,840,840,0,0,0,273264,239889,297827,4.33883,4.2045,4.8594
1439,21585,21599,15,LOADED_SCENE,552008,1079,1079,1014,1014,1014,840,840,840,0,0,0,271633,245708,308062,4.40409,4.184,5.2012
1440,21600,21614,15,LOADED_SCENE,552008,1079,1079,1014,1014,1014,840,840,840,0,0,0,275724,248594,293555,4.44579,4.2396,5.2949
1441,21615,21629,15,LOADED_SCENE,552008,1079,1079,1014,1014,1014,840,840,840,0,0,0,270336,247930,302837,4.4145,4.1408,5.3995
1442,21630,21644,15,LOADED_SCENE,552008,1079,1079,1014,1014,1014,840,840,840,0,0,0,276297,250950,295856,4.52784,4.2863,5.3163
1443,21645,21659,15,LOADED_SCENE,552008,1079,1079,1014,1014,1014,840,840,840,0,0,0,275319,232409,291832,4.53183,4.12,5.8719
1444,21660,21674,15,LOADED_SCENE,552008,1079,1079,1014,1014,1014,840,840,840,0,0,0,271405,235585,291444,4.32929,4.1129,4.9471
1445,21675,21689,15,LOADED_SCENE,552008,1079,1079,1014,1014,1014,840,840,840,0,0,0,276441,245143,291405,4.39484,4.1671,5.0192
1446,21690,21704,15,LOADED_SCENE,552008,1079,1079,1014,1014,1014,840,840,840,0,0,0,272995,242767,299424,4.7178,4.2983,6.0323
1447,21705,21719,15,LOADED_SCENE,552008,1079,1079,1014,1014,1014,840,840,840,0,0,0,273451,242850,301373,4.33671,4.1378,4.8811
1448,21720,21734,15,LOADED_SCENE,552008,1079,1079,1014,1014,1014,840,840,840,0,0,0,279817,249524,301064,4.36623,4.178,4.8892
1449,21735,21749,15,LOADED_SCENE,552008,1079,1079,1014,1014,1014,840,840,840,0,0,0,277211,246899,306308,4.40991,4.1496,4.8862
1450,21750,21764,15,LOADED_SCENE,552008,1079,1079,1014,1014,1014,840,840,840,0,0,0,275937,242075,301168,4.38287,4.1709,5.2438
1451,21765,21779,15,LOADED_SCENE,552008,1079,1079,1014,1014,1014,840,840,840,0,0,0,276038,250823,303423,4.39355,4.1522,5.08
1452,21780,21794,15,LOADED_SCENE,552008,1079,1079,1014,1014,1014,840,840,840,0,0,0,277262,250981,296711,4.46859,4.2387,5.01
1453,21795,21809,15,LOADED_SCENE,552008,1079,1079,1014,1014,1014,840,840,840,0,0,0,273402,249892,296730,4.35262,4.1734,4.766
1454,21810,21824,15,LOADED_SCENE,552008,1079,1079,1014,1014,1014,840,840,840,0,0,0,280087,245561,296171,4.37617,4.1672,4.7997
1455,21825,21839,15,LOADED_SCENE,552008,1079,1079,1014,1014,1014,840,840,840,0,0,0,269628,245419,290448,4.46616,4.1882,4.8933
1456,21840,21854,15,LOADED_SCENE,552008,1079,1079,1014,1014,1014,840,840,840,0,0,0,275252,252627,294944,4.94883,4.3525,5.8267
1457,21855,21869,15,LOADED_SCENE,552008,1079,1079,1014,1014,1014,840,840,840,0,0,0,280521,253729,308916,4.80725,4.5343,5.3458
1458,21870,21884,15,LOADED_SCENE,552008,1079,1079,1014,1014,1014,840,840,840,0,0,0,271939,235742,292974,4.7274,4.4691,5.1454
1459,21885,21899,15,LOADED_SCENE,552008,1079,1079,1014,1014,1014,840,840,840,0,0,0,276697,259159,298303,4.55523,4.2249,5.3424
1460,21900,21914,15,LOADED_SCENE,552008,1079,1079,1014,1014,1014,840,840,840,0,0,0,271425,222277,303807,4.35197,4.1525,4.8065
1461,21915,21929,15,LOADED_SCENE,552008,1079,1079,1014,1014,1014,840,840,840,0,0,0,282040,263893,304796,4.42852,4.2081,4.8611
1462,21930,21944,15,LOADED_SCENE,552008,1079,1079,1014,1014,1014,840,840,840,0,0,0,277001,235833,317625,4.55487,4.2669,5.2816
1463,21945,21959,15,LOADED_SCENE,552008,1079,1079,1014,1014,1014,840,840,840,0,0,0,269685,216144,297151,4.49963,4.1564,5.7801
1464,21960,21974,15,LOADED_SCENE,552008,1079,1079,1014,1014,1014,840,840,840,0,0,0,265319,223709,293482,4.43341,4.2231,5.03
1465,21975,21989,15,LOADED_SCENE,552008,1079,1079,1014,1014,1014,840,840,840,0,0,0,279048,257659,298549,4.31768,4.195,4.7674
1466,21990,22004,15,LOADED_SCENE,552008,1079,1079,1014,1014,1014,840,840,840,0,0,0,277152,255588,301715,4.42201,4.2026,4.8669
1467,22005,22019,15,LOADED_SCENE,552008,1079,1079,1014,1014,1014,840,840,840,0,0,0,275124,244090,298953,4.46293,4.1656,5.6042
1468,22020,22034,15,LOADED_SCENE,552008,1079,1079,1014,1014,1014,840,840,840,0,0,0,269934,232599,294403,5.24981,4.9843,6.2556
1469,22035,22049,15,LOADED_SCENE,552008,1079,1079,1014,1014,1014,840,840,840,0,0,0,271763,215584,295397,5.06191,4.3953,6.4759
1470,22050,22064,15,LOADED_SCENE,552008,1079,1079,1014,1014,1014,840,840,840,0,0,0,277560,247667,301354,4.68265,4.2874,5.4572
1471,22065,22079,15,LOADED_SCENE,552008,1079,1079,1014,1014,1014,840,840,840,0,0,0,283732,258618,303933,4.94108,4.3928,5.8749
1472,22080,22094,15,LOADED_SCENE,552008,1079,1079,1014,1014,1014,840,840,840,0,0,0,284151,251574,334410,4.31501,4.1252,4.8372
1473,22095,22109,15,LOADED_SCENE,552008,1079,1079,1014,1014,1014,840,840,840,0,0,0,276505,260651,299906,4.38389,4.0523,5.0665
1474,22110,22124,15,LOADED_SCENE,552008,1079,1079,1014,1014,1014,840,840,840,0,0,0,280605,222417,300396,4.32355,4.2056,4.6076
1475,22125,22139,15,LOADED_SCENE,552008,1079,1079,1014,1014,1014,840,840,840,0,0,0,274975,248552,309793,4.46033,4.1021,5.797
1476,22140,22154,15,LOADED_SCENE,552008,1079,1079,1014,1014,1014,840,840,840,0,0,0,284866,252572,304379,4.36227,4.141,4.8364
1477,22155,22169,15,LOADED_SCENE,552008,1079,1079,1014,1014,1014,840,840,840,0,0,0,280318,248409,298839,4.36265,4.1871,4.7626
1478,22170,22184,15,LOADED_SCENE,552008,1079,1079,1014,1014,1014,840,840,840,0,0,0,279076,247136,300978,4.43568,4.1562,5.1997
1479,22185,22199,15,LOADED_SCENE,552008,1079,1079,1014,1014,1014,840,840,840,0,0,0,271316,221840,293767,4.41721,4.1652,5.0502
1480,22200,22214,15,LOADED_SCENE,552008,1079,1079,1014,1014,1014,840,840,840,0,0,0,274370,252063,301833,4.41965,4.0534,5.1838
1481,22215,22229,15,LOADED_SCENE,552008,1079,1079,1014,1014,1014,840,840,840,0,0,0,269214,229477,299777,4.45616,4.2088,5.5283
1482,22230,22244,15,LOADED_SCENE,552008,1079,1079,1014,1014,1014,840,840,840,0,0,0,270601,220506,294584,4.42235,4.2157,5.2187
1483,22245,22259,15,LOADED_SCENE,552008,1079,1079,1014,1014,1014,840,840,840,0,0,0,267320,211724,291506,4.3386,4.1353,4.7532
1484,22260,22274,15,LOADED_SCENE,552008,1079,1079,1014,1014,1014,840,840,840,0,0,0,279256,256734,296575,4.33395,4.1345,4.7636
1485,22275,22289,15,LOADED_SCENE,552008,1079,1079,1014,1014,1014,840,840,840,0,0,0,276925,229128,305213,4.39398,4.1582,5.4597
1486,22290,22304,15,LOADED_SCENE,552008,1079,1079,1014,1014,1014,840,840,840,0,0,0,275312,251387,295777,4.30429,4.1795,4.7246
1487,22305,22319,15,LOADED_SCENE,552008,1079,1079,1014,1014,1014,840,840,840,0,0,0,272945,226597,294948,4.37606,4.1674,5.2647
1488,22320,22334,15,LOADED_SCENE,552008,1079,1079,1014,1014,1014,840,840,840,0,0,0,284969,264543,300080,4.34677,4.1982,4.8544
1489,22335,22349,15,LOADED_SCENE,552008,1079,1079,1014,1014,1014,840,840,840,0,0,0,273012,249719,290730,4.39607,3.8582,5.277
1490,22350,22364,15,LOADED_SCENE,552008,1079,1079,1014,1014,1014,840,840,840,0,0,0,279283,252928,302269,4.38681,4.2179,4.9058
1491,22365,22379,15,LOADED_SCENE,552008,1079,1079,1014,1014,1014,840,840,840,0,0,0,266071,221266,294543,4.39531,4.2084,5.2322
1492,22380,22394,15,LOADED_SCENE,552008,1079,1079,1014,1014,1014,840,840,840,0,0,0,273847,236353,314497,5.28224,4.948,5.984
1493,22395,22409,15,LOADED_SCENE,552008,1079,1079,1014,1014,1014,840,840,840,0,0,0,272906,222241,299996,4.72355,4.4185,5.085
1494,22410,22424,15,LOADED_SCENE,552008,1079,1079,1014,1014,1014,840,840,840,0,0,0,280633,252027,300045,4.70237,4.2794,5.6351
1495,22425,22439,15,LOADED_SCENE,552008,1079,1079,1014,1014,1014,840,840,840,0,0,0,274397,235928,292325,4.48777,4.2287,5.1259
1496,22440,22454,15,LOADED_SCENE,552008,1079,1079,1014,1014,1014,840,840,840,0,0,0,277927,239612,295326,4.30228,4.0982,4.9291
1497,22455,22469,15,LOADED_SCENE,552008,1079,1079,1014,1014,1014,840,840,840,0,0,0,278117,231358,301413,4.36924,4.1478,5.1133
1498,22470,22484,15,LOADED_SCENE,552008,1079,1079,1014,1014,1014,840,840,840,0,0,0,266588,232972,295382,4.41375,4.1618,5.0934
1499,22485,22499,15,LOADED_SCENE,552008,1079,1079,1014,1014,1014,840,840,840,0,0,0,275277,234320,295551,4.41881,4.0803,5.4649
1500,22500,22514,15,LOADED_SCENE,552008,1079,1079,1014,1014,1014,840,840,840,0,0,0,275023,234202,301194,4.42897,4.2341,5.1575
1501,22515,22529,15,LOADED_SCENE,552008,1079,1079,1014,1014,1014,840,840,840,0,0,0,273576,236215,298991,4.41428,4.2072,4.9112
1502,22530,22544,15,LOADED_SCENE,552008,1079,1079,1014,1014,1014,840,840,840,0,0,0,274188,247395,298797,4.38923,4.1701,4.868
1503,22545,22559,15,LOADED_SCENE,552008,1079,1079,1014,1014,1014,840,840,840,0,0,0,273390,232682,300303,4.44074,4.2221,4.9946
1504,22560,22574,15,LOADED_SCENE,552008,1079,1079,1014,1014,1014,840,840,840,0,0,0,272258,244103,302132,4.90514,4.6953,5.3391
1505,22575,22589,15,LOADED_SCENE,552008,1079,1079,1014,1014,1014,840,840,840,0,0,0,270398,247163,293259,4.45222,4.1947,4.9373
1506,22590,22604,15,LOADED_SCENE,552008,1079,1079,1014,1014,1014,840,840,840,0,0,0,270467,237932,301749,4.42827,4.1907,5.1596
1507,22605,22619,15,LOADED_SCENE,552008,1079,1079,1014,1014,1014,840,840,840,0,0,0,279365,256141,298022,4.38612,4.1931,4.9168
1508,22620,22634,15,LOADED_SCENE,552008,1079,1079,1014,1014,1014,840,840,840,0,0,0,276424,241938,297099,4.36149,4.1758,5.0884
1509,22635,22649,15,LOADED_SCENE,552008,1079,1079,1014,1014,1014,840,840,840,0,0,0,269856,212639,303682,4.44733,4.2126,5.1624
1510,22650,22664,15,LOADED_SCENE,552008,1079,1079,1014,1014,1014,840,840,840,0,0,0,273244,227076,296380,4.78101,4.1875,5.7418
1511,22665,22679,15,LOADED_SCENE,552008,1079,1079,1014,1014,1014,840,840,840,0,0,0,280166,251096,299782,4.69235,4.3092,5.2315
1512,22680,22694,15,LOADED_SCENE,552008,1079,1079,1014,1014,1014,840,840,840,0,0,0,268982,224963,287713,4.62717,4.3078,5.121
1513,22695,22709,15,LOADED_SCENE,552008,1079,1079,1014,1014,1014,840,840,840,0,0,0,275189,239192,303336,4.80059,4.2262,6.1678
1514,22710,22724,15,LOADED_SCENE,552008,1079,1079,1014,1014,1014,840,840,840,0,0,0,277954,235691,301202,4.296,4.1836,4.7557
1515,22725,22739,15,LOADED_SCENE,552008,1079,1079,1014,1014,1014,840,840,840,0,0,0,277181,220095,310396,4.37909,4.0875,4.702
1516,22740,22754,15,LOADED_SCENE,552008,1079,1079,1014,1014,1014,840,840,840,0,0,0,272264,228362,291670,4.4507,4.1722,5.5164
1517,22755,22769,15,LOADED_SCENE,552008,1079,1079,1014,1014,1014,840,840,840,0,0,0,277366,229388,302475,4.30332,4.1674,4.4658
1518,22770,22784,15,LOADED_SCENE,552008,1079,1079,1014,1014,1014,840,840,840,0,0,0,278738,228298,308280,4.39273,4.1579,5.1602
1519,22785,22799,15,LOADED_SCENE,552008,1079,1079,1014,1014,1014,840,840,840,0,0,0,273775,248723,289710,4.37199,4.0311,5.4874
1520,22800,22814,15,LOADED_SCENE,552008,1079,1079,1014,1014,1014,840,840,840,0,0,0,274810,246624,294303,4.46603,4.104,6.3206
1521,22815,22829,15,LOADED_SCENE,552008,1079,1079,1014,1014,1014,840,840,840,0,0,0,277546,247643,298740,4.46618,4.2185,5.2687
1522,22830,22844,15,LOADED_SCENE,552008,1079,1079,1014,1014,1014,840,840,840,0,0,0,271957,218746,302137,4.33473,4.1242,5.0542
1523,22845,22859,15,LOADED_SCENE,552008,1079,1079,1014,1014,1014,840,840,840,0,0,0,276234,248676,295550,4.33676,4.1091,5.0839
1524,22860,22874,15,LOADED_SCENE,552008,1079,1079,1014,1014,1014,840,840,840,0,0,0,280523,247068,321343,4.44523,4.1722,5.4796
1525,22875,22889,15,LOADED_SCENE,552008,1079,1079,1014,1014,1014,840,840,840,0,0,0,279338,251181,297910,4.35155,4.1962,4.6894
1526,22890,22904,15,LOADED_SCENE,552008,1079,1079,1014,1014,1014,840,840,840,0,0,0,269295,235888,296663,4.38463,4.154,5.383
1527,22905,22919,15,LOADED_SCENE,552008,1079,1079,1014,1014,1014,840,840,840,0,0,0,273892,235108,292804,4.43207,4.1542,5.1041
1528,22920,22934,15,LOADED_SCENE,552008,1079,1079,1014,1014,1014,840,840,840,0,0,0,273530,230790,299528,4.34646,4.133,4.9818
1529,22935,22949,15,LOADED_SCENE,552008,1079,1079,1014,1014,1014,840,840,840,0,0,0,269817,248748,293847,4.37445,4.1897,4.9035
1530,22950,22964,15,LOADED_SCENE,552008,1079,1079,1014,1014,1014,840,840,840,0,0,0,278300,251517,291487,4.3686,4.1275,4.9379
1531,22965,22979,15,LOADED_SCENE,552008,1079,1079,1014,1014,1014,840,840,840,0,0,0,274626,252374,299368,4.36213,4.2069,4.9824
1532,22980,22994,15,LOADED_SCENE,552008,1079,1079,1014,1014,1014,840,840,840,0,0,0,285216,266668,304566,4.37184,4.1433,5.2439
1533,22995,23009,15,LOADED_SCENE,552008,1079,1079,1014,1014,1014,840,840,840,0,0,0,280641,261454,296675,4.37019,4.2022,4.8652
1534,23010,23024,15,LOADED_SCENE,552008,1079,1079,1014,1014,1014,840,840,840,0,0,0,277822,233717,295291,4.47893,4.1872,5.5544
1535,23025,23039,15,LOADED_SCENE,552008,1079,1079,1014,1014,1014,840,840,840,0,0,0,279544,255437,297576,4.39569,4.1483,5.0299
1536,23040,23054,15,LOADED_SCENE,552008,1079,1079,1014,1014,1014,840,840,840,0,0,0,277076,219882,304477,4.30231,4.1337,4.7017
1537,23055,23069,15,LOADED_SCENE,552008,1079,1079,1014,1014,1014,840,840,840,0,0,0,278097,248115,301122,4.36311,4.1689,4.7585
1538,23070,23084,15,LOADED_SCENE,552008,1079,1079,1014,1014,1014,840,840,840,0,0,0,270940,253448,298459,4.46461,4.1157,5.7517
1539,23085,23099,15,LOADED_SCENE,552008,1079,1079,1014,1014,1014,840,840,840,0,0,0,281488,248320,296961,4.33526,4.1654,5.0902
1540,23100,23114,15,LOADED_SCENE,552008,1079,1079,1014,1014,1014,840,840,840,0,0,0,279013,257423,297748,4.41919,4.1801,5.0513
1541,23115,23129,15,LOADED_SCENE,552008,1079,1079,1014,1014,1014,840,840,840,0,0,0,278364,232752,296490,4.33237,4.0956,4.7849
1542,23130,23144,15,LOADED_SCENE,552008,1079,1079,1014,1014,1014,840,840,840,0,0,0,276535,233068,293779,5.29865,5.0876,5.7914
1543,23145,23159,15,LOADED_SCENE,552008,1079,1079,1014,1014,1014,840,840,840,0,0,0,273553,230391,298675,5.21656,4.9777,5.7744
1544,23160,23174,15,LOADED_SCENE,552008,1079,1079,1014,1014,1014,840,840,840,0,0,0,282250,246994,305427,5.38928,5.0026,6.5079
1545,23175,23189,15,LOADED_SCENE,552008,1079,1079,1014,1014,1014,840,840,840,0,0,0,278718,249823,302328,5.33069,4.9365,5.9313
1546,23190,23204,15,LOADED_SCENE,552008,1079,1079,1014,1014,1014,840,840,840,0,0,0,271900,247581,289165,5.27107,4.9631,5.9525
1547,23205,23219,15,LOADED_SCENE,552008,1079,1079,1014,1014,1014,840,840,840,0,0,0,274601,247664,298540,5.25691,4.9242,6.3881
1548,23220,23234,15,LOADED_SCENE,552008,1079,1079,1014,1014,1014,840,840,840,0,0,0,284906,258849,311145,4.79137,4.0637,6.1155
1549,23235,23249,15,LOADED_SCENE,552008,1079,1079,1014,1014,1014,840,840,840,0,0,0,284940,249188,330024,4.35639,4.1468,4.6515
1550,23250,23264,15,LOADED_SCENE,552008,1079,1079,1014,1014,1014,840,840,840,0,0,0,278682,256717,298742,4.34601,4.1215,4.8512
1551,23265,23279,15,LOADED_SCENE,552008,1079,1079,1014,1014,1014,840,840,840,0,0,0,273648,257793,290457,4.53569,4.2058,5.184
1552,23280,23294,15,LOADED_SCENE,552008,1079,1079,1014,1014,1014,840,840,840,0,0,0,277251,254012,296442,4.37915,4.1993,4.9347
1553,23295,23309,15,LOADED_SCENE,552008,1079,1079,1014,1014,1014,840,840,840,0,0,0,272410,243747,299635,4.33285,4.1911,4.6751
1554,23310,23324,15,LOADED_SCENE,552008,1079,1079,1014,1014,1014,840,840,840,0,0,0,274201,238236,296265,4.33952,4.1265,4.5956
1555,23325,23339,15,LOADED_SCENE,552008,1079,1079,1014,1014,1014,840,840,840,0,0,0,276789,231917,326042,4.35424,4.1669,5.3402
1556,23340,23354,15,LOADED_SCENE,552008,1079,1079,1014,1014,1014,840,840,840,0,0,0,274324,236030,294784,4.36165,4.0971,4.9489
1557,23355,23369,15,LOADED_SCENE,552008,1079,1079,1014,1014,1014,840,840,840,0,0,0,284444,266257,329561,4.39619,4.2242,4.8853
1558,23370,23384,15,LOADED_SCENE,552008,1079,1079,1014,1014,1014,840,840,840,0,0,0,280157,222549,303127,4.44143,4.2311,5.0378
1559,23385,23399,15,LOADED_SCENE,552008,1079,1079,1014,1014,1014,840,840,840,0,0,0,275266,252499,291729,4.45291,4.1431,4.9274
1560,23400,23414,15,LOADED_SCENE,552008,1079,1079,1014,1014,1014,840,840,840,0,0,0,276080,251501,303783,4.51795,4.1117,4.883
1561,23415,23429,15,LOADED_SCENE,552008,1079,1079,1014,1014,1014,840,840,840,0,0,0,270027,242337,291164,4.37406,4.112,4.9414
1562,23430,23444,15,LOADED_SCENE,552008,1079,1079,1014,1014,1014,840,840,840,0,0,0,277678,236987,298647,4.34169,4.1792,4.6574
1563,23445,23459,15,LOADED_SCENE,552008,1079,1079,1014,1014,1014,840,840,840,0,0,0,274296,243416,298078,4.46564,4.2107,5.2489
1564,23460,23474,15,LOADED_SCENE,552008,1079,1079,1014,1014,1014,840,840,840,0,0,0,272375,247373,294485,4.36941,4.135,4.7494
1565,23475,23489,15,LOADED_SCENE,552008,1079,1079,1014,1014,1014,840,840,840,0,0,0,270274,216902,300012,4.3205,4.0502,4.8584
1566,23490,23504,15,LOADED_SCENE,552008,1079,1079,1014,1014,1014,840,840,840,0,0,0,276156,247635,302657,4.3022,4.1845,4.7379
1567,23505,23519,15,LOADED_SCENE,552008,1079,1079,1014,1014,1014,840,840,840,0,0,0,273150,230851,293134,4.38428,4.1462,4.9378
1568,23520,23534,15,LOADED_SCENE,552008,1079,1079,1014,1014,1014,840,840,840,0,0,0,271512,248574,298802,4.38291,4.1801,4.8919
1569,23535,23549,15,LOADED_SCENE,552008,1079,1079,1014,1014,1014,840,840,840,0,0,0,281966,256496,301239,4.40731,4.172,5.4233
1570,23550,23564,15,LOADED_SCENE,552008,1079,1079,1014,1014,1014,840,840,840,0,0,0,278653,247357,296683,4.41059,4.1675,5.1143
1571,23565,23579,15,LOADED_SCENE,552008,1079,1079,1014,1014,1014,840,840,840,0,0,0,276276,245870,298538,4.43667,4.1572,5.3337
1572,23580,23594,15,LOADED_SCENE,552008,1079,1079,1014,1014,1014,840,840,840,0,0,0,274186,246048,303991,4.35385,4.1671,4.7388
1573,23595,23609,15,LOADED_SCENE,552008,1079,1079,1014,1014,1014,840,840,840,0,0,0,278002,241198,332386,4.57019,4.1786,5.5991
1574,23610,23624,15,LOADED_SCENE,552008,1079,1079,1014,1014,1014,840,840,840,0,0,0,273037,231737,294420,4.3784,4.2088,5.3325
1575,23625,23639,15,LOADED_SCENE,552008,1079,1079,1014,1014,1014,840,840,840,0,0,0,273640,248716,301641,4.37297,4.22,4.7935
1576,23640,23654,15,LOADED_SCENE,552008,1079,1079,1014,1014,1014,840,840,840,0,0,0,275313,254635,301090,4.52083,4.1268,5.5975
1577,23655,23669,15,LOADED_SCENE,552008,1079,1079,1014,1014,1014,840,840,840,0,0,0,275757,249912,298368,4.36175,4.2097,5.0022
1578,23670,23684,15,LOADED_SCENE,552008,1079,1079,1014,1014,1014,840,840,840,0,0,0,281339,239604,299429,4.45289,4.0653,5.4702
1579,23685,23699,15,LOADED_SCENE,552008,1079,1079,1014,1014,1014,840,840,840,0,0,0,272526,244706,297121,4.36549,4.1508,4.9597
1580,23700,23714,15,LOADED_SCENE,552008,1079,1079,1014,1014,1014,840,840,840,0,0,0,281630,258009,298555,4.37661,4.1732,4.8813
1581,23715,23729,15,LOADED_SCENE,552008,1079,1079,1014,1014,1014,840,840,840,0,0,0,269964,228944,291955,4.34669,4.1955,4.8208
1582,23730,23744,15,LOADED_SCENE,552008,1079,1079,1014,1014,1014,840,840,840,0,0,0,276437,247848,290216,4.3782,4.2048,5.037
1583,23745,23759,15,LOADED_SCENE,552008,1079,1079,1014,1014,1014,840,840,840,0,0,0,280178,226716,304079,4.38335,4.1577,5.1501
1584,23760,23774,15,LOADED_SCENE,552008,1079,1079,1014,1014,1014,840,840,840,0,0,0,275241,248671,300482,4.41394,4.1428,5.3835
1585,23775,23789,15,LOADED_SCENE,552008,1079,1079,1014,1014,1014,840,840,840,0,0,0,275380,220782,294803,4.38753,4.1695,5.5171
1586,23790,23804,15,LOADED_SCENE,552008,1079,1079,1014,1014,1014,840,840,840,0,0,0,280185,247734,303507,4.38349,4.1561,4.9271
1587,23805,23819,15,LOADED_SCENE,552008,1079,1079,1014,1014,1014,840,840,840,0,0,0,274719,247038,334132,4.33218,4.1168,4.9834
1588,23820,23834,15,LOADED_SCENE,552008,1079,1079,1014,1014,1014,840,840,840,0,0,0,275050,246457,300004,4.38431,4.173,5.2943
1589,23835,23849,15,LOADED_SCENE,552008,1079,1079,1014,1014,1014,840,840,840,0,0,0,276644,248623,290614,4.35684,4.1451,4.894
1590,23850,23864,15,LOADED_SCENE,552008,1079,1079,1014,1014,1014,840,840,840,0,0,0,269160,222866,293038,4.46773,4.1023,5.0861
1591,23865,23879,15,LOADED_SCENE,552008,1079,1079,1014,1014,1014,840,840,840,0,0,0,276013,250057,299434,4.40524,4.1606,5.3564
1592,23880,23894,15,LOADED_SCENE,552008,1079,1079,1014,1014,1014,840,840,840,0,0,0,277057,246291,294836,4.35893,4.1929,5.0302
1593,23895,23909,15,LOADED_SCENE,552008,1079,1079,1014,1014,1014,840,840,840,0,0,0,279165,231750,314326,4.37517,4.1331,4.9614
1594,23910,23924,15,LOADED_SCENE,552008,1079,1079,1014,1014,1014,840,840,840,0,0,0,277323,248650,300828,4.51048,4.189,5.2548
1595,23925,23939,15,LOADED_SCENE,552008,1079,1079,1014,1014,1014,840,840,840,0,0,0,276925,231030,327905,4.37698,4.1517,4.9504
1596,23940,23954,15,LOADED_SCENE,552008,1079,1079,1014,1014,1014,840,840,840,0,0,0,271855,246262,296956,4.31991,4.131,4.7912
1597,23955,23969,15,LOADED_SCENE,552008,1079,1079,1014,1014,1014,840,840,840,0,0,0,280280,260436,296809,4.45001,4.1316,5.3127
1598,23970,23984,15,LOADED_SCENE,552008,1079,1079,1014,1014,1014,840,840,840,0,0,0,276882,258532,306135,4.40475,4.1888,5.233
1599,23985,23999,15,LOADED_SCENE,552008,1079,1079,1014,1014,1014,840,840,840,0,0,0,271259,231106,298465,4.40831,4.1791,5.0799
1600,24000,24014,15,LOADED_SCENE,552008,1079,1079,1014,1014,1014,840,840,840,0,0,0,275820,240452,299957,4.43099,4.1638,5.248
1601,24015,24029,15,LOADED_SCENE,552008,1079,1079,1014,1014,1014,840,840,840,0,0,0,276772,259335,292697,5.03888,4.2216,5.9599
1602,24030,24044,15,LOADED_SCENE,552008,1079,1079,1014,1014,1014,840,840,840,0,0,0,277974,230510,305078,4.32158,4.0896,5.7134
1603,24045,24059,15,LOADED_SCENE,552008,1079,1079,1014,1014,1014,840,840,840,0,0,0,276976,247161,297223,4.36935,4.1762,4.7583
1604,24060,24074,15,LOADED_SCENE,552008,1079,1079,1014,1014,1014,840,840,840,0,0,0,274422,218913,302701,4.42534,4.2215,5.4712
1605,24075,24089,15,LOADED_SCENE,552008,1079,1079,1014,1014,1014,840,840,840,0,0,0,276573,249035,298431,4.42271,4.1472,4.9432
1606,24090,24104,15,LOADED_SCENE,552008,1079,1079,1014,1014,1014,840,840,840,0,0,0,276134,241544,300253,4.36617,4.1493,4.7846
1607,24105,24119,15,LOADED_SCENE,552008,1079,1079,1014,1014,1014,840,840,840,0,0,0,276242,244373,300378,4.35163,4.2212,5.1089
1608,24120,24134,15,LOADED_SCENE,552008,1079,1079,1014,1014,1014,840,840,840,0,0,0,276778,219726,301115,4.37613,4.2084,5.2044
1609,24135,24149,15,LOADED_SCENE,552008,1079,1079,1014,1014,1014,840,840,840,0,0,0,269995,228071,303106,4.33853,4.1764,4.7748
1610,24150,24164,15,LOADED_SCENE,552008,1079,1079,1014,1014,1014,840,840,840,0,0,0,276254,247293,298482,4.35764,4.1471,5.399
1611,24165,24179,15,LOADED_SCENE,552008,1079,1079,1014,1014,1014,840,840,840,0,0,0,271103,222577,292461,4.37433,4.1197,4.9177
1612,24180,24194,15,LOADED_SCENE,552008,1079,1079,1014,1014,1014,840,840,840,0,0,0,278072,259229,301127,4.43183,4.1817,5.0957
1613,24195,24209,15,LOADED_SCENE,552008,1079,1079,1014,1014,1014,840,840,840,0,0,0,274611,250353,295328,4.38475,4.1968,4.7664
1614,24210,24224,15,LOADED_SCENE,552008,1079,1079,1014,1014,1014,840,840,840,0,0,0,266033,244795,287591,4.40553,4.1513,5.9609
1615,24225,24239,15,LOADED_SCENE,552008,1079,1079,1014,1014,1014,840,840,840,0,0,0,273607,254423,298363,4.35009,4.1593,5.0314
1616,24240,24254,15,LOADED_SCENE,552008,1079,1079,1014,1014,1014,840,840,840,0,0,0,277734,250143,302553,4.39739,4.0698,5.5354
1617,24255,24269,15,LOADED_SCENE,552008,1079,1079,1014,1014,1014,840,840,840,0,0,0,275459,239165,298984,4.34715,4.1168,4.784
1618,24270,24284,15,LOADED_SCENE,552008,1079,1079,1014,1014,1014,840,840,840,0,0,0,278487,260803,297388,4.40905,4.1172,5.0355
1619,24285,24299,15,LOADED_SCENE,552008,1079,1079,1014,1014,1014,840,840,840,0,0,0,268179,247730,291808,4.47581,4.1497,5.1801
1620,24300,24314,15,LOADED_SCENE,552008,1079,1079,1014,1014,1014,840,840,840,0,0,0,281056,239511,303145,4.43794,4.1643,5.2639
1621,24315,24329,15,LOADED_SCENE,552008,1079,1079,1014,1014,1014,840,840,840,0,0,0,278095,249022,294693,4.4245,4.1805,5.4813
1622,24330,24344,15,LOADED_SCENE,552008,1079,1079,1014,1014,1014,840,840,840,0,0,0,270049,239888,293474,4.41715,4.1991,4.9902
1623,24345,24359,15,LOADED_SCENE,552008,1079,1079,1014,1014,1014,840,840,840,0,0,0,275985,257054,305155,4.40433,4.1287,5.0045
1624,24360,24374,15,LOADED_SCENE,552008,1079,1079,1014,1014,1014,840,840,840,0,0,0,281940,260380,294828,4.43331,4.1669,5.4388
1625,24375,24389,15,LOADED_SCENE,552008,1079,1079,1014,1014,1014,840,840,840,0,0,0,274665,252312,301551,4.40501,4.1978,4.823
1626,24390,24404,15,LOADED_SCENE,552008,1079,1079,1014,1014,1014,840,840,840,0,0,0,276900,260812,298343,6.18289,5.0324,11.103
1627,24405,24419,15,LOADED_SCENE,552008,1079,1079,1014,1014,1014,840,840,840,0,0,0,274615,250695,297710,4.84182,4.0576,6.0888
1628,24420,24434,15,LOADED_SCENE,552008,1079,1079,1014,1014,1014,840,840,840,0,0,0,263679,236074,289834,4.40131,4.0605,5.007
1629,24435,24449,15,LOADED_SCENE,552008,1079,1079,1014,1014,1014,840,840,840,0,0,0,274423,225662,290287,4.35408,4.1934,4.8196
1630,24450,24464,15,LOADED_SCENE,552008,1079,1079,1014,1014,1014,840,840,840,0,0,0,273152,243071,290987,4.48031,4.1386,5.123
1631,24465,24479,15,LOADED_SCENE,552008,1079,1079,1014,1014,1014,840,840,840,0,0,0,268015,228879,303754,4.42679,4.1632,5.1434
1632,24480,24494,15,LOADED_SCENE,552008,1079,1079,1014,1014,1014,840,840,840,0,0,0,275161,249858,296928,4.37553,4.1709,4.7559
1633,24495,24509,15,LOADED_SCENE,552008,1079,1079,1014,1014,1014,840,840,840,0,0,0,270354,251999,297140,4.39298,4.1724,4.984
1634,24510,24524,15,LOADED_SCENE,552008,1079,1079,1014,1014,1014,840,840,840,0,0,0,275733,242666,300641,4.37905,4.2202,4.8841
1635,24525,24539,15,LOADED_SCENE,552008,1079,1079,1014,1014,1014,840,840,840,0,0,0,273742,250635,300756,4.44061,4.1802,4.9335
1636,24540,24554,15,LOADED_SCENE,552008,1079,1079,1014,1014,1014,840,840,840,0,0,0,274643,249300,295997,4.40517,4.2032,4.8107
1637,24555,24569,15,LOADED_SCENE,552008,1079,1079,1014,1014,1014,840,840,840,0,0,0,277841,251725,296706,4.38411,4.1992,4.966
1638,24570,24584,15,LOADED_SCENE,552008,1079,1079,1014,1014,1014,840,840,840,0,0,0,280869,229478,300099,4.45245,4.2132,5.3233
1639,24585,24599,15,LOADED_SCENE,552008,1079,1079,1014,1014,1014,840,840,840,0,0,0,275856,224950,296831,4.38515,4.1595,4.9375
1640,24600,24614,15,LOADED_SCENE,552008,1079,1079,1014,1014,1014,840,840,840,0,0,0,273699,234730,296884,4.37657,4.1354,4.765
1641,24615,24629,15,LOADED_SCENE,552008,1079,1079,1014,1014,1014,840,840,840,0,0,0,276594,227842,305624,4.43794,4.1637,5.3152
1642,24630,24644,15,LOADED_SCENE,552008,1079,1079,1014,1014,1014,840,840,840,0,0,0,275915,216429,296047,4.46905,4.2093,5.3272
1643,24645,24659,15,LOADED_SCENE,552008,1079,1079,1014,1014,1014,840,840,840,0,0,0,274931,243350,291905,4.42194,4.1825,4.7517
1644,24660,24674,15,LOADED_SCENE,552008,1079,1079,1014,1014,1014,840,840,840,0,0,0,271047,234326,295439,4.36975,4.1749,5.014
1645,24675,24689,15,LOADED_SCENE,552008,1079,1079,1014,1014,1014,840,840,840,0,0,0,278672,247482,296577,4.31136,4.0641,4.9173
1646,24690,24704,15,LOADED_SCENE,552008,1079,1079,1014,1014,1014,840,840,840,0,0,0,267216,213194,297361,4.39039,4.2297,4.9688
1647,24705,24719,15,LOADED_SCENE,552008,1079,1079,1014,1014,1014,840,840,840,0,0,0,275747,245474,301377,4.67656,4.3608,5.2585
1648,24720,24734,15,LOADED_SCENE,552008,1079,1079,1014,1014,1014,840,840,840,0,0,0,283534,228848,302362,4.52485,4.1161,5.6027
1649,24735,24749,15,LOADED_SCENE,552008,1079,1079,1014,1014,1014,840,840,840,0,0,0,272442,213508,292589,4.42942,4.175,5.1002
1650,24750,24764,15,LOADED_SCENE,552008,1079,1079,1014,1014,1014,840,840,840,0,0,0,279694,254561,304244,4.46227,4.1794,4.927
1651,24765,24779,15,LOADED_SCENE,552008,1079,1079,1014,1014,1014,840,840,840,0,0,0,279450,227255,298561,4.42543,4.2283,5.0819
1652,24780,24794,15,LOADED_SCENE,552008,1079,1079,1014,1014,1014,840,840,840,0,0,0,273706,244709,299936,4.38281,4.1525,5.2119
1653,24795,24809,15,LOADED_SCENE,552008,1079,1079,1014,1014,1014,840,840,840,0,0,0,273291,251822,291521,4.54364,4.1041,5.5542
1654,24810,24824,15,LOADED_SCENE,552008,1079,1079,1014,1014,1014,840,840,840,0,0,0,270843,238098,296903,4.3746,4.1545,4.9797
1655,24825,24839,15,LOADED_SCENE,552008,1079,1079,1014,1014,1014,840,840,840,0,0,0,278743,250229,302550,4.4044,4.1814,5.4628
1656,24840,24854,15,LOADED_SCENE,552008,1079,1079,1014,1014,1014,840,840,840,0,0,0,284258,255025,300792,4.27493,4.1115,4.9595
1657,24855,24869,15,LOADED_SCENE,552008,1079,1079,1014,1014,1014,840,840,840,0,0,0,275750,239399,297864,4.3599,4.1798,4.6849
1658,24870,24884,15,LOADED_SCENE,552008,1079,1079,1014,1014,1014,840,840,840,0,0,0,271187,243181,294774,4.44665,4.1888,5.1006
1659,24885,24899,15,LOADED_SCENE,552008,1079,1079,1014,1014,1014,840,840,840,0,0,0,272883,229310,299612,4.34855,4.1969,4.7376
1660,24900,24914,15,LOADED_SCENE,552008,1079,1079,1014,1014,1014,840,840,840,0,0,0,260073,212911,293154,4.42407,4.1288,5.3325
1661,24915,24929,15,LOADED_SCENE,552008,1079,1079,1014,1014,1014,840,840,840,0,0,0,272246,220714,297081,4.3925,4.2397,4.9298
1662,24930,24944,15,LOADED_SCENE,552008,1079,1079,1014,1014,1014,840,840,840,0,0,0,276163,237579,300169,4.34898,4.1912,4.9483
1663,24945,24959,15,LOADED_SCENE,552008,1079,1079,1014,1014,1014,840,840,840,0,0,0,283474,270463,317444,4.40676,4.1649,5.2178
1664,24960,24974,15,LOADED_SCENE,552008,1079,1079,1014,1014,1014,840,840,840,0,0,0,275386,246239,303820,4.33874,4.1889,4.896
1665,24975,24989,15,LOADED_SCENE,552008,1079,1079,1014,1014,1014,840,840,840,0,0,0,270885,255260,288360,4.34381,4.1251,4.8005
1666,24990,25004,15,LOADED_SCENE,552008,1079,1079,1014,1014,1014,840,840,840,0,0,0,272071,222361,303157,4.4552,4.1087,6.1529
1667,25005,25019,15,LOADED_SCENE,552008,1079,1079,1014,1014,1014,840,840,840,0,0,0,272167,250503,304296,4.39203,4.1749,5.1113
1668,25020,25034,15,LOADED_SCENE,552008,1079,1079,1014,1014,1014,840,840,840,0,0,0,276951,248253,297656,4.45428,4.1814,5.51
1669,25035,25049,15,LOADED_SCENE,552008,1079,1079,1014,1014,1014,840,840,840,0,0,0,275402,243175,302338,4.37019,4.1657,4.7277
1670,25050,25064,15,LOADED_SCENE,552008,1079,1079,1014,1014,1014,840,840,840,0,0,0,279663,232349,304213,4.35347,4.1422,4.8903
1671,25065,25079,15,LOADED_SCENE,552008,1079,1079,1014,1014,1014,840,840,840,0,0,0,276352,244891,291509,4.38556,4.2252,4.9856
1672,25080,25094,15,LOADED_SCENE,552008,1079,1079,1014,1014,1014,840,840,840,0,0,0,277580,242789,297910,4.38504,4.1848,4.671
1673,25095,25109,15,LOADED_SCENE,552008,1079,1079,1014,1014,1014,840,840,840,0,0,0,271895,232304,293281,4.41141,4.2509,4.9742
1674,25110,25124,15,LOADED_SCENE,552008,1079,1079,1014,1014,1014,840,840,840,0,0,0,267174,227064,302362,4.3786,4.138,5.3425
1675,25125,25139,15,LOADED_SCENE,552008,1079,1079,1014,1014,1014,840,840,840,0,0,0,275437,225790,314631,4.37753,4.1864,4.9603
1676,25140,25154,15,LOADED_SCENE,552008,1079,1079,1014,1014,1014,840,840,840,0,0,0,275908,219397,291948,4.41883,4.1804,5.2035
1677,25155,25169,15,LOADED_SCENE,552008,1079,1079,1014,1014,1014,840,840,840,0,0,0,278033,243258,302585,4.36247,4.1941,5.1028
1678,25170,25184,15,LOADED_SCENE,552008,1079,1079,1014,1014,1014,840,840,840,0,0,0,271300,221870,301833,4.33534,4.1442,4.7084
1679,25185,25199,15,LOADED_SCENE,552008,1079,1079,1014,1014,1014,840,840,840,0,0,0,273180,247100,294100,4.35807,4.1881,5.1694
1680,25200,25214,15,LOADED_SCENE,552008,1079,1079,1014,1014,1014,840,840,840,0,0,0,277982,247758,296521,4.34485,4.1979,4.7033
1681,25215,25229,15,LOADED_SCENE,552008,1079,1079,1014,1014,1014,840,840,840,0,0,0,276719,245620,302596,4.47472,4.2266,5.3347
1682,25230,25244,15,LOADED_SCENE,552008,1079,1079,1014,1014,1014,840,840,840,0,0,0,279367,257424,296470,4.37837,4.1818,4.9704
1683,25245,25259,15,LOADED_SCENE,552008,1079,1079,1014,1014,1014,840,840,840,0,0,0,279370,251877,297186,4.44115,4.2226,5.257
1684,25260,25274,15,LOADED_SCENE,552008,1079,1079,1014,1014,1014,840,840,840,0,0,0,276870,251318,296465,4.42018,4.2033,5.1499
1685,25275,25289,15,LOADED_SCENE,552008,1079,1079,1014,1014,1014,840,840,840,0,0,0,281238,234741,329616,4.43286,4.1958,5.3488
1686,25290,25304,15,LOADED_SCENE,552008,1079,1079,1014,1014,1014,840,840,840,0,0,0,272369,251801,291979,4.43849,4.1601,5.2469
1687,25305,25319,15,LOADED_SCENE,552008,1079,1079,1014,1014,1014,840,840,840,0,0,0,276115,245320,296824,4.35093,4.1577,4.824
1688,25320,25334,15,LOADED_SCENE,552008,1079,1079,1014,1014,1014,840,840,840,0,0,0,275598,242810,297223,4.40998,4.1821,5.0863
1689,25335,25349,15,LOADED_SCENE,552008,1079,1079,1014,1014,1014,840,840,840,0,0,0,276504,245249,302039,4.44301,4.1598,5.5258
1690,25350,25364,15,LOADED_SCENE,552008,1079,1079,1014,1014,1014,840,840,840,0,0,0,270188,227009,301671,4.32477,4.0944,4.6795
1691,25365,25379,15,LOADED_SCENE,552008,1079,1079,1014,1014,1014,840,840,840,0,0,0,274940,234885,297462,4.43799,4.2487,5.0271
1692,25380,25394,15,LOADED_SCENE,552008,1079,1079,1014,1014,1014,840,840,840,0,0,0,273978,251290,300590,4.3804,4.204,4.9003
1693,25395,25409,15,LOADED_SCENE,552008,1079,1079,1014,1014,1014,840,840,840,0,0,0,267900,249350,312364,4.38463,4.1737,5.1625
1694,25410,25424,15,LOADED_SCENE,552008,1079,1079,1014,1014,1014,840,840,840,0,0,0,277538,251956,297584,4.3503,4.15,4.9327
1695,25425,25439,15,LOADED_SCENE,552008,1079,1079,1014,1014,1014,840,840,840,0,0,0,274835,247602,293244,5.24099,4.9785,6.3482
1696,25440,25454,15,LOADED_SCENE,552008,1079,1079,1014,1014,1014,840,840,840,0,0,0,278316,250133,302457,5.15189,4.1809,6.3841
1697,25455,25469,15,LOADED_SCENE,552008,1079,1079,1014,1014,1014,840,840,840,0,0,0,275915,251152,300797,4.40123,4.1159,5.0011
1698,25470,25484,15,LOADED_SCENE,552008,1079,1079,1014,1014,1014,840,840,840,0,0,0,276462,259054,306209,4.37659,4.1659,4.7654
1699,25485,25499,15,LOADED_SCENE,552008,1079,1079,1014,1014,1014,840,840,840,0,0,0,279473,257364,300692,4.43435,4.2123,5.4422
1700,25500,25514,15,LOADED_SCENE,552008,1079,1079,1014,1014,1014,840,840,840,0,0,0,277660,232630,296272,4.36361,4.1887,4.8531
1701,25515,25529,15,LOADED_SCENE,552008,1079,1079,1014,1014,1014,840,840,840,0,0,0,275609,243577,300972,4.40475,4.1761,5.1224
1702,25530,25544,15,LOADED_SCENE,552008,1079,1079,1014,1014,1014,840,840,840,0,0,0,271390,247062,308790,4.55133,4.1802,5.6175
1703,25545,25559,15,LOADED_SCENE,552008,1079,1079,1014,1014,1014,840,840,840,0,0,0,269489,230820,296252,4.33537,4.1399,5.0838
1704,25560,25574,15,LOADED_SCENE,552008,1079,1079,1014,1014,1014,840,840,840,0,0,0,269442,247071,303033,4.38512,4.1528,5.0191
1705,25575,25589,15,LOADED_SCENE,552008,1079,1079,1014,1014,1014,840,840,840,0,0,0,270658,253715,291074,5.37836,4.9329,7.2664
1706,25590,25604,15,LOADED_SCENE,552008,1079,1079,1014,1014,1014,840,840,840,0,0,0,282546,252479,306909,5.32465,4.9579,6.8809
1707,25605,25619,15,LOADED_SCENE,552008,1079,1079,1014,1014,1014,840,840,840,0,0,0,283721,251906,300847,5.25654,4.9343,6.1919
1708,25620,25634,15,LOADED_SCENE,552008,1079,1079,1014,1014,1014,840,840,840,0,0,0,275020,227623,307708,5.01027,4.3156,5.8641
1709,25635,25649,15,LOADED_SCENE,552008,1079,1079,1014,1014,1014,840,840,840,0,0,0,274344,227398,292784,4.58455,4.3329,5.0297
1710,25650,25664,15,LOADED_SCENE,552008,1079,1079,1014,1014,1014,840,840,840,0,0,0,277128,220432,304933,4.56709,4.2797,5.3055
1711,25665,25679,15,LOADED_SCENE,552008,1079,1079,1014,1014,1014,840,840,840,0,0,0,277972,252372,297247,4.39149,4.054,5.1292
1712,25680,25694,15,LOADED_SCENE,552008,1079,1079,1014,1014,1014,840,840,840,0,0,0,271012,226503,292345,4.38176,4.1779,5.0954
1713,25695,25709,15,LOADED_SCENE,552008,1079,1079,1014,1014,1014,840,840,840,0,0,0,280567,255484,298155,4.48313,4.1042,5.4439
1714,25710,25724,15,LOADED_SCENE,552008,1079,1079,1014,1014,1014,840,840,840,0,0,0,275173,220577,298882,4.39345,4.1663,4.7933
1715,25725,25739,15,LOADED_SCENE,552008,1079,1079,1014,1014,1014,840,840,840,0,0,0,277348,240214,305833,4.31271,4.0497,5.289
1716,25740,25754,15,LOADED_SCENE,552008,1079,1079,1014,1014,1014,840,840,840,0,0,0,274746,214574,309926,4.40013,4.1499,5.5196
1717,25755,25769,15,LOADED_SCENE,552008,1079,1079,1014,1014,1014,840,840,840,0,0,0,277890,241946,298290,4.36704,4.1308,4.8707
1718,25770,25784,15,LOADED_SCENE,552008,1079,1079,1014,1014,1014,840,840,840,0,0,0,276549,249835,293058,4.48207,4.2345,5.0954
1719,25785,25799,15,LOADED_SCENE,552008,1079,1079,1014,1014,1014,840,840,840,0,0,0,278065,242667,302990,4.41655,4.147,5.2052
1720,25800,25814,15,LOADED_SCENE,552008,1079,1079,1014,1014,1014,840,840,840,0,0,0,275616,247852,294855,4.35376,4.1438,4.7682
1721,25815,25829,15,LOADED_SCENE,552008,1079,1079,1014,1014,1014,840,840,840,0,0,0,275205,249484,301827,4.41914,4.1592,5.3922
1722,25830,25844,15,LOADED_SCENE,552008,1079,1079,1014,1014,1014,840,840,840,0,0,0,280381,226491,305525,4.37405,4.1594,5.3944
1723,25845,25859,15,LOADED_SCENE,552008,1079,1079,1014,1014,1014,840,840,840,0,0,0,276946,230066,304739,4.40835,4.1866,4.8442
1724,25860,25874,15,LOADED_SCENE,552008,1079,1079,1014,1014,1014,840,840,840,0,0,0,276007,246170,311865,4.43186,4.1678,5.3311
1725,25875,25889,15,LOADED_SCENE,552008,1079,1079,1014,1014,1014,840,840,840,0,0,0,281826,254977,298969,4.33686,4.1474,4.8697
1726,25890,25904,15,LOADED_SCENE,552008,1079,1079,1014,1014,1014,840,840,840,0,0,0,269209,232390,297360,4.36357,4.1593,4.69
1727,25905,25919,15,LOADED_SCENE,552008,1079,1079,1014,1014,1014,840,840,840,0,0,0,279392,247301,314525,4.37845,4.1701,4.9799
1728,25920,25934,15,LOADED_SCENE,552008,1079,1079,1014,1014,1014,840,840,840,0,0,0,269292,229179,296720,4.91677,4.2542,5.7624
1729,25935,25949,15,LOADED_SCENE,552008,1079,1079,1014,1014,1014,840,840,840,0,0,0,280478,249237,300516,5.05741,4.2019,6.2135
1730,25950,25964,15,LOADED_SCENE,552008,1079,1079,1014,1014,1014,840,840,840,0,0,0,272431,217204,292476,4.33959,4.1739,4.9557
1731,25965,25979,15,LOADED_SCENE,552008,1079,1079,1014,1014,1014,840,840,840,0,0,0,271225,252557,291110,4.43126,4.1399,5.295
1732,25980,25994,15,LOADED_SCENE,552008,1079,1079,1014,1014,1014,840,840,840,0,0,0,280901,250832,296972,4.35721,4.1941,4.8986
1733,25995,26009,15,LOADED_SCENE,552008,1079,1079,1014,1014,1014,840,840,840,0,0,0,280926,264582,302486,4.36385,4.2584,4.8367
1734,26010,26024,15,LOADED_SCENE,552008,1079,1079,1014,1014,1014,840,840,840,0,0,0,274026,218080,306804,4.37559,4.1701,5.12
1735,26025,26039,15,LOADED_SCENE,552008,1079,1079,1014,1014,1014,840,840,840,0,0,0,276018,251243,303030,4.39267,4.2039,4.7983
1736,26040,26054,15,LOADED_SCENE,552008,1079,1079,1014,1014,1014,840,840,840,0,0,0,276857,217633,303569,4.42736,4.1714,5.7317
1737,26055,26069,15,LOADED_SCENE,552008,1079,1079,1014,1014,1014,840,840,840,0,0,0,265669,233447,285043,4.37517,4.1945,4.9195
1738,26070,26084,15,LOADED_SCENE,552008,1079,1079,1014,1014,1014,840,840,840,0,0,0,283313,266201,295780,4.60909,4.2867,5.4165
1739,26085,26099,15,LOADED_SCENE,552008,1079,1079,1014,1014,1014,840,840,840,0,0,0,279931,251143,299663,4.61288,4.1108,5.8656
1740,26100,26114,15,LOADED_SCENE,552008,1079,1079,1014,1014,1014,840,840,840,0,0,0,277092,229131,305512,4.34054,4.1489,4.8747
1741,26115,26129,15,LOADED_SCENE,552008,1079,1079,1014,1014,1014,840,840,840,0,0,0,274251,214399,299790,4.3575,4.144,4.8876
1742,26130,26144,15,LOADED_SCENE,552008,1079,1079,1014,1014,1014,840,840,840,0,0,0,276534,255289,295665,4.40858,4.2086,4.9451
1743,26145,26159,15,LOADED_SCENE,552008,1079,1079,1014,1014,1014,840,840,840,0,0,0,273823,251433,296342,4.31207,4.192,4.6347
1744,26160,26174,15,LOADED_SCENE,552008,1079,1079,1014,1014,1014,840,840,840,0,0,0,267729,245057,289523,4.37561,4.1814,5.1498
1745,26175,26189,15,LOADED_SCENE,552008,1079,1079,1014,1014,1014,840,840,840,0,0,0,278227,241754,294997,4.4078,4.1779,5.0681
1746,26190,26204,15,LOADED_SCENE,552008,1079,1079,1014,1014,1014,840,840,840,0,0,0,275757,249503,308355,4.37797,4.2061,4.8109
1747,26205,26219,15,LOADED_SCENE,552008,1079,1079,1014,1014,1014,840,840,840,0,0,0,284356,265686,298994,4.41025,4.1841,5.0069
1748,26220,26234,15,LOADED_SCENE,552008,1079,1079,1014,1014,1014,840,840,840,0,0,0,273937,248742,298748,4.45664,4.2109,5.3432
1749,26235,26249,15,LOADED_SCENE,552008,1079,1079,1014,1014,1014,840,840,840,0,0,0,280654,252196,301254,4.35621,4.1702,4.6275
1750,26250,26264,15,LOADED_SCENE,552008,1079,1079,1014,1014,1014,840,840,840,0,0,0,280415,254569,300552,4.37884,4.178,5.3519
1751,26265,26279,15,LOADED_SCENE,552008,1079,1079,1014,1014,1014,840,840,840,0,0,0,275671,253582,301713,4.37478,4.2173,4.815
1752,26280,26294,15,LOADED_SCENE,552008,1079,1079,1014,1014,1014,840,840,840,0,0,0,277599,254689,321066,4.33803,4.1546,5.078
1753,26295,26309,15,LOADED_SCENE,552008,1079,1079,1014,1014,1014,840,840,840,0,0,0,278971,251928,307014,4.43019,4.2006,5.1132
1754,26310,26324,15,LOADED_SCENE,552008,1079,1079,1014,1014,1014,840,840,840,0,0,0,274591,249021,295372,4.35618,4.1751,4.6032
1755,26325,26339,15,LOADED_SCENE,552008,1079,1079,1014,1014,1014,840,840,840,0,0,0,270615,237678,292265,4.39913,4.1431,5.0896
1756,26340,26354,15,LOADED_SCENE,552008,1079,1079,1014,1014,1014,840,840,840,0,0,0,280233,246617,304425,4.43505,4.0469,5.4611
1757,26355,26369,15,LOADED_SCENE,552008,1079,1079,1014,1014,1014,840,840,840,0,0,0,268730,247750,291466,4.35434,4.1814,4.7707
1758,26370,26384,15,LOADED_SCENE,552008,1079,1079,1014,1014,1014,840,840,840,0,0,0,273950,248144,288957,4.41356,4.1177,5.0327
1759,26385,26399,15,LOADED_SCENE,552008,1079,1079,1014,1014,1014,840,840,840,0,0,0,274753,236291,295723,4.30956,4.1516,5.0371
1760,26400,26414,15,LOADED_SCENE,552008,1079,1079,1014,1014,1014,840,840,840,0,0,0,275939,236460,301318,4.38904,4.1783,5.2388
1761,26415,26429,15,LOADED_SCENE,552008,1079,1079,1014,1014,1014,840,840,840,0,0,0,270203,238060,300158,4.37396,4.1511,5.0696
1762,26430,26444,15,LOADED_SCENE,552008,1079,1079,1014,1014,1014,840,840,840,0,0,0,274580,248794,295050,4.32772,4.1435,4.7339
1763,26445,26459,15,LOADED_SCENE,552008,1079,1079,1014,1014,1014,840,840,840,0,0,0,271412,240300,295426,4.33801,4.1687,4.6753
1764,26460,26474,15,LOADED_SCENE,552008,1079,1079,1014,1014,1014,840,840,840,0,0,0,273831,250112,290749,4.49385,4.2493,5.4377
1765,26475,26489,15,LOADED_SCENE,552008,1079,1079,1014,1014,1014,840,840,840,0,0,0,276272,259711,293503,4.61307,4.3694,5.2623
1766,26490,26504,15,LOADED_SCENE,552008,1079,1079,1014,1014,1014,840,840,840,0,0,0,273977,217079,298183,4.51313,4.2399,5.3926
1767,26505,26519,15,LOADED_SCENE,552008,1079,1079,1014,1014,1014,840,840,840,0,0,0,274942,250762,292312,4.37885,4.1621,4.7378
1768,26520,26534,15,LOADED_SCENE,552008,1079,1079,1014,1014,1014,840,840,840,0,0,0,281309,252903,293425,4.4194,4.2202,4.8513
1769,26535,26549,15,LOADED_SCENE,552008,1079,1079,1014,1014,1014,840,840,840,0,0,0,270907,213008,297704,4.4234,4.1695,5.3197
1770,26550,26564,15,LOADED_SCENE,552008,1079,1079,1014,1014,1014,840,840,840,0,0,0,280007,244966,302426,4.37124,4.1887,5.0039
1771,26565,26579,15,LOADED_SCENE,552008,1079,1079,1014,1014,1014,840,840,840,0,0,0,277168,246230,292883,4.40121,4.223,5.2068
1772,26580,26594,15,LOADED_SCENE,552008,1079,1079,1014,1014,1014,840,840,840,0,0,0,271752,228414,297550,4.43455,4.1672,5.1619
1773,26595,26609,15,LOADED_SCENE,552008,1079,1079,1014,1014,1014,840,840,840,0,0,0,276787,245111,304039,4.38186,4.1648,4.8864
1774,26610,26624,15,LOADED_SCENE,552008,1079,1079,1014,1014,1014,840,840,840,0,0,0,272666,250151,292150,4.37259,4.1845,4.9273
1775,26625,26639,15,LOADED_SCENE,552008,1079,1079,1014,1014,1014,840,840,840,0,0,0,272097,246263,307349,4.37307,4.181,4.8515
1776,26640,26654,15,LOADED_SCENE,552008,1079,1079,1014,1014,1014,840,840,840,0,0,0,272595,248413,292174,4.58385,4.2404,5.138
1777,26655,26669,15,LOADED_SCENE,552008,1079,1079,1014,1014,1014,840,840,840,0,0,0,276170,223154,323703,4.57459,4.3088,5.3623
1778,26670,26684,15,LOADED_SCENE,552008,1079,1079,1014,1014,1014,840,840,840,0,0,0,280688,257179,297621,4.65995,4.184,5.6718
1779,26685,26699,15,LOADED_SCENE,552008,1079,1079,1014,1014,1014,840,840,840,0,0,0,270070,230809,292584,4.46639,4.1867,5.2757
1780,26700,26714,15,LOADED_SCENE,552008,1079,1079,1014,1014,1014,840,840,840,0,0,0,275090,253230,293674,4.3817,4.126,4.9747
1781,26715,26729,15,LOADED_SCENE,552008,1079,1079,1014,1014,1014,840,840,840,0,0,0,279042,251884,316574,4.52097,4.1425,5.365
1782,26730,26744,15,LOADED_SCENE,552008,1079,1079,1014,1014,1014,840,840,840,0,0,0,271679,241494,306101,4.51413,4.1923,7.0248
1783,26745,26759,15,LOADED_SCENE,552008,1079,1079,1014,1014,1014,840,840,840,0,0,0,271873,217226,301561,4.39919,4.1782,5.0382
1784,26760,26774,15,LOADED_SCENE,552008,1079,1079,1014,1014,1014,840,840,840,0,0,0,268239,219937,297162,4.33533,4.1051,4.9258
1785,26775,26789,15,LOADED_SCENE,552008,1079,1079,1014,1014,1014,840,840,840,0,0,0,271997,229980,295257,4.37883,4.1576,5.3696
1786,26790,26804,15,LOADED_SCENE,552008,1079,1079,1014,1014,1014,840,840,840,0,0,0,278700,259538,300840,4.41418,4.241,4.727
1787,26805,26819,15,LOADED_SCENE,552008,1079,1079,1014,1014,1014,840,840,840,0,0,0,283846,261843,306276,4.50387,4.2339,5.3003
1788,26820,26834,15,LOADED_SCENE,552008,1079,1079,1014,1014,1014,840,840,840,0,0,0,275162,247952,293433,4.37965,4.189,4.9264
1789,26835,26849,15,LOADED_SCENE,552008,1079,1079,1014,1014,1014,840,840,840,0,0,0,273047,240628,301671,4.49898,4.2132,5.2375
1790,26850,26864,15,LOADED_SCENE,552008,1079,1079,1014,1014,1014,840,840,840,0,0,0,277009,258316,298989,4.41879,4.1888,5.425
1791,26865,26879,15,LOADED_SCENE,552008,1079,1079,1014,1014,1014,840,840,840,0,0,0,272401,244913,303055,4.40862,4.214,4.9127
1792,26880,26894,15,LOADED_SCENE,552008,1079,1079,1014,1014,1014,840,840,840,0,0,0,275210,255783,299005,4.37406,4.1971,5.0381
1793,26895,26909,15,LOADED_SCENE,552008,1079,1079,1014,1014,1014,840,840,840,0,0,0,273095,249802,290760,4.35311,4.144,5.1662
1794,26910,26924,15,LOADED_SCENE,552008,1079,1079,1014,1014,1014,840,840,840,0,0,0,273612,235873,298837,4.61801,4.2917,5.1645
1795,26925,26939,15,LOADED_SCENE,552008,1079,1079,1014,1014,1014,840,840,840,0,0,0,274915,253479,295280,4.36908,4.1712,5.2549
1796,26940,26954,15,LOADED_SCENE,552008,1079,1079,1014,1014,1014,840,840,840,0,0,0,275848,249879,293091,4.41822,4.1614,5.077
1797,26955,26969,15,LOADED_SCENE,552008,1079,1079,1014,1014,1014,840,840,840,0,0,0,272049,226408,302681,4.42849,4.1259,5.3716
1798,26970,26984,15,LOADED_SCENE,552008,1079,1079,1014,1014,1014,840,840,840,0,0,0,278255,250252,291777,4.44473,4.1468,5.3025
1799,26985,26999,15,LOADED_SCENE,552008,1079,1079,1014,1014,1014,840,840,840,0,0,0,282735,244695,304807,4.41573,4.2086,5.4603
1800,27000,27014,15,LOADED_SCENE,552008,1079,1079,1014,1014,1014,840,840,840,0,0,0,272743,233988,301736,4.42697,4.1467,5.2437
1801,27015,27029,15,LOADED_SCENE,552008,1079,1079,1014,1014,1014,840,840,840,0,0,0,280602,223340,299824,4.36633,4.1258,5.0593
1802,27030,27044,15,LOADED_SCENE,552008,1079,1079,1014,1014,1014,840,840,840,0,0,0,277573,248488,302076,4.69288,4.258,5.1701
1803,27045,27059,15,LOADED_SCENE,552008,1079,1079,1014,1014,1014,840,840,840,0,0,0,276826,249276,294178,5.31457,4.9321,6.0914
1804,27060,27074,15,LOADED_SCENE,552008,1079,1079,1014,1014,1014,840,840,840,0,0,0,272582,216735,301771,5.28829,5.023,6.2167
1805,27075,27089,15,LOADED_SCENE,552008,1079,1079,1014,1014,1014,840,840,840,0,0,0,280307,239634,298839,5.28897,4.9847,6.198
1806,27090,27104,15,LOADED_SCENE,552008,1079,1079,1014,1014,1014,840,840,840,0,0,0,272612,239336,298108,5.35104,4.939,6.278
1807,27105,27119,15,LOADED_SCENE,552008,1079,1079,1014,1014,1014,840,840,840,0,0,0,275162,234417,309402,4.8155,4.1233,5.932
1808,27120,27134,15,LOADED_SCENE,552008,1079,1079,1014,1014,1014,840,840,840,0,0,0,276169,235571,305626,4.32123,4.0505,5.0439
1809,27135,27149,15,LOADED_SCENE,552008,1079,1079,1014,1014,1014,840,840,840,0,0,0,276470,257472,293264,4.35066,4.1404,4.7027
1810,27150,27164,15,LOADED_SCENE,552008,1079,1079,1014,1014,1014,840,840,840,0,0,0,277853,228278,311112,4.47935,4.1937,5.5042
1811,27165,27179,15,LOADED_SCENE,552008,1079,1079,1014,1014,1014,840,840,840,0,0,0,278345,247581,296203,4.39379,4.183,5.5492
1812,27180,27194,15,LOADED_SCENE,552008,1079,1079,1014,1014,1014,840,840,840,0,0,0,280210,249097,302503,4.33155,4.2069,4.6042
1813,27195,27209,15,LOADED_SCENE,552008,1079,1079,1014,1014,1014,840,840,840,0,0,0,271153,249993,302399,4.38434,4.137,4.9995
1814,27210,27224,15,LOADED_SCENE,552008,1079,1079,1014,1014,1014,840,840,840,0,0,0,274431,256014,297878,4.42383,4.1868,5.0815
1815,27225,27239,15,LOADED_SCENE,552008,1079,1079,1014,1014,1014,840,840,840,0,0,0,274085,254312,292401,4.37987,4.1659,4.9629
1816,27240,27254,15,LOADED_SCENE,552008,1079,1079,1014,1014,1014,840,840,840,0,0,0,280304,251612,301173,4.41082,4.2097,4.8403
1817,27255,27269,15,LOADED_SCENE,552008,1079,1079,1014,1014,1014,840,840,840,0,0,0,281606,250086,297234,4.41174,4.1415,4.8781
1818,27270,27284,15,LOADED_SCENE,552008,1079,1079,1014,1014,1014,840,840,840,0,0,0,281089,251059,295567,4.35817,4.1782,4.9155
1819,27285,27299,15,LOADED_SCENE,552008,1079,1079,1014,1014,1014,840,840,840,0,0,0,274734,246358,301980,4.40851,4.0581,5.5977
1820,27300,27314,15,LOADED_SCENE,552008,1079,1079,1014,1014,1014,840,840,840,0,0,0,275662,246535,301253,4.33275,4.1947,5.0327
1821,27315,27329,15,LOADED_SCENE,552008,1079,1079,1014,1014,1014,840,840,840,0,0,0,276320,222112,301709,4.36489,4.1892,4.9356
1822,27330,27344,15,LOADED_SCENE,552008,1079,1079,1014,1014,1014,840,840,840,0,0,0,273644,252369,293941,4.3708,4.1608,4.8468
1823,27345,27359,15,LOADED_SCENE,552008,1079,1079,1014,1014,1014,840,840,840,0,0,0,273859,248135,306232,4.36153,4.1444,4.8805
1824,27360,27374,15,LOADED_SCENE,552008,1079,1079,1014,1014,1014,840,840,840,0,0,0,278920,229676,297825,4.42958,4.1915,5.5132
1825,27375,27389,15,LOADED_SCENE,552008,1079,1079,1014,1014,1014,840,840,840,0,0,0,278970,254596,297147,4.38775,4.1418,5.2568
1826,27390,27404,15,LOADED_SCENE,552008,1079,1079,1014,1014,1014,840,840,840,0,0,0,272597,247108,291295,4.41582,4.181,5.2582
1827,27405,27419,15,LOADED_SCENE,552008,1079,1079,1014,1014,1014,840,840,840,0,0,0,276358,249404,299606,4.45915,4.1309,5.0611
1828,27420,27434,15,LOADED_SCENE,552008,1079,1079,1014,1014,1014,840,840,840,0,0,0,278585,248652,299730,4.39305,4.1763,5.1015
1829,27435,27449,15,LOADED_SCENE,552008,1079,1079,1014,1014,1014,840,840,840,0,0,0,272169,252416,290018,4.36797,4.1909,4.7198
1830,27450,27464,15,LOADED_SCENE,552008,1079,1079,1014,1014,1014,840,840,840,0,0,0,274847,261279,295732,4.38665,4.1836,5.1631
1831,27465,27479,15,LOADED_SCENE,552008,1079,1079,1014,1014,1014,840,840,840,0,0,0,279285,254134,298716,4.40883,4.2127,4.8596
1832,27480,27494,15,LOADED_SCENE,552008,1079,1079,1014,1014,1014,840,840,840,0,0,0,279798,248483,301813,4.38337,4.1862,5.3162
1833,27495,27509,15,LOADED_SCENE,552008,1079,1079,1014,1014,1014,840,840,840,0,0,0,280630,236290,298276,4.40381,4.202,4.7962
1834,27510,27524,15,LOADED_SCENE,552008,1079,1079,1014,1014,1014,840,840,840,0,0,0,267814,235799,295851,4.42813,4.1524,5.1731
1835,27525,27539,15,LOADED_SCENE,552008,1079,1079,1014,1014,1014,840,840,840,0,0,0,280192,218569,330139,4.38454,4.0903,5.2957
1836,27540,27554,15,LOADED_SCENE,552008,1079,1079,1014,1014,1014,840,840,840,0,0,0,274186,249810,292244,4.42676,4.2124,5.3735
1837,27555,27569,15,LOADED_SCENE,552008,1079,1079,1014,1014,1014,840,840,840,0,0,0,271534,220715,294452,4.40827,4.16,5.5613
1838,27570,27584,15,LOADED_SCENE,552008,1079,1079,1014,1014,1014,840,840,840,0,0,0,280176,249377,305717,4.41103,4.224,5.3138
1839,27585,27599,15,LOADED_SCENE,552008,1079,1079,1014,1014,1014,840,840,840,0,0,0,282901,252154,300441,4.37499,4.065,4.9417
1840,27600,27614,15,LOADED_SCENE,552008,1079,1079,1014,1014,1014,840,840,840,0,0,0,277259,253217,294644,4.39987,4.1143,5.1849
1841,27615,27629,15,LOADED_SCENE,552008,1079,1079,1014,1014,1014,840,840,840,0,0,0,280908,260910,298481,4.39429,4.211,5.1553
1842,27630,27644,15,LOADED_SCENE,552008,1079,1079,1014,1014,1014,840,840,840,0,0,0,280924,249418,306288,4.41689,4.2241,5.0971
1843,27645,27659,15,LOADED_SCENE,552008,1079,1079,1014,1014,1014,840,840,840,0,0,0,272230,238068,289007,4.39015,4.1344,4.9287
1844,27660,27674,15,LOADED_SCENE,552008,1079,1079,1014,1014,1014,840,840,840,0,0,0,268404,219518,312528,4.33063,4.1133,4.8993
1845,27675,27689,15,LOADED_SCENE,552008,1079,1079,1014,1014,1014,840,840,840,0,0,0,280820,255765,297221,4.30948,4.1515,4.5633
1846,27690,27704,15,LOADED_SCENE,552008,1079,1079,1014,1014,1014,840,840,840,0,0,0,269312,245390,293951,5.5349,4.9636,7.6041
1847,27705,27719,15,LOADED_SCENE,552008,1079,1079,1014,1014,1014,840,840,840,0,0,0,275560,253529,298489,5.39376,4.9577,6.8298
1848,27720,27734,15,LOADED_SCENE,552008,1079,1079,1014,1014,1014,840,840,840,0,0,0,280796,247894,305312,4.66841,4.2076,5.8874
1849,27735,27749,15,LOADED_SCENE,552008,1079,1079,1014,1014,1014,840,840,840,0,0,0,282328,252327,307927,4.39751,4.202,5.1434
1850,27750,27764,15,LOADED_SCENE,552008,1079,1079,1014,1014,1014,840,840,840,0,0,0,273498,235326,295316,4.36342,4.1777,5.1223
1851,27765,27779,15,LOADED_SCENE,552008,1079,1079,1014,1014,1014,840,840,840,0,0,0,277319,254945,295271,4.44016,4.186,4.9782
1852,27780,27794,15,LOADED_SCENE,552008,1079,1079,1014,1014,1014,840,840,840,0,0,0,271332,229021,296710,4.61539,4.1799,6.4595
1853,27795,27809,15,LOADED_SCENE,552008,1079,1079,1014,1014,1014,840,840,840,0,0,0,274098,253914,294816,4.37754,4.1719,4.8653
1854,27810,27824,15,LOADED_SCENE,552008,1079,1079,1014,1014,1014,840,840,840,0,0,0,281937,241346,299238,4.42245,4.2044,4.9804
1855,27825,27839,15,LOADED_SCENE,552008,1079,1079,1014,1014,1014,840,840,840,0,0,0,276830,238337,297194,4.26521,4.0297,4.9908
1856,27840,27854,15,LOADED_SCENE,552008,1079,1079,1014,1014,1014,840,840,840,0,0,0,279589,257016,297968,4.33178,4.1696,4.6281
1857,27855,27869,15,LOADED_SCENE,552008,1079,1079,1014,1014,1014,840,840,840,0,0,0,262551,218772,294491,4.39607,4.1723,4.9644
1858,27870,27884,15,LOADED_SCENE,552008,1079,1079,1014,1014,1014,840,840,840,0,0,0,275753,249846,299938,4.38806,4.2058,4.8351
1859,27885,27899,15,LOADED_SCENE,552008,1079,1079,1014,1014,1014,840,840,840,0,0,0,280799,264699,297974,4.47051,4.2403,5.2862
1860,27900,27914,15,LOADED_SCENE,552008,1079,1079,1014,1014,1014,840,840,840,0,0,0,278629,264043,294724,4.45603,4.2069,5.4617
1861,27915,27929,15,LOADED_SCENE,552008,1079,1079,1014,1014,1014,840,840,840,0,0,0,283681,260758,304718,4.41016,4.1888,4.8996
1862,27930,27944,15,LOADED_SCENE,552008,1079,1079,1014,1014,1014,840,840,840,0,0,0,276116,244754,295184,4.43194,4.1578,5.1335
1863,27945,27959,15,LOADED_SCENE,552008,1079,1079,1014,1014,1014,840,840,840,0,0,0,269658,237080,295645,4.40601,4.2199,5.1591
1864,27960,27974,15,LOADED_SCENE,552008,1079,1079,1014,1014,1014,840,840,840,0,0,0,278498,249338,292899,4.32636,4.1953,4.7425
1865,27975,27989,15,LOADED_SCENE,552008,1079,1079,1014,1014,1014,840,840,840,0,0,0,274862,251334,300324,4.37005,4.1437,5.5242
1866,27990,28004,15,LOADED_SCENE,552008,1079,1079,1014,1014,1014,840,840,840,0,0,0,269986,237293,291490,4.42863,4.202,5.2618
1867,28005,28019,15,LOADED_SCENE,552008,1079,1079,1014,1014,1014,840,840,840,0,0,0,275225,226105,291234,4.4034,4.173,5.2775
1868,28020,28034,15,LOADED_SCENE,552008,1079,1079,1014,1014,1014,840,840,840,0,0,0,276151,252816,302982,4.35708,4.1828,4.8768
1869,28035,28049,15,LOADED_SCENE,552008,1079,1079,1014,1014,1014,840,840,840,0,0,0,275205,218679,305756,4.41563,4.2079,5.1843
1870,28050,28064,15,LOADED_SCENE,552008,1079,1079,1014,1014,1014,840,840,840,0,0,0,270051,237449,290099,4.36238,4.0807,4.9443
1871,28065,28079,15,LOADED_SCENE,552008,1079,1079,1014,1014,1014,840,840,840,0,0,0,273244,214234,293286,5.17855,4.9279,5.8611
1872,28080,28094,15,LOADED_SCENE,552008,1079,1079,1014,1014,1014,840,840,840,0,0,0,273192,242936,296922,5.38287,5.0034,6.6332
1873,28095,28109,15,LOADED_SCENE,552008,1079,1079,1014,1014,1014,840,840,840,0,0,0,265222,228319,293211,4.92483,4.221,5.8206
1874,28110,28124,15,LOADED_SCENE,552008,1079,1079,1014,1014,1014,840,840,840,0,0,0,285265,265969,299489,4.40053,4.1662,5.1556
1875,28125,28139,15,LOADED_SCENE,552008,1079,1079,1014,1014,1014,840,840,840,0,0,0,275333,249181,314049,4.35995,4.1208,5.0801
1876,28140,28154,15,LOADED_SCENE,552008,1079,1079,1014,1014,1014,840,840,840,0,0,0,271135,249470,297410,5.58227,4.5626,6.8251
1877,28155,28169,15,LOADED_SCENE,552008,1079,1079,1014,1014,1014,840,840,840,0,0,0,272579,250163,294917,5.407,4.4371,6.2984
1878,28170,28184,15,LOADED_SCENE,552008,1079,1079,1014,1014,1014,840,840,840,0,0,0,276250,235162,302074,4.35703,4.0636,5.0607
1879,28185,28199,15,LOADED_SCENE,552008,1079,1079,1014,1014,1014,840,840,840,0,0,0,271926,245073,300961,4.32249,4.1575,4.9216
1880,28200,28214,15,LOADED_SCENE,552008,1079,1079,1014,1014,1014,840,840,840,0,0,0,271765,240854,297104,4.36105,4.1789,5.1745
1881,28215,28229,15,LOADED_SCENE,552008,1079,1079,1014,1014,1014,840,840,840,0,0,0,277171,249310,302959,4.38152,4.1918,5.2355
1882,28230,28244,15,LOADED_SCENE,552008,1079,1079,1014,1014,1014,840,840,840,0,0,0,276516,220342,312755,4.33831,4.158,4.8481
1883,28245,28259,15,LOADED_SCENE,552008,1079,1079,1014,1014,1014,840,840,840,0,0,0,275517,254995,296650,4.35247,4.1797,4.9055
1884,28260,28274,15,LOADED_SCENE,552008,1079,1079,1014,1014,1014,840,840,840,0,0,0,268847,244557,303290,4.46086,4.172,5.5476
1885,28275,28289,15,LOADED_SCENE,552008,1079,1079,1014,1014,1014,840,840,840,0,0,0,269587,240867,294828,4.31639,4.1951,4.8871
1886,28290,28304,15,LOADED_SCENE,552008,1079,1079,1014,1014,1014,840,840,840,0,0,0,278708,250174,302699,4.44545,4.1528,4.914
1887,28305,28319,15,LOADED_SCENE,552008,1079,1079,1014,1014,1014,840,840,840,0,0,0,273590,259023,291593,4.38319,4.1652,5.1282
1888,28320,28334,15,LOADED_SCENE,552008,1079,1079,1014,1014,1014,840,840,840,0,0,0,277358,248378,292801,4.36972,4.175,5.1189
1889,28335,28349,15,LOADED_SCENE,552008,1079,1079,1014,1014,1014,840,840,840,0,0,0,277783,245624,303781,4.33223,4.1447,4.9196
1890,28350,28364,15,LOADED_SCENE,552008,1079,1079,1014,1014,1014,840,840,840,0,0,0,287185,248573,296503,4.63475,4.2127,5.9343
1891,28365,28379,15,LOADED_SCENE,552008,1079,1079,1014,1014,1014,840,840,840,0,0,0,275482,258813,298712,4.38764,4.1709,4.8388
1892,28380,28394,15,LOADED_SCENE,552008,1079,1079,1014,1014,1014,840,840,840,0,0,0,277070,256627,296675,4.39203,4.1988,4.8626
1893,28395,28409,15,LOADED_SCENE,552008,1079,1079,1014,1014,1014,840,840,840,0,0,0,270557,221827,302143,4.49632,4.1631,5.504
1894,28410,28424,15,LOADED_SCENE,552008,1079,1079,1014,1014,1014,840,840,840,0,0,0,275975,247213,293602,5.01682,4.2379,8.3127
1895,28425,28439,15,LOADED_SCENE,552008,1079,1079,1014,1014,1014,840,840,840,0,0,0,272666,237772,294844,7.70443,4.7539,23.869
1896,28440,28454,15,LOADED_SCENE,552008,1079,1079,1014,1014,1014,840,840,840,0,0,0,278550,251831,295629,7.63172,4.275,11.2008
1897,28455,28469,15,LOADED_SCENE,552008,1079,1079,1014,1014,1014,840,840,840,0,0,0,274402,237163,302610,5.93954,4.3692,8.7132
1898,28470,28484,15,LOADED_SCENE,552008,1079,1079,1014,1014,1014,840,840,840,0,0,0,270992,208692,298329,4.55113,4.2782,5.0984
1899,28485,28499,15,LOADED_SCENE,552008,1079,1079,1014,1014,1014,840,840,840,0,0,0,278661,250355,307226,4.58102,4.2209,4.945
1900,28500,28514,15,LOADED_SCENE,552008,1079,1079,1014,1014,1014,840,840,840,0,0,0,280253,249511,302675,4.64223,4.1933,5.5491
1901,28515,28529,15,LOADED_SCENE,552008,1079,1079,1014,1014,1014,840,840,840,0,0,0,267042,237861,292766,4.88727,4.4452,5.5088
1902,28530,28544,15,LOADED_SCENE,552008,1079,1079,1014,1014,1014,840,840,840,0,0,0,274792,251209,292921,7.36405,4.4716,21.3121
1903,28545,28559,15,LOADED_SCENE,552008,1079,1079,1014,1014,1014,840,840,840,0,0,0,276364,235104,299103,6.92872,4.3767,9.2695
1904,28560,28574,15,LOADED_SCENE,552008,1079,1079,1014,1014,1014,840,840,840,0,0,0,280229,248198,305034,6.11533,4.3905,8.2601
1905,28575,28589,15,LOADED_SCENE,552008,1079,1079,1014,1014,1014,840,840,840,0,0,0,277822,238515,296279,8.39498,4.3874,20.5944
1906,28590,28604,15,LOADED_SCENE,552008,1079,1079,1014,1014,1014,840,840,840,0,0,0,268047,240239,295294,4.47554,4.1311,5.4438
1907,28605,28619,15,LOADED_SCENE,552008,1079,1079,1014,1014,1014,840,840,840,0,0,0,271724,246351,305125,4.70447,4.119,6.7896
1908,28620,28634,15,LOADED_SCENE,552008,1079,1079,1014,1014,1014,840,840,840,0,0,0,278448,248347,302990,4.94435,4.1896,6.8163
1909,28635,28649,15,LOADED_SCENE,552008,1079,1079,1014,1014,1014,840,840,840,0,0,0,275532,227813,302633,4.73828,4.2944,5.7838
1910,28650,28664,15,LOADED_SCENE,552008,1079,1079,1014,1014,1014,840,840,840,0,0,0,271883,254378,299265,4.70334,4.2452,6.167
1911,28665,28679,15,LOADED_SCENE,552008,1079,1079,1014,1014,1014,840,840,840,0,0,0,272475,249875,292952,4.73557,4.1702,6.6698
1912,28680,28694,15,LOADED_SCENE,552008,1079,1079,1014,1014,1014,840,840,840,0,0,0,278225,258799,305653,5.51664,4.2179,17.9668
1913,28695,28709,15,LOADED_SCENE,552008,1079,1079,1014,1014,1014,840,840,840,0,0,0,283087,257842,302954,4.63026,4.2384,5.8387
1914,28710,28724,15,LOADED_SCENE,552008,1079,1079,1014,1014,1014,840,840,840,0,0,0,271994,233577,294111,4.62346,4.2465,5.2475
1915,28725,28739,15,LOADED_SCENE,552008,1079,1079,1014,1014,1014,840,840,840,0,0,0,277498,253119,299593,4.80866,4.2527,6.2245
1916,28740,28754,15,LOADED_SCENE,552008,1079,1079,1014,1014,1014,840,840,840,0,0,0,279567,226072,297849,4.49725,4.1666,5.2177
1917,28755,28769,15,LOADED_SCENE,552008,1079,1079,1014,1014,1014,840,840,840,0,0,0,279964,264575,298253,4.47392,4.2228,5.1552
1918,28770,28784,15,LOADED_SCENE,552008,1079,1079,1014,1014,1014,840,840,840,0,0,0,280496,252123,301074,4.43085,4.2121,5.5236
1919,28785,28799,15,LOADED_SCENE,552008,1079,1079,1014,1014,1014,840,840,840,0,0,0,264607,211646,302776,5.58718,4.2156,20.9118
1920,28800,28814,15,LOADED_SCENE,552008,1079,1079,1014,1014,1014,840,840,840,0,0,0,277007,233470,304107,4.39858,4.1497,4.8603
1921,28815,28829,15,LOADED_SCENE,552008,1079,1079,1014,1014,1014,840,840,840,0,0,0,266968,231255,288973,4.36833,4.1609,4.7721
1922,28830,28844,15,LOADED_SCENE,552008,1079,1079,1014,1014,1014,840,840,840,0,0,0,276969,251694,296353,4.39232,4.2298,5.023
1923,28845,28859,15,LOADED_SCENE,552008,1079,1079,1014,1014,1014,840,840,840,0,0,0,269982,229883,290510,4.54828,4.2376,5.5278
1924,28860,28874,15,LOADED_SCENE,552008,1079,1079,1014,1014,1014,840,840,840,0,0,0,275043,246531,298587,5.31629,4.3661,6.9219
1925,28875,28889,15,LOADED_SCENE,552008,1079,1079,1014,1014,1014,840,840,840,0,0,0,274314,234553,299477,4.67858,4.1501,6.1638
1926,28890,28904,15,LOADED_SCENE,552008,1079,1079,1014,1014,1014,840,840,840,0,0,0,270565,226050,295297,4.58353,4.2644,5.3024
1927,28905,28919,15,LOADED_SCENE,552008,1079,1079,1014,1014,1014,840,840,840,0,0,0,278849,240423,301215,5.26189,4.3889,6.7127
1928,28920,28934,15,LOADED_SCENE,552008,1079,1079,1014,1014,1014,840,840,840,0,0,0,278529,248888,296904,5.3019,4.8793,6.25
1929,28935,28949,15,LOADED_SCENE,552008,1079,1079,1014,1014,1014,840,840,840,0,0,0,268662,228934,296290,7.81895,4.4126,46.2241
1930,28950,28964,15,LOADED_SCENE,552008,1079,1079,1014,1014,1014,840,840,840,0,0,0,280508,251449,297075,5.01915,4.4542,6.1856
1931,28965,28979,15,LOADED_SCENE,552008,1079,1079,1014,1014,1014,840,840,840,0,0,0,276862,228947,303484,4.82588,4.3104,5.6064
1932,28980,28994,15,LOADED_SCENE,552008,1079,1079,1014,1014,1014,840,840,840,0,0,0,274702,231598,298891,4.56014,4.2137,5.5819
1933,28995,29009,15,LOADED_SCENE,552008,1079,1079,1014,1014,1014,840,840,840,0,0,0,276497,231081,310207,4.742,4.2449,5.9056
1934,29010,29024,15,LOADED_SCENE,552008,1079,1079,1014,1014,1014,840,840,840,0,0,0,269533,248548,295203,5.03833,4.3975,5.6838
1935,29025,29039,15,LOADED_SCENE,552008,1079,1079,1014,1014,1014,840,840,840,0,0,0,269023,234569,293260,5.00359,4.2582,7.0451
1936,29040,29054,15,LOADED_SCENE,552008,1079,1079,1014,1014,1014,840,840,840,0,0,0,271948,244714,297191,4.83575,4.3304,5.5087
1937,29055,29069,15,LOADED_SCENE,552008,1079,1079,1014,1014,1014,840,840,840,0,0,0,275210,213946,294581,4.80641,4.2262,5.4466
1938,29070,29084,15,LOADED_SCENE,552008,1079,1079,1014,1014,1014,840,840,840,0,0,0,269010,243264,299277,5.01997,4.2671,6.7759
1939,29085,29099,15,LOADED_SCENE,552008,1079,1079,1014,1014,1014,840,840,840,0,0,0,266635,220907,291375,6.02904,4.4219,8.7449
1940,29100,29114,15,LOADED_SCENE,552008,1079,1079,1014,1014,1014,840,840,840,0,0,0,276466,253128,299436,5.11349,4.3241,6.899
1941,29115,29129,15,LOADED_SCENE,552008,1079,1079,1014,1014,1014,840,840,840,0,0,0,268393,224279,311578,5.22927,4.3702,6.2257
1942,29130,29144,15,LOADED_SCENE,552008,1079,1079,1014,1014,1014,840,840,840,0,0,0,271055,241074,294830,4.83013,4.2897,6.7762
1943,29145,29159,15,LOADED_SCENE,552008,1079,1079,1014,1014,1014,840,840,840,0,0,0,276077,240569,297170,4.65327,4.2705,5.6298
1944,29160,29174,15,LOADED_SCENE,552008,1079,1079,1014,1014,1014,840,840,840,0,0,0,267852,228254,303522,4.92021,4.2096,7.8154
1945,29175,29189,15,LOADED_SCENE,552008,1079,1079,1014,1014,1014,840,840,840,0,0,0,276339,243720,299386,6.24129,4.4272,9.4835
1946,29190,29204,15,LOADED_SCENE,552008,1079,1079,1014,1014,1014,840,840,840,0,0,0,271375,210398,331580,4.74468,4.2208,6.5561
1947,29205,29219,15,LOADED_SCENE,552008,1079,1079,1014,1014,1014,840,840,840,0,0,0,268634,227179,289928,4.46043,4.1853,4.9942
1948,29220,29234,15,LOADED_SCENE,552008,1079,1079,1014,1014,1014,840,840,840,0,0,0,281069,252088,295445,4.38391,4.2051,4.7195
1949,29235,29249,15,LOADED_SCENE,552008,1079,1079,1014,1014,1014,840,840,840,0,0,0,278802,257274,296720,4.54523,4.2887,5.2782
1950,29250,29264,15,LOADED_SCENE,552008,1079,1079,1014,1014,1014,840,840,840,0,0,0,272840,242453,293192,5.03569,4.244,6.394
1951,29265,29279,15,LOADED_SCENE,552008,1079,1079,1014,1014,1014,840,840,840,0,0,0,271320,228195,301201,4.65433,4.2668,5.4446
1952,29280,29294,15,LOADED_SCENE,552008,1079,1079,1014,1014,1014,840,840,840,0,0,0,274972,249969,304835,4.83629,4.3751,5.2647
1953,29295,29309,15,LOADED_SCENE,552008,1079,1079,1014,1014,1014,840,840,840,0,0,0,282594,230464,300181,4.81025,4.23,5.5119
1954,29310,29324,15,LOADED_SCENE,552008,1079,1079,1014,1014,1014,840,840,840,0,0,0,266817,229679,301400,6.21119,4.4286,19.4729
1955,29325,29339,15,LOADED_SCENE,552008,1079,1079,1014,1014,1014,840,840,840,0,0,0,275274,241746,306658,5.36299,4.3772,8.1238
1956,29340,29354,15,LOADED_SCENE,552008,1079,1079,1014,1014,1014,840,840,840,0,0,0,271531,221950,310381,4.65307,4.3522,5.527
1957,29355,29369,15,LOADED_SCENE,552008,1079,1079,1014,1014,1014,840,840,840,0,0,0,270774,249792,295982,4.74336,4.3641,5.3657
1958,29370,29384,15,LOADED_SCENE,552008,1079,1079,1014,1014,1014,840,840,840,0,0,0,275799,214695,303161,4.77332,4.2378,5.512
1959,29385,29399,15,LOADED_SCENE,552008,1079,1079,1014,1014,1014,840,840,840,0,0,0,275709,245485,290549,4.56654,4.2262,5.1654
1960,29400,29414,15,LOADED_SCENE,552008,1079,1079,1014,1014,1014,840,840,840,0,0,0,280873,261250,300002,6.29381,4.2725,15.3774
1961,29415,29429,15,LOADED_SCENE,552008,1079,1079,1014,1014,1014,840,840,840,0,0,0,270317,244529,302149,4.74465,4.1172,5.7171
1962,29430,29444,15,LOADED_SCENE,552008,1079,1079,1014,1014,1014,840,840,840,0,0,0,277247,250520,296967,4.7067,4.2096,6.0042
1963,29445,29459,15,LOADED_SCENE,552008,1079,1079,1014,1014,1014,840,840,840,0,0,0,275666,230758,328596,4.73334,4.1674,5.5548
1964,29460,29474,15,LOADED_SCENE,552008,1079,1079,1014,1014,1014,840,840,840,0,0,0,274873,233083,302174,4.81155,4.2764,6.779
1965,29475,29489,15,LOADED_SCENE,552008,1079,1079,1014,1014,1014,840,840,840,0,0,0,280440,246836,305870,4.97963,4.3292,5.5816
1966,29490,29504,15,LOADED_SCENE,552008,1079,1079,1014,1014,1014,840,840,840,0,0,0,276639,236132,300442,4.98142,4.2588,6.2008
1967,29505,29519,15,LOADED_SCENE,552008,1079,1079,1014,1014,1014,840,840,840,0,0,0,278687,221081,309697,5.2455,4.3602,6.5642
1968,29520,29534,15,LOADED_SCENE,552008,1079,1079,1014,1014,1014,840,840,840,0,0,0,278606,244963,307398,5.10552,4.2349,6.62
1969,29535,29549,15,LOADED_SCENE,552008,1079,1079,1014,1014,1014,840,840,840,0,0,0,268620,228505,293699,4.91909,4.2851,5.9231
1970,29550,29564,15,LOADED_SCENE,552008,1079,1079,1014,1014,1014,840,840,840,0,0,0,283442,261538,297152,4.78985,4.3486,5.4871
1971,29565,29579,15,LOADED_SCENE,552008,1079,1079,1014,1014,1014,840,840,840,0,0,0,273201,221324,295240,4.78047,4.3596,6.0934
1972,29580,29594,15,LOADED_SCENE,552008,1079,1079,1014,1014,1014,840,840,840,0,0,0,273556,223042,325047,4.60166,4.2323,5.116
1973,29595,29609,15,LOADED_SCENE,552008,1079,1079,1004.47,1001,1014,837.8,837,840,0,0,0,279400,252202,299331,4.4553,4.1268,5.7473
1974,29610,29624,15,LOADED_SCENE,552008,1079,1079,1001,1001,1001,837,837,837,0,0,0,272640,241595,289934,4.57032,4.1691,5.5246
1975,29625,29639,15,LOADED_SCENE,552008,1079,1079,1001,1001,1001,837,837,837,0,0,0,277655,266073,295886,4.48886,4.1143,6.0027
1976,29640,29654,15,LOADED_SCENE,552008,1079,1079,1001,1001,1001,837,837,837,0,0,0,273859,245626,296064,4.495,4.0712,6.3221
1977,29655,29669,15,LOADED_SCENE,552008,1079,1079,1001,1001,1001,837,837,837,0,0,0,277618,254183,309506,4.59982,4.1267,5.6806
1978,29670,29684,15,LOADED_SCENE,552008,1079,1079,1001,1001,1001,837,837,837,0,0,0,277230,241311,294439,4.59159,4.242,5.2955
1979,29685,29699,15,LOADED_SCENE,552008,1079,1079,1001,1001,1001,837,837,837,0,0,0,275974,246603,293939,4.56778,4.2476,5.1201
1980,29700,29714,15,LOADED_SCENE,552008,1079,1079,920.733,829,1001,770.733,695,837,0,0,0,251541,185915,301008,4.81952,3.6526,7.2339
1981,29715,29729,15,LOADED_SCENE,552008,1079,1079,555.6,543,606,494.2,487,496,0,0,0,136782,117960,142441,3.67275,3.4064,4.2637
1982,29730,29744,15,LOADED_SCENE,552008,1079,1079,861.6,606,1044,626.733,487,818,0,0,0,187931,116179,277006,4.33863,4.0366,4.9422
1983,29745,29759,15,LOADED_SCENE,552008,1079,1079,955.6,854,1044,773.6,721,818,0,0,0,242129,207139,274994,4.87621,3.7977,6.4704
1984,29760,29774,15,LOADED_SCENE,552008,1079,1079,558.867,529,593,498.4,490,508,0,0,0,128372,104802,138263,3.99175,3.5969,4.6774
1985,29775,29789,15,LOADED_SCENE,552008,1079,1079,851.867,593,1016,734.467,508,918,0,0,0,201186,100121,259127,4.18985,3.692,4.7662
1986,29790,29804,15,LOADED_SCENE,552008,1079,1079,1016,1016,1016,918,918,918,0,0,0,281722,259150,316652,4.59384,4.2261,5.7925
1987,29805,29819,15,LOADED_SCENE,552008,1079,1079,1016,1016,1016,918,918,918,0,0,0,273863,253587,300234,4.51649,4.2573,4.8963
1988,29820,29834,15,LOADED_SCENE,552008,1079,1079,1016,1016,1016,918,918,918,0,0,0,290782,250670,337211,4.50297,4.2267,5.0196
1989,29835,29849,15,LOADED_SCENE,552008,1079,1079,1000.4,998,1016,926.667,918,928,0,0,0,296121,253266,342797,4.54815,4.2787,4.9592
1990,29850,29864,15,LOADED_SCENE,552008,1079,1079,998,998,998,928,928,928,0,0,0,297494,246049,346112,4.89513,4.2696,5.9217
1991,29865,29879,15,LOADED_SCENE,552008,1079,1079,998,998,998,928,928,928,0,0,0,300939,257519,365981,5.09845,4.3207,7.362
1992,29880,29894,15,LOADED_SCENE,552008,1079,1079,998,998,998,928,928,928,0,0,0,293505,244736,350499,4.63213,4.1838,5.2452
1993,29895,29909,15,LOADED_SCENE,552008,1079,1079,998,998,998,928,928,928,0,0,0,300007,253738,342459,4.5587,4.251,5.0988
1994,29910,29924,15,LOADED_SCENE,552008,1079,1079,998,998,998,928,928,928,0,0,0,290070,251743,366756,4.58221,4.2755,5.0876
1995,29925,29939,15,LOADED_SCENE,552008,1079,1079,998,998,998,928,928,928,0,0,0,289013,236348,330511,4.58593,4.1428,5.6227
1996,29940,29954,15,LOADED_SCENE,552008,1079,1079,998,998,998,928,928,928,0,0,0,286532,253398,352838,4.61717,4.3174,5.1575
1997,29955,29969,15,LOADED_SCENE,552008,1079,1079,998,998,998,928,928,928,0,0,0,292603,245005,347465,4.58099,4.2803,5.0306
1998,29970,29984,15,LOADED_SCENE,552008,1079,1079,998,998,998,928,928,928,0,0,0,298025,253970,361592,4.58031,4.2172,5.3661
1999,29985,29999,15,LOADED_SCENE,552008,1079,1079,998,998,998,928,928,928,0,0,0,292620,267044,331570,4.62914,4.2559,5.4724
2000,30000,30014,15,LOADED_SCENE,552008,1079,1079,998,998,998,928,928,928,0,0,0,304892,252909,364609,4.75231,4.317,5.553
2001,30015,30029,15,LOADED_SCENE,552008,1079,1079,998,998,998,928,928,928,0,0,0,301268,251917,349114,4.63248,4.2493,5.4261
2002,30030,30044,15,LOADED_SCENE,552008,1079,1079,998,998,998,928,928,928,0,0,0,283729,251222,321296,4.77277,4.2032,6.0832
2003,30045,30059,15,LOADED_SCENE,552008,1079,1079,998,998,998,928,928,928,0,0,0,295302,250127,339157,4.79617,4.3448,5.7109
2004,30060,30074,15,LOADED_SCENE,552008,1079,1079,998,998,998,928,928,928,0,0,0,300032,256497,366908,4.70507,4.303,5.9643
2005,30075,30089,15,LOADED_SCENE,552008,1079,1079,998,998,998,928,928,928,0,0,0,287463,252554,333292,4.69471,4.3073,5.5697
2006,30090,30104,15,LOADED_SCENE,552008,1079,1079,998,998,998,928,928,928,0,0,0,281132,232961,357215,4.59125,4.3331,5.2142
2007,30105,30119,15,LOADED_SCENE,552008,1079,1079,998,998,998,928,928,928,0,0,0,289112,250315,337066,4.71754,4.2635,6.2448
2008,30120,30134,15,LOADED_SCENE,552008,1079,1079,998,998,998,928,928,928,0,0,0,299008,243276,337618,4.48332,4.1353,5.7726
2009,30135,30149,15,LOADED_SCENE,552008,1079,1079,998,998,998,928,928,928,0,0,0,291095,260135,348532,4.52857,4.1988,5.2893
2010,30150,30164,15,LOADED_SCENE,552008,1079,1079,998,998,998,928,928,928,0,0,0,286126,253698,351892,4.57639,4.2618,5.0945
2011,30165,30179,15,LOADED_SCENE,552008,1079,1079,998,998,998,928,928,928,0,0,0,282969,256233,348600,4.62631,4.3045,5.4218
2012,30180,30194,15,LOADED_SCENE,552008,1079,1079,998,998,998,928,928,928,0,0,0,296351,258737,358307,4.68823,4.2173,6.0628
2013,30195,30209,15,LOADED_SCENE,552008,1079,1079,998,998,998,928,928,928,0,0,0,296924,256293,354344,4.52315,4.2538,5.2887
2014,30210,30224,15,LOADED_SCENE,552008,1079,1079,998,998,998,928,928,928,0,0,0,301499,260861,362468,4.62396,4.2771,5.5037
2015,30225,30239,15,LOADED_SCENE,552008,1079,1079,998,998,998,928,928,928,0,0,0,300958,250643,364697,4.51788,4.24,5.0606
2016,30240,30254,15,LOADED_SCENE,552008,1079,1079,998,998,998,928,928,928,0,0,0,289554,251004,344848,4.58061,4.2007,5.3633
2017,30255,30269,15,LOADED_SCENE,552008,1079,1079,998,998,998,928,928,928,0,0,0,297646,260431,352832,4.64861,4.2249,5.2738
2018,30270,30284,15,LOADED_SCENE,552008,1079,1079,998,998,998,928,928,928,0,0,0,301130,255015,344601,4.59744,4.2134,5.4543
2019,30285,30299,15,LOADED_SCENE,552008,1079,1079,998,998,998,928,928,928,0,0,0,298317,258325,331919,4.74683,4.0603,5.7738
2020,30300,30314,15,LOADED_SCENE,552008,1079,1079,998,998,998,928,928,928,0,0,0,298797,249909,346510,4.64107,4.3042,5.45
2021,30315,30329,15,LOADED_SCENE,552008,1079,1079,998,998,998,928,928,928,0,0,0,290141,257118,359689,4.63313,4.2291,5.4428
2022,30330,30344,15,LOADED_SCENE,552008,1079,1079,998,998,998,928,928,928,0,0,0,316418,256524,352372,4.61511,4.1969,5.4016
2023,30345,30359,15,LOADED_SCENE,552008,1079,1079,998,998,998,928,928,928,0,0,0,302993,253991,358359,4.63123,4.2736,5.8013
2024,30360,30374,15,LOADED_SCENE,552008,1079,1079,998,998,998,928,928,928,0,0,0,306110,249464,330803,4.77022,4.3895,5.3332
2025,30375,30389,15,LOADED_SCENE,552008,1079,1079,998,998,998,928,928,928,0,0,0,291059,251117,349104,4.80149,4.3125,5.63
2026,30390,30404,15,LOADED_SCENE,552008,1079,1079,998,998,998,928,928,928,0,0,0,294676,249379,340019,5.73139,4.3215,16.3714
2027,30405,30419,15,LOADED_SCENE,552008,1079,1079,998,998,998,928,928,928,0,0,0,295350,251218,349971,4.68184,4.3043,5.6912
2028,30420,30434,15,LOADED_SCENE,552008,1079,1079,998,998,998,928,928,928,0,0,0,296678,255399,344073,4.99142,4.3155,6.3864
2029,30435,30449,15,LOADED_SCENE,552008,1079,1079,998,998,998,928,928,928,0,0,0,303031,249188,346563,4.88385,4.3406,6.2025
2030,30450,30464,15,LOADED_SCENE,552008,1079,1079,998,998,998,928,928,928,0,0,0,308963,252877,358332,4.63291,4.3573,5.1344
2031,30465,30479,15,LOADED_SCENE,552008,1079,1079,998,998,998,928,928,928,0,0,0,292641,256483,338177,4.63803,4.2021,5.8379
2032,30480,30494,15,LOADED_SCENE,552008,1079,1079,998,998,998,928,928,928,0,0,0,292396,263995,325729,4.72331,4.4551,5.3932
2033,30495,30509,15,LOADED_SCENE,552008,1079,1079,998,998,998,928,928,928,0,0,0,301612,255086,359728,4.69792,4.3292,5.2076
2034,30510,30524,15,LOADED_SCENE,552008,1079,1079,998,998,998,928,928,928,0,0,0,288742,241141,360402,4.5297,4.1179,5.0074
2035,30525,30539,15,LOADED_SCENE,552008,1079,1079,998,998,998,928,928,928,0,0,0,300354,254518,344410,4.6597,4.399,5.2288
2036,30540,30554,15,LOADED_SCENE,552008,1079,1079,998,998,998,928,928,928,0,0,0,303740,256178,337072,4.50865,4.1896,5.0762
2037,30555,30569,15,LOADED_SCENE,552008,1079,1079,998,998,998,928,928,928,0,0,0,283845,253119,332206,4.6463,4.2245,5.7163
2038,30570,30584,15,LOADED_SCENE,552008,1079,1079,998,998,998,928,928,928,0,0,0,303589,268443,353925,4.53854,4.2147,5.1133
2039,30585,30599,15,LOADED_SCENE,552008,1079,1079,998,998,998,928,928,928,0,0,0,307927,262756,365658,4.73187,4.2368,5.4776
2040,30600,30614,15,LOADED_SCENE,552008,1079,1079,998,998,998,928,928,928,0,0,0,289905,242049,361282,4.66049,4.2685,5.7379
2041,30615,30629,15,LOADED_SCENE,552008,1079,1079,998,998,998,928,928,928,0,0,0,302550,253983,348953,4.6765,4.3445,5.7492
2042,30630,30644,15,LOADED_SCENE,552008,1079,1079,998,998,998,928,928,928,0,0,0,291616,248106,352314,4.68045,4.3033,5.2059
2043,30645,30659,15,LOADED_SCENE,552008,1079,1079,998,998,998,928,928,928,0,0,0,288918,250430,335236,4.67235,4.3023,5.7225
2044,30660,30674,15,LOADED_SCENE,552008,1079,1079,998,998,998,928,928,928,0,0,0,300968,258810,356808,4.74915,4.3513,5.7581
2045,30675,30689,15,LOADED_SCENE,552008,1079,1079,998,998,998,928,928,928,0,0,0,306861,259519,363174,4.80489,4.4002,5.9197
2046,30690,30704,15,LOADED_SCENE,552008,1079,1079,998,998,998,928,928,928,0,0,0,290495,259007,356158,5.07291,4.4243,6.2215
2047,30705,30719,15,LOADED_SCENE,552008,1079,1079,998,998,998,928,928,928,0,0,0,299941,254258,345293,6.08049,4.3254,7.8949
2048,30720,30734,15,LOADED_SCENE,552008,1079,1079,998,998,998,928,928,928,0,0,0,297497,264365,356291,5.10238,4.3776,8.6843
2049,30735,30749,15,LOADED_SCENE,552008,1079,1079,998,998,998,928,928,928,0,0,0,289701,243242,350021,5.15231,4.3186,8.1371
2050,30750,30764,15,LOADED_SCENE,552008,1079,1079,998,998,998,928,928,928,0,0,0,288566,246383,327096,5.11711,4.324,6.9734
2051,30765,30779,15,LOADED_SCENE,552008,1079,1079,998,998,998,928,928,928,0,0,0,291321,256813,341708,5.47755,4.3219,7.3188
2052,30780,30794,15,LOADED_SCENE,552008,1079,1079,998,998,998,928,928,928,0,0,0,306549,256636,362883,5.19355,4.3527,7.4229
2053,30795,30809,15,LOADED_SCENE,552008,1079,1079,998,998,998,928,928,928,0,0,0,300799,255447,353813,4.74292,4.2629,5.2171
2054,30810,30824,15,LOADED_SCENE,552008,1079,1079,998,998,998,928,928,928,0,0,0,293641,250825,358834,5.72054,4.281,8.0724
2055,30825,30839,15,LOADED_SCENE,552008,1079,1079,998,998,998,928,928,928,0,0,0,290173,244534,348910,7.86357,4.4684,21.9892
2056,30840,30854,15,LOADED_SCENE,552008,1079,1079,998,998,998,928,928,928,0,0,0,277811,244555,349820,5.35331,4.3691,6.9687
2057,30855,30869,15,LOADED_SCENE,552008,1079,1079,998,998,998,928,928,928,0,0,0,304325,259726,349126,4.67901,4.3054,5.6719
2058,30870,30884,15,LOADED_SCENE,552008,1079,1079,998,998,998,928,928,928,0,0,0,288973,251275,350254,4.78828,4.3271,5.8589
2059,30885,30899,15,LOADED_SCENE,552008,1079,1079,998,998,998,928,928,928,0,0,0,298096,250188,361836,5.13658,4.2354,7.0668
2060,30900,30914,15,LOADED_SCENE,552008,1079,1079,998,998,998,928,928,928,0,0,0,297781,260393,358961,5.00259,4.293,6.9426
2061,30915,30929,15,LOADED_SCENE,552008,1079,1079,998,998,998,928,928,928,0,0,0,286766,256299,329107,4.65371,4.2787,5.7565
2062,30930,30944,15,LOADED_SCENE,552008,1079,1079,998,998,998,928,928,928,0,0,0,282808,249382,323307,4.84149,4.34,5.9695
2063,30945,30959,15,LOADED_SCENE,552008,1079,1079,998,998,998,928,928,928,0,0,0,294082,248929,341719,4.66446,4.2668,5.8911
2064,30960,30974,15,LOADED_SCENE,552008,1079,1079,998,998,998,928,928,928,0,0,0,288680,249751,362725,4.74535,4.2559,5.6314
2065,30975,30989,15,LOADED_SCENE,552008,1079,1079,998,998,998,928,928,928,0,0,0,298530,248508,363755,5.29816,4.4073,12.1541
2066,30990,31004,15,LOADED_SCENE,552008,1079,1079,998,998,998,928,928,928,0,0,0,291455,260925,329369,4.84471,4.2947,7.7576
2067,31005,31019,15,LOADED_SCENE,552008,1079,1079,998,998,998,928,928,928,0,0,0,300872,265081,337048,4.48157,4.2728,5.1413
2068,31020,31034,15,LOADED_SCENE,552008,1079,1079,998,998,998,928,928,928,0,0,0,307095,250582,357202,4.60915,4.2676,5.8776
2069,31035,31049,15,LOADED_SCENE,552008,1079,1079,998,998,998,928,928,928,0,0,0,294290,248113,362907,5.28033,4.248,12.0239
2070,31050,31064,15,LOADED_SCENE,552008,1079,1079,998,998,998,928,928,928,0,0,0,295931,253736,364579,5.04294,4.4092,5.8964
2071,31065,31079,15,LOADED_SCENE,552008,1079,1079,998,998,998,928,928,928,0,0,0,288880,251612,358709,4.70518,4.253,6.1034
2072,31080,31094,15,LOADED_SCENE,552008,1079,1079,998,998,998,928,928,928,0,0,0,293662,241253,359324,4.42087,4.2749,4.7816
2073,31095,31109,15,LOADED_SCENE,552008,1079,1079,998,998,998,928,928,928,0,0,0,292653,260277,361860,4.45049,4.2458,5.2594
2074,31110,31124,15,LOADED_SCENE,552008,1079,1079,998,998,998,928,928,928,0,0,0,296782,256405,325325,4.55597,4.2484,5.1621
2075,31125,31139,15,LOADED_SCENE,552008,1079,1079,998,998,998,928,928,928,0,0,0,301884,252640,360942,4.3991,4.2901,4.721
2076,31140,31154,15,LOADED_SCENE,552008,1079,1079,998,998,998,928,928,928,0,0,0,303926,244264,353934,4.48711,4.1969,5.4595
2077,31155,31169,15,LOADED_SCENE,552008,1079,1079,998,998,998,928,928,928,0,0,0,282342,233972,328833,4.51524,4.2379,5.1982
2078,31170,31184,15,LOADED_SCENE,552008,1079,1079,998,998,998,928,928,928,0,0,0,312653,245257,360999,5.48033,4.3456,17.2436
2079,31185,31199,15,LOADED_SCENE,552008,1079,1079,998,998,998,928,928,928,0,0,0,296552,251049,362402,80.9174,4.4353,1125.34
2080,31200,31214,15,LOADED_SCENE,552008,1079,1079,998,998,998,928,928,928,0,0,0,298116,240641,353719,56.8585,4.2964,767.832
2081,31215,31229,15,LOADED_SCENE,552008,1079,1079,998,998,998,928,928,928,0,0,0,288714,253540,342043,35.7624,4.288,453.6
2082,31230,31244,15,LOADED_SCENE,552008,1079,1079,998,998,998,928,928,928,0,0,0,298121,251389,348113,33.5866,4.4505,422.219
2083,31245,31259,15,LOADED_SCENE,552008,1079,1079,998,998,998,928,928,928,0,0,0,300721,250344,363420,5.66049,4.3599,19.6546
2084,31260,31274,15,LOADED_SCENE,552008,1079,1079,998,998,998,928,928,928,0,0,0,308272,253402,363041,31.1598,4.5291,373.116
2085,31275,31289,15,LOADED_SCENE,552008,1079,1079,998,998,998,928,928,928,0,0,0,295619,258250,346718,37.5844,4.4512,441.405
2086,31290,31304,15,LOADED_SCENE,552008,1079,1079,998,998,998,928,928,928,0,0,0,282449,245476,325424,46.9251,4.2897,582.281
2087,31305,31319,15,LOADED_SCENE,552008,1079,1079,998,998,998,928,928,928,0,0,0,293418,248454,363941,27.9942,4.3504,292.949
2088,31320,31334,15,LOADED_SCENE,552008,1079,1079,998,998,998,928,928,928,0,0,0,288264,252131,360227,44.9357,4.3539,485.557
2089,31335,31349,15,LOADED_SCENE,552008,1079,1079,998,998,998,928,928,928,0,0,0,318668,252773,365458,5.75131,4.2995,17.7255
2090,31350,31364,15,LOADED_SCENE,552008,1079,1079,998,998,998,928,928,928,0,0,0,285903,243499,356315,25.2203,4.4359,260.162
2091,31365,31379,15,LOADED_SCENE,552008,1079,1079,998,998,998,928,928,928,0,0,0,307331,261171,358176,33.3103,4.491,379.267
2092,31380,31394,15,LOADED_SCENE,552008,1079,1079,998,998,998,928,928,928,0,0,0,308083,264602,364954,24.5033,4.2534,260.286
2093,31395,31409,15,LOADED_SCENE,552008,1079,1079,998,998,998,928,928,928,0,0,0,294596,253749,338195,33.4718,4.3684,384.845
2094,31410,31424,15,LOADED_SCENE,552008,1079,1079,998,998,998,928,928,928,0,0,0,284679,241320,340432,21.9873,4.2871,259.822
2095,31425,31439,15,LOADED_SCENE,552008,1079,1079,998,998,998,928,928,928,0,0,0,293219,247858,328253,7.41539,4.4145,41.684
2096,31440,31454,15,LOADED_SCENE,552008,1079,1079,998,998,998,928,928,928,0,0,0,283181,249823,319146,24.4209,4.3593,273.252
2097,31455,31469,15,LOADED_SCENE,552008,1079,1079,998,998,998,928,928,928,0,0,0,288216,248523,334227,35.5774,4.3335,407.016
2098,31470,31484,15,LOADED_SCENE,552008,1079,1079,998,998,998,928,928,928,0,0,0,298340,261413,360445,25.6952,4.2928,277.017
2099,31485,31499,15,LOADED_SCENE,552008,1079,1079,998,998,998,928,928,928,0,0,0,303842,257466,360839,34.5949,4.2688,388.83
2100,31500,31514,15,LOADED_SCENE,552008,1079,1079,998,998,998,928,928,928,0,0,0,299851,244503,340842,33.4411,4.3942,431.092
2101,31515,31529,15,LOADED_SCENE,552008,1079,1079,998,998,998,928,928,928,0,0,0,293062,244403,365538,6.53086,4.481,20.3479
2102,31530,31544,15,LOADED_SCENE,552008,1079,1079,998,998,998,928,928,928,0,0,0,287403,255829,342909,33.6557,4.2825,377.116
2103,31545,31559,15,LOADED_SCENE,552008,1079,1079,998,998,998,928,928,928,0,0,0,302160,258866,355908,31.3014,4.5667,374.921
2104,31560,31574,15,LOADED_SCENE,552008,1079,1079,998,998,998,928,928,928,0,0,0,293951,249767,362299,26.7245,4.315,302.783
2105,31575,31589,15,LOADED_SCENE,552008,1079,1079,998,998,998,928,928,928,0,0,0,290607,245466,338498,40.344,4.7167,456.108
2106,31590,31604,15,LOADED_SCENE,552008,1079,1079,998,998,998,928,928,928,0,0,0,292922,251463,357072,26.4651,4.3578,315.441
2107,31605,31619,15,LOADED_SCENE,552008,1079,1079,998,998,998,928,928,928,0,0,0,302302,254672,360972,11.3972,4.4283,37.6303
2108,31620,31634,15,LOADED_SCENE,552008,1079,1079,998,998,998,928,928,928,0,0,0,294251,239850,360289,36.8889,4.4794,465.711
2109,31635,31649,15,LOADED_SCENE,552008,1079,1079,998,998,998,928,928,928,0,0,0,292505,252901,348960,26.7619,4.3928,306.538
2110,31650,31664,15,LOADED_SCENE,552008,1079,1079,998,998,998,928,928,928,0,0,0,310149,244473,354697,33.4185,4.5792,375.724
2111,31665,31679,15,LOADED_SCENE,552008,1079,1079,998,998,998,928,928,928,0,0,0,310339,258068,361476,27.7639,4.3855,312.131
2112,31680,31694,15,LOADED_SCENE,552008,1079,1079,998,998,998,928,928,928,0,0,0,294730,252764,359547,41.2831,4.3822,480.601
2113,31695,31709,15,LOADED_SCENE,552008,1079,1079,998,998,998,928,928,928,0,0,0,294397,236437,352784,6.60882,4.4312,21.919
2114,31710,31724,15,LOADED_SCENE,552008,1079,1079,998,998,998,928,928,928,0,0,0,304302,248874,353672,32.6927,4.4438,359.383
2115,31725,31739,15,LOADED_SCENE,552008,1079,1079,998,998,998,928,928,928,0,0,0,291801,255769,355319,40.1036,4.5032,479.826
2116,31740,31754,15,LOADED_SCENE,552008,1079,1079,998,998,998,928,928,928,0,0,0,291534,249659,335223,27.8686,4.4538,310.967
2117,31755,31769,15,LOADED_SCENE,552008,1079,1079,998,998,998,928,928,928,0,0,0,296532,240645,349302,42.272,4.5991,473.89
2118,31770,31784,15,LOADED_SCENE,552008,1079,1079,998,998,998,928,928,928,0,0,0,290810,243894,342607,26.2126,4.2578,323.808
2119,31785,31799,15,LOADED_SCENE,552008,1079,1079,998,998,998,928,928,928,0,0,0,294364,232685,352177,8.67014,4.4641,28.9758
2120,31800,31814,15,LOADED_SCENE,552008,1079,1079,998,998,998,928,928,928,0,0,0,302240,252511,363634,31.1497,4.4061,370.554
2121,31815,31829,15,LOADED_SCENE,552008,1079,1079,998,998,998,928,928,928,0,0,0,306211,254681,363464,32.3095,4.3563,355.293
2122,31830,31844,15,LOADED_SCENE,552008,1079,1079,998,998,998,928,928,928,0,0,0,292437,253302,359103,21.6707,4.3017,240.337
2123,31845,31859,15,LOADED_SCENE,552008,1079,1079,998,998,998,928,928,928,0,0,0,292995,260060,338357,21.9358,4.367,218.311
2124,31860,31874,15,LOADED_SCENE,552008,1079,1079,998,998,998,928,928,928,0,0,0,290088,247332,363141,80.2447,4.723,1131.04
2125,31875,31889,15,LOADED_SCENE,552008,1079,1079,998,998,998,928,928,928,0,0,0,304362,259731,343838,4.89029,4.2108,7.8163
2126,31890,31904,15,LOADED_SCENE,552008,1079,1079,998,998,998,928,928,928,0,0,0,290136,225011,349868,8.75973,4.1759,31.3947
2127,31905,31919,15,LOADED_SCENE,552008,1079,1079,998,998,998,928,928,928,0,0,0,306107,263632,358507,4.49555,4.264,5.2419
2128,31920,31934,15,LOADED_SCENE,552008,1079,1079,998,998,998,928,928,928,0,0,0,301226,248320,344473,4.61976,4.3599,5.3821
2129,31935,31949,15,LOADED_SCENE,552008,1079,1079,998,998,998,928,928,928,0,0,0,294512,257066,351208,4.45479,4.2746,5.2704
2130,31950,31964,15,LOADED_SCENE,552008,1079,1079,998,998,998,928,928,928,0,0,0,290025,263275,349104,4.48403,4.2954,5.0785
2131,31965,31979,15,LOADED_SCENE,552008,1079,1079,998,998,998,928,928,928,0,0,0,290900,260842,329551,4.56017,4.3236,5.7028
2132,31980,31994,15,LOADED_SCENE,552008,1079,1079,998,998,998,928,928,928,0,0,0,303387,264612,340145,4.67883,4.3344,5.8664
2133,31995,32009,15,LOADED_SCENE,552008,1079,1079,998,998,998,928,928,928,0,0,0,297239,260186,358307,4.42078,4.2148,5.2483
2134,32010,32024,15,LOADED_SCENE,552008,1079,1079,998,998,998,928,928,928,0,0,0,306713,239997,354535,4.51403,4.208,5.3381
2135,32025,32039,15,LOADED_SCENE,552008,1079,1079,998,998,998,928,928,928,0,0,0,299913,258686,359604,4.51775,4.2658,5.1808
2136,32040,32054,15,LOADED_SCENE,552008,1079,1079,998,998,998,928,928,928,0,0,0,288411,240670,361992,4.41348,4.2264,4.9639
2137,32055,32069,15,LOADED_SCENE,552008,1079,1079,998,998,998,928,928,928,0,0,0,275815,250033,335936,4.50642,4.2513,5.7586
2138,32070,32084,15,LOADED_SCENE,552008,1079,1079,998,998,998,928,928,928,0,0,0,296002,251454,357941,4.42597,4.1701,4.9902
2139,32085,32099,15,LOADED_SCENE,552008,1079,1079,998,998,998,928,928,928,0,0,0,299816,254931,340438,4.45633,4.262,4.8729
2140,32100,32114,15,LOADED_SCENE,552008,1079,1079,998,998,998,928,928,928,0,0,0,305834,253004,359084,4.43753,4.2242,5.0202
2141,32115,32129,15,LOADED_SCENE,552008,1079,1079,998,998,998,928,928,928,0,0,0,295543,247441,355385,4.45979,4.2429,5.1383
2142,32130,32144,15,LOADED_SCENE,552008,1079,1079,998,998,998,928,928,928,0,0,0,304222,263565,363305,4.48331,4.2684,5.3904
2143,32145,32159,15,LOADED_SCENE,552008,1079,1079,998,998,998,928,928,928,0,0,0,301895,249184,353405,4.51461,4.2356,5.3572
2144,32160,32174,15,LOADED_SCENE,552008,1079,1079,998,998,998,928,928,928,0,0,0,295602,260141,347333,4.62939,4.2383,6.0682
2145,32175,32189,15,LOADED_SCENE,552008,1079,1079,998,998,998,928,928,928,0,0,0,316441,243975,357995,4.47607,4.2569,5.1443
2146,32190,32204,15,LOADED_SCENE,552008,1079,1079,998,998,998,928,928,928,0,0,0,299870,252336,351937,4.50201,4.2734,5.3917
2147,32205,32219,15,LOADED_SCENE,552008,1079,1079,998,998,998,928,928,928,0,0,0,294997,240268,343619,4.49538,4.2457,5.0761
2148,32220,32234,15,LOADED_SCENE,552008,1079,1079,998,998,998,928,928,928,0,0,0,290384,250727,329447,4.69163,4.2579,5.5316
2149,32235,32249,15,LOADED_SCENE,552008,1079,1079,998,998,998,928,928,928,0,0,0,294168,242342,358790,4.72659,4.3868,5.7051
2150,32250,32264,15,LOADED_SCENE,552008,1079,1079,998,998,998,928,928,928,0,0,0,293598,238464,333535,4.36889,4.2364,4.781
2151,32265,32279,15,LOADED_SCENE,552008,1079,1079,998,998,998,928,928,928,0,0,0,282384,237583,349593,4.98142,4.4082,5.74
2152,32280,32294,15,LOADED_SCENE,552008,1079,1079,998,998,998,928,928,928,0,0,0,292332,248087,346774,5.06832,4.4764,5.9394
2153,32295,32309,15,LOADED_SCENE,552008,1079,1079,998,998,998,928,928,928,0,0,0,290587,254681,351162,5.04361,4.4199,6.7025
2154,32310,32324,15,LOADED_SCENE,552008,1079,1079,998,998,998,928,928,928,0,0,0,283382,243059,324635,5.03913,4.458,6.6311
2155,32325,32339,15,LOADED_SCENE,552008,1079,1079,998,998,998,928,928,928,0,0,0,290468,240328,362244,5.02975,4.3975,5.6924
2156,32340,32354,15,LOADED_SCENE,552008,1079,1079,998,998,998,928,928,928,0,0,0,288091,236770,362075,4.82163,4.3346,5.5287
2157,32355,32369,15,LOADED_SCENE,552008,1079,1079,998,998,998,928,928,928,0,0,0,303205,259624,359911,4.69736,4.2414,5.3939
2158,32370,32384,15,LOADED_SCENE,552008,1079,1079,998,998,998,928,928,928,0,0,0,302321,253190,359340,5.29353,4.411,7.4421
2159,32385,32399,15,LOADED_SCENE,552008,1079,1079,998,998,998,928,928,928,0,0,0,298904,254432,366621,4.91008,4.3051,5.8204
2160,32400,32414,15,LOADED_SCENE,552008,1079,1079,998,998,998,928,928,928,0,0,0,298275,241395,340366,4.81961,4.3707,6.0487
2161,32415,32429,15,LOADED_SCENE,552008,1079,1079,998,998,998,928,928,928,0,0,0,290228,242075,350460,5.34285,4.3029,9.2254
2162,32430,32444,15,LOADED_SCENE,552008,1079,1079,998,998,998,928,928,928,0,0,0,278015,256539,326617,4.60888,4.2062,5.4967
2163,32445,32459,15,LOADED_SCENE,552008,1079,1079,998,998,998,928,928,928,0,0,0,309888,245192,355778,4.86392,4.3875,5.5316
2164,32460,32474,15,LOADED_SCENE,552008,1079,1079,998,998,998,928,928,928,0,0,0,301909,263083,351073,4.90759,4.3915,5.836
2165,32475,32489,15,LOADED_SCENE,552008,1079,1079,998,998,998,928,928,928,0,0,0,295717,248667,333361,5.88723,4.7186,7.0448
2166,32490,32504,15,LOADED_SCENE,552008,1079,1079,998,998,998,928,928,928,0,0,0,288359,247542,359558,5.36946,4.5778,7.4247
2167,32505,32519,15,LOADED_SCENE,552008,1079,1079,998,998,998,928,928,928,0,0,0,285852,259478,326193,4.94991,4.4324,5.5121
2168,32520,32534,15,LOADED_SCENE,552008,1079,1079,998,998,998,928,928,928,0,0,0,290448,230973,359229,5.1479,4.499,6.3148
2169,32535,32549,15,LOADED_SCENE,552008,1079,1079,998,998,998,928,928,928,0,0,0,303338,245586,363021,4.62489,4.2206,5.18
2170,32550,32564,15,LOADED_SCENE,552008,1079,1079,998,998,998,928,928,928,0,0,0,287197,236807,359740,5.04451,4.5423,6.5567
2171,32565,32579,15,LOADED_SCENE,552008,1079,1079,998,998,998,928,928,928,0,0,0,275578,224704,318333,5.21662,4.3835,6.4185
2172,32580,32594,15,LOADED_SCENE,552008,1079,1079,998,998,998,928,928,928,0,0,0,297971,254242,365039,4.70431,4.3243,5.3137
2173,32595,32609,15,LOADED_SCENE,552008,1079,1079,998,998,998,928,928,928,0,0,0,310087,250206,361927,9.38445,4.4285,65.7481
2174,32610,32624,15,LOADED_SCENE,552008,1079,1079,998,998,998,928,928,928,0,0,0,312507,254828,359562,4.99112,4.4294,7.3329
2175,32625,32639,15,LOADED_SCENE,552008,1079,1079,998,998,998,928,928,928,0,0,0,300406,242662,357905,5.56047,4.7567,7.4381
2176,32640,32654,15,LOADED_SCENE,552008,1079,1079,998,998,998,928,928,928,0,0,0,288680,257619,341178,5.76446,5.3609,6.2916
2177,32655,32669,15,LOADED_SCENE,552008,1079,1079,998,998,998,928,928,928,0,0,0,309356,249792,362841,8.03938,4.5358,33.8446
2178,32670,32684,15,LOADED_SCENE,552008,1079,1079,998,998,998,928,928,928,0,0,0,310947,259567,362954,6.72027,5.0853,12.178
2179,32685,32699,15,LOADED_SCENE,552008,1079,1079,998,998,998,928,928,928,0,0,0,301342,226737,363165,6.02981,4.7808,7.8115
2180,32700,32714,15,LOADED_SCENE,552008,1079,1079,998,998,998,928,928,928,0,0,0,290077,257402,337065,5.83684,4.4432,7.2479
2181,32715,32729,15,LOADED_SCENE,552008,1079,1079,998,998,998,928,928,928,0,0,0,305531,256550,362866,5.38896,4.7063,6.3901
2182,32730,32744,15,LOADED_SCENE,552008,1079,1079,998,998,998,928,928,928,0,0,0,302402,251285,351662,6.52925,4.5702,7.8912
2183,32745,32759,15,LOADED_SCENE,552008,1079,1079,998,998,998,928,928,928,0,0,0,289334,253147,324402,5.62669,4.6473,7.5804
2184,32760,32774,15,LOADED_SCENE,552008,1079,1079,998,998,998,928,928,928,0,0,0,287779,249690,335638,5.28167,4.3848,6.3254
2185,32775,32789,15,LOADED_SCENE,552008,1079,1079,998,998,998,928,928,928,0,0,0,304284,251506,350880,5.52943,4.6703,6.5141
2186,32790,32804,15,LOADED_SCENE,552008,1079,1079,998,998,998,928,928,928,0,0,0,291179,245972,342823,5.13883,4.5212,6.0417
2187,32805,32819,15,LOADED_SCENE,552008,1079,1079,998,998,998,928,928,928,0,0,0,309939,244356,362590,4.93437,4.3698,7.3362
2188,32820,32834,15,LOADED_SCENE,552008,1079,1079,998,998,998,928,928,928,0,0,0,306449,247780,344092,4.55519,4.1994,5.6052
2189,32835,32849,15,LOADED_SCENE,552008,1079,1079,998,998,998,928,928,928,0,0,0,292065,261855,356608,4.66302,4.3352,5.5908
2190,32850,32864,15,LOADED_SCENE,552008,1079,1079,998,998,998,928,928,928,0,0,0,290765,258634,332483,5.09972,4.2788,8.3984
2191,32865,32879,15,LOADED_SCENE,552008,1079,1079,998,998,998,928,928,928,0,0,0,292949,244233,358887,6.65011,5.0989,9.7309
2192,32880,32894,15,LOADED_SCENE,552008,1079,1079,998,998,998,928,928,928,0,0,0,299785,252934,338059,5.56169,4.4385,7.289
2193,32895,32909,15,LOADED_SCENE,552008,1079,1079,998,998,998,928,928,928,0,0,0,294075,234639,344954,4.89257,4.4247,5.9653
2194,32910,32924,15,LOADED_SCENE,552008,1079,1079,998,998,998,928,928,928,0,0,0,300238,257025,328513,5.0447,4.531,6.1421
2195,32925,32939,15,LOADED_SCENE,552008,1079,1079,998,998,998,928,928,928,0,0,0,287503,250263,363767,4.81077,4.2859,5.738
2196,32940,32954,15,LOADED_SCENE,552008,1079,1079,998,998,998,928,928,928,0,0,0,301642,260737,349144,4.79946,4.2188,5.9565
2197,32955,32969,15,LOADED_SCENE,552008,1079,1079,998,998,998,928,928,928,0,0,0,294376,256533,363432,4.95749,4.3566,6.0137
2198,32970,32984,15,LOADED_SCENE,552008,1079,1079,998,998,998,928,928,928,0,0,0,293440,256726,324803,5.06106,4.3263,6.05
2199,32985,32999,15,LOADED_SCENE,552008,1079,1079,998,998,998,928,928,928,0,0,0,295556,261562,354758,7.42738,4.4696,21.7433
2200,33000,33014,15,LOADED_SCENE,552008,1079,1079,998,998,998,928,928,928,0,0,0,297273,255569,364748,5.24786,4.4177,6.4086
2201,33015,33029,15,LOADED_SCENE,552008,1079,1079,998,998,998,928,928,928,0,0,0,290344,252151,329848,4.88515,4.3783,5.6045
2202,33030,33044,15,LOADED_SCENE,552008,1079,1079,998,998,998,928,928,928,0,0,0,295755,258305,359791,4.95558,4.4818,5.9927
2203,33045,33059,15,LOADED_SCENE,552008,1079,1079,998,998,998,928,928,928,0,0,0,290941,260790,338772,5.00127,4.5036,5.7319
2204,33060,33074,15,LOADED_SCENE,552008,1079,1079,998,998,998,928,928,928,0,0,0,281834,252235,329808,6.86085,4.4511,16.6254
2205,33075,33089,15,LOADED_SCENE,552008,1079,1079,998,998,998,928,928,928,0,0,0,304555,241495,351177,5.31469,4.4798,7.103
2206,33090,33104,15,LOADED_SCENE,552008,1079,1079,998,998,998,928,928,928,0,0,0,296293,251333,360831,4.85087,4.2703,6.788
2207,33105,33119,15,LOADED_SCENE,552008,1079,1079,998,998,998,928,928,928,0,0,0,291539,256858,364141,4.78537,4.3753,5.6121
2208,33120,33134,15,LOADED_SCENE,552008,1079,1079,998,998,998,928,928,928,0,0,0,289745,251779,340377,5.62778,4.2873,7.08
2209,33135,33149,15,LOADED_SCENE,552008,1079,1079,998,998,998,928,928,928,0,0,0,297172,249266,365948,4.98363,4.3769,6.0488
2210,33150,33164,15,LOADED_SCENE,552008,1079,1079,998,998,998,928,928,928,0,0,0,306039,246670,354459,4.97156,4.4075,5.683
2211,33165,33179,15,LOADED_SCENE,552008,1079,1079,998,998,998,928,928,928,0,0,0,303973,261532,362220,5.23421,4.858,5.7709
2212,33180,33194,15,LOADED_SCENE,552008,1079,1079,998,998,998,928,928,928,0,0,0,296714,259900,340982,5.66959,4.7964,7.0516
2213,33195,33209,15,LOADED_SCENE,552008,1079,1079,998,998,998,928,928,928,0,0,0,281631,250164,330478,6.71953,5.4322,8.51
2214,33210,33224,15,LOADED_SCENE,552008,1079,1079,998,998,998,928,928,928,0,0,0,304304,252018,359983,6.21617,4.7822,7.4723
2215,33225,33239,15,LOADED_SCENE,552008,1079,1079,878.467,835,998,776.933,722,928,0,0,0,239054,179343,335455,4.71207,3.9673,5.2623
2216,33240,33254,15,LOADED_SCENE,552008,1079,1079,835,835,835,722,722,722,0,0,0,213218,183948,243769,4.62595,4.0332,5.2042
2217,33255,33269,15,LOADED_SCENE,552008,1079,1079,656.333,567,835,588.667,522,722,0,0,0,157325,118088,235633,4.24078,3.5434,5.2727
2218,33270,33284,15,LOADED_SCENE,552008,1079,1079,567,567,567,522,522,522,0,0,0,127511,120939,133654,3.87262,3.5448,4.7342
2219,33285,33299,15,LOADED_SCENE,552008,1079,1079,567,567,567,522,522,522,0,0,0,127164,119428,135768,3.85793,3.52,4.633
2220,33300,33314,15,LOADED_SCENE,552008,1079,1079,629,629,629,510,510,510,0,0,0,134186,106967,143326,3.8314,3.4459,4.635
2221,33315,33329,15,LOADED_SCENE,552008,1079,1079,629,629,629,510,510,510,0,0,0,138588,125498,143120,3.89763,3.486,4.6932
2222,33330,33344,15,LOADED_SCENE,552008,1079,1079,741.8,629,911,571.6,510,664,0,0,0,162306,113484,206090,3.99875,3.51,4.6214
2223,33345,33359,15,LOADED_SCENE,552008,1079,1079,911,911,911,664,664,664,0,0,0,190166,176923,210465,4.2323,3.8676,5.3594
2224,33360,33374,15,LOADED_SCENE,552008,1079,1079,911,911,911,664,664,664,0,0,0,193226,172018,211514,4.27716,3.8625,5.0142
2225,33375,33389,15,LOADED_SCENE,552008,1079,1079,1028.87,911,1047,833.867,664,860,0,0,0,251261,179356,286491,4.75079,4.3301,6.0253
2226,33390,33404,15,LOADED_SCENE,552008,1079,1079,1047,1047,1047,860,860,860,0,0,0,260870,207247,300870,4.75286,4.301,5.7011
2227,33405,33419,15,LOADED_SCENE,552008,1079,1079,1039,1032,1047,865.867,860,871,0,0,0,267471,227466,292430,4.62535,4.3392,5.1774
2228,33420,33434,15,LOADED_SCENE,552008,1079,1079,1032,1032,1032,871,871,871,0,0,0,271546,235080,297627,4.81199,4.3382,5.8124
2229,33435,33449,15,LOADED_SCENE,552008,1079,1079,1012,882,1032,843.533,665,871,0,0,0,257034,184959,304266,4.65333,3.8793,5.2596
2230,33450,33464,15,LOADED_SCENE,552008,1079,1079,882,882,882,665,665,665,0,0,0,194093,172742,202482,4.382,3.8177,5.2754
2231,33465,33479,15,LOADED_SCENE,552008,1079,1079,882,882,882,665,665,665,0,0,0,187943,152806,202990,4.13025,3.8172,4.7276
2232,33480,33494,15,LOADED_SCENE,552008,1079,1079,664.933,586,882,535.2,488,665,0,0,0,139241,103426,205489,4.00625,3.4971,4.9191
2233,33495,33509,15,LOADED_SCENE,552008,1079,1079,586,586,586,488,488,488,0,0,0,121096,112849,124855,3.98596,3.6233,4.8927
2234,33510,33524,15,LOADED_SCENE,552008,1079,1079,586,586,586,488,488,488,0,0,0,120717,107957,124906,3.85279,3.4807,4.9284
2235,33525,33539,15,LOADED_SCENE,552008,1079,1079,635.4,586,643,533.067,488,540,0,0,0,149341,108726,160919,3.87435,3.526,4.4769
2236,33540,33554,15,LOADED_SCENE,552008,1079,1079,643,643,643,540,540,540,0,0,0,156346,150009,159103,3.89861,3.5755,4.8078
2237,33555,33569,15,LOADED_SCENE,552008,1079,1079,643,643,643,540,540,540,0,0,0,151502,113557,158648,3.75445,3.5422,4.1321
2238,33570,33584,15,LOADED_SCENE,552008,1079,1079,825.6,643,892,651.467,540,692,0,0,0,208444,150132,238734,4.03359,3.6922,4.5873
2239,33585,33599,15,LOADED_SCENE,552008,1079,1079,892,892,892,692,692,692,0,0,0,227492,195290,241239,4.60211,3.7914,6.0498
2240,33600,33614,15,LOADED_SCENE,552008,1079,1079,901.8,892,1039,703.333,692,862,0,0,0,229028,212579,258363,4.26579,3.8902,4.8771
2241,33615,33629,15,LOADED_SCENE,552008,1079,1079,1039,1039,1039,862,862,862,0,0,0,268738,216089,303685,4.61676,4.1505,5.7688
2242,33630,33644,15,LOADED_SCENE,552008,1079,1079,1039,1039,1039,862,862,862,0,0,0,264363,230415,292832,4.56839,4.2399,5.5731
2243,33645,33659,15,LOADED_SCENE,552008,1079,1079,1039,1039,1039,862,862,862,0,0,0,280516,261530,311226,4.52879,4.1333,5.1105
2244,33660,33674,15,LOADED_SCENE,552008,1079,1079,1046.8,1039,1052,865.6,862,868,0,0,0,266986,228797,289610,4.67055,4.2941,5.1198
2245,33675,33689,15,LOADED_SCENE,552008,1079,1079,1052,1052,1052,868,868,868,0,0,0,274313,252190,293690,4.54322,4.2589,5.3188
2246,33690,33704,15,LOADED_SCENE,552008,1079,1079,1052,1052,1052,868,868,868,0,0,0,263998,236204,287808,4.85831,4.2401,6.4086
2247,33705,33719,15,LOADED_SCENE,552008,1079,1079,1052,1052,1052,868,868,868,0,0,0,263235,231825,293294,4.56833,4.217,5.3099
2248,33720,33734,15,LOADED_SCENE,552008,1079,1079,1052,1052,1052,868,868,868,0,0,0,273695,239504,315227,5.03653,4.356,5.8797
2249,33735,33749,15,LOADED_SCENE,552008,1079,1079,1052,1052,1052,868,868,868,0,0,0,274536,240420,303582,5.45356,4.4868,6.4438
2250,33750,33764,15,LOADED_SCENE,552008,1079,1079,1052,1052,1052,868,868,868,0,0,0,262843,229676,290786,4.88188,4.1507,6.1334
2251,33765,33779,15,LOADED_SCENE,552008,1079,1079,1052,1052,1052,868,868,868,0,0,0,262743,231376,284507,5.42895,4.5126,6.8786
2252,33780,33794,15,LOADED_SCENE,552008,1079,1079,1052,1052,1052,868,868,868,0,0,0,267951,232736,306492,6.89657,5.2067,11.7992
2253,33795,33809,15,LOADED_SCENE,552008,1079,1079,1052,1052,1052,868,868,868,0,0,0,254246,218500,288017,5.51119,4.3898,7.4201
2254,33810,33824,15,LOADED_SCENE,552008,1079,1079,1052,1052,1052,868,868,868,0,0,0,269187,247102,322091,4.92283,4.2605,5.5958
2255,33825,33839,15,LOADED_SCENE,552008,1079,1079,1052,1052,1052,868,868,868,0,0,0,266545,251302,284595,4.73168,4.2006,5.4004
2256,33840,33854,15,LOADED_SCENE,552008,1079,1079,1052,1052,1052,868,868,868,0,0,0,267645,220208,308125,4.75324,4.2088,5.543
2257,33855,33869,15,LOADED_SCENE,552008,1079,1079,1052,1052,1052,868,868,868,0,0,0,268605,233616,303157,5.13315,4.5974,6.1457
2258,33870,33884,15,LOADED_SCENE,552008,1079,1079,1052,1052,1052,868,868,868,0,0,0,273418,232599,293976,4.69712,4.2032,6.2408
2259,33885,33899,15,LOADED_SCENE,552008,1079,1079,1052,1052,1052,868,868,868,0,0,0,269936,241889,319489,5.57917,4.547,8.4916
2260,33900,33914,15,LOADED_SCENE,552008,1079,1079,1052,1052,1052,868,868,868,0,0,0,275753,260647,294966,5.07591,4.3975,5.8995
2261,33915,33929,15,LOADED_SCENE,552008,1079,1079,1052,1052,1052,868,868,868,0,0,0,271224,242848,305397,5.30632,4.4347,6.823
2262,33930,33944,15,LOADED_SCENE,552008,1079,1079,1052,1052,1052,868,868,868,0,0,0,280651,261650,318807,5.00698,4.4339,5.8544
2263,33945,33959,15,LOADED_SCENE,552008,1079,1079,1052,1052,1052,868,868,868,0,0,0,270859,229305,300506,4.94084,4.3722,6.2414
2264,33960,33974,15,LOADED_SCENE,552008,1079,1079,1052,1052,1052,868,868,868,0,0,0,271097,210887,321299,12.8957,5.0895,55.9477
2265,33975,33989,15,LOADED_SCENE,552008,1079,1079,1052,1052,1052,868,868,868,0,0,0,269318,254777,289100,8.90325,5.7009,15.3347
2266,33990,34004,15,LOADED_SCENE,552008,1079,1079,1052,1052,1052,868,868,868,0,0,0,265096,240617,278716,6.60673,5.5129,8.7846
2267,34005,34019,15,LOADED_SCENE,552008,1079,1079,1052,1052,1052,868,868,868,0,0,0,265591,237806,282602,6.39658,4.6956,8.64
2268,34020,34034,15,LOADED_SCENE,552008,1079,1079,1052,1052,1052,868,868,868,0,0,0,272743,244883,317390,7.51217,5.0406,12.9377
2269,34035,34049,15,LOADED_SCENE,552008,1079,1079,1052,1052,1052,868,868,868,0,0,0,262651,223072,292094,7.37916,4.6095,20.2859
2270,34050,34064,15,LOADED_SCENE,552008,1079,1079,1052,1052,1052,868,868,868,0,0,0,270150,236307,298002,6.17136,5.0693,7.424
2271,34065,34079,15,LOADED_SCENE,552008,1079,1079,1052,1052,1052,868,868,868,0,0,0,271432,236196,294053,4.77105,4.0938,6.1569
2272,34080,34094,15,LOADED_SCENE,552008,1079,1079,1052,1052,1052,868,868,868,0,0,0,269884,234741,310545,5.6235,4.3453,6.6583
2273,34095,34109,15,LOADED_SCENE,552008,1079,1079,1052,1052,1052,868,868,868,0,0,0,275680,237247,295786,5.2424,4.2159,7.683
2274,34110,34124,15,LOADED_SCENE,552008,1079,1079,1052,1052,1052,868,868,868,0,0,0,274211,246908,299559,5.19465,4.421,7.2171
2275,34125,34139,15,LOADED_SCENE,552008,1079,1079,1052,1052,1052,868,868,868,0,0,0,266533,242005,286267,5.03423,4.2724,7.0651
2276,34140,34154,15,LOADED_SCENE,552008,1079,1079,1052,1052,1052,868,868,868,0,0,0,272573,220980,315119,4.84169,4.3339,5.682
2277,34155,34169,15,LOADED_SCENE,552008,1079,1079,1052,1052,1052,868,868,868,0,0,0,271751,239852,302352,4.63967,4.185,5.5692
2278,34170,34184,15,LOADED_SCENE,552008,1079,1079,1052,1052,1052,868,868,868,0,0,0,265323,227890,301790,5.51755,4.7439,6.7802
2279,34185,34199,15,LOADED_SCENE,552008,1079,1079,1052,1052,1052,868,868,868,0,0,0,273958,252792,312127,5.33916,4.6428,7.2398
2280,34200,34214,15,LOADED_SCENE,552008,1079,1079,1052,1052,1052,868,868,868,0,0,0,274442,234061,305807,5.25153,4.4168,6.3806
2281,34215,34229,15,LOADED_SCENE,552008,1079,1079,1052,1052,1052,868,868,868,0,0,0,281174,253793,306415,4.93439,4.3792,6.3459
2282,34230,34244,15,LOADED_SCENE,552008,1079,1079,1052,1052,1052,868,868,868,0,0,0,277467,233849,304875,4.53003,4.3494,4.8786
2283,34245,34259,15,LOADED_SCENE,552008,1079,1079,1052,1052,1052,868,868,868,0,0,0,275373,232117,327506,4.7165,4.2424,5.5318
2284,34260,34274,15,LOADED_SCENE,552008,1079,1079,1052,1052,1052,868,868,868,0,0,0,273917,229094,316097,4.49629,4.1794,5.1718
2285,34275,34289,15,LOADED_SCENE,552008,1079,1079,1052,1052,1052,868,868,868,0,0,0,259350,230156,306534,6.22643,4.2997,13.4245
2286,34290,34304,15,LOADED_SCENE,552008,1079,1079,1052,1052,1052,868,868,868,0,0,0,259634,224154,290980,4.87351,4.243,5.8286
2287,34305,34319,15,LOADED_SCENE,552008,1079,1079,1052,1052,1052,868,868,868,0,0,0,272554,250789,303886,4.60195,4.2073,5.26
2288,34320,34334,15,LOADED_SCENE,552008,1079,1079,1052,1052,1052,868,868,868,0,0,0,276583,256465,315796,4.39351,4.1958,5.0988
2289,34335,34349,15,LOADED_SCENE,552008,1079,1079,1052,1052,1052,868,868,868,0,0,0,268298,252990,284353,4.47779,4.1982,5.1908
2290,34350,34364,15,LOADED_SCENE,552008,1079,1079,1052,1052,1052,868,868,868,0,0,0,271791,241479,303162,4.49487,4.2124,5.0651
2291,34365,34379,15,LOADED_SCENE,552008,1079,1079,1052,1052,1052,868,868,868,0,0,0,265008,238924,286093,4.42395,4.2123,4.9628
2292,34380,34394,15,LOADED_SCENE,552008,1079,1079,1052,1052,1052,868,868,868,0,0,0,263181,237618,299320,4.45859,4.1833,5.108
2293,34395,34409,15,LOADED_SCENE,552008,1079,1079,1052,1052,1052,868,868,868,0,0,0,269236,218982,312700,5.51457,4.2319,18.1404
2294,34410,34424,15,LOADED_SCENE,552008,1079,1079,1052,1052,1052,868,868,868,0,0,0,269427,242360,309858,84.4963,4.467,1183.45
2295,34425,34439,15,LOADED_SCENE,552008,1079,1079,1052,1052,1052,868,868,868,0,0,0,276212,242675,314139,5.4728,4.5389,11.997
2296,34440,34454,15,LOADED_SCENE,552008,1079,1079,1052,1052,1052,868,868,868,0,0,0,268405,222423,289973,67.1912,4.3265,886.508
2297,34455,34469,15,LOADED_SCENE,552008,1079,1079,1052,1052,1052,868,868,868,0,0,0,270761,239596,306514,54.1156,4.5626,694.738
2298,34470,34484,15,LOADED_SCENE,552008,1079,1079,1052,1052,1052,868,868,868,0,0,0,274940,249671,305366,31.5461,4.3631,377.762
2299,34485,34499,15,LOADED_SCENE,552008,1079,1079,1052,1052,1052,868,868,868,0,0,0,264692,237508,295664,35.6533,4.3087,445.148
2300,34500,34514,15,LOADED_SCENE,552008,1079,1079,1052,1052,1052,868,868,868,0,0,0,272042,252160,315080,30.0536,4.3666,367.85
2301,34515,34529,15,LOADED_SCENE,552008,1079,1079,1052,1052,1052,868,868,868,0,0,0,264648,221312,291297,5.53398,4.3413,14.6867
2302,34530,34544,15,LOADED_SCENE,552008,1079,1079,1052,1052,1052,868,868,868,0,0,0,274237,246295,323142,42.4801,4.4279,529.917
2303,34545,34559,15,LOADED_SCENE,552008,1079,1079,1052,1052,1052,868,868,868,0,0,0,267479,237018,295010,19.9211,4.3591,218.187
2304,34560,34574,15,LOADED_SCENE,552008,1079,1079,1052,1052,1052,868,868,868,0,0,0,272058,231234,316145,19.4944,4.5074,211.457
2305,34575,34589,15,LOADED_SCENE,552008,1079,1079,1052,1052,1052,868,868,868,0,0,0,272818,245370,300018,19.6021,4.4893,209.004
2306,34590,34604,15,LOADED_SCENE,552008,1079,1079,1052,1052,1052,868,868,868,0,0,0,271930,224338,315841,21.4877,4.3829,238.297
2307,34605,34619,15,LOADED_SCENE,552008,1079,1079,1052,1052,1052,868,868,868,0,0,0,268638,226476,298420,5.3106,4.458,8.713
2308,34620,34634,15,LOADED_SCENE,552008,1079,1079,1052,1052,1052,868,868,868,0,0,0,277733,235252,305026,21.6318,4.4969,242.64
2309,34635,34649,15,LOADED_SCENE,552008,1079,1079,1052,1052,1052,868,868,868,0,0,0,267610,241731,288040,19.3526,4.4162,208.651
2310,34650,34664,15,LOADED_SCENE,552008,1079,1079,1052,1052,1052,868,868,868,0,0,0,270726,234599,315627,20.6008,4.4608,228.741
2311,34665,34679,15,LOADED_SCENE,552008,1079,1079,1052,1052,1052,868,868,868,0,0,0,273323,235356,313934,19.9181,4.4766,217.496
2312,34680,34694,15,LOADED_SCENE,552008,1079,1079,1052,1052,1052,868,868,868,0,0,0,267145,241793,309077,20.6127,4.454,212.32
2313,34695,34709,15,LOADED_SCENE,552008,1079,1079,1052,1052,1052,868,868,868,0,0,0,275359,230568,304737,5.09289,4.4758,6.3832
2314,34710,34724,15,LOADED_SCENE,552008,1079,1079,1052,1052,1052,868,868,868,0,0,0,273420,227158,301417,25.6363,4.3189,255.785
2315,34725,34739,15,LOADED_SCENE,552008,1079,1079,1052,1052,1052,868,868,868,0,0,0,269714,221958,293149,32.1881,4.7038,367.075
2316,34740,34754,15,LOADED_SCENE,552008,1079,1079,1052,1052,1052,868,868,868,0,0,0,268287,243511,293769,33.9018,4.3978,413.844
2317,34755,34769,15,LOADED_SCENE,552008,1079,1079,1052,1052,1052,868,868,868,0,0,0,269292,238737,313281,31.5675,4.3152,366.578
2318,34770,34784,15,LOADED_SCENE,552008,1079,1079,1052,1052,1052,868,868,868,0,0,0,263908,229192,299272,32.3168,4.3376,367.678
2319,34785,34799,15,LOADED_SCENE,552008,1079,1079,1052,1052,1052,868,868,868,0,0,0,269063,243265,314647,4.75007,4.4514,5.2312
2320,34800,34814,15,LOADED_SCENE,552008,1079,1079,1052,1052,1052,868,868,868,0,0,0,272524,238362,325278,23.1264,4.5417,266.663
2321,34815,34829,15,LOADED_SCENE,552008,1079,1079,1052,1052,1052,868,868,868,0,0,0,271640,223758,318609,26.0923,4.436,253.161
2322,34830,34844,15,LOADED_SCENE,552008,1079,1079,1052,1052,1052,868,868,868,0,0,0,278277,257123,318338,37.7438,4.4846,445.363
2323,34845,34859,15,LOADED_SCENE,552008,1079,1079,1052,1052,1052,868,868,868,0,0,0,273607,227643,301050,38.0232,4.4983,451.754
2324,34860,34874,15,LOADED_SCENE,552008,1079,1079,1052,1052,1052,868,868,868,0,0,0,275404,237316,303585,37.6668,4.6054,420.414
2325,34875,34889,15,LOADED_SCENE,552008,1079,1079,1052,1052,1052,868,868,868,0,0,0,274143,237459,313087,4.85122,4.3544,5.5234
2326,34890,34904,15,LOADED_SCENE,552008,1079,1079,1052,1052,1052,868,868,868,0,0,0,271782,216284,290809,29.1618,4.3853,304.801
2327,34905,34919,15,LOADED_SCENE,552008,1079,1079,1052,1052,1052,868,868,868,0,0,0,277683,234021,327820,38.5875,4.4916,455.419
2328,34920,34934,15,LOADED_SCENE,552008,1079,1079,1052,1052,1052,868,868,868,0,0,0,256727,230539,288042,36.7885,4.3886,430.153
2329,34935,34949,15,LOADED_SCENE,552008,1079,1079,1052,1052,1052,868,868,868,0,0,0,282404,253215,314392,26.7543,4.364,296.729
2330,34950,34964,15,LOADED_SCENE,552008,1079,1079,1052,1052,1052,868,868,868,0,0,0,263137,227531,306750,41.2018,4.4167,467.814
2331,34965,34979,15,LOADED_SCENE,552008,1079,1079,1052,1052,1052,868,868,868,0,0,0,276277,237384,315593,4.8607,4.518,6.5871
2332,34980,34994,15,LOADED_SCENE,552008,1079,1079,1052,1052,1052,868,868,868,0,0,0,270231,233776,305423,23.0148,4.597,261.952
2333,34995,35009,15,LOADED_SCENE,552008,1079,1079,1052,1052,1052,868,868,868,0,0,0,267690,226771,320159,31.3015,4.4746,312.79
2334,35010,35024,15,LOADED_SCENE,552008,1079,1079,1052,1052,1052,868,868,868,0,0,0,270522,240368,288856,34.6922,4.5245,432.931
2335,35025,35039,15,LOADED_SCENE,552008,1079,1079,1052,1052,1052,868,868,868,0,0,0,264304,239173,281490,26.7665,4.3498,313.299
2336,35040,35054,15,LOADED_SCENE,552008,1079,1079,1052,1052,1052,868,868,868,0,0,0,271450,237212,298570,26.7213,4.3856,283.361
2337,35055,35069,15,LOADED_SCENE,552008,1079,1079,1052,1052,1052,868,868,868,0,0,0,275709,235149,306716,5.23714,4.5389,7.28
2338,35070,35084,15,LOADED_SCENE,552008,1079,1079,1052,1052,1052,868,868,868,0,0,0,268565,243749,302212,23.0392,4.5491,240.658
2339,35085,35099,15,LOADED_SCENE,552008,1079,1079,1052,1052,1052,868,868,868,0,0,0,275015,243441,313801,24.2576,4.4342,270.225
2340,35100,35114,15,LOADED_SCENE,552008,1079,1079,1052,1052,1052,868,868,868,0,0,0,259773,218039,289807,87.4282,4.5094,1178.76
2341,35115,35129,15,LOADED_SCENE,552008,1079,1079,1052,1052,1052,868,868,868,0,0,0,271074,247405,293938,7.08177,4.1557,29.7803
2342,35130,35144,15,LOADED_SCENE,552008,1079,1079,1052,1052,1052,868,868,868,0,0,0,269642,248704,309412,6.22283,4.3109,30.2634
2343,35145,35159,15,LOADED_SCENE,552008,1079,1079,1052,1052,1052,868,868,868,0,0,0,272510,241106,306414,4.58066,4.3419,5.0351
2344,35160,35174,15,LOADED_SCENE,552008,1079,1079,1052,1052,1052,868,868,868,0,0,0,263527,238676,297127,4.616,4.2868,5.4338
2345,35175,35189,15,LOADED_SCENE,552008,1079,1079,1052,1052,1052,868,868,868,0,0,0,267503,222335,316558,4.50301,4.293,4.9482
2346,35190,35204,15,LOADED_SCENE,552008,1079,1079,1052,1052,1052,868,868,868,0,0,0,270273,224688,295903,4.60169,4.3203,5.1285
2347,35205,35219,15,LOADED_SCENE,552008,1079,1079,1052,1052,1052,868,868,868,0,0,0,279600,238890,308754,4.76589,4.4448,5.2279
2348,35220,35234,15,LOADED_SCENE,552008,1079,1079,1052,1052,1052,868,868,868,0,0,0,269166,241748,289475,5.19174,4.5367,6.3139
2349,35235,35249,15,LOADED_SCENE,552008,1079,1079,1052,1052,1052,868,868,868,0,0,0,269037,217870,314324,5.65245,4.5982,7.8674
2350,35250,35264,15,LOADED_SCENE,552008,1079,1079,1052,1052,1052,868,868,868,0,0,0,268231,240877,293981,5.2459,4.2952,7.4596
2351,35265,35279,15,LOADED_SCENE,552008,1079,1079,1052,1052,1052,868,868,868,0,0,0,270559,227696,304020,5.74983,4.4031,20.1895
2352,35280,35294,15,LOADED_SCENE,552008,1079,1079,1052,1052,1052,868,868,868,0,0,0,273215,222867,312523,4.68687,4.3609,5.257
2353,35295,35309,15,LOADED_SCENE,552008,1079,1079,1052,1052,1052,868,868,868,0,0,0,261344,232049,284030,5.40551,4.5164,7.9946
2354,35310,35324,15,LOADED_SCENE,552008,1079,1079,1052,1052,1052,868,868,868,0,0,0,270478,244210,310754,5.04225,4.3739,7.7239
2355,35325,35339,15,LOADED_SCENE,552008,1079,1079,1052,1052,1052,868,868,868,0,0,0,267263,244078,294121,4.68995,4.3589,5.3185
2356,35340,35354,15,LOADED_SCENE,552008,1079,1079,1052,1052,1052,868,868,868,0,0,0,261796,220187,291757,6.06481,4.442,21.5268
2357,35355,35369,15,LOADED_SCENE,552008,1079,1079,1052,1052,1052,868,868,868,0,0,0,272768,250138,313212,5.07293,4.3078,5.7136
2358,35370,35384,15,LOADED_SCENE,552008,1079,1079,1052,1052,1052,868,868,868,0,0,0,266111,237994,292295,4.84255,4.4784,5.5152
2359,35385,35399,15,LOADED_SCENE,552008,1079,1079,1052,1052,1052,868,868,868,0,0,0,271379,228527,306599,5.71063,4.5679,7.3469
2360,35400,35414,15,LOADED_SCENE,552008,1079,1079,1052,1052,1052,868,868,868,0,0,0,274064,223079,298435,5.89878,4.6737,8.8873
2361,35415,35429,15,LOADED_SCENE,552008,1079,1079,1052,1052,1052,868,868,868,0,0,0,280897,253939,313881,4.88031,4.2857,5.8527
2362,35430,35444,15,LOADED_SCENE,552008,1079,1079,1052,1052,1052,868,868,868,0,0,0,271593,219322,314948,4.55173,4.2612,5.2196
2363,35445,35459,15,LOADED_SCENE,552008,1079,1079,1052,1052,1052,868,868,868,0,0,0,274528,238592,320737,4.67267,4.356,5.4086
2364,35460,35474,15,LOADED_SCENE,552008,1079,1079,1052,1052,1052,868,868,868,0,0,0,262566,218626,295170,4.4765,4.2982,5.1376
2365,35475,35489,15,LOADED_SCENE,552008,1079,1079,1052,1052,1052,868,868,868,0,0,0,270165,238728,295014,4.45181,4.2766,4.8032
2366,35490,35504,15,LOADED_SCENE,552008,1079,1079,1052,1052,1052,868,868,868,0,0,0,262130,243813,285736,4.94751,4.3595,7.0013
2367,35505,35519,15,LOADED_SCENE,552008,1079,1079,1052,1052,1052,868,868,868,0,0,0,268543,237635,295278,4.87903,4.3574,6.163
2368,35520,35534,15,LOADED_SCENE,552008,1079,1079,1052,1052,1052,868,868,868,0,0,0,265778,237850,287934,5.01139,4.3861,5.907
2369,35535,35549,15,LOADED_SCENE,552008,1079,1079,1052,1052,1052,868,868,868,0,0,0,259069,236439,289808,5.46103,4.3228,18.6303
2370,35550,35564,15,LOADED_SCENE,552008,1079,1079,1052,1052,1052,868,868,868,0,0,0,264329,232580,304586,4.66977,4.3561,5.6746
2371,35565,35579,15,LOADED_SCENE,552008,1079,1079,1052,1052,1052,868,868,868,0,0,0,272532,224204,321031,5.78484,4.3884,19.6664
2372,35580,35594,15,LOADED_SCENE,552008,1079,1079,1052,1052,1052,868,868,868,0,0,0,264227,223183,293314,4.61545,4.3408,5.1289
2373,35595,35609,15,LOADED_SCENE,552008,1079,1079,1052,1052,1052,868,868,868,0,0,0,267853,223285,294029,5.4431,5.1094,6.0969
2374,35610,35624,15,LOADED_SCENE,552008,1079,1079,1052,1052,1052,868,868,868,0,0,0,275543,249823,317626,4.72765,4.4471,5.5397
2375,35625,35639,15,LOADED_SCENE,552008,1079,1079,1052,1052,1052,868,868,868,0,0,0,267739,231676,305525,4.7718,4.3262,5.4173
2376,35640,35654,15,LOADED_SCENE,552008,1079,1079,1052,1052,1052,868,868,868,0,0,0,277621,255585,312329,4.52042,4.2921,5.391
2377,35655,35669,15,LOADED_SCENE,552008,1079,1079,1052,1052,1052,868,868,868,0,0,0,271744,242872,293460,4.79997,4.3458,6.2428
2378,35670,35684,15,LOADED_SCENE,552008,1079,1079,1052,1052,1052,868,868,868,0,0,0,267042,243102,286816,4.90784,4.3638,6.6248
2379,35685,35699,15,LOADED_SCENE,552008,1079,1079,1052,1052,1052,868,868,868,0,0,0,268888,221547,287992,4.95063,4.4614,6.2592
2380,35700,35714,15,LOADED_SCENE,552008,1079,1079,1052,1052,1052,868,868,868,0,0,0,270506,228690,307000,5.49429,5.0285,7.0762
2381,35715,35729,15,LOADED_SCENE,552008,1079,1079,1052,1052,1052,868,868,868,0,0,0,269645,217043,298194,7.78131,4.8824,23.4473
2382,35730,35744,15,LOADED_SCENE,552008,1079,1079,1052,1052,1052,868,868,868,0,0,0,280136,253863,316566,4.91725,4.434,5.8279
2383,35745,35759,15,LOADED_SCENE,552008,1079,1079,1052,1052,1052,868,868,868,0,0,0,268912,238100,311384,5.92546,4.6882,13.5346
2384,35760,35774,15,LOADED_SCENE,552008,1079,1079,1052,1052,1052,868,868,868,0,0,0,267347,218015,307177,4.78199,4.2903,6.2078
2385,35775,35789,15,LOADED_SCENE,552008,1079,1079,1052,1052,1052,868,868,868,0,0,0,269525,241706,311679,4.92349,4.4251,6.1495
2386,35790,35804,15,LOADED_SCENE,552008,1079,1079,1052,1052,1052,868,868,868,0,0,0,264941,223010,310850,4.80353,4.5006,5.2475
2387,35805,35819,15,LOADED_SCENE,552008,1079,1079,1052,1052,1052,868,868,868,0,0,0,270845,236691,304393,4.73823,4.2623,5.184
2388,35820,35834,15,LOADED_SCENE,552008,1079,1079,1052,1052,1052,868,868,868,0,0,0,270130,243394,306465,4.84467,4.4425,5.5519
2389,35835,35849,15,LOADED_SCENE,552008,1079,1079,1052,1052,1052,868,868,868,0,0,0,276258,240589,319553,4.97667,4.4153,5.58
2390,35850,35864,15,LOADED_SCENE,552008,1079,1079,1052,1052,1052,868,868,868,0,0,0,267167,209089,312440,4.8624,4.2547,6.0221
2391,35865,35879,15,LOADED_SCENE,552008,1079,1079,1052,1052,1052,868,868,868,0,0,0,268611,240144,301790,5.90281,4.5733,15.7001
2392,35880,35894,15,LOADED_SCENE,552008,1079,1079,1052,1052,1052,868,868,868,0,0,0,266636,237893,300161,4.97985,4.3249,6.9348
2393,35895,35909,15,LOADED_SCENE,552008,1079,1079,1052,1052,1052,868,868,868,0,0,0,262669,225869,299283,4.56677,4.2651,4.9599
2394,35910,35924,15,LOADED_SCENE,552008,1079,1079,1052,1052,1052,868,868,868,0,0,0,265214,237868,292391,4.46226,4.2172,5.2478
2395,35925,35939,15,LOADED_SCENE,552008,1079,1079,1052,1052,1052,868,868,868,0,0,0,260866,220784,285758,4.77801,4.2703,6.3132
2396,35940,35954,15,LOADED_SCENE,552008,1079,1079,1052,1052,1052,868,868,868,0,0,0,278402,262355,310263,4.57521,4.2979,5.1752
2397,35955,35969,15,LOADED_SCENE,552008,1079,1079,1052,1052,1052,868,868,868,0,0,0,272117,255869,304616,4.57941,4.3981,5.3479
2398,35970,35984,15,LOADED_SCENE,552008,1079,1079,1052,1052,1052,868,868,868,0,0,0,270580,244558,304561,4.70141,4.331,5.4433
2399,35985,35999,15,LOADED_SCENE,552008,1079,1079,1030.53,891,1052,835.333,623,868,0,0,0,253015,201179,292790,4.60279,3.9315,5.7234
2400,36000,36014,15,LOADED_SCENE,552008,1079,1079,891,891,891,623,623,623,0,0,0,205074,193739,211734,4.0879,3.836,4.5342
2401,36015,36029,15,LOADED_SCENE,552008,1079,1079,891,891,891,623,623,623,0,0,0,205901,193302,217928,4.14329,3.866,4.7921
2402,36030,36044,15,LOADED_SCENE,552008,1079,1079,891,891,891,623,623,623,0,0,0,201679,188507,213634,4.11365,3.8271,4.7648
2403,36045,36059,15,LOADED_SCENE,552008,1079,1079,891,891,891,623,623,623,0,0,0,204451,180683,214089,4.42893,3.9573,5.9379
2404,36060,36074,15,LOADED_SCENE,552008,1079,1079,891,891,891,623,623,623,0,0,0,203916,153539,214483,4.22517,3.8836,4.8338
2405,36075,36089,15,LOADED_SCENE,552008,1079,1079,891,891,891,623,623,623,0,0,0,202398,191869,210903,4.20905,3.8618,5.0948
2406,36090,36104,15,LOADED_SCENE,552008,1079,1079,891,891,891,623,623,623,0,0,0,203908,194428,211146,4.1109,3.8716,4.7601
2407,36105,36119,15,LOADED_SCENE,552008,1079,1079,848.6,573,891,602.733,471,623,0,0,0,194419,132756,212990,4.13741,3.6356,4.7448
2408,36120,36134,15,LOADED_SCENE,552008,1079,1079,601,573,865,498.6,471,701,0,0,0,134838,103037,203875,3.87441,3.5953,4.3719
2409,36135,36149,15,LOADED_SCENE,552008,1079,1079,941.733,865,1003,799.6,701,870,0,0,0,246540,186953,304502,4.37647,4.1052,4.946
2410,36150,36164,15,LOADED_SCENE,552008,1079,1079,842.533,539,1003,671.867,458,849,0,0,0,200104,113357,288613,4.13291,3.5065,5.0352
2411,36165,36179,15,LOADED_SCENE,552008,1079,1079,626.667,539,802,553.333,458,744,0,0,0,152109,112197,233293,3.80159,3.4496,4.5361
2412,36180,36194,15,LOADED_SCENE,552008,1079,1079,1001.27,802,1075,962.333,744,1039,0,0,0,306909,231672,395017,4.44481,3.9796,6.6195
2413,36195,36209,15,LOADED_SCENE,552008,1079,1079,1059.6,1039,1078,1009.6,968,1047,0,0,0,313104,251495,446238,4.51102,3.9534,5.3024
2414,36210,36224,15,LOADED_SCENE,552008,1079,1079,794.467,755,829,701.2,666,732,0,0,0,197332,151992,231091,4.09579,3.7018,4.8937
2415,36225,36239,15,LOADED_SCENE,552008,1079,1079,829,829,829,732,732,732,0,0,0,211338,189586,230196,4.28289,3.7915,4.9527
2416,36240,36254,15,LOADED_SCENE,552008,1079,1079,829,829,829,732,732,732,0,0,0,214996,194136,230480,4.32136,3.7215,5.5617
2417,36255,36269,15,LOADED_SCENE,552008,1079,1079,829,829,829,732,732,732,0,0,0,222343,199874,235813,5.02117,3.7073,8.2218
2418,36270,36284,15,LOADED_SCENE,552008,1079,1079,972,829,1024,807.533,732,835,0,0,0,265582,208510,297841,6.58646,5.3567,9.6534
2419,36285,36299,15,LOADED_SCENE,552008,1079,1079,1024,1024,1024,835,835,835,0,0,0,275352,243077,295691,5.36167,3.8805,8.6191
2420,36300,36314,15,LOADED_SCENE,552008,1079,1079,1030.93,1024,1076,844.733,835,908,0,0,0,288626,257601,380421,5.4226,4.0838,7.6177
2421,36315,36329,15,LOADED_SCENE,552008,1079,1079,1076,1076,1076,908,908,908,0,0,0,329683,296158,354201,4.4709,3.9313,5.3771
2422,36330,36344,15,LOADED_SCENE,552008,1079,1079,1076,1076,1076,908,908,908,0,0,0,324754,299071,354281,4.40295,3.9635,5.43
2423,36345,36359,15,LOADED_SCENE,552008,1079,1079,1076,1076,1076,908,908,908,0,0,0,335009,304485,354185,4.38337,3.8276,5.4287
2424,36360,36374,15,LOADED_SCENE,552008,1079,1079,1076,1076,1076,908,908,908,0,0,0,329251,275203,361562,4.3122,3.9152,5.4661
2425,36375,36389,15,LOADED_SCENE,552008,1079,1079,1077.6,1076,1079,908,908,908,0,0,0,337747,300240,363150,4.38203,3.9816,6.0197
2426,36390,36404,15,LOADED_SCENE,552008,1079,1079,1079,1079,1079,908,908,908,0,0,0,337681,281019,370398,4.36988,3.9311,5.6404
2427,36405,36419,15,LOADED_SCENE,552008,1079,1079,1079,1079,1079,908,908,908,0,0,0,333949,308292,360400,4.36099,3.9892,6.0623
2428,36420,36434,15,LOADED_SCENE,552008,1079,1079,1079,1079,1079,908,908,908,0,0,0,335208,304826,366286,4.23909,3.9822,4.7304
2429,36435,36449,15,LOADED_SCENE,552008,1079,1079,1079,1079,1079,908,908,908,0,0,0,342167,315522,360561,4.34954,3.997,5.7545
2430,36450,36464,15,LOADED_SCENE,552008,1079,1079,1079,1079,1079,908,908,908,0,0,0,337477,310760,363276,4.27454,3.9479,4.9706
2431,36465,36479,15,LOADED_SCENE,552008,1079,1079,1079,1079,1079,908,908,908,0,0,0,340981,316805,367979,4.47273,4.0014,5.6359
2432,36480,36494,15,LOADED_SCENE,552008,1079,1079,1079,1079,1079,908,908,908,0,0,0,329212,286961,365787,4.26769,3.9904,4.9259
2433,36495,36509,15,LOADED_SCENE,552008,1079,1079,1079,1079,1079,908,908,908,0,0,0,328710,279872,370067,4.35849,3.9779,5.4075
2434,36510,36524,15,LOADED_SCENE,552008,1079,1079,1079,1079,1079,908,908,908,0,0,0,348046,329887,380215,4.33609,3.9905,4.7803
2435,36525,36539,15,LOADED_SCENE,552008,1079,1079,1079,1079,1079,908,908,908,0,0,0,327820,272655,356620,4.35016,4.013,5.4764
2436,36540,36554,15,LOADED_SCENE,552008,1079,1079,1079,1079,1079,908,908,908,0,0,0,332056,310185,362891,4.31705,3.9049,4.9302
2437,36555,36569,15,LOADED_SCENE,552008,1079,1079,1079,1079,1079,908,908,908,0,0,0,337683,298309,359085,4.4373,3.9607,5.7876
2438,36570,36584,15,LOADED_SCENE,552008,1079,1079,1079,1079,1079,908,908,908,0,0,0,331414,297943,360615,4.40001,3.9958,5.5519
2439,36585,36599,15,LOADED_SCENE,552008,1079,1079,1079,1079,1079,908,908,908,0,0,0,333774,292873,363003,4.2493,3.9258,4.8553
2440,36600,36614,15,LOADED_SCENE,552008,1079,1079,1079,1079,1079,908,908,908,0,0,0,336568,311088,354192,4.36421,3.9983,5.4718
2441,36615,36629,15,LOADED_SCENE,552008,1079,1079,1079,1079,1079,908,908,908,0,0,0,341064,308380,371666,4.24021,4.0024,4.793
2442,36630,36644,15,LOADED_SCENE,552008,1079,1079,1079,1079,1079,908,908,908,0,0,0,333805,311613,358749,4.54849,3.993,6.0297
2443,36645,36659,15,LOADED_SCENE,552008,1079,1079,1079,1079,1079,908,908,908,0,0,0,337024,282629,363528,5.9556,4.3184,19.2028
2444,36660,36674,15,LOADED_SCENE,552008,1079,1079,1079,1079,1079,908,908,908,0,0,0,338902,296097,377136,95.6335,4.1539,1302.02
2445,36675,36689,15,LOADED_SCENE,552008,1079,1079,1079,1079,1079,908,908,908,0,0,0,339269,318858,356954,76.7772,4.2903,1042.26
2446,36690,36704,15,LOADED_SCENE,552008,1079,1079,1079,1079,1079,908,908,908,0,0,0,332887,302564,383844,40.2514,4.1217,517.869
2447,36705,36719,15,LOADED_SCENE,552008,1079,1079,1079,1079,1079,908,908,908,0,0,0,332541,305919,362421,8.99556,4.1062,32.5884
2448,36720,36734,15,LOADED_SCENE,552008,1079,1079,1079,1079,1079,908,908,908,0,0,0,333307,286996,360078,48.6111,4.2145,617.819
2449,36735,36749,15,LOADED_SCENE,552008,1079,1079,1079,1079,1079,908,908,908,0,0,0,334291,301481,397159,42.3454,4.0898,509.368
2450,36750,36764,15,LOADED_SCENE,552008,1079,1079,1079,1079,1079,908,908,908,0,0,0,325606,299166,356527,34.7965,4.3431,435.23
2451,36765,36779,15,LOADED_SCENE,552008,1079,1079,1079,1079,1079,908,908,908,0,0,0,329484,265683,360856,42.3568,4.3481,502.922
2452,36780,36794,15,LOADED_SCENE,552008,1079,1079,1079,1079,1079,908,908,908,0,0,0,344192,311326,374742,35.5263,4.3898,379.008
2453,36795,36809,15,LOADED_SCENE,552008,1079,1079,1079,1079,1079,908,908,908,0,0,0,332145,311255,363321,6.71344,4.1334,32.2305
2454,36810,36824,15,LOADED_SCENE,552008,1079,1079,1079,1079,1079,908,908,908,0,0,0,344388,298249,377025,27.8398,4.0626,302.221
2455,36825,36839,15,LOADED_SCENE,552008,1079,1079,1079,1079,1079,908,908,908,0,0,0,340364,305926,369991,27.7535,4.2092,298
2456,36840,36854,15,LOADED_SCENE,552008,1079,1079,1079,1079,1079,908,908,908,0,0,0,333024,299916,362259,25.9804,4.0738,300.627
2457,36855,36869,15,LOADED_SCENE,552008,1079,1079,1079,1079,1079,908,908,908,0,0,0,339958,319078,361375,26.7952,4.1647,287.563
2458,36870,36884,15,LOADED_SCENE,552008,1079,1079,1079,1079,1079,908,908,908,0,0,0,338254,307220,367525,24.4748,4.1362,270.29
2459,36885,36899,15,LOADED_SCENE,552008,1079,1079,1079,1079,1079,908,908,908,0,0,0,333965,277710,360638,9.49341,4.117,31.5729
2460,36900,36914,15,LOADED_SCENE,552008,1079,1079,1079,1079,1079,908,908,908,0,0,0,341833,308606,362430,32.5872,4.0847,391.52
2461,36915,36929,15,LOADED_SCENE,552008,1079,1079,1079,1079,1079,908,908,908,0,0,0,336693,313913,362461,37.6766,4.1613,370.021
2462,36930,36944,15,LOADED_SCENE,552008,1079,1079,1079,1079,1079,908,908,908,0,0,0,331237,289454,363038,45.877,4.2488,495.102
2463,36945,36959,15,LOADED_SCENE,552008,1079,1079,1079,1079,1079,908,908,908,0,0,0,332535,292669,364484,44.7249,4.1772,477.17
2464,36960,36974,15,LOADED_SCENE,552008,1079,1079,1079,1079,1079,908,908,908,0,0,0,327614,287393,361618,30.6122,4.1252,355.791
2465,36975,36989,15,LOADED_SCENE,552008,1079,1079,1079,1079,1079,908,908,908,0,0,0,328332,276628,371504,7.151,4.1447,42.5082
2466,36990,37004,15,LOADED_SCENE,552008,1079,1079,1079,1079,1079,908,908,908,0,0,0,337034,313914,372754,40.9112,4.1791,497.95
2467,37005,37019,15,LOADED_SCENE,552008,1079,1079,1079,1079,1079,908,908,908,0,0,0,337704,285714,364165,40.5222,4.2587,473.391
2468,37020,37034,15,LOADED_SCENE,552008,1079,1079,1079,1079,1079,908,908,908,0,0,0,339567,281748,369026,37.8369,4.2301,426.759
2469,37035,37049,15,LOADED_SCENE,552008,1079,1079,1079,1079,1079,908,908,908,0,0,0,332039,287946,355134,39.2819,4.0965,470.187
2470,37050,37064,15,LOADED_SCENE,552008,1079,1079,1079,1079,1079,908,908,908,0,0,0,334364,303787,358681,24.0266,4.3727,291.993
2471,37065,37079,15,LOADED_SCENE,552008,1079,1079,1079,1079,1079,908,908,908,0,0,0,337275,302450,366070,5.98213,4.0009,25.0186
2472,37080,37094,15,LOADED_SCENE,552008,1079,1079,1079,1079,1079,908,908,908,0,0,0,345382,300039,374985,31.2892,4.2562,379.675
2473,37095,37109,15,LOADED_SCENE,552008,1079,1079,1079,1079,1079,908,908,908,0,0,0,329788,267126,371226,25.6971,4.3428,278.117
2474,37110,37124,15,LOADED_SCENE,552008,1079,1079,1079,1079,1079,908,908,908,0,0,0,335902,290195,358663,38.9384,4.1434,453.6
2475,37125,37139,15,LOADED_SCENE,552008,1079,1079,1079,1079,1079,908,908,908,0,0,0,333943,290504,364290,37.9181,4.1169,441.601
2476,37140,37154,15,LOADED_SCENE,552008,1079,1079,1079,1079,1079,908,908,908,0,0,0,338843,296664,379767,35.8243,4.1809,434.609
2477,37155,37169,15,LOADED_SCENE,552008,1079,1079,1079,1079,1079,908,908,908,0,0,0,337778,312144,362544,6.69778,4.2062,35.1392
2478,37170,37184,15,LOADED_SCENE,552008,1079,1079,1079,1079,1079,908,908,908,0,0,0,332117,280512,364007,31.3222,4.3134,372.339
2479,37185,37199,15,LOADED_SCENE,552008,1079,1079,1079,1079,1079,908,908,908,0,0,0,345479,310308,370168,37.9024,4.1903,440.814
2480,37200,37214,15,LOADED_SCENE,552008,1079,1079,1079,1079,1079,908,908,908,0,0,0,337569,293693,371490,27.8251,4.2684,332.048
2481,37215,37229,15,LOADED_SCENE,552008,1079,1079,1079,1079,1079,908,908,908,0,0,0,334558,269966,355120,29.0077,4.3183,326.847
2482,37230,37244,15,LOADED_SCENE,552008,1079,1079,1079,1079,1079,908,908,908,0,0,0,333647,293335,361409,35.3267,4.2473,427.881
2483,37245,37259,15,LOADED_SCENE,552008,1079,1079,1079,1079,1079,908,908,908,0,0,0,337643,290722,365306,6.11109,4.2927,25.3184
2484,37260,37274,15,LOADED_SCENE,552008,1079,1079,1079,1079,1079,908,908,908,0,0,0,335804,303496,363343,25.6373,4.2168,281.199
2485,37275,37289,15,LOADED_SCENE,552008,1079,1079,1079,1079,1079,908,908,908,0,0,0,343460,321972,380127,31.2126,4.2305,378.14
2486,37290,37304,15,LOADED_SCENE,552008,1079,1079,1079,1079,1079,908,908,908,0,0,0,330359,291548,357328,21.2491,4.181,224.814
2487,37305,37319,15,LOADED_SCENE,552008,1079,1079,1079,1079,1079,908,908,908,0,0,0,333738,269803,375328,21.0573,4.177,234.261
2488,37320,37334,15,LOADED_SCENE,552008,1079,1079,1079,1079,1079,908,908,908,0,0,0,330971,287438,360848,18.1226,4.2635,205.615
2489,37335,37349,15,LOADED_SCENE,552008,1079,1079,1079,1079,1079,908,908,908,0,0,0,341577,293238,376292,7.01299,4.2718,35.8013
2490,37350,37364,15,LOADED_SCENE,552008,1079,1079,1079,1079,1079,908,908,908,0,0,0,333661,288360,349466,111.607,4.0967,1603.73
2491,37365,37379,15,LOADED_SCENE,552008,1079,1079,1079,1079,1079,908,908,908,0,0,0,334657,303030,362332,9.07264,4.1716,31.2931
2492,37380,37394,15,LOADED_SCENE,552008,1079,1079,1079,1079,1079,908,908,908,0,0,0,331791,290435,363257,4.50177,4.1526,4.9785
2493,37395,37409,15,LOADED_SCENE,552008,1079,1079,1079,1079,1079,908,908,908,0,0,0,327630,292566,396961,4.61731,4.1945,5.6842
2494,37410,37424,15,LOADED_SCENE,552008,1079,1079,1079,1079,1079,908,908,908,0,0,0,334637,311310,359214,4.51363,4.1762,5.1318
2495,37425,37439,15,LOADED_SCENE,552008,1079,1079,1079,1079,1079,908,908,908,0,0,0,352185,326260,369392,4.78833,4.5053,5.2829
2496,37440,37454,15,LOADED_SCENE,552008,1079,1079,1079,1079,1079,908,908,908,0,0,0,336503,309688,361080,5.07899,4.504,6.6837
2497,37455,37469,15,LOADED_SCENE,552008,1079,1079,1079,1079,1079,908,908,908,0,0,0,335403,300385,368882,5.04143,4.5358,5.6523
2498,37470,37484,15,LOADED_SCENE,552008,1079,1079,1079,1079,1079,908,908,908,0,0,0,335908,319678,364668,5.09573,4.484,5.9716
2499,37485,37499,15,LOADED_SCENE,552008,1079,1079,1079,1079,1079,908,908,908,0,0,0,336419,272728,363066,5.25205,4.8186,6.1566
2500,37500,37514,15,LOADED_SCENE,552008,1079,1079,1079,1079,1079,908,908,908,0,0,0,341756,293316,374767,4.91449,4.5166,5.5736
2501,37515,37529,15,LOADED_SCENE,552008,1079,1079,1079,1079,1079,908,908,908,0,0,0,327616,285786,359620,4.67096,4.4187,5.3614
2502,37530,37544,15,LOADED_SCENE,552008,1079,1079,1079,1079,1079,908,908,908,0,0,0,340262,293545,379167,4.48279,4.188,4.9028
2503,37545,37559,15,LOADED_SCENE,552008,1079,1079,1079,1079,1079,908,908,908,0,0,0,339205,316439,361847,4.42121,4.1801,5.3568
2504,37560,37574,15,LOADED_SCENE,552008,1079,1079,1079,1079,1079,908,908,908,0,0,0,336390,304726,385164,4.40897,4.0784,4.7859
2505,37575,37589,15,LOADED_SCENE,552008,1079,1079,1079,1079,1079,908,908,908,0,0,0,332771,271806,376273,4.52197,4.2923,4.9763
2506,37590,37604,15,LOADED_SCENE,552008,1079,1079,1079,1079,1079,908,908,908,0,0,0,327266,299515,365988,4.54737,4.2431,5.3093
2507,37605,37619,15,LOADED_SCENE,552008,1079,1079,1079,1079,1079,908,908,908,0,0,0,322157,282620,350854,4.48009,4.2273,5.0829
2508,37620,37634,15,LOADED_SCENE,552008,1079,1079,1079,1079,1079,908,908,908,0,0,0,327789,292088,363739,4.42755,4.2011,5.2818
2509,37635,37649,15,LOADED_SCENE,552008,1079,1079,1079,1079,1079,908,908,908,0,0,0,338364,295815,364290,4.48994,4.2247,4.8145
2510,37650,37664,15,LOADED_SCENE,552008,1079,1079,1079,1079,1079,908,908,908,0,0,0,341779,309354,373279,4.48383,4.2658,4.8221
2511,37665,37679,15,LOADED_SCENE,552008,1079,1079,1079,1079,1079,908,908,908,0,0,0,336329,302927,360678,4.57821,4.183,5.0425
2512,37680,37694,15,LOADED_SCENE,552008,1079,1079,1079,1079,1079,908,908,908,0,0,0,335988,282628,364140,4.46267,4.2175,4.8587
2513,37695,37709,15,LOADED_SCENE,552008,1079,1079,1079,1079,1079,908,908,908,0,0,0,342062,308690,387002,4.44598,4.1719,5.1428
2514,37710,37724,15,LOADED_SCENE,552008,1079,1079,1079,1079,1079,908,908,908,0,0,0,331305,288249,362134,5.20939,4.304,6.4139
2515,37725,37739,15,LOADED_SCENE,552008,1079,1079,1079,1079,1079,908,908,908,0,0,0,346776,312750,377167,5.36297,4.3716,6.3423
2516,37740,37754,15,LOADED_SCENE,552008,1079,1079,1079,1079,1079,908,908,908,0,0,0,336050,289584,371695,4.61634,4.2529,5.6082
2517,37755,37769,15,LOADED_SCENE,552008,1079,1079,1079,1079,1079,908,908,908,0,0,0,335461,310873,351519,5.51753,4.5622,6.1897
2518,37770,37784,15,LOADED_SCENE,552008,1079,1079,1079,1079,1079,908,908,908,0,0,0,344556,296217,381788,5.72663,5.3116,6.6978
2519,37785,37799,15,LOADED_SCENE,552008,1079,1079,1079,1079,1079,908,908,908,0,0,0,340934,307174,375849,5.60982,5.2616,6.3074
2520,37800,37814,15,LOADED_SCENE,552008,1079,1079,1079,1079,1079,908,908,908,0,0,0,337599,270480,364595,5.5989,5.2005,6.577
2521,37815,37829,15,LOADED_SCENE,552008,1079,1079,1079,1079,1079,908,908,908,0,0,0,346434,293471,376424,5.40291,4.2469,6.3406
2522,37830,37844,15,LOADED_SCENE,552008,1079,1079,1079,1079,1079,908,908,908,0,0,0,330956,285325,368644,4.39428,3.9307,4.933
2523,37845,37859,15,LOADED_SCENE,552008,1079,1079,1079,1079,1079,908,908,908,0,0,0,321951,295249,354678,4.57822,4.2344,5.1985
2524,37860,37874,15,LOADED_SCENE,552008,1079,1079,1079,1079,1079,908,908,908,0,0,0,341362,296004,381536,4.59526,4.2945,5.3301
2525,37875,37889,15,LOADED_SCENE,552008,1079,1079,1079,1079,1079,908,908,908,0,0,0,339360,292068,367204,4.45581,4.062,5.0168
2526,37890,37904,15,LOADED_SCENE,552008,1079,1079,1079,1079,1079,908,908,908,0,0,0,343325,307488,366258,4.53921,4.1806,4.9335
2527,37905,37919,15,LOADED_SCENE,552008,1079,1079,1079,1079,1079,908,908,908,0,0,0,330086,272030,366089,4.50276,4.0545,5.2944
2528,37920,37934,15,LOADED_SCENE,552008,1079,1079,1079,1079,1079,908,908,908,0,0,0,333549,284583,365002,5.0011,4.2254,6.2649
2529,37935,37949,15,LOADED_SCENE,552008,1079,1079,1079,1079,1079,908,908,908,0,0,0,346595,305304,377875,4.75091,4.2753,5.6447
2530,37950,37964,15,LOADED_SCENE,552008,1079,1079,1079,1079,1079,908,908,908,0,0,0,336760,305160,394073,5.15765,4.3351,6.5911
2531,37965,37979,15,LOADED_SCENE,552008,1079,1079,1079,1079,1079,908,908,908,0,0,0,340336,279115,362647,4.71496,4.2658,5.958
2532,37980,37994,15,LOADED_SCENE,552008,1079,1079,1079,1079,1079,908,908,908,0,0,0,329687,295231,347717,5.02288,4.2141,7.4325
2533,37995,38009,15,LOADED_SCENE,552008,1079,1079,1079,1079,1079,908,908,908,0,0,0,338720,307833,368431,4.49711,4.2436,5.2682
2534,38010,38024,15,LOADED_SCENE,552008,1079,1079,1079,1079,1079,908,908,908,0,0,0,347109,318883,385943,4.48079,4.1571,5.1741
2535,38025,38039,15,LOADED_SCENE,552008,1079,1079,1079,1079,1079,908,908,908,0,0,0,337360,295771,369125,5.10952,4.3939,6.1271
2536,38040,38054,15,LOADED_SCENE,552008,1079,1079,1079,1079,1079,908,908,908,0,0,0,335967,313467,366614,4.5421,4.2923,5.0756
2537,38055,38069,15,LOADED_SCENE,552008,1079,1079,1079,1079,1079,908,908,908,0,0,0,337008,301544,366872,4.57542,4.1794,5.1094
2538,38070,38084,15,LOADED_SCENE,552008,1079,1079,1079,1079,1079,908,908,908,0,0,0,341041,307724,367588,4.80999,4.2114,5.62
2539,38085,38099,15,LOADED_SCENE,552008,1079,1079,1079,1079,1079,908,908,908,0,0,0,343248,301337,363628,4.3576,3.9429,5.3187
2540,38100,38114,15,LOADED_SCENE,552008,1079,1079,1079,1079,1079,908,908,908,0,0,0,342732,315393,364348,5.04616,4.3896,6.9822
2541,38115,38129,15,LOADED_SCENE,552008,1079,1079,1079,1079,1079,908,908,908,0,0,0,343709,270856,362367,5.06879,4.4397,8.0838
2542,38130,38144,15,LOADED_SCENE,552008,1079,1079,1079,1079,1079,908,908,908,0,0,0,332990,293476,363579,4.79289,4.4157,5.6055
2543,38145,38159,15,LOADED_SCENE,552008,1079,1079,1079,1079,1079,908,908,908,0,0,0,335180,301782,359586,4.62083,4.1427,5.289
2544,38160,38174,15,LOADED_SCENE,552008,1079,1079,1079,1079,1079,908,908,908,0,0,0,349980,306619,378425,4.8444,4.2932,5.1985
2545,38175,38189,15,LOADED_SCENE,552008,1079,1079,1079,1079,1079,908,908,908,0,0,0,340791,313132,366097,9.56529,4.8099,30.0572
2546,38190,38204,15,LOADED_SCENE,552008,1079,1079,1079,1079,1079,908,908,908,0,0,0,336795,298381,363487,7.43598,4.4108,11.4672
2547,38205,38219,15,LOADED_SCENE,552008,1079,1079,1079,1079,1079,908,908,908,0,0,0,333256,304930,355622,4.50915,3.9139,5.9447
2548,38220,38234,15,LOADED_SCENE,552008,1079,1079,1079,1079,1079,908,908,908,0,0,0,340040,281906,364196,4.57306,4.2776,5.1441
2549,38235,38249,15,LOADED_SCENE,552008,1079,1079,1079,1079,1079,908,908,908,0,0,0,343997,316691,390057,5.32111,4.2145,6.5032
2550,38250,38264,15,LOADED_SCENE,552008,1079,1079,1079,1079,1079,908,908,908,0,0,0,341186,305918,362689,4.78708,4.3172,5.8408
2551,38265,38279,15,LOADED_SCENE,552008,1079,1079,1079,1079,1079,908,908,908,0,0,0,338973,299000,358092,4.40717,4.1393,4.7192
2552,38280,38294,15,LOADED_SCENE,552008,1079,1079,1079,1079,1079,908,908,908,0,0,0,335013,306051,353970,4.38265,4.1357,4.7689
2553,38295,38309,15,LOADED_SCENE,552008,1079,1079,1079,1079,1079,908,908,908,0,0,0,339336,310050,362455,4.58831,4.1199,5.3429
2554,38310,38324,15,LOADED_SCENE,552008,1079,1079,1079,1079,1079,908,908,908,0,0,0,333255,264935,368713,4.38671,4.0691,5.0348
2555,38325,38339,15,LOADED_SCENE,552008,1079,1079,1079,1079,1079,908,908,908,0,0,0,332261,300945,355861,4.61534,4.3225,5.0389
2556,38340,38354,15,LOADED_SCENE,552008,1079,1079,1079,1079,1079,908,908,908,0,0,0,335195,310198,371949,4.5396,4.2805,4.7655
2557,38355,38369,15,LOADED_SCENE,552008,1079,1079,1079,1079,1079,908,908,908,0,0,0,337419,288484,366288,4.56807,4.0633,5.2796
2558,38370,38384,15,LOADED_SCENE,552008,1079,1079,1079,1079,1079,908,908,908,0,0,0,343710,306346,365391,4.51068,4.1478,5.0798
2559,38385,38399,15,LOADED_SCENE,552008,1079,1079,1079,1079,1079,908,908,908,0,0,0,335609,297754,353933,4.58545,4.2627,5.6293
2560,38400,38414,15,LOADED_SCENE,552008,1079,1079,1079,1079,1079,908,908,908,0,0,0,337055,296355,375736,4.40173,4.2495,4.6371
2561,38415,38429,15,LOADED_SCENE,552008,1079,1079,1079,1079,1079,908,908,908,0,0,0,329809,282852,357730,4.35364,3.9787,4.9755
2562,38430,38444,15,LOADED_SCENE,552008,1079,1079,1079,1079,1079,908,908,908,0,0,0,336914,309111,362384,4.58947,4.2506,5.8626
2563,38445,38459,15,LOADED_SCENE,552008,1079,1079,1079,1079,1079,908,908,908,0,0,0,339483,301199,377854,4.46523,4.1721,5.064
2564,38460,38474,15,LOADED_SCENE,552008,1079,1079,1079,1079,1079,908,908,908,0,0,0,343671,310293,370351,4.47824,4.1429,5.4425
2565,38475,38489,15,LOADED_SCENE,552008,1079,1079,1079,1079,1079,908,908,908,0,0,0,331612,308609,355254,4.51543,4.1239,5.4771
2566,38490,38504,15,LOADED_SCENE,552008,1079,1079,1079,1079,1079,908,908,908,0,0,0,340021,281042,368640,4.58772,4.2315,5.474
2567,38505,38519,15,LOADED_SCENE,552008,1079,1079,1079,1079,1079,908,908,908,0,0,0,341475,309872,370385,4.48361,4.2,5.1893
2568,38520,38534,15,LOADED_SCENE,552008,1079,1079,1079,1079,1079,908,908,908,0,0,0,338592,316535,357836,4.78347,4.3584,5.2761
2569,38535,38549,15,LOADED_SCENE,552008,1079,1079,1079,1079,1079,908,908,908,0,0,0,336726,292930,370910,4.50776,4.2055,4.9834
2570,38550,38564,15,LOADED_SCENE,552008,1079,1079,1079,1079,1079,908,908,908,0,0,0,336629,299975,372946,4.73681,4.172,5.6584
2571,38565,38579,15,LOADED_SCENE,552008,1079,1079,1079,1079,1079,908,908,908,0,0,0,334852,307035,370066,4.35043,4.0879,4.7846
2572,38580,38594,15,LOADED_SCENE,552008,1079,1079,1079,1079,1079,908,908,908,0,0,0,329542,310481,362741,4.44927,3.9902,4.9148
2573,38595,38609,15,LOADED_SCENE,552008,1079,1079,1079,1079,1079,908,908,908,0,0,0,340805,296398,363822,4.31272,4.0089,4.9887
2574,38610,38624,15,LOADED_SCENE,552008,1079,1079,1079,1079,1079,908,908,908,0,0,0,344978,320958,366814,4.40906,4.0627,5.1487
2575,38625,38639,15,LOADED_SCENE,552008,1079,1079,1079,1079,1079,908,908,908,0,0,0,341040,309964,363399,4.45605,4.1298,4.9703
2576,38640,38654,15,LOADED_SCENE,552008,1079,1079,1079,1079,1079,908,908,908,0,0,0,338711,319433,355018,4.34831,4.0087,4.8107
2577,38655,38669,15,LOADED_SCENE,552008,1079,1079,1079,1079,1079,908,908,908,0,0,0,340073,306795,357861,4.43775,4.2047,4.8797
2578,38670,38684,15,LOADED_SCENE,552008,1079,1079,1079,1079,1079,908,908,908,0,0,0,345111,316315,373893,4.49381,4.1416,4.9072
2579,38685,38699,15,LOADED_SCENE,552008,1079,1079,1079,1079,1079,908,908,908,0,0,0,323324,286196,357924,4.40692,4.051,5.3117
2580,38700,38714,15,LOADED_SCENE,552008,1079,1079,1079,1079,1079,908,908,908,0,0,0,341199,320803,358524,5.11071,4.2229,6.4422
2581,38715,38729,15,LOADED_SCENE,552008,1079,1079,1079,1079,1079,908,908,908,0,0,0,330367,294679,356652,4.43729,4.194,4.8195
2582,38730,38744,15,LOADED_SCENE,552008,1079,1079,1079,1079,1079,908,908,908,0,0,0,340952,279242,361964,4.33236,4.0046,4.9034
2583,38745,38759,15,LOADED_SCENE,552008,1079,1079,1079,1079,1079,908,908,908,0,0,0,342239,292675,364376,4.35051,3.9386,5.379
2584,38760,38774,15,LOADED_SCENE,552008,1079,1079,1079,1079,1079,908,908,908,0,0,0,332029,308698,347638,4.44357,4.1793,4.9466
2585,38775,38789,15,LOADED_SCENE,552008,1079,1079,1079,1079,1079,908,908,908,0,0,0,335174,299418,372057,4.60005,4.1313,5.4435
2586,38790,38804,15,LOADED_SCENE,552008,1079,1079,1079,1079,1079,908,908,908,0,0,0,336524,285274,369929,4.46729,4.1727,5.5746
2587,38805,38819,15,LOADED_SCENE,552008,1079,1079,1079,1079,1079,908,908,908,0,0,0,337448,282557,363615,4.34628,4.1407,4.7807
2588,38820,38834,15,LOADED_SCENE,552008,1079,1079,1079,1079,1079,908,908,908,0,0,0,339170,271778,367566,4.4641,4.1127,5.2838
2589,38835,38849,15,LOADED_SCENE,552008,1079,1079,1079,1079,1079,908,908,908,0,0,0,333845,290364,365172,4.39225,4.1301,4.7347
2590,38850,38864,15,LOADED_SCENE,552008,1079,1079,1079,1079,1079,908,908,908,0,0,0,344637,305415,377492,4.40753,4.052,4.984
2591,38865,38879,15,LOADED_SCENE,552008,1079,1079,1079,1079,1079,908,908,908,0,0,0,336781,273023,366472,4.47348,4.0768,5.2153
2592,38880,38894,15,LOADED_SCENE,552008,1079,1079,1079,1079,1079,908,908,908,0,0,0,333814,299911,368286,4.32053,4.0455,4.9594
2593,38895,38909,15,LOADED_SCENE,552008,1079,1079,1079,1079,1079,908,908,908,0,0,0,329407,281744,368810,4.30696,4.023,4.8768
2594,38910,38924,15,LOADED_SCENE,552008,1079,1079,1079,1079,1079,908,908,908,0,0,0,336722,294548,394221,4.47551,4.0524,6.1301
2595,38925,38939,15,LOADED_SCENE,552008,1079,1079,1079,1079,1079,908,908,908,0,0,0,333510,287063,362394,4.38418,4.14,5.0471
2596,38940,38954,15,LOADED_SCENE,552008,1079,1079,1079,1079,1079,908,908,908,0,0,0,328836,276283,353898,4.24574,3.9935,4.5318
2597,38955,38969,15,LOADED_SCENE,552008,1079,1079,1079,1079,1079,908,908,908,0,0,0,332076,303942,361495,4.24275,4.0666,4.7399
2598,38970,38984,15,LOADED_SCENE,552008,1079,1079,1079,1079,1079,908,908,908,0,0,0,345521,312156,374195,4.24679,4.0427,4.9285
2599,38985,38999,15,LOADED_SCENE,552008,1079,1079,1079,1079,1079,908,908,908,0,0,0,329681,294170,382256,4.92303,4.0178,6.0548
2600,39000,39014,15,LOADED_SCENE,552008,1079,1079,1079,1079,1079,908,908,908,0,0,0,333439,279095,368161,4.28877,4.0437,5.2991
2601,39015,39029,15,LOADED_SCENE,552008,1079,1079,1079,1079,1079,908,908,908,0,0,0,339591,274407,370086,4.31436,4.084,4.6887
2602,39030,39044,15,LOADED_SCENE,552008,1079,1079,1079,1079,1079,908,908,908,0,0,0,335758,298368,381076,4.32174,4.0639,4.9155
2603,39045,39059,15,LOADED_SCENE,552008,1079,1079,1079,1079,1079,908,908,908,0,0,0,335983,286871,359834,4.22656,4.0553,4.6689
2604,39060,39074,15,LOADED_SCENE,552008,1079,1079,1079,1079,1079,908,908,908,0,0,0,336207,283099,357341,4.17201,3.9504,4.6984
2605,39075,39089,15,LOADED_SCENE,552008,1079,1079,1079,1079,1079,908,908,908,0,0,0,341467,303440,376067,4.29653,4.1057,4.7319
2606,39090,39104,15,LOADED_SCENE,552008,1079,1079,1079,1079,1079,908,908,908,0,0,0,338569,310984,359803,4.23892,3.8583,5.3334
2607,39105,39119,15,LOADED_SCENE,552008,1079,1079,1079,1079,1079,908,908,908,0,0,0,331907,302408,353339,4.17657,4.0448,4.4921
2608,39120,39134,15,LOADED_SCENE,552008,1079,1079,1079,1079,1079,908,908,908,0,0,0,336014,309339,358207,4.22579,4.0492,4.7773
2609,39135,39149,15,LOADED_SCENE,552008,1079,1079,1079,1079,1079,908,908,908,0,0,0,342374,298038,383740,4.33345,4.1167,4.99
2610,39150,39164,15,LOADED_SCENE,552008,1079,1079,1079,1079,1079,908,908,908,0,0,0,334884,300074,359555,4.26031,4.0718,4.9025
2611,39165,39179,15,LOADED_SCENE,552008,1079,1079,1079,1079,1079,908,908,908,0,0,0,339930,314621,373851,4.24699,4.0405,4.782
2612,39180,39194,15,LOADED_SCENE,552008,1079,1079,1079,1079,1079,908,908,908,0,0,0,336018,277735,363314,5.95205,4.8125,15.9705
2613,39195,39209,15,LOADED_SCENE,552008,1079,1079,1079,1079,1079,908,908,908,0,0,0,331772,291670,375030,5.09001,4.044,6.6607
2614,39210,39224,15,LOADED_SCENE,552008,1079,1079,1079,1079,1079,908,908,908,0,0,0,330904,271976,364690,4.21519,3.9749,4.8647
2615,39225,39239,15,LOADED_SCENE,552008,1079,1079,1079,1079,1079,908,908,908,0,0,0,329110,275751,360091,4.22387,4.0795,4.5979
2616,39240,39254,15,LOADED_SCENE,552008,1079,1079,1079,1079,1079,908,908,908,0,0,0,331527,290247,369788,4.16954,4.0421,4.4823
2617,39255,39269,15,LOADED_SCENE,552008,1079,1079,1079,1079,1079,908,908,908,0,0,0,338834,292675,388992,4.54112,4.1008,5.0662
2618,39270,39284,15,LOADED_SCENE,552008,1079,1079,1079,1079,1079,908,908,908,0,0,0,334598,289081,363189,4.30671,4.0219,5.0682
2619,39285,39299,15,LOADED_SCENE,552008,1079,1079,1079,1079,1079,908,908,908,0,0,0,337328,301280,369205,4.32577,4.0765,5.0604
2620,39300,39314,15,LOADED_SCENE,552008,1079,1079,1079,1079,1079,908,908,908,0,0,0,339543,307455,365162,4.20837,4.0208,4.5801
2621,39315,39329,15,LOADED_SCENE,552008,1079,1079,1079,1079,1079,908,908,908,0,0,0,333137,285341,380662,4.2375,4.0692,4.8632
2622,39330,39344,15,LOADED_SCENE,552008,1079,1079,1079,1079,1079,908,908,908,0,0,0,347568,318513,377627,4.21426,4.0364,4.7718
2623,39345,39359,15,LOADED_SCENE,552008,1079,1079,1079,1079,1079,908,908,908,0,0,0,326185,291621,362700,4.36701,4.0927,4.8732
2624,39360,39374,15,LOADED_SCENE,552008,1079,1079,1079,1079,1079,908,908,908,0,0,0,331184,305706,356266,4.27631,4.0223,4.5693
2625,39375,39389,15,LOADED_SCENE,552008,1079,1079,1079,1079,1079,908,908,908,0,0,0,342561,292477,372122,4.42804,4.0731,5.771
2626,39390,39404,15,LOADED_SCENE,552008,1079,1079,1079,1079,1079,908,908,908,0,0,0,331431,306502,354021,4.21576,4.0479,4.8875
2627,39405,39419,15,LOADED_SCENE,552008,1079,1079,1079,1079,1079,908,908,908,0,0,0,335246,282037,362722,4.24104,4.0623,4.5176
2628,39420,39434,15,LOADED_SCENE,552008,1079,1079,1079,1079,1079,908,908,908,0,0,0,333346,309150,360356,4.22861,4.0532,5.0289
2629,39435,39449,15,LOADED_SCENE,552008,1079,1079,1079,1079,1079,908,908,908,0,0,0,331511,289093,367917,4.26943,4.0482,4.9485
2630,39450,39464,15,LOADED_SCENE,552008,1079,1079,1079,1079,1079,908,908,908,0,0,0,335346,302140,371945,4.22155,4.0328,5.2993
2631,39465,39479,15,LOADED_SCENE,552008,1079,1079,1079,1079,1079,908,908,908,0,0,0,340058,311449,366102,4.28737,4.0578,4.9497
2632,39480,39494,15,LOADED_SCENE,552008,1079,1079,1079,1079,1079,908,908,908,0,0,0,331978,292773,400468,4.25557,4.0189,4.8977
2633,39495,39509,15,LOADED_SCENE,552008,1079,1079,1079,1079,1079,908,908,908,0,0,0,330404,296921,376334,4.42155,4.0388,5.8104
2634,39510,39524,15,LOADED_SCENE,552008,1079,1079,1079,1079,1079,908,908,908,0,0,0,332897,283711,360169,4.25956,4.0226,5.2415
2635,39525,39539,15,LOADED_SCENE,552008,1079,1079,1079,1079,1079,908,908,908,0,0,0,334027,296432,366190,4.22028,4.0462,4.7643
2636,39540,39554,15,LOADED_SCENE,552008,1079,1079,1079,1079,1079,908,908,908,0,0,0,343313,301236,370107,4.2525,4.0622,4.9825
2637,39555,39569,15,LOADED_SCENE,552008,1079,1079,1079,1079,1079,908,908,908,0,0,0,334603,309903,359894,4.24227,4.0317,5.0645
2638,39570,39584,15,LOADED_SCENE,552008,1079,1079,1079,1079,1079,908,908,908,0,0,0,334128,265559,359610,4.20246,4.0375,4.6904
2639,39585,39599,15,LOADED_SCENE,552008,1079,1079,1079,1079,1079,908,908,908,0,0,0,331281,308620,359753,4.38081,4.0883,5.3228
2640,39600,39614,15,LOADED_SCENE,552008,1079,1079,1079,1079,1079,908,908,908,0,0,0,334768,291348,362659,4.25991,4.0504,5.1424
2641,39615,39629,15,LOADED_SCENE,552008,1079,1079,1079,1079,1079,908,908,908,0,0,0,330558,301778,373298,4.33882,4.0708,5.1087
2642,39630,39644,15,LOADED_SCENE,552008,1079,1079,1079,1079,1079,908,908,908,0,0,0,332603,270912,370392,4.23842,4.0857,4.5858
2643,39645,39659,15,LOADED_SCENE,552008,1079,1079,1079,1079,1079,908,908,908,0,0,0,341394,315230,373482,4.38201,4.0624,5.0927
2644,39660,39674,15,LOADED_SCENE,552008,1079,1079,1079,1079,1079,908,908,908,0,0,0,345499,324687,387181,4.19687,4.0521,4.5361
2645,39675,39689,15,LOADED_SCENE,552008,1079,1079,1079,1079,1079,908,908,908,0,0,0,340670,283360,383499,4.30015,3.9959,5.5911
2646,39690,39704,15,LOADED_SCENE,552008,1079,1079,1079,1079,1079,908,908,908,0,0,0,334936,293895,378330,4.26627,4.0687,4.7132
2647,39705,39719,15,LOADED_SCENE,552008,1079,1079,1079,1079,1079,908,908,908,0,0,0,329420,283493,374567,4.29088,4.0328,4.8284
2648,39720,39734,15,LOADED_SCENE,552008,1079,1079,1079,1079,1079,908,908,908,0,0,0,332749,296947,365205,4.30395,4.071,4.7744
2649,39735,39749,15,LOADED_SCENE,552008,1079,1079,1079,1079,1079,908,908,908,0,0,0,337871,293950,362557,4.23395,4.005,4.5677
2650,39750,39764,15,LOADED_SCENE,552008,1079,1079,1079,1079,1079,908,908,908,0,0,0,327379,279589,364396,4.26629,4.037,4.8485
2651,39765,39779,15,LOADED_SCENE,552008,1079,1079,1079,1079,1079,908,908,908,0,0,0,339807,301313,384725,4.26091,4.0727,4.7723
2652,39780,39794,15,LOADED_SCENE,552008,1079,1079,1079,1079,1079,908,908,908,0,0,0,338037,296563,366104,4.25594,4.0904,4.6197
2653,39795,39809,15,LOADED_SCENE,552008,1079,1079,1079,1079,1079,908,908,908,0,0,0,346250,326773,365940,4.27243,4.0421,4.7744
2654,39810,39824,15,LOADED_SCENE,552008,1079,1079,1079,1079,1079,908,908,908,0,0,0,333243,303015,367680,4.26433,4.0289,5.1384
2655,39825,39839,15,LOADED_SCENE,552008,1079,1079,1079,1079,1079,908,908,908,0,0,0,341273,303820,378048,4.28992,4.0255,4.9188
2656,39840,39854,15,LOADED_SCENE,552008,1079,1079,1079,1079,1079,908,908,908,0,0,0,339194,279141,359736,4.25216,4.0771,4.8016
2657,39855,39869,15,LOADED_SCENE,552008,1079,1079,1079,1079,1079,908,908,908,0,0,0,335082,280324,380378,4.44937,4.0154,6.2186
2658,39870,39884,15,LOADED_SCENE,552008,1079,1079,1079,1079,1079,908,908,908,0,0,0,329174,302457,356587,4.24666,4.0598,4.9813
2659,39885,39899,15,LOADED_SCENE,552008,1079,1079,1079,1079,1079,908,908,908,0,0,0,338931,314554,353053,4.22911,3.9944,4.9631
2660,39900,39914,15,LOADED_SCENE,552008,1079,1079,1079,1079,1079,908,908,908,0,0,0,341751,305335,358277,4.24051,4.0742,4.7801
2661,39915,39929,15,LOADED_SCENE,552008,1079,1079,1079,1079,1079,908,908,908,0,0,0,350170,315393,385152,4.26514,4.0103,4.9923
2662,39930,39944,15,LOADED_SCENE,552008,1079,1079,1079,1079,1079,908,908,908,0,0,0,335786,301069,358781,4.20813,4.0162,4.5857
2663,39945,39959,15,LOADED_SCENE,552008,1079,1079,1079,1079,1079,908,908,908,0,0,0,338437,289872,382550,4.23444,4.0469,4.9738
2664,39960,39974,15,LOADED_SCENE,552008,1079,1079,1079,1079,1079,908,908,908,0,0,0,343456,297768,378590,4.23315,4.0425,4.578
2665,39975,39989,15,LOADED_SCENE,552008,1079,1079,1079,1079,1079,908,908,908,0,0,0,344439,318284,371780,4.3369,4.0724,5.2285
2666,39990,40004,15,LOADED_SCENE,552008,1079,1079,1079,1079,1079,908,908,908,0,0,0,336580,297986,361900,4.18737,4.0072,4.5348
2667,40005,40019,15,LOADED_SCENE,552008,1079,1079,1079,1079,1079,908,908,908,0,0,0,339639,289574,380369,4.26191,4.0575,4.643
2668,40020,40034,15,LOADED_SCENE,552008,1079,1079,1079,1079,1079,908,908,908,0,0,0,340141,303513,375795,4.28436,4.056,4.7316
2669,40035,40049,15,LOADED_SCENE,552008,1079,1079,1079,1079,1079,908,908,908,0,0,0,326464,278598,361493,4.30635,4.0647,4.9344
2670,40050,40064,15,LOADED_SCENE,552008,1079,1079,1079,1079,1079,908,908,908,0,0,0,332591,267689,364407,4.19598,4.0022,4.7718
2671,40065,40079,15,LOADED_SCENE,552008,1079,1079,1079,1079,1079,908,908,908,0,0,0,332441,302950,361676,4.25117,4.0422,5.3889
2672,40080,40094,15,LOADED_SCENE,552008,1079,1079,1079,1079,1079,908,908,908,0,0,0,336325,299259,366169,4.22059,4.0317,4.8544
2673,40095,40109,15,LOADED_SCENE,552008,1079,1079,1079,1079,1079,908,908,908,0,0,0,330622,313136,356158,4.29051,4.0648,4.9317
2674,40110,40124,15,LOADED_SCENE,552008,1079,1079,1079,1079,1079,908,908,908,0,0,0,335770,310927,355282,4.21645,4.0149,4.7878
2675,40125,40139,15,LOADED_SCENE,552008,1079,1079,1079,1079,1079,908,908,908,0,0,0,342168,305010,376846,4.37259,4.0394,6.0734
2676,40140,40154,15,LOADED_SCENE,552008,1079,1079,1079,1079,1079,908,908,908,0,0,0,331346,298876,361687,5.43636,4.3327,7.9845
2677,40155,40169,15,LOADED_SCENE,552008,1079,1079,1079,1079,1079,908,908,908,0,0,0,335491,298064,373291,4.16358,3.9455,4.6571
2678,40170,40184,15,LOADED_SCENE,552008,1079,1079,1079,1079,1079,908,908,908,0,0,0,335007,282277,354540,4.25585,4.0332,4.8611
2679,40185,40199,15,LOADED_SCENE,552008,1079,1079,1079,1079,1079,908,908,908,0,0,0,337542,306197,361856,4.26773,4.0599,4.7916
2680,40200,40214,15,LOADED_SCENE,552008,1079,1079,1079,1079,1079,908,908,908,0,0,0,331644,291037,365776,4.32207,4.0417,4.7957
2681,40215,40229,15,LOADED_SCENE,552008,1079,1079,1079,1079,1079,908,908,908,0,0,0,343897,287457,370223,4.26274,3.9328,4.8421
2682,40230,40244,15,LOADED_SCENE,552008,1079,1079,1079,1079,1079,908,908,908,0,0,0,337561,308885,365414,4.25383,4.0671,4.8588
2683,40245,40259,15,LOADED_SCENE,552008,1079,1079,1079,1079,1079,908,908,908,0,0,0,338124,279273,397839,4.24435,4.0407,4.8828
2684,40260,40274,15,LOADED_SCENE,552008,1079,1079,1079,1079,1079,908,908,908,0,0,0,344341,328223,356568,4.20537,4.0443,4.6654
2685,40275,40289,15,LOADED_SCENE,552008,1079,1079,1079,1079,1079,908,908,908,0,0,0,335270,309658,366438,4.32289,4.0633,5.7362
2686,40290,40304,15,LOADED_SCENE,552008,1079,1079,1079,1079,1079,908,908,908,0,0,0,334030,276161,363926,4.26395,4.0778,4.933
2687,40305,40319,15,LOADED_SCENE,552008,1079,1079,1079,1079,1079,908,908,908,0,0,0,332877,263250,377746,4.26727,4.0007,5.1383
2688,40320,40334,15,LOADED_SCENE,552008,1079,1079,1079,1079,1079,908,908,908,0,0,0,346485,320469,369475,4.44944,3.9917,5.0398
2689,40335,40349,15,LOADED_SCENE,552008,1079,1079,1079,1079,1079,908,908,908,0,0,0,342080,301866,369827,4.29267,4.0126,5.7389
2690,40350,40364,15,LOADED_SCENE,552008,1079,1079,1079,1079,1079,908,908,908,0,0,0,328759,306701,371740,4.22382,4.0225,4.7153
2691,40365,40379,15,LOADED_SCENE,552008,1079,1079,1079,1079,1079,908,908,908,0,0,0,344709,299706,387012,4.27487,4.0845,5.1774
2692,40380,40394,15,LOADED_SCENE,552008,1079,1079,1079,1079,1079,908,908,908,0,0,0,322929,276403,363868,4.22898,4.0336,4.5448
2693,40395,40409,15,LOADED_SCENE,552008,1079,1079,1079,1079,1079,908,908,908,0,0,0,332715,298884,358953,4.21671,4.0555,4.8385
2694,40410,40424,15,LOADED_SCENE,552008,1079,1079,1079,1079,1079,908,908,908,0,0,0,332145,298984,358360,4.11779,3.9102,4.5212
2695,40425,40439,15,LOADED_SCENE,552008,1079,1079,1079,1079,1079,908,908,908,0,0,0,339297,310959,367302,4.28563,4.013,5.2454
2696,40440,40454,15,LOADED_SCENE,552008,1079,1079,1079,1079,1079,908,908,908,0,0,0,331440,286799,360640,4.23547,4.0002,4.8481
2697,40455,40469,15,LOADED_SCENE,552008,1079,1079,1079,1079,1079,908,908,908,0,0,0,327125,287976,368251,4.30782,4.0417,5.5342
2698,40470,40484,15,LOADED_SCENE,552008,1079,1079,1079,1079,1079,908,908,908,0,0,0,335507,293111,371387,4.28458,4.059,4.8371
2699,40485,40499,15,LOADED_SCENE,552008,1079,1079,1079,1079,1079,908,908,908,0,0,0,326755,283368,359570,4.23812,4.0214,5.2162
2700,40500,40514,15,LOADED_SCENE,552008,1079,1079,1079,1079,1079,908,908,908,0,0,0,332613,310509,361361,4.28685,4.166,4.425
2701,40515,40529,15,LOADED_SCENE,552008,1079,1079,1079,1079,1079,908,908,908,0,0,0,331791,289667,379635,4.24734,4.0507,4.7949
2702,40530,40544,15,LOADED_SCENE,552008,1079,1079,1079,1079,1079,908,908,908,0,0,0,330294,295233,349639,4.23468,4.053,4.8642
2703,40545,40559,15,LOADED_SCENE,552008,1079,1079,1079,1079,1079,908,908,908,0,0,0,337371,292497,361305,4.22074,4.0179,4.474
2704,40560,40574,15,LOADED_SCENE,552008,1079,1079,1079,1079,1079,908,908,908,0,0,0,330120,289104,364369,4.34092,4.0823,5.3897
2705,40575,40589,15,LOADED_SCENE,552008,1079,1079,1079,1079,1079,908,908,908,0,0,0,338496,300866,367482,4.35903,4.0049,5.2813
2706,40590,40604,15,LOADED_SCENE,552008,1079,1079,1079,1079,1079,908,908,908,0,0,0,339375,326512,366023,4.18582,4.0171,4.7829
2707,40605,40619,15,LOADED_SCENE,552008,1079,1079,1079,1079,1079,908,908,908,0,0,0,341178,306234,374652,4.32537,4.0342,5.2627
2708,40620,40634,15,LOADED_SCENE,552008,1079,1079,1079,1079,1079,908,908,908,0,0,0,339159,291537,368056,4.30377,4.0512,5.029
2709,40635,40649,15,LOADED_SCENE,552008,1079,1079,1079,1079,1079,908,908,908,0,0,0,336081,314648,354184,4.25195,4.0801,4.8961
2710,40650,40664,15,LOADED_SCENE,552008,1079,1079,1079,1079,1079,908,908,908,0,0,0,335504,307489,363956,4.23486,4.0698,4.7922
2711,40665,40679,15,LOADED_SCENE,552008,1079,1079,1079,1079,1079,908,908,908,0,0,0,339696,311151,362821,4.24337,4.0164,4.9193
2712,40680,40694,15,LOADED_SCENE,552008,1079,1079,1079,1079,1079,908,908,908,0,0,0,332720,297371,365320,4.30453,4.0229,4.9753
2713,40695,40709,15,LOADED_SCENE,552008,1079,1079,1079,1079,1079,908,908,908,0,0,0,339290,296790,369783,4.41134,4.0763,4.9944
2714,40710,40724,15,LOADED_SCENE,552008,1079,1079,1079,1079,1079,908,908,908,0,0,0,320605,277452,361632,4.21251,4.0086,4.8622
2715,40725,40739,15,LOADED_SCENE,552008,1079,1079,1079,1079,1079,908,908,908,0,0,0,339098,307732,360445,4.44757,4.0731,5.038
2716,40740,40754,15,LOADED_SCENE,552008,1079,1079,1079,1079,1079,908,908,908,0,0,0,334133,266134,369663,4.32961,4.0431,5.7465
2717,40755,40769,15,LOADED_SCENE,552008,1079,1079,1079,1079,1079,908,908,908,0,0,0,340767,291752,364628,4.41185,4.1727,4.8074
2718,40770,40784,15,LOADED_SCENE,552008,1079,1079,1079,1079,1079,908,908,908,0,0,0,329913,276686,359046,5.53367,4.0275,20.5633
2719,40785,40799,15,LOADED_SCENE,552008,1079,1079,1079,1079,1079,908,908,908,0,0,0,335222,311362,385306,4.52715,4.0936,6.4664
2720,40800,40814,15,LOADED_SCENE,552008,1079,1079,1079,1079,1079,908,908,908,0,0,0,328971,282680,348276,4.28247,3.9428,4.6011
2721,40815,40829,15,LOADED_SCENE,552008,1079,1079,1079,1079,1079,908,908,908,0,0,0,345430,301370,383074,4.29557,4.0354,5.1603
2722,40830,40844,15,LOADED_SCENE,552008,1079,1079,1079,1079,1079,908,908,908,0,0,0,336181,292649,370559,5.39165,4.0745,19.9524
2723,40845,40859,15,LOADED_SCENE,552008,1079,1079,1079,1079,1079,908,908,908,0,0,0,332226,281690,384267,4.56775,4.0574,6.267
2724,40860,40874,15,LOADED_SCENE,552008,1079,1079,1079,1079,1079,908,908,908,0,0,0,342057,318349,360740,4.61271,4.1593,5.5991
2725,40875,40889,15,LOADED_SCENE,552008,1079,1079,1079,1079,1079,908,908,908,0,0,0,345772,292864,388228,4.24756,4.0322,5.099
2726,40890,40904,15,LOADED_SCENE,552008,1079,1079,1079,1079,1079,908,908,908,0,0,0,331814,305041,360381,4.7777,4.0953,6.0737
2727,40905,40919,15,LOADED_SCENE,552008,1079,1079,1079,1079,1079,908,908,908,0,0,0,322802,282367,377710,4.26323,4.041,5.3044
2728,40920,40934,15,LOADED_SCENE,552008,1079,1079,1079,1079,1079,908,908,908,0,0,0,337635,302276,371516,4.34947,4.056,5.289
2729,40935,40949,15,LOADED_SCENE,552008,1079,1079,1079,1079,1079,908,908,908,0,0,0,327604,272177,365797,4.19017,3.9864,5.0788
2730,40950,40964,15,LOADED_SCENE,552008,1079,1079,1079,1079,1079,908,908,908,0,0,0,340018,299497,373837,4.20717,4.0096,4.6285
2731,40965,40979,15,LOADED_SCENE,552008,1079,1079,1079,1079,1079,908,908,908,0,0,0,329795,292221,365029,4.26601,4.0936,4.5429
2732,40980,40994,15,LOADED_SCENE,552008,1079,1079,1079,1079,1079,908,908,908,0,0,0,341344,325157,361211,4.32922,4.0435,5.1716
2733,40995,41009,15,LOADED_SCENE,552008,1079,1079,1079,1079,1079,908,908,908,0,0,0,332511,299068,379287,4.57901,4.0111,5.7318
2734,41010,41024,15,LOADED_SCENE,552008,1079,1079,1079,1079,1079,908,908,908,0,0,0,339632,318172,364174,4.68843,4.0007,5.4481
2735,41025,41039,15,LOADED_SCENE,552008,1079,1079,1079,1079,1079,908,908,908,0,0,0,325225,291885,362958,4.57573,4.0238,6.364
2736,41040,41054,15,LOADED_SCENE,552008,1079,1079,1079,1079,1079,908,908,908,0,0,0,338950,273864,381737,5.04316,4.1122,7.4987
2737,41055,41069,15,LOADED_SCENE,552008,1079,1079,1079,1079,1079,908,908,908,0,0,0,332601,270827,362202,5.13821,4.7605,5.7019
2738,41070,41084,15,LOADED_SCENE,552008,1079,1079,1079,1079,1079,908,908,908,0,0,0,335983,291455,362003,7.67943,4.8034,17.7093
2739,41085,41099,15,LOADED_SCENE,552008,1079,1079,1079,1079,1079,908,908,908,0,0,0,334065,293197,358865,4.99514,4.4414,6.0954
2740,41100,41114,15,LOADED_SCENE,552008,1079,1079,1079,1079,1079,908,908,908,0,0,0,342030,304711,367574,4.85946,4.3532,6.1105
2741,41115,41129,15,LOADED_SCENE,552008,1079,1079,1079,1079,1079,908,908,908,0,0,0,324192,290814,362835,4.79871,4.3402,5.6111
2742,41130,41144,15,LOADED_SCENE,552008,1079,1079,1079,1079,1079,908,908,908,0,0,0,339972,308116,381379,4.97972,4.0617,6.451
2743,41145,41159,15,LOADED_SCENE,552008,1079,1079,1079,1079,1079,908,908,908,0,0,0,331530,286124,363092,4.59492,4.3044,5.0773
2744,41160,41174,15,LOADED_SCENE,552008,1079,1079,1079,1079,1079,908,908,908,0,0,0,338464,310960,363546,4.5154,4.0994,5.188
2745,41175,41189,15,LOADED_SCENE,552008,1079,1079,1079,1079,1079,908,908,908,0,0,0,332546,305485,374890,4.49835,4.1459,4.9696
2746,41190,41204,15,LOADED_SCENE,552008,1079,1079,1079,1079,1079,908,908,908,0,0,0,341571,302761,364470,4.44019,4.0979,5.2848
2747,41205,41219,15,LOADED_SCENE,552008,1079,1079,1079,1079,1079,908,908,908,0,0,0,340931,265808,382374,4.94208,4.235,6.2242
2748,41220,41234,15,LOADED_SCENE,552008,1079,1079,1079,1079,1079,908,908,908,0,0,0,331870,308257,372498,4.75729,4.1786,5.8247
2749,41235,41249,15,LOADED_SCENE,552008,1079,1079,1079,1079,1079,908,908,908,0,0,0,331932,271699,358309,4.45228,4.0419,5.784
2750,41250,41264,15,LOADED_SCENE,552008,1079,1079,1079,1079,1079,908,908,908,0,0,0,333070,299799,374588,4.76509,4.1402,5.504
2751,41265,41279,15,LOADED_SCENE,552008,1079,1079,1079,1079,1079,908,908,908,0,0,0,345573,313642,364899,4.46068,4.124,5.22
2752,41280,41294,15,LOADED_SCENE,552008,1079,1079,1079,1079,1079,908,908,908,0,0,0,336831,302026,362774,4.34582,4.0374,5.1103
2753,41295,41309,15,LOADED_SCENE,552008,1079,1079,1079,1079,1079,908,908,908,0,0,0,337175,290807,368358,4.36898,4.1034,4.7266
2754,41310,41324,15,LOADED_SCENE,552008,1079,1079,1079,1079,1079,908,908,908,0,0,0,329315,288810,363191,4.40387,4.1141,5.1559
2755,41325,41339,15,LOADED_SCENE,552008,1079,1079,1079,1079,1079,908,908,908,0,0,0,333335,282137,371020,4.69041,4.1097,5.7044
2756,41340,41354,15,LOADED_SCENE,552008,1079,1079,1079,1079,1079,908,908,908,0,0,0,334250,269034,371808,5.27515,4.1943,6.9105
2757,41355,41369,15,LOADED_SCENE,552008,1079,1079,1079,1079,1079,908,908,908,0,0,0,338393,294071,367433,7.41358,4.2313,23.2874
2758,41370,41384,15,LOADED_SCENE,552008,1079,1079,1079,1079,1079,908,908,908,0,0,0,334548,312616,379006,4.87775,4.0931,6.6184
2759,41385,41399,15,LOADED_SCENE,552008,1079,1079,1079,1079,1079,908,908,908,0,0,0,343884,310326,365275,4.70858,4.0608,7.0983
2760,41400,41414,15,LOADED_SCENE,552008,1079,1079,1079,1079,1079,908,908,908,0,0,0,331949,285804,359133,4.60375,4.1223,5.1042
2761,41415,41429,15,LOADED_SCENE,552008,1079,1079,1079,1079,1079,908,908,908,0,0,0,327302,269866,364205,6.93783,4.4322,11.859
2762,41430,41444,15,LOADED_SCENE,552008,1079,1079,1079,1079,1079,908,908,908,0,0,0,338429,277205,374330,5.19753,4.1271,6.7889
2763,41445,41459,15,LOADED_SCENE,552008,1079,1079,1079,1079,1079,908,908,908,0,0,0,337168,274037,366069,4.38978,4.0783,5.2434
2764,41460,41474,15,LOADED_SCENE,552008,1079,1079,1079,1079,1079,908,908,908,0,0,0,331235,280649,352417,4.54503,4.1322,5.4279
2765,41475,41489,15,LOADED_SCENE,552008,1079,1079,1079,1079,1079,908,908,908,0,0,0,331879,293338,363332,4.3342,4.1829,4.7478
2766,41490,41504,15,LOADED_SCENE,552008,1079,1079,1079,1079,1079,908,908,908,0,0,0,331025,275110,373899,4.46979,4.1966,4.9988
2767,41505,41519,15,LOADED_SCENE,552008,1079,1079,1079,1079,1079,908,908,908,0,0,0,335022,301135,366775,4.35925,4.0475,5.3098
2768,41520,41534,15,LOADED_SCENE,552008,1079,1079,1079,1079,1079,908,908,908,0,0,0,326702,295597,365643,4.41817,4.1276,4.886
2769,41535,41549,15,LOADED_SCENE,552008,1079,1079,1079,1079,1079,908,908,908,0,0,0,328316,289666,356603,4.38425,3.9833,5.1996
2770,41550,41564,15,LOADED_SCENE,552008,1079,1079,1079,1079,1079,908,908,908,0,0,0,348416,302041,379063,4.19736,3.9918,4.7282
2771,41565,41579,15,LOADED_SCENE,552008,1079,1079,1079,1079,1079,908,908,908,0,0,0,327733,282942,362377,4.31961,4.0266,5.2317
2772,41580,41594,15,LOADED_SCENE,552008,1079,1079,1079,1079,1079,908,908,908,0,0,0,333538,302274,362860,4.42863,4.082,5.1409
2773,41595,41609,15,LOADED_SCENE,552008,1079,1079,1079,1079,1079,908,908,908,0,0,0,325729,284972,380794,4.59285,4.2297,5.493
2774,41610,41624,15,LOADED_SCENE,552008,1079,1079,1079,1079,1079,908,908,908,0,0,0,337238,315996,359921,4.79811,4.2761,5.5308
2775,41625,41639,15,LOADED_SCENE,552008,1079,1079,1079,1079,1079,908,908,908,0,0,0,336887,301442,367026,4.41793,4.0917,4.8826
2776,41640,41654,15,LOADED_SCENE,552008,1079,1079,1079,1079,1079,908,908,908,0,0,0,337394,278029,370646,4.89663,4.2281,6.301
2777,41655,41669,15,LOADED_SCENE,552008,1079,1079,1079,1079,1079,908,908,908,0,0,0,344140,315996,366734,4.94287,4.0868,6.3872
2778,41670,41684,15,LOADED_SCENE,552008,1079,1079,1079,1079,1079,908,908,908,0,0,0,334269,292854,362183,5.18454,4.2032,6.7397
2779,41685,41699,15,LOADED_SCENE,552008,1079,1079,1079,1079,1079,908,908,908,0,0,0,334928,309271,352096,4.43289,4.0108,6.0383
2780,41700,41714,15,LOADED_SCENE,552008,1079,1079,1079,1079,1079,908,908,908,0,0,0,330673,298153,356127,4.34565,4.0645,5.5211
2781,41715,41729,15,LOADED_SCENE,552008,1079,1079,1079,1079,1079,908,908,908,0,0,0,341812,322652,364015,4.39053,4.1386,5.1054
2782,41730,41744,15,LOADED_SCENE,552008,1079,1079,1079,1079,1079,908,908,908,0,0,0,337819,290606,383887,4.49882,4.1037,5.3961
2783,41745,41759,15,LOADED_SCENE,552008,1079,1079,1079,1079,1079,908,908,908,0,0,0,320375,264178,354679,4.43469,4.1403,5.0616
2784,41760,41774,15,LOADED_SCENE,552008,1079,1079,1079,1079,1079,908,908,908,0,0,0,319588,268167,358494,4.48816,4.1521,5.8238
2785,41775,41789,15,LOADED_SCENE,552008,1079,1079,1079,1079,1079,908,908,908,0,0,0,336642,287580,364021,4.5966,4.0975,5.9679
2786,41790,41804,15,LOADED_SCENE,552008,1079,1079,1079,1079,1079,908,908,908,0,0,0,337963,290643,360378,4.39591,4.1478,4.8412
2787,41805,41819,15,LOADED_SCENE,552008,1079,1079,1079,1079,1079,908,908,908,0,0,0,333616,276548,362704,4.43511,4.1157,5.2473
2788,41820,41834,15,LOADED_SCENE,552008,1079,1079,1079,1079,1079,908,908,908,0,0,0,331315,287276,352534,4.42888,4.0528,5.1993
2789,41835,41849,15,LOADED_SCENE,552008,1079,1079,1079,1079,1079,908,908,908,0,0,0,322608,293258,367467,4.60095,4.0583,5.4348
2790,41850,41864,15,LOADED_SCENE,552008,1079,1079,1079,1079,1079,908,908,908,0,0,0,338653,314148,361478,5.35915,3.9515,11.5829
2791,41865,41879,15,LOADED_SCENE,552008,1079,1079,1079,1079,1079,908,908,908,0,0,0,344526,320806,377265,5.2263,4.0973,7.7352
2792,41880,41894,15,LOADED_SCENE,552008,1079,1079,1079,1079,1079,908,908,908,0,0,0,336710,292891,353780,4.35507,3.9293,5.1703
2793,41895,41909,15,LOADED_SCENE,552008,1079,1079,1079,1079,1079,908,908,908,0,0,0,329303,300110,351729,4.37737,4.0155,5.1034
2794,41910,41924,15,LOADED_SCENE,552008,1079,1079,1079,1079,1079,908,908,908,0,0,0,336837,293420,382215,4.41301,3.9916,5.4228
2795,41925,41939,15,LOADED_SCENE,552008,1079,1079,1079,1079,1079,908,908,908,0,0,0,336267,290782,373375,4.41515,4.069,5.1964
2796,41940,41954,15,LOADED_SCENE,552008,1079,1079,1079,1079,1079,908,908,908,0,0,0,337769,299637,362241,4.37187,4.0413,5.0148
2797,41955,41969,15,LOADED_SCENE,552008,1079,1079,1079,1079,1079,908,908,908,0,0,0,336457,296754,377662,4.37067,4.0602,4.9511
2798,41970,41984,15,LOADED_SCENE,552008,1079,1079,1079,1079,1079,908,908,908,0,0,0,332794,310502,369737,4.38587,4.0707,4.8672
2799,41985,41999,15,LOADED_SCENE,552008,1079,1079,1076.53,1042,1079,900.933,802,908,0,0,0,330704,266076,371542,4.38535,4.1011,4.8645
2800,42000,42014,15,LOADED_SCENE,552008,1079,1079,1042,1042,1042,802,802,802,0,0,0,254214,222090,281532,4.35926,4.0483,5.2057
2801,42015,42029,15,LOADED_SCENE,552008,1079,1079,1042,1042,1042,802,802,802,0,0,0,252177,241787,272187,4.49688,3.9544,5.2376
2802,42030,42044,15,LOADED_SCENE,552008,1079,1079,1042,1042,1042,802,802,802,0,0,0,255968,209847,286874,4.26897,3.8932,5.2694
2803,42045,42059,15,LOADED_SCENE,552008,1079,1079,1042,1042,1042,802,802,802,0,0,0,251130,234254,281842,4.34117,3.8223,5.2552
2804,42060,42074,15,LOADED_SCENE,552008,1079,1079,1042,1042,1042,802,802,802,0,0,0,251867,231930,269456,4.30647,3.9103,5.1115
2805,42075,42089,15,LOADED_SCENE,552008,1079,1079,1042,1042,1042,802,802,802,0,0,0,250230,239996,264563,4.15988,3.8713,4.6426
2806,42090,42104,15,LOADED_SCENE,552008,1079,1079,1042,1042,1042,802,802,802,0,0,0,254560,234634,276408,4.29573,3.9206,4.9722
2807,42105,42119,15,LOADED_SCENE,552008,1079,1079,936.8,779,1042,739.2,645,802,0,0,0,221941,145781,274063,4.19058,3.6435,5.8425
2808,42120,42134,15,LOADED_SCENE,552008,1079,1079,897.4,779,1023,741.133,645,852,0,0,0,236182,188204,308247,4.09017,3.736,5.0923
2809,42135,42149,15,LOADED_SCENE,552008,1079,1079,1071.53,1023,1075,911.4,852,929,0,0,0,314112,287095,330645,4.48551,4.0577,5.321
2810,42150,42164,15,LOADED_SCENE,552008,1079,1079,911.8,748,1075,783.8,657,929,0,0,0,247488,185026,355027,4.47963,3.5515,5.9723
2811,42165,42179,15,LOADED_SCENE,552008,1079,1079,918.267,748,1050,758.8,657,866,0,0,0,229160,179986,298733,4.12643,3.6561,5.8759
2812,42180,42194,15,LOADED_SCENE,552008,1079,1079,1076.47,1050,1079,938.067,866,966,0,0,0,325420,268141,370555,4.49401,4.0922,5.5264
2813,42195,42209,15,LOADED_SCENE,552008,1079,1079,965.067,792,1076,868.667,731,966,0,0,0,269808,156358,370605,4.26729,3.7358,5.8609
2814,42210,42224,15,LOADED_SCENE,552008,1079,1079,792,792,792,731,731,731,0,0,0,203674,179613,225393,4.1285,3.6548,5.0348
2815,42225,42239,15,LOADED_SCENE,552008,1079,1079,792,792,792,731,731,731,0,0,0,195001,159751,217830,4.03721,3.7189,4.6323
2816,42240,42254,15,LOADED_SCENE,552008,1079,1079,816.267,792,820,713.667,711,731,0,0,0,197156,164451,229804,4.13263,3.6996,5.1652
2817,42255,42269,15,LOADED_SCENE,552008,1079,1079,820,820,820,711,711,711,0,0,0,190952,163420,223184,4.0133,3.6719,4.6798
2818,42270,42284,15,LOADED_SCENE,552008,1079,1079,820,820,820,711,711,711,0,0,0,190317,152490,208626,4.14753,3.6653,5.2187
2819,42285,42299,15,LOADED_SCENE,552008,1079,1079,968.133,820,1022,903.867,711,974,0,0,0,297014,175742,377232,4.20683,3.9597,4.9314
2820,42300,42314,15,LOADED_SCENE,552008,1079,1079,1022,1022,1022,974,974,974,0,0,0,304445,277815,336087,4.36576,4.0188,4.8245
2821,42315,42329,15,LOADED_SCENE,552008,1079,1079,1022,1022,1022,974,974,974,0,0,0,327119,293295,398789,4.30047,3.9771,5.4362
2822,42330,42344,15,LOADED_SCENE,552008,1079,1079,1051.87,1022,1078,1009.2,974,1040,0,0,0,336478,281839,371143,4.47653,4.0214,5.1339
2823,42345,42359,15,LOADED_SCENE,552008,1079,1079,1078,1078,1078,1040,1040,1040,0,0,0,346767,315494,386531,4.32323,4.0748,5.0491
2824,42360,42374,15,LOADED_SCENE,552008,1079,1079,1078,1078,1078,1040,1040,1040,0,0,0,345950,320832,447373,4.38951,4.114,4.9181
2825,42375,42389,15,LOADED_SCENE,552008,1079,1079,1078,1078,1078,1040,1040,1040,0,0,0,344911,319903,391376,4.33673,4.0516,4.9241
2826,42390,42404,15,LOADED_SCENE,552008,1079,1079,1078,1078,1078,1040,1040,1040,0,0,0,335350,320422,380178,4.43146,4.1263,5.4206
2827,42405,42419,15,LOADED_SCENE,552008,1079,1079,1078,1078,1078,1040,1040,1040,0,0,0,346707,316343,400494,4.31404,4.0216,5.312
2828,42420,42434,15,LOADED_SCENE,552008,1079,1079,1078,1078,1078,1040,1040,1040,0,0,0,334528,319067,387382,4.49249,4.0998,5.2189
2829,42435,42449,15,LOADED_SCENE,552008,1079,1079,1078,1078,1078,1040,1040,1040,0,0,0,345035,318135,398596,4.42291,4.1205,4.8295
2830,42450,42464,15,LOADED_SCENE,552008,1079,1079,1078,1078,1078,1040,1040,1040,0,0,0,358971,318342,396362,4.48161,4.1211,5.1165
2831,42465,42479,15,LOADED_SCENE,552008,1079,1079,1078,1078,1078,1040,1040,1040,0,0,0,344872,306413,389167,4.43779,4.1058,4.9645
2832,42480,42494,15,LOADED_SCENE,552008,1079,1079,1078,1078,1078,1040,1040,1040,0,0,0,337833,313993,372558,4.51191,4.0763,5.9721
2833,42495,42509,15,LOADED_SCENE,552008,1079,1079,1078,1078,1078,1040,1040,1040,0,0,0,348857,312712,394654,4.47905,4.1015,6.1234
2834,42510,42524,15,LOADED_SCENE,552008,1079,1079,1078,1078,1078,1040,1040,1040,0,0,0,353499,318815,391555,4.35781,4.0609,4.9933
2835,42525,42539,15,LOADED_SCENE,552008,1079,1079,1078,1078,1078,1040,1040,1040,0,0,0,349979,319178,391657,4.39309,4.0498,5.2317
2836,42540,42554,15,LOADED_SCENE,552008,1079,1079,1078,1078,1078,1040,1040,1040,0,0,0,353015,321825,401948,4.35357,4.0778,5.0989
2837,42555,42569,15,LOADED_SCENE,552008,1079,1079,1078,1078,1078,1040,1040,1040,0,0,0,343867,315522,386036,4.42607,4.0776,5.4704
2838,42570,42584,15,LOADED_SCENE,552008,1079,1079,1078,1078,1078,1040,1040,1040,0,0,0,352790,320375,391606,5.65585,4.096,22.5795
2839,42585,42599,15,LOADED_SCENE,552008,1079,1079,1078,1078,1078,1040,1040,1040,0,0,0,346890,319177,383393,4.77034,4.3435,5.4795
2840,42600,42614,15,LOADED_SCENE,552008,1079,1079,1078,1078,1078,1040,1040,1040,0,0,0,353540,316796,393208,81.8897,4.1046,1136.25
2841,42615,42629,15,LOADED_SCENE,552008,1079,1079,1078,1078,1078,1040,1040,1040,0,0,0,354490,323758,454546,81.2704,4.1656,1077.37
2842,42630,42644,15,LOADED_SCENE,552008,1079,1079,1078,1078,1078,1040,1040,1040,0,0,0,344540,318731,390792,39.0928,4.3087,504.732
2843,42645,42659,15,LOADED_SCENE,552008,1079,1079,1078,1078,1078,1040,1040,1040,0,0,0,337220,307953,380167,35.4842,4.0338,430.019
2844,42660,42674,15,LOADED_SCENE,552008,1079,1079,1078,1078,1078,1040,1040,1040,0,0,0,343581,314603,375936,52.5486,4.1548,671.369
2845,42675,42689,15,LOADED_SCENE,552008,1079,1079,1078,1078,1078,1040,1040,1040,0,0,0,345142,318829,393616,4.92655,4.2008,6.6402
2846,42690,42704,15,LOADED_SCENE,552008,1079,1079,1078,1078,1078,1040,1040,1040,0,0,0,346213,317173,398270,31.8393,4.2348,368.393
2847,42705,42719,15,LOADED_SCENE,552008,1079,1079,1078,1078,1078,1040,1040,1040,0,0,0,342446,318176,417973,49.8578,4.4595,621.361
2848,42720,42734,15,LOADED_SCENE,552008,1079,1079,1078,1078,1078,1040,1040,1040,0,0,0,354691,316276,398508,21.9117,4.1573,246.533
2849,42735,42749,15,LOADED_SCENE,552008,1079,1079,1078,1078,1078,1040,1040,1040,0,0,0,350422,318926,384662,19.6203,4.2602,214.247
2850,42750,42764,15,LOADED_SCENE,552008,1079,1079,1078,1078,1078,1040,1040,1040,0,0,0,343524,295979,401645,21.2549,4.3579,224.381
2851,42765,42779,15,LOADED_SCENE,552008,1079,1079,1078,1078,1078,1040,1040,1040,0,0,0,345652,319743,405499,4.56197,4.2411,5.2977
2852,42780,42794,15,LOADED_SCENE,552008,1079,1079,1078,1078,1078,1040,1040,1040,0,0,0,356437,320216,406544,20.6917,4.1022,231.484
2853,42795,42809,15,LOADED_SCENE,552008,1079,1079,1078,1078,1078,1040,1040,1040,0,0,0,344859,317002,381155,20.6354,4.2834,215.165
2854,42810,42824,15,LOADED_SCENE,552008,1079,1079,1078,1078,1078,1040,1040,1040,0,0,0,368704,318742,412597,22.4384,4.3197,249.857
2855,42825,42839,15,LOADED_SCENE,552008,1079,1079,1078,1078,1078,1040,1040,1040,0,0,0,346720,317737,395136,21.2016,4.3643,226.162
2856,42840,42854,15,LOADED_SCENE,552008,1079,1079,1078,1078,1078,1040,1040,1040,0,0,0,353089,316383,411366,33.4347,4.1478,357.487
2857,42855,42869,15,LOADED_SCENE,552008,1079,1079,1078,1078,1078,1040,1040,1040,0,0,0,348654,314513,387566,5.23786,4.1342,14.448
2858,42870,42884,15,LOADED_SCENE,552008,1079,1079,1078,1078,1078,1040,1040,1040,0,0,0,339294,318218,379529,27.234,4.1977,322.694
2859,42885,42899,15,LOADED_SCENE,552008,1079,1079,1078,1078,1078,1040,1040,1040,0,0,0,363622,307749,406542,29.897,4.1438,310.653
2860,42900,42914,15,LOADED_SCENE,552008,1079,1079,1078,1078,1078,1040,1040,1040,0,0,0,359183,322215,411383,25.9495,4.3576,297.522
2861,42915,42929,15,LOADED_SCENE,552008,1079,1079,1078,1078,1078,1040,1040,1040,0,0,0,352121,302294,432020,47.821,4.2273,587.548
2862,42930,42944,15,LOADED_SCENE,552008,1079,1079,1078,1078,1078,1040,1040,1040,0,0,0,350364,315668,419895,40.4361,4.2384,463.499
2863,42945,42959,15,LOADED_SCENE,552008,1079,1079,1078,1078,1078,1040,1040,1040,0,0,0,359825,320310,409411,4.70193,4.2895,6.0961
2864,42960,42974,15,LOADED_SCENE,552008,1079,1079,1078,1078,1078,1040,1040,1040,0,0,0,354630,304616,424224,25.3218,4.2789,280.062
2865,42975,42989,15,LOADED_SCENE,552008,1079,1079,1078,1078,1078,1040,1040,1040,0,0,0,344269,309792,395987,26.6962,4.1658,306.573
2866,42990,43004,15,LOADED_SCENE,552008,1079,1079,1078,1078,1078,1040,1040,1040,0,0,0,350804,315721,408217,37.9188,4.3208,422.942
2867,43005,43019,15,LOADED_SCENE,552008,1079,1079,1078,1078,1078,1040,1040,1040,0,0,0,353922,318846,384372,23.8026,4.3434,273.856
2868,43020,43034,15,LOADED_SCENE,552008,1079,1079,1078,1078,1078,1040,1040,1040,0,0,0,354167,319988,407550,24.1291,4.3288,262.382
2869,43035,43049,15,LOADED_SCENE,552008,1079,1079,1078,1078,1078,1040,1040,1040,0,0,0,346224,318587,388392,9.06559,4.4124,31.7409
2870,43050,43064,15,LOADED_SCENE,552008,1079,1079,1078,1078,1078,1040,1040,1040,0,0,0,348680,311937,384501,36.8028,4.2628,458.302
2871,43065,43079,15,LOADED_SCENE,552008,1079,1079,1078,1078,1078,1040,1040,1040,0,0,0,347419,319760,400966,24.4118,4.3268,281.284
2872,43080,43094,15,LOADED_SCENE,552008,1079,1079,1078,1078,1078,1040,1040,1040,0,0,0,349536,319460,390241,25.2918,4.2008,277.835
2873,43095,43109,15,LOADED_SCENE,552008,1079,1079,1078,1078,1078,1040,1040,1040,0,0,0,342431,319942,413098,51.7679,4.3224,580.674
2874,43110,43124,15,LOADED_SCENE,552008,1079,1079,1078,1078,1078,1040,1040,1040,0,0,0,349996,319572,399860,23.2056,4.3044,266.206
2875,43125,43139,15,LOADED_SCENE,552008,1079,1079,1078,1078,1078,1040,1040,1040,0,0,0,347106,314277,414689,4.93957,4.3412,6.2875
2876,43140,43154,15,LOADED_SCENE,552008,1079,1079,1078,1078,1078,1040,1040,1040,0,0,0,352517,316788,402388,24.4721,4.1628,269.55
2877,43155,43169,15,LOADED_SCENE,552008,1079,1079,1078,1078,1078,1040,1040,1040,0,0,0,336783,314598,386928,33.465,4.3027,377.045
2878,43170,43184,15,LOADED_SCENE,552008,1079,1079,1078,1078,1078,1040,1040,1040,0,0,0,342361,317723,415308,36.8841,4.3011,424.564
2879,43185,43199,15,LOADED_SCENE,552008,1079,1079,1078,1078,1078,1040,1040,1040,0,0,0,346325,317959,395055,28.9786,4.1424,331.965
2880,43200,43214,15,LOADED_SCENE,552008,1079,1079,1078,1078,1078,1040,1040,1040,0,0,0,345502,317020,399828,41.1627,4.3249,463.062
2881,43215,43229,15,LOADED_SCENE,552008,1079,1079,1078,1078,1078,1040,1040,1040,0,0,0,355152,317888,419340,4.78879,4.0953,6.6261
2882,43230,43244,15,LOADED_SCENE,552008,1079,1079,1078,1078,1078,1040,1040,1040,0,0,0,348819,320171,407160,24.3335,4.3684,265.924
2883,43245,43259,15,LOADED_SCENE,552008,1079,1079,1078,1078,1078,1040,1040,1040,0,0,0,356295,318505,400473,21.0063,4.2902,235.292
2884,43260,43274,15,LOADED_SCENE,552008,1079,1079,1078,1078,1078,1040,1040,1040,0,0,0,347537,318057,425646,22.6811,4.3446,235.26
2885,43275,43289,15,LOADED_SCENE,552008,1079,1079,1078,1078,1078,1040,1040,1040,0,0,0,356244,324828,412431,82.0219,4.1679,1161.39
2886,43290,43304,15,LOADED_SCENE,552008,1079,1079,1078,1078,1078,1040,1040,1040,0,0,0,340825,313233,380602,4.67641,4.2329,6.0129
2887,43305,43319,15,LOADED_SCENE,552008,1079,1079,1078,1078,1078,1040,1040,1040,0,0,0,350702,315537,418399,8.48434,3.9487,31.8946
2888,43320,43334,15,LOADED_SCENE,552008,1079,1079,1078,1078,1078,1040,1040,1040,0,0,0,349644,322734,409393,4.33563,4.0765,5.0586
2889,43335,43349,15,LOADED_SCENE,552008,1079,1079,1078,1078,1078,1040,1040,1040,0,0,0,346228,306223,398975,4.29833,4.0577,4.9638
2890,43350,43364,15,LOADED_SCENE,552008,1079,1079,1078,1078,1078,1040,1040,1040,0,0,0,341142,314936,385366,4.26908,4.0453,5.0559
2891,43365,43379,15,LOADED_SCENE,552008,1079,1079,1078,1078,1078,1040,1040,1040,0,0,0,345772,318485,398880,4.26105,4.0154,4.7619
2892,43380,43394,15,LOADED_SCENE,552008,1079,1079,1078,1078,1078,1040,1040,1040,0,0,0,355079,318493,394766,4.28181,3.9894,5.2209
2893,43395,43409,15,LOADED_SCENE,552008,1079,1079,1078,1078,1078,1040,1040,1040,0,0,0,341252,314949,389553,4.20924,4.026,4.8417
2894,43410,43424,15,LOADED_SCENE,552008,1079,1079,1078,1078,1078,1040,1040,1040,0,0,0,345725,319392,404841,4.23249,4.0137,4.7084
2895,43425,43439,15,LOADED_SCENE,552008,1079,1079,1078,1078,1078,1040,1040,1040,0,0,0,352557,322707,442081,4.26109,4.0008,5.1096
2896,43440,43454,15,LOADED_SCENE,552008,1079,1079,1078,1078,1078,1040,1040,1040,0,0,0,345935,318103,410313,4.33561,4.0121,5.2304
2897,43455,43469,15,LOADED_SCENE,552008,1079,1079,1078,1078,1078,1040,1040,1040,0,0,0,340999,320704,387372,4.29172,3.9428,4.8434
2898,43470,43484,15,LOADED_SCENE,552008,1079,1079,1078,1078,1078,1040,1040,1040,0,0,0,348495,319298,451225,4.22017,3.9826,4.9761
2899,43485,43499,15,LOADED_SCENE,552008,1079,1079,1078,1078,1078,1040,1040,1040,0,0,0,339867,316961,375008,4.29951,3.9814,5.2848
2900,43500,43514,15,LOADED_SCENE,552008,1079,1079,1078,1078,1078,1040,1040,1040,0,0,0,365764,312207,424667,4.24979,4.0596,5.0834
2901,43515,43529,15,LOADED_SCENE,552008,1079,1079,1078,1078,1078,1040,1040,1040,0,0,0,343610,320408,385158,4.21302,4.0015,4.4938
2902,43530,43544,15,LOADED_SCENE,552008,1079,1079,1078,1078,1078,1040,1040,1040,0,0,0,359662,327886,436118,4.22847,3.9681,4.9606
2903,43545,43559,15,LOADED_SCENE,552008,1079,1079,1078,1078,1078,1040,1040,1040,0,0,0,359969,314710,402458,4.5677,4.2456,5.3842
2904,43560,43574,15,LOADED_SCENE,552008,1079,1079,1078,1078,1078,1040,1040,1040,0,0,0,347544,315990,390319,4.33495,4.0546,5.056
2905,43575,43589,15,LOADED_SCENE,552008,1079,1079,1078,1078,1078,1040,1040,1040,0,0,0,351715,317269,385025,4.27731,4.0663,5.1653
2906,43590,43604,15,LOADED_SCENE,552008,1079,1079,1078,1078,1078,1040,1040,1040,0,0,0,346611,318797,389638,4.22668,4.0373,5.4165
2907,43605,43619,15,LOADED_SCENE,552008,1079,1079,1078,1078,1078,1040,1040,1040,0,0,0,349716,322949,412855,4.31467,3.9958,5.0322
2908,43620,43634,15,LOADED_SCENE,552008,1079,1079,1078,1078,1078,1040,1040,1040,0,0,0,340875,317000,397973,4.18872,3.9602,4.6632
2909,43635,43649,15,LOADED_SCENE,552008,1079,1079,1078,1078,1078,1040,1040,1040,0,0,0,346655,318286,406415,4.32421,4.0619,5.0711
2910,43650,43664,15,LOADED_SCENE,552008,1079,1079,1078,1078,1078,1040,1040,1040,0,0,0,348713,315811,394077,4.40368,4.0296,4.8521
2911,43665,43679,15,LOADED_SCENE,552008,1079,1079,1078,1078,1078,1040,1040,1040,0,0,0,350635,322270,386862,4.31216,4.0191,5.0848
2912,43680,43694,15,LOADED_SCENE,552008,1079,1079,1078,1078,1078,1040,1040,1040,0,0,0,351788,315656,391680,4.33858,3.9965,4.7717
2913,43695,43709,15,LOADED_SCENE,552008,1079,1079,1078,1078,1078,1040,1040,1040,0,0,0,352709,316710,415319,4.32135,4.0914,5.0371
2914,43710,43724,15,LOADED_SCENE,552008,1079,1079,1078,1078,1078,1040,1040,1040,0,0,0,335962,318848,389372,4.25618,4.0537,5.2072
2915,43725,43739,15,LOADED_SCENE,552008,1079,1079,1078,1078,1078,1040,1040,1040,0,0,0,351094,316317,389097,4.34433,4.018,5.4378
2916,43740,43754,15,LOADED_SCENE,552008,1079,1079,1078,1078,1078,1040,1040,1040,0,0,0,351289,323411,412916,4.26011,4.0003,4.7309
2917,43755,43769,15,LOADED_SCENE,552008,1079,1079,1078,1078,1078,1040,1040,1040,0,0,0,349512,320701,380447,4.25185,4.0123,4.7227
2918,43770,43784,15,LOADED_SCENE,552008,1079,1079,1078,1078,1078,1040,1040,1040,0,0,0,349315,317990,420770,4.17343,3.961,4.7404
2919,43785,43799,15,LOADED_SCENE,552008,1079,1079,1078,1078,1078,1040,1040,1040,0,0,0,349183,317741,417066,4.26793,4.0439,4.8746
2920,43800,43814,15,LOADED_SCENE,552008,1079,1079,1078,1078,1078,1040,1040,1040,0,0,0,342806,319687,377425,4.26886,4.0439,4.9992
2921,43815,43829,15,LOADED_SCENE,552008,1079,1079,1078,1078,1078,1040,1040,1040,0,0,0,350730,315292,412152,4.47247,4.2139,5.3519
2922,43830,43844,15,LOADED_SCENE,552008,1079,1079,1078,1078,1078,1040,1040,1040,0,0,0,343676,313842,386744,4.25333,3.9856,4.7481
2923,43845,43859,15,LOADED_SCENE,552008,1079,1079,1078,1078,1078,1040,1040,1040,0,0,0,337941,313451,388699,4.27876,4.0747,5.1747
2924,43860,43874,15,LOADED_SCENE,552008,1079,1079,1078,1078,1078,1040,1040,1040,0,0,0,342752,316083,386314,4.25765,4.0991,4.8422
2925,43875,43889,15,LOADED_SCENE,552008,1079,1079,1078,1078,1078,1040,1040,1040,0,0,0,349232,320422,401823,4.24413,4.0003,5.2822
2926,43890,43904,15,LOADED_SCENE,552008,1079,1079,1078,1078,1078,1040,1040,1040,0,0,0,339670,317380,374091,4.23898,3.9832,5.048
2927,43905,43919,15,LOADED_SCENE,552008,1079,1079,1078,1078,1078,1040,1040,1040,0,0,0,353982,322133,414901,4.3152,4.0536,4.6713
2928,43920,43934,15,LOADED_SCENE,552008,1079,1079,1078,1078,1078,1040,1040,1040,0,0,0,353102,304703,393828,4.41315,4.0637,5.1975
2929,43935,43949,15,LOADED_SCENE,552008,1079,1079,1078,1078,1078,1040,1040,1040,0,0,0,353507,319314,416405,4.30248,4.0221,5.3863
2930,43950,43964,15,LOADED_SCENE,552008,1079,1079,1078,1078,1078,1040,1040,1040,0,0,0,350110,315341,392593,4.29667,4.1416,4.9043
2931,43965,43979,15,LOADED_SCENE,552008,1079,1079,1078,1078,1078,1040,1040,1040,0,0,0,334946,315241,369301,4.21281,4.0567,4.607
2932,43980,43994,15,LOADED_SCENE,552008,1079,1079,1078,1078,1078,1040,1040,1040,0,0,0,341932,318297,400201,4.19399,4.022,4.5396
2933,43995,44009,15,LOADED_SCENE,552008,1079,1079,1078,1078,1078,1040,1040,1040,0,0,0,344736,316851,387361,4.2879,4.0382,5.6458
2934,44010,44024,15,LOADED_SCENE,552008,1079,1079,1078,1078,1078,1040,1040,1040,0,0,0,336316,318343,379370,4.26877,4.0808,4.5611
2935,44025,44039,15,LOADED_SCENE,552008,1079,1079,1078,1078,1078,1040,1040,1040,0,0,0,355445,319408,394833,4.89652,4.1478,5.4128
2936,44040,44054,15,LOADED_SCENE,552008,1079,1079,1078,1078,1078,1040,1040,1040,0,0,0,360178,319291,397679,4.42055,3.9969,6.0153
2937,44055,44069,15,LOADED_SCENE,552008,1079,1079,1078,1078,1078,1040,1040,1040,0,0,0,351687,317605,438433,4.31665,4.1288,4.7003
2938,44070,44084,15,LOADED_SCENE,552008,1079,1079,1078,1078,1078,1040,1040,1040,0,0,0,348063,314857,418590,4.43312,4.1196,5.1263
2939,44085,44099,15,LOADED_SCENE,552008,1079,1079,1078,1078,1078,1040,1040,1040,0,0,0,352408,304057,401926,5.98219,4.0743,20.1298
2940,44100,44114,15,LOADED_SCENE,552008,1079,1079,1078,1078,1078,1040,1040,1040,0,0,0,359087,311984,423163,4.41291,4.1102,5.1982
2941,44115,44129,15,LOADED_SCENE,552008,1079,1079,1078,1078,1078,1040,1040,1040,0,0,0,350923,322909,404393,4.29803,4.0636,4.8416
2942,44130,44144,15,LOADED_SCENE,552008,1079,1079,1078,1078,1078,1040,1040,1040,0,0,0,350835,313990,408128,4.49236,4.1507,4.9811
2943,44145,44159,15,LOADED_SCENE,552008,1079,1079,1078,1078,1078,1040,1040,1040,0,0,0,346885,319843,379289,4.88619,4.2815,5.707
2944,44160,44174,15,LOADED_SCENE,552008,1079,1079,1078,1078,1078,1040,1040,1040,0,0,0,345110,314198,402288,4.60336,4.1233,5.6863
2945,44175,44189,15,LOADED_SCENE,552008,1079,1079,1078,1078,1078,1040,1040,1040,0,0,0,348540,317958,442536,5.34327,4.1418,18.7644
2946,44190,44204,15,LOADED_SCENE,552008,1079,1079,1078,1078,1078,1040,1040,1040,0,0,0,354439,321338,395346,4.35002,4.1104,5.158
2947,44205,44219,15,LOADED_SCENE,552008,1079,1079,1078,1078,1078,1040,1040,1040,0,0,0,351533,315158,458453,4.26126,4.0218,4.749
2948,44220,44234,15,LOADED_SCENE,552008,1079,1079,1078,1078,1078,1040,1040,1040,0,0,0,355038,319927,405499,4.37321,4.0861,5.1142
2949,44235,44249,15,LOADED_SCENE,552008,1079,1079,1078,1078,1078,1040,1040,1040,0,0,0,344639,303124,404641,4.43369,4.0656,5.2672
2950,44250,44264,15,LOADED_SCENE,552008,1079,1079,1078,1078,1078,1040,1040,1040,0,0,0,356913,312862,414002,5.39372,4.0663,19.2135
2951,44265,44279,15,LOADED_SCENE,552008,1079,1079,1078,1078,1078,1040,1040,1040,0,0,0,353598,315828,414070,4.34704,4.046,5.118
2952,44280,44294,15,LOADED_SCENE,552008,1079,1079,1078,1078,1078,1040,1040,1040,0,0,0,341283,317417,382314,4.27345,4.0408,4.7641
2953,44295,44309,15,LOADED_SCENE,552008,1079,1079,1078,1078,1078,1040,1040,1040,0,0,0,356785,319821,413353,4.28629,3.9706,4.9917
2954,44310,44324,15,LOADED_SCENE,552008,1079,1079,1078,1078,1078,1040,1040,1040,0,0,0,340351,317935,390690,4.39979,4.1485,5.5042
2955,44325,44339,15,LOADED_SCENE,552008,1079,1079,1078,1078,1078,1040,1040,1040,0,0,0,359894,318130,411152,4.61765,4.2239,6.6267
2956,44340,44354,15,LOADED_SCENE,552008,1079,1079,1078,1078,1078,1040,1040,1040,0,0,0,349241,320209,420754,4.45076,4.0133,6.444
2957,44355,44369,15,LOADED_SCENE,552008,1079,1079,1078,1078,1078,1040,1040,1040,0,0,0,336094,318256,402375,4.3039,4.1046,5.1542
2958,44370,44384,15,LOADED_SCENE,552008,1079,1079,1078,1078,1078,1040,1040,1040,0,0,0,349931,305670,405028,4.67746,4.0712,5.7635
2959,44385,44399,15,LOADED_SCENE,552008,1079,1079,1078,1078,1078,1040,1040,1040,0,0,0,355293,324125,392744,4.65657,4.1293,5.7406
2960,44400,44414,15,LOADED_SCENE,552008,1079,1079,1078,1078,1078,1040,1040,1040,0,0,0,362625,316698,443178,4.5319,4.048,5.37
2961,44415,44429,15,LOADED_SCENE,552008,1079,1079,1078,1078,1078,1040,1040,1040,0,0,0,353282,315615,402234,5.04255,4.3063,6.0033
2962,44430,44444,15,LOADED_SCENE,552008,1079,1079,1078,1078,1078,1040,1040,1040,0,0,0,345759,313620,438470,5.13119,4.6843,5.884
2963,44445,44459,15,LOADED_SCENE,552008,1079,1079,1078,1078,1078,1040,1040,1040,0,0,0,354974,319236,407298,7.96961,4.5165,43.5543
2964,44460,44474,15,LOADED_SCENE,552008,1079,1079,1078,1078,1078,1040,1040,1040,0,0,0,339961,317098,391552,4.94505,4.2818,6.2213
2965,44475,44489,15,LOADED_SCENE,552008,1079,1079,1078,1078,1078,1040,1040,1040,0,0,0,346437,322892,417460,5.80132,4.4598,7.2155
2966,44490,44504,15,LOADED_SCENE,552008,1079,1079,1078,1078,1078,1040,1040,1040,0,0,0,358103,313447,421394,4.64033,4.1311,5.4284
2967,44505,44519,15,LOADED_SCENE,552008,1079,1079,1078,1078,1078,1040,1040,1040,0,0,0,351277,314468,400109,4.69037,4.0975,5.155
2968,44520,44534,15,LOADED_SCENE,552008,1079,1079,1078,1078,1078,1040,1040,1040,0,0,0,351304,314275,414573,4.46673,4.0863,5.2728
2969,44535,44549,15,LOADED_SCENE,552008,1079,1079,1078,1078,1078,1040,1040,1040,0,0,0,350151,318481,410022,5.50249,4.3083,8.9357
2970,44550,44564,15,LOADED_SCENE,552008,1079,1079,1078,1078,1078,1040,1040,1040,0,0,0,338282,315078,379629,5.97637,4.3447,8.237
2971,44565,44579,15,LOADED_SCENE,552008,1079,1079,1078,1078,1078,1040,1040,1040,0,0,0,347451,317389,393843,4.91817,4.4027,5.5486
2972,44580,44594,15,LOADED_SCENE,552008,1079,1079,1078,1078,1078,1040,1040,1040,0,0,0,343470,318730,385805,5.33427,4.2695,6.8526
2973,44595,44609,15,LOADED_SCENE,552008,1079,1079,1078,1078,1078,1040,1040,1040,0,0,0,358267,319697,448668,4.90105,4.3548,6.1414
2974,44610,44624,15,LOADED_SCENE,552008,1079,1079,1078,1078,1078,1040,1040,1040,0,0,0,345207,320047,442963,6.5751,4.4193,8.8706
2975,44625,44639,15,LOADED_SCENE,552008,1079,1079,1078,1078,1078,1040,1040,1040,0,0,0,343604,287886,374485,5.28657,4.1748,7.0112
2976,44640,44654,15,LOADED_SCENE,552008,1079,1079,1078,1078,1078,1040,1040,1040,0,0,0,347128,317578,428011,4.71822,4.1865,6.1697
2977,44655,44669,15,LOADED_SCENE,552008,1079,1079,1078,1078,1078,1040,1040,1040,0,0,0,346577,318324,385767,4.31849,4.0878,4.9135
2978,44670,44684,15,LOADED_SCENE,552008,1079,1079,1078,1078,1078,1040,1040,1040,0,0,0,348487,310716,436092,4.41777,4.0257,5.7966
2979,44685,44699,15,LOADED_SCENE,552008,1079,1079,1078,1078,1078,1040,1040,1040,0,0,0,348202,319066,380637,4.47934,4.1771,5.1324
2980,44700,44714,15,LOADED_SCENE,552008,1079,1079,1078,1078,1078,1040,1040,1040,0,0,0,333986,317521,379186,4.57649,4.0312,5.4677
2981,44715,44729,15,LOADED_SCENE,552008,1079,1079,1078,1078,1078,1040,1040,1040,0,0,0,345622,304369,391068,4.44095,4.121,5.1893
2982,44730,44744,15,LOADED_SCENE,552008,1079,1079,1078,1078,1078,1040,1040,1040,0,0,0,349356,318131,405389,4.64643,4.144,5.8293
2983,44745,44759,15,LOADED_SCENE,552008,1079,1079,1078,1078,1078,1040,1040,1040,0,0,0,350529,313656,422372,5.01982,4.4486,5.9237
2984,44760,44774,15,LOADED_SCENE,552008,1079,1079,1078,1078,1078,1040,1040,1040,0,0,0,334355,298985,368632,5.06238,4.53,6.2319
2985,44775,44789,15,LOADED_SCENE,552008,1079,1079,1078,1078,1078,1040,1040,1040,0,0,0,344435,317426,401488,4.88345,4.4633,5.5149
2986,44790,44804,15,LOADED_SCENE,552008,1079,1079,1078,1078,1078,1040,1040,1040,0,0,0,344133,319331,383520,4.84412,4.1637,6.3797
2987,44805,44819,15,LOADED_SCENE,552008,1079,1079,1078,1078,1078,1040,1040,1040,0,0,0,353553,320778,399719,4.61305,4.0905,5.7309
2988,44820,44834,15,LOADED_SCENE,552008,1079,1079,1078,1078,1078,1040,1040,1040,0,0,0,348208,317987,387332,4.58521,4.1696,5.1262
2989,44835,44849,15,LOADED_SCENE,552008,1079,1079,1078,1078,1078,1040,1040,1040,0,0,0,341137,318937,385554,4.85691,4.2336,6.1872
2990,44850,44864,15,LOADED_SCENE,552008,1079,1079,1078,1078,1078,1040,1040,1040,0,0,0,344505,315605,397778,6.33441,4.4156,19.8186
2991,44865,44879,15,LOADED_SCENE,552008,1079,1079,1078,1078,1078,1040,1040,1040,0,0,0,337938,318672,398223,5.46441,4.1792,9.5022
2992,44880,44894,15,LOADED_SCENE,552008,1079,1079,1078,1078,1078,1040,1040,1040,0,0,0,351363,316733,419035,4.73918,4.1738,5.8988
2993,44895,44909,15,LOADED_SCENE,552008,1079,1079,1078,1078,1078,1040,1040,1040,0,0,0,353062,314485,426695,4.6894,4.1689,5.2317
2994,44910,44924,15,LOADED_SCENE,552008,1079,1079,1078,1078,1078,1040,1040,1040,0,0,0,337796,319034,364170,5.63597,4.1491,19.9229
2995,44925,44939,15,LOADED_SCENE,552008,1079,1079,1078,1078,1078,1040,1040,1040,0,0,0,342800,300995,409515,5.61277,4.33,9.3413
2996,44940,44954,15,LOADED_SCENE,552008,1079,1079,1078,1078,1078,1040,1040,1040,0,0,0,352289,317385,400110,4.85574,4.1843,5.8462
2997,44955,44969,15,LOADED_SCENE,552008,1079,1079,1078,1078,1078,1040,1040,1040,0,0,0,360346,321554,406099,4.75927,4.1482,6.2024
2998,44970,44984,15,LOADED_SCENE,552008,1079,1079,1078,1078,1078,1040,1040,1040,0,0,0,345429,315823,417711,5.26255,4.1183,8.1585
2999,44985,44999,15,LOADED_SCENE,552008,1079,1079,1078,1078,1078,1040,1040,1040,0,0,0,360859,317993,428531,5.04222,4.1138,6.2642
3000,45000,45014,15,LOADED_SCENE,552008,1079,1079,1078,1078,1078,1040,1040,1040,0,0,0,347337,313342,397815,5.17658,4.1302,7.6546
3001,45015,45029,15,LOADED_SCENE,552008,1079,1079,1078,1078,1078,1040,1040,1040,0,0,0,357990,326163,445732,4.76106,4.063,6.64
3002,45030,45044,15,LOADED_SCENE,552008,1079,1079,1078,1078,1078,1040,1040,1040,0,0,0,339869,314694,396781,4.33824,4.0659,5.1493
3003,45045,45059,15,LOADED_SCENE,552008,1079,1079,1078,1078,1078,1040,1040,1040,0,0,0,357085,320727,426503,4.46777,4.0106,6.0081
3004,45060,45074,15,LOADED_SCENE,552008,1079,1079,1078,1078,1078,1040,1040,1040,0,0,0,360945,323932,410688,4.35266,4.0384,5.0591
3005,45075,45089,15,LOADED_SCENE,552008,1079,1079,1077.73,1077,1078,1042.67,1040,1050,0,0,0,336126,317692,369590,4.36217,4.0335,5.2994
3006,45090,45104,15,LOADED_SCENE,552008,1079,1079,1077,1077,1077,1050,1050,1050,0,0,0,354285,323566,405968,4.37842,4.039,5.1103
3007,45105,45119,15,LOADED_SCENE,552008,1079,1079,1077,1077,1077,1050,1050,1050,0,0,0,352017,324702,394184,4.38472,4.0338,5.0854
3008,45120,45134,15,LOADED_SCENE,552008,1079,1079,1077,1077,1077,1050,1050,1050,0,0,0,331978,315121,386287,4.94955,4.4234,6.1746
3009,45135,45149,15,LOADED_SCENE,552008,1079,1079,1077,1077,1077,1050,1050,1050,0,0,0,347961,321939,398752,5.14145,4.2904,6.3247
3010,45150,45164,15,LOADED_SCENE,552008,1079,1079,1077,1077,1077,1050,1050,1050,0,0,0,340326,316978,384669,4.33168,3.9949,5.1993
3011,45165,45179,15,LOADED_SCENE,552008,1079,1079,1077,1077,1077,1050,1050,1050,0,0,0,339454,316522,426098,4.59055,3.9976,6.2118
3012,45180,45194,15,LOADED_SCENE,552008,1079,1079,1071.33,992,1077,1043.8,957,1050,0,0,0,335619,312964,368652,4.30303,3.8378,5.2927
3013,45195,45209,15,LOADED_SCENE,552008,1079,1079,846.8,737,992,788.467,675,957,0,0,0,243522,182224,324175,4.29454,3.7969,4.9438
3014,45210,45224,15,LOADED_SCENE,552008,1079,1079,908,854,1016,731.333,685,824,0,0,0,225840,187944,277844,4.17763,3.7109,5.4712
3015,45225,45239,15,LOADED_SCENE,552008,1079,1079,1070.6,1016,1079,925.067,824,942,0,0,0,327451,271957,374350,4.60673,3.9627,6.0274
3016,45240,45254,15,LOADED_SCENE,552008,1079,1079,895.4,785,1079,736.333,628,939,0,0,0,218917,177190,320069,4.28868,3.7503,5.363
3017,45255,45269,15,LOADED_SCENE,552008,1079,1079,942.4,826,1020,788.4,693,852,0,0,0,234836,158854,305103,4.07388,3.5889,4.9776
3018,45270,45284,15,LOADED_SCENE,552008,1079,1079,1071.13,1020,1079,916.933,852,928,0,0,0,316372,271655,357606,4.39511,3.9859,5.0614
3019,45285,45299,15,LOADED_SCENE,552008,1079,1079,928.6,795,1079,738.533,633,928,0,0,0,234088,188301,286541,4.12967,3.6448,4.7522
3020,45300,45314,15,LOADED_SCENE,552008,1079,1079,906.467,795,1019,794.2,633,908,0,0,0,227237,170651,292003,4.16739,3.6854,5.1764
3021,45315,45329,15,LOADED_SCENE,552008,1079,1079,1069.87,1019,1074,965.867,908,973,0,0,0,327705,285018,356966,4.29944,3.9407,5.2653
3022,45330,45344,15,LOADED_SCENE,552008,1079,1079,1026,1026,1026,862,862,862,0,0,0,275973,246221,301442,4.24129,3.8837,5.1434
3023,45345,45359,15,LOADED_SCENE,552008,1079,1079,1026,1026,1026,862,862,862,0,0,0,270790,244996,299337,4.16229,3.8746,4.8997
3024,45360,45374,15,LOADED_SCENE,552008,1079,1079,1026,1026,1026,862,862,862,0,0,0,264229,225575,301262,4.31611,3.8577,5.7296
3025,45375,45389,15,LOADED_SCENE,552008,1079,1079,1026,1026,1026,862,862,862,0,0,0,268916,241143,300636,5.20917,3.9339,9.4992
3026,45390,45404,15,LOADED_SCENE,552008,1079,1079,1026,1026,1026,862,862,862,0,0,0,269593,237752,296926,4.96861,3.829,6.3336
3027,45405,45419,15,LOADED_SCENE,552008,1079,1079,1035.6,1026,1074,884.2,862,973,0,0,0,279197,244471,376075,5.33743,3.8606,6.2353
3028,45420,45434,15,LOADED_SCENE,552008,1079,1079,1074,1074,1074,973,973,973,0,0,0,337522,308547,360469,4.28313,3.8979,4.967
3029,45435,45449,15,LOADED_SCENE,552008,1079,1079,1074,1074,1074,973,973,973,0,0,0,343824,309958,383913,4.33414,3.9449,4.9681
3030,45450,45464,15,LOADED_SCENE,552008,1079,1079,1074,1074,1074,973,973,973,0,0,0,328271,288045,398244,4.36411,3.939,5.1663
3031,45465,45479,15,LOADED_SCENE,552008,1079,1079,1074,1074,1074,973,973,973,0,0,0,323924,290457,355776,4.47104,3.9628,5.8892
3032,45480,45494,15,LOADED_SCENE,552008,1079,1079,1074,1074,1074,973,973,973,0,0,0,330603,298595,361331,4.26189,3.9783,5.0215
3033,45495,45509,15,LOADED_SCENE,552008,1079,1079,1074,1074,1074,973,973,973,0,0,0,330977,288455,371500,4.42879,4.0228,6.4842
3034,45510,45524,15,LOADED_SCENE,552008,1079,1079,1074,1074,1074,973,973,973,0,0,0,339189,296309,380126,4.35363,3.9581,5.394
3035,45525,45539,15,LOADED_SCENE,552008,1079,1079,1074,1074,1074,973,973,973,0,0,0,336013,290954,382943,4.36562,3.9597,5.1467
3036,45540,45554,15,LOADED_SCENE,552008,1079,1079,1074,1074,1074,973,973,973,0,0,0,338418,299998,378209,4.32876,3.915,4.9593
3037,45555,45569,15,LOADED_SCENE,552008,1079,1079,1074,1074,1074,973,973,973,0,0,0,333936,305190,371436,4.28121,3.9651,4.9935
3038,45570,45584,15,LOADED_SCENE,552008,1079,1079,1074,1074,1074,973,973,973,0,0,0,340947,311354,391322,4.55671,4.0616,5.5095
3039,45585,45599,15,LOADED_SCENE,552008,1079,1079,1074,1074,1074,973,973,973,0,0,0,337668,286042,403754,4.51723,4.0021,5.7802
3040,45600,45614,15,LOADED_SCENE,552008,1079,1079,1074,1074,1074,973,973,973,0,0,0,330301,301790,366163,4.61053,3.991,6.0168
3041,45615,45629,15,LOADED_SCENE,552008,1079,1079,1074,1074,1074,973,973,973,0,0,0,336299,303977,376688,4.37778,3.9337,5.7256
3042,45630,45644,15,LOADED_SCENE,552008,1079,1079,1074,1074,1074,973,973,973,0,0,0,325969,284624,356177,4.35722,4.013,5.5382
3043,45645,45659,15,LOADED_SCENE,552008,1079,1079,1074,1074,1074,973,973,973,0,0,0,336558,303142,378307,4.39713,4.0264,5.3881
3044,45660,45674,15,LOADED_SCENE,552008,1079,1079,1074,1074,1074,973,973,973,0,0,0,330901,298088,363509,4.3972,4.0052,6.3935
3045,45675,45689,15,LOADED_SCENE,552008,1079,1079,1074,1074,1074,973,973,973,0,0,0,335824,297112,380852,4.51075,4.0206,6.1451
3046,45690,45704,15,LOADED_SCENE,552008,1079,1079,1074,1074,1074,973,973,973,0,0,0,342324,298960,388680,4.66731,4.0592,6.9911
3047,45705,45719,15,LOADED_SCENE,552008,1079,1079,1074,1074,1074,973,973,973,0,0,0,331445,302857,368579,6.27612,5.0349,9.4326
3048,45720,45734,15,LOADED_SCENE,552008,1079,1079,1074,1074,1074,973,973,973,0,0,0,338978,280935,372040,5.17333,4.0142,5.8755
3049,45735,45749,15,LOADED_SCENE,552008,1079,1079,1074,1074,1074,973,973,973,0,0,0,344741,313284,379651,4.44832,3.8361,5.8014
3050,45750,45764,15,LOADED_SCENE,552008,1079,1079,1074,1074,1074,973,973,973,0,0,0,329379,280276,365137,4.38797,3.9521,5.789
3051,45765,45779,15,LOADED_SCENE,552008,1079,1079,1074,1074,1074,973,973,973,0,0,0,338248,287851,390306,4.45048,3.9743,5.2712
3052,45780,45794,15,LOADED_SCENE,552008,1079,1079,1074,1074,1074,973,973,973,0,0,0,336650,293132,368935,4.49167,4.045,5.4791
3053,45795,45809,15,LOADED_SCENE,552008,1079,1079,1074,1074,1074,973,973,973,0,0,0,332427,296840,361289,4.59601,4.0108,5.7869
3054,45810,45824,15,LOADED_SCENE,552008,1079,1079,1074,1074,1074,973,973,973,0,0,0,334375,297220,371907,4.36832,3.9539,5.9226
3055,45825,45839,15,LOADED_SCENE,552008,1079,1079,1074,1074,1074,973,973,973,0,0,0,341274,294089,402989,4.53401,4.0685,5.6007
3056,45840,45854,15,LOADED_SCENE,552008,1079,1079,1074,1074,1074,973,973,973,0,0,0,329685,292356,367749,4.52714,4.0234,5.6569
3057,45855,45869,15,LOADED_SCENE,552008,1079,1079,1074,1074,1074,973,973,973,0,0,0,338817,289832,372007,4.32727,3.9805,5.2476
3058,45870,45884,15,LOADED_SCENE,552008,1079,1079,1074,1074,1074,973,973,973,0,0,0,333179,307079,390980,4.31278,3.973,5.1994
3059,45885,45899,15,LOADED_SCENE,552008,1079,1079,1074,1074,1074,973,973,973,0,0,0,332054,305796,381367,4.3019,3.9616,5.0189
3060,45900,45914,15,LOADED_SCENE,552008,1079,1079,1074,1074,1074,973,973,973,0,0,0,322979,280204,376011,4.36183,3.9654,5.3255
3061,45915,45929,15,LOADED_SCENE,552008,1079,1079,1074,1074,1074,973,973,973,0,0,0,324368,284878,364231,4.25808,3.9709,5.0131
3062,45930,45944,15,LOADED_SCENE,552008,1079,1079,1074,1074,1074,973,973,973,0,0,0,333823,292687,391634,4.34037,3.9628,5.18
3063,45945,45959,15,LOADED_SCENE,552008,1079,1079,1074,1074,1074,973,973,973,0,0,0,332657,287263,383924,5.41751,4.1193,14.208
3064,45960,45974,15,LOADED_SCENE,552008,1079,1079,1074,1074,1074,973,973,973,0,0,0,323951,291753,362673,6.01775,4.2948,7.3414
3065,45975,45989,15,LOADED_SCENE,552008,1079,1079,1074,1074,1074,973,973,973,0,0,0,335205,303528,379183,4.38226,3.9458,5.4399
3066,45990,46004,15,LOADED_SCENE,552008,1079,1079,1074,1074,1074,973,973,973,0,0,0,336133,294284,370457,4.29231,3.9608,4.7368
3067,46005,46019,15,LOADED_SCENE,552008,1079,1079,1074,1074,1074,973,973,973,0,0,0,333783,287439,369892,4.55058,3.9502,6.0601
3068,46020,46034,15,LOADED_SCENE,552008,1079,1079,1074,1074,1074,973,973,973,0,0,0,320144,293765,370352,4.50245,3.949,5.5508
3069,46035,46049,15,LOADED_SCENE,552008,1079,1079,1074,1074,1074,973,973,973,0,0,0,340871,284094,382642,4.42991,4.0228,5.5476
3070,46050,46064,15,LOADED_SCENE,552008,1079,1079,1074,1074,1074,973,973,973,0,0,0,319916,281564,364585,6.07422,4.1144,21.8817
3071,46065,46079,15,LOADED_SCENE,552008,1079,1079,1074,1074,1074,973,973,973,0,0,0,333550,298544,383176,4.51046,3.9671,5.5918
3072,46080,46094,15,LOADED_SCENE,552008,1079,1079,1074,1074,1074,973,973,973,0,0,0,323058,294428,360072,5.02626,3.9991,7.3404
3073,46095,46109,15,LOADED_SCENE,552008,1079,1079,1074,1074,1074,973,973,973,0,0,0,333304,279431,387047,5.55391,3.9717,7.5782
3074,46110,46124,15,LOADED_SCENE,552008,1079,1079,1074,1074,1074,973,973,973,0,0,0,332489,299631,369623,4.57527,4.0578,5.5246
3075,46125,46139,15,LOADED_SCENE,552008,1079,1079,1074,1074,1074,973,973,973,0,0,0,335988,294365,412758,4.3977,3.9721,5.7363
3076,46140,46154,15,LOADED_SCENE,552008,1079,1079,1074,1074,1074,973,973,973,0,0,0,334483,283907,370587,5.9023,3.9875,21.3641
3077,46155,46169,15,LOADED_SCENE,552008,1079,1079,1074,1074,1074,973,973,973,0,0,0,322632,290003,355366,4.68665,4.0128,5.7494
3078,46170,46184,15,LOADED_SCENE,552008,1079,1079,1074,1074,1074,973,973,973,0,0,0,329990,292078,390306,4.94547,3.8735,9.0577
3079,46185,46199,15,LOADED_SCENE,552008,1079,1079,1074,1074,1074,973,973,973,0,0,0,334863,302427,392942,4.69075,4.0299,6.7074
3080,46200,46214,15,LOADED_SCENE,552008,1079,1079,1074,1074,1074,973,973,973,0,0,0,325550,290523,392089,4.73305,4.0248,6.8592
3081,46215,46229,15,LOADED_SCENE,552008,1079,1079,1074,1074,1074,973,973,973,0,0,0,339836,289522,381879,4.50761,4.0904,5.1791
3082,46230,46244,15,LOADED_SCENE,552008,1079,1079,1074,1074,1074,973,973,973,0,0,0,328103,281324,379379,4.35205,3.992,5.6931
3083,46245,46259,15,LOADED_SCENE,552008,1079,1079,1074,1074,1074,973,973,973,0,0,0,329270,289210,360636,4.28089,3.9508,5.2518
3084,46260,46274,15,LOADED_SCENE,552008,1079,1079,1074,1074,1074,973,973,973,0,0,0,323780,289802,374492,4.37559,3.9741,5.1346
3085,46275,46289,15,LOADED_SCENE,552008,1079,1079,1074,1074,1074,973,973,973,0,0,0,340429,299128,390336,4.41705,4.0021,5.7293
3086,46290,46304,15,LOADED_SCENE,552008,1079,1079,1074,1074,1074,973,973,973,0,0,0,322634,282443,392707,4.49747,4.0056,5.7274
3087,46305,46319,15,LOADED_SCENE,552008,1079,1079,1074,1074,1074,973,973,973,0,0,0,337578,291916,382245,4.46227,4.0071,6.1058
3088,46320,46334,15,LOADED_SCENE,552008,1079,1079,1074,1074,1074,973,973,973,0,0,0,340899,296669,378455,4.47958,3.9843,5.1435
3089,46335,46349,15,LOADED_SCENE,552008,1079,1079,1074,1074,1074,973,973,973,0,0,0,330539,283209,355388,4.65369,4.0307,5.8263
3090,46350,46364,15,LOADED_SCENE,552008,1079,1079,1074,1074,1074,973,973,973,0,0,0,330599,289626,380903,4.59096,4.0913,5.7754
3091,46365,46379,15,LOADED_SCENE,552008,1079,1079,1074,1074,1074,973,973,973,0,0,0,348363,314740,391567,4.21507,4.0111,4.8537
3092,46380,46394,15,LOADED_SCENE,552008,1079,1079,1074,1074,1074,973,973,973,0,0,0,328066,297699,379592,4.32584,4.034,5.4106
3093,46395,46409,15,LOADED_SCENE,552008,1079,1079,1074,1074,1074,973,973,973,0,0,0,334678,300585,382676,4.19559,3.99,4.5424
3094,46410,46424,15,LOADED_SCENE,552008,1079,1079,1074,1074,1074,973,973,973,0,0,0,350214,297527,380490,5.04919,4.0125,16.5005
3095,46425,46439,15,LOADED_SCENE,552008,1079,1079,1074,1074,1074,973,973,973,0,0,0,334405,299283,398401,5.28039,3.9799,13.7733
3096,46440,46454,15,LOADED_SCENE,552008,1079,1079,1074,1074,1074,973,973,973,0,0,0,321989,287336,365629,4.71185,4.1155,6.0761
3097,46455,46469,15,LOADED_SCENE,552008,1079,1079,1074,1074,1074,973,973,973,0,0,0,336672,281526,380819,4.21227,3.9528,5.0031
3098,46470,46484,15,LOADED_SCENE,552008,1079,1079,1074,1074,1074,973,973,973,0,0,0,341768,296616,393122,4.19191,3.9481,5.3105
3099,46485,46499,15,LOADED_SCENE,552008,1079,1079,1074,1074,1074,973,973,973,0,0,0,337568,301492,378350,4.23451,3.9867,4.9092
3100,46500,46514,15,LOADED_SCENE,552008,1079,1079,1074,1074,1074,973,973,973,0,0,0,340369,294696,397293,4.18244,3.9773,4.8331
3101,46515,46529,15,LOADED_SCENE,552008,1079,1079,1074,1074,1074,973,973,973,0,0,0,336299,305633,367405,4.2458,3.9662,4.818
3102,46530,46544,15,LOADED_SCENE,552008,1079,1079,1074,1074,1074,973,973,973,0,0,0,333484,299756,372708,4.11462,3.924,4.4816
3103,46545,46559,15,LOADED_SCENE,552008,1079,1079,1074,1074,1074,973,973,973,0,0,0,344496,301970,383273,4.20435,3.9542,4.7577
3104,46560,46574,15,LOADED_SCENE,552008,1079,1079,1074,1074,1074,973,973,973,0,0,0,340120,284980,396480,4.15216,3.9448,4.9391
3105,46575,46589,15,LOADED_SCENE,552008,1079,1079,1074,1074,1074,973,973,973,0,0,0,330495,293511,365758,4.23814,3.9626,5.5743
3106,46590,46604,15,LOADED_SCENE,552008,1079,1079,1074,1074,1074,973,973,973,0,0,0,336116,300757,379173,4.0773,3.9757,4.4327
3107,46605,46619,15,LOADED_SCENE,552008,1079,1079,1074,1074,1074,973,973,973,0,0,0,332904,283240,390629,5.73137,4.2032,17.7578
3108,46620,46634,15,LOADED_SCENE,552008,1079,1079,1074,1074,1074,973,973,973,0,0,0,342483,301939,403166,70.9805,4.1339,1000.37
3109,46635,46649,15,LOADED_SCENE,552008,1079,1079,1074,1074,1074,973,973,973,0,0,0,333102,299632,379776,6.46401,4.2752,31.8655
3110,46650,46664,15,LOADED_SCENE,552008,1079,1079,1074,1074,1074,973,973,973,0,0,0,342244,310903,380257,67.4008,4.3495,928.091
3111,46665,46679,15,LOADED_SCENE,552008,1079,1079,1074,1074,1074,973,973,973,0,0,0,340395,293207,387805,38.3296,4.3339,469.592
3112,46680,46694,15,LOADED_SCENE,552008,1079,1079,1074,1074,1074,973,973,973,0,0,0,332760,295154,402332,50.2267,4.1637,626.41
3113,46695,46709,15,LOADED_SCENE,552008,1079,1079,1074,1074,1074,973,973,973,0,0,0,332325,286870,373578,32.3154,4.1246,379.98
3114,46710,46724,15,LOADED_SCENE,552008,1079,1079,1074,1074,1074,973,973,973,0,0,0,325210,287668,372800,49.5116,4.1816,641.024
3115,46725,46739,15,LOADED_SCENE,552008,1079,1079,1074,1074,1074,973,973,973,0,0,0,320076,299481,347810,7.23695,4.0674,29.2269
3116,46740,46754,15,LOADED_SCENE,552008,1079,1079,1074,1074,1074,973,973,973,0,0,0,337224,306383,393845,39.5214,4.2271,489.846
3117,46755,46769,15,LOADED_SCENE,552008,1079,1079,1074,1074,1074,973,973,973,0,0,0,344592,289123,387799,21.8657,4.1173,251.103
3118,46770,46784,15,LOADED_SCENE,552008,1079,1079,1074,1074,1074,973,973,973,0,0,0,339439,313391,387120,18.6924,4.2009,203.505
3119,46785,46799,15,LOADED_SCENE,552008,1079,1079,1074,1074,1074,973,973,973,0,0,0,334694,305432,365980,22.8699,4.2461,249.921
3120,46800,46814,15,LOADED_SCENE,552008,1079,1079,1074,1074,1074,973,973,973,0,0,0,333996,282431,380732,22.6125,4.2625,267.415
3121,46815,46829,15,LOADED_SCENE,552008,1079,1079,1074,1074,1074,973,973,973,0,0,0,330380,288340,389483,6.21943,4.1452,31.7175
3122,46830,46844,15,LOADED_SCENE,552008,1079,1079,1074,1074,1074,973,973,973,0,0,0,330343,291470,376366,31.6689,4.0158,311.729
3123,46845,46859,15,LOADED_SCENE,552008,1079,1079,1074,1074,1074,973,973,973,0,0,0,336698,292900,370631,33.1925,4.1979,378.934
3124,46860,46874,15,LOADED_SCENE,552008,1079,1079,1074,1074,1074,973,973,973,0,0,0,333950,297399,382021,31.2722,4.2162,369.622
3125,46875,46889,15,LOADED_SCENE,552008,1079,1079,1074,1074,1074,973,973,973,0,0,0,330729,282463,368976,20.1622,4.1592,222.447
3126,46890,46904,15,LOADED_SCENE,552008,1079,1079,1074,1074,1074,973,973,973,0,0,0,334291,290228,387187,18.0481,4.2258,208.532
3127,46905,46919,15,LOADED_SCENE,552008,1079,1079,1074,1074,1074,973,973,973,0,0,0,330963,287631,377637,9.92407,4.0572,32.1639
3128,46920,46934,15,LOADED_SCENE,552008,1079,1079,1074,1074,1074,973,973,973,0,0,0,332373,291327,384271,27.8697,4.1494,339.204
3129,46935,46949,15,LOADED_SCENE,552008,1079,1079,1074,1074,1074,973,973,973,0,0,0,324871,288025,381375,25.7718,4.1409,291.596
3130,46950,46964,15,LOADED_SCENE,552008,1079,1079,1074,1074,1074,973,973,973,0,0,0,336585,293233,371962,45.9637,4.1554,549.12
3131,46965,46979,15,LOADED_SCENE,552008,1079,1079,1074,1074,1074,973,973,973,0,0,0,336916,290596,369288,24.3812,4.2625,275.212
3132,46980,46994,15,LOADED_SCENE,552008,1079,1079,1074,1074,1074,973,973,973,0,0,0,327804,290806,381001,22.6831,4.0543,277.336
3133,46995,47009,15,LOADED_SCENE,552008,1079,1079,1074,1074,1074,973,973,973,0,0,0,329620,281029,376372,5.67165,4.25,20.0167
3134,47010,47024,15,LOADED_SCENE,552008,1079,1079,1074,1074,1074,973,973,973,0,0,0,329933,295383,370368,22.917,4.2576,261.519
3135,47025,47039,15,LOADED_SCENE,552008,1079,1079,1074,1074,1074,973,973,973,0,0,0,340340,305215,387285,24.8502,4.3187,269.048
3136,47040,47054,15,LOADED_SCENE,552008,1079,1079,1074,1074,1074,973,973,973,0,0,0,321603,304646,370260,34.6251,4.3935,393.364
3137,47055,47069,15,LOADED_SCENE,552008,1079,1079,1074,1074,1074,973,973,973,0,0,0,344242,293602,376243,32.088,4.3585,384.874
3138,47070,47084,15,LOADED_SCENE,552008,1079,1079,1074,1074,1074,973,973,973,0,0,0,332001,283681,380869,26.2419,4.5446,315.089
3139,47085,47099,15,LOADED_SCENE,552008,1079,1079,1074,1074,1074,973,973,973,0,0,0,338523,299783,389512,6.23037,4.2457,29.3394
3140,47100,47114,15,LOADED_SCENE,552008,1079,1079,1074,1074,1074,973,973,973,0,0,0,333981,281900,390062,24.6553,4.3095,268.952
3141,47115,47129,15,LOADED_SCENE,552008,1079,1079,1074,1074,1074,973,973,973,0,0,0,323371,290521,373144,26.8382,4.3431,298.684
3142,47130,47144,15,LOADED_SCENE,552008,1079,1079,1074,1074,1074,973,973,973,0,0,0,328513,281204,369888,26.7612,4.2511,306.616
3143,47145,47159,15,LOADED_SCENE,552008,1079,1079,1074,1074,1074,973,973,973,0,0,0,321022,293193,389357,24.5488,4.2978,285.903
3144,47160,47174,15,LOADED_SCENE,552008,1079,1079,1074,1074,1074,973,973,973,0,0,0,337601,281436,388924,29.2445,4.2889,369.642
3145,47175,47189,15,LOADED_SCENE,552008,1079,1079,1074,1074,1074,973,973,973,0,0,0,344253,297773,395181,6.86969,4.2193,33.428
3146,47190,47204,15,LOADED_SCENE,552008,1079,1079,1074,1074,1074,973,973,973,0,0,0,327601,298265,372073,25.3695,4.3183,298.362
3147,47205,47219,15,LOADED_SCENE,552008,1079,1079,1074,1074,1074,973,973,973,0,0,0,327552,301260,384887,26.0928,4.1562,272.982
3148,47220,47234,15,LOADED_SCENE,552008,1079,1079,1074,1074,1074,973,973,973,0,0,0,341662,301868,388101,27.4761,4.2612,318.933
3149,47235,47249,15,LOADED_SCENE,552008,1079,1079,1074,1074,1074,973,973,973,0,0,0,324985,282995,364940,24.5408,4.0733,276.914
3150,47250,47264,15,LOADED_SCENE,552008,1079,1079,1074,1074,1074,973,973,973,0,0,0,338149,293761,391458,31.6222,4.1935,346.202
3151,47265,47279,15,LOADED_SCENE,552008,1079,1079,1074,1074,1074,973,973,973,0,0,0,337993,291741,381751,6.19494,4.1986,31.0875
3152,47280,47294,15,LOADED_SCENE,552008,1079,1079,1074,1074,1074,973,973,973,0,0,0,331937,298428,368666,19.0953,4.1762,207.958
3153,47295,47309,15,LOADED_SCENE,552008,1079,1079,1074,1074,1074,973,973,973,0,0,0,335171,303989,385690,19.0902,4.2645,193.222
3154,47310,47324,15,LOADED_SCENE,552008,1079,1079,1074,1074,1074,973,973,973,0,0,0,332029,298433,379103,73.1151,4.2048,1028.77
3155,47325,47339,15,LOADED_SCENE,552008,1079,1079,1074,1074,1074,973,973,973,0,0,0,324702,283961,349478,5.39585,3.9485,17.611
3156,47340,47354,15,LOADED_SCENE,552008,1079,1079,1074,1074,1074,973,973,973,0,0,0,349545,288261,399054,7.77299,4.0654,31.8839
3157,47355,47369,15,LOADED_SCENE,552008,1079,1079,1074,1074,1074,973,973,973,0,0,0,322270,303231,347634,4.37627,4.0937,5.1534
3158,47370,47384,15,LOADED_SCENE,552008,1079,1079,1074,1074,1074,973,973,973,0,0,0,337379,286976,390676,4.33425,3.9319,5.9058
3159,47385,47399,15,LOADED_SCENE,552008,1079,1079,1074,1074,1074,973,973,973,0,0,0,337316,286780,376922,4.97455,4.1384,9.2903
3160,47400,47414,15,LOADED_SCENE,552008,1079,1079,1074,1074,1074,973,973,973,0,0,0,341334,316048,374570,6.04111,4.2596,10.3631
3161,47415,47429,15,LOADED_SCENE,552008,1079,1079,1074,1074,1074,973,973,973,0,0,0,337954,312379,396789,4.88108,4.0437,7.5491
3162,47430,47444,15,LOADED_SCENE,552008,1079,1079,1074,1074,1074,973,973,973,0,0,0,324667,297310,385452,4.60649,4.0965,6.5529
3163,47445,47459,15,LOADED_SCENE,552008,1079,1079,1074,1074,1074,973,973,973,0,0,0,325532,294045,372586,4.28993,4.05,4.6
3164,47460,47474,15,LOADED_SCENE,552008,1079,1079,1074,1074,1074,973,973,973,0,0,0,325118,285916,389089,4.46642,4.1036,5.7558
3165,47475,47489,15,LOADED_SCENE,552008,1079,1079,1074,1074,1074,973,973,973,0,0,0,333776,298524,408634,6.85262,5.0975,13.3301
3166,47490,47504,15,LOADED_SCENE,552008,1079,1079,1074,1074,1074,973,973,973,0,0,0,330373,287180,387475,4.53481,3.9766,6.3565
3167,47505,47519,15,LOADED_SCENE,552008,1079,1079,1074,1074,1074,973,973,973,0,0,0,331768,280084,371005,4.29322,4.0683,4.801
3168,47520,47534,15,LOADED_SCENE,552008,1079,1079,1074,1074,1074,973,973,973,0,0,0,326154,287341,364724,4.26295,4.0644,4.9803
3169,47535,47549,15,LOADED_SCENE,552008,1079,1079,1074,1074,1074,973,973,973,0,0,0,324483,285044,359763,4.22157,3.9036,4.6257
3170,47550,47564,15,LOADED_SCENE,552008,1079,1079,1074,1074,1074,973,973,973,0,0,0,329710,304418,364787,4.26663,4.0558,4.8353
3171,47565,47579,15,LOADED_SCENE,552008,1079,1079,1074,1074,1074,973,973,973,0,0,0,334258,303435,359403,4.23823,4.0686,4.8026
3172,47580,47594,15,LOADED_SCENE,552008,1079,1079,1074,1074,1074,973,973,973,0,0,0,337989,295380,382787,4.40498,4.1415,5.5202
3173,47595,47609,15,LOADED_SCENE,552008,1079,1079,1074,1074,1074,973,973,973,0,0,0,331605,293304,388724,4.21851,3.9738,4.719
3174,47610,47624,15,LOADED_SCENE,552008,1079,1079,1074,1074,1074,973,973,973,0,0,0,337015,291449,412013,4.23383,4.0339,4.732
3175,47625,47639,15,LOADED_SCENE,552008,1079,1079,1074,1074,1074,973,973,973,0,0,0,338964,301593,367674,4.22961,4.0693,4.612
3176,47640,47654,15,LOADED_SCENE,552008,1079,1079,1074,1074,1074,973,973,973,0,0,0,322906,300092,356157,4.98071,3.9853,6.0405
3177,47655,47669,15,LOADED_SCENE,552008,1079,1079,1074,1074,1074,973,973,973,0,0,0,333279,291491,377664,4.27913,3.9288,4.8515
3178,47670,47684,15,LOADED_SCENE,552008,1079,1079,1074,1074,1074,973,973,973,0,0,0,342038,307650,370961,4.2226,4.0483,4.7067
3179,47685,47699,15,LOADED_SCENE,552008,1079,1079,1074,1074,1074,973,973,973,0,0,0,332363,286137,393787,4.22909,3.9936,4.7207
3180,47700,47714,15,LOADED_SCENE,552008,1079,1079,1074,1074,1074,973,973,973,0,0,0,334947,300093,377127,4.34449,4.0414,6.0521
3181,47715,47729,15,LOADED_SCENE,552008,1079,1079,1074,1074,1074,973,973,973,0,0,0,332283,301850,372246,4.21584,3.9408,5.0061
3182,47730,47744,15,LOADED_SCENE,552008,1079,1079,1074,1074,1074,973,973,973,0,0,0,335913,310669,380219,4.21291,4.0507,4.5454
3183,47745,47759,15,LOADED_SCENE,552008,1079,1079,1074,1074,1074,973,973,973,0,0,0,339875,285995,387551,4.17869,4.0388,4.4495
3184,47760,47774,15,LOADED_SCENE,552008,1079,1079,1074,1074,1074,973,973,973,0,0,0,335572,292663,388275,4.39839,3.9944,5.323
3185,47775,47789,15,LOADED_SCENE,552008,1079,1079,1074,1074,1074,973,973,973,0,0,0,335576,302358,404102,4.34313,3.9606,5.2648
3186,47790,47804,15,LOADED_SCENE,552008,1079,1079,1074,1074,1074,973,973,973,0,0,0,328192,290483,360644,4.31497,4.007,4.9912
3187,47805,47819,15,LOADED_SCENE,552008,1079,1079,1074,1074,1074,973,973,973,0,0,0,346280,306081,409115,4.3413,4.0641,5.1361
3188,47820,47834,15,LOADED_SCENE,552008,1079,1079,1074,1074,1074,973,973,973,0,0,0,340223,295814,388824,4.29511,4.0383,5.5
3189,47835,47849,15,LOADED_SCENE,552008,1079,1079,1074,1074,1074,973,973,973,0,0,0,330405,302068,377199,4.20122,3.936,5.0218
3190,47850,47864,15,LOADED_SCENE,552008,1079,1079,1074,1074,1074,973,973,973,0,0,0,349537,295889,402810,4.29335,4.0204,5.1697
3191,47865,47879,15,LOADED_SCENE,552008,1079,1079,1074,1074,1074,973,973,973,0,0,0,324933,283472,368556,4.27299,4.0509,4.6634
3192,47880,47894,15,LOADED_SCENE,552008,1079,1079,1074,1074,1074,973,973,973,0,0,0,328109,292685,361363,4.47689,4.1002,5.4955
3193,47895,47909,15,LOADED_SCENE,552008,1079,1079,1074,1074,1074,973,973,973,0,0,0,338694,293036,366092,4.36947,4.0803,4.9494
3194,47910,47924,15,LOADED_SCENE,552008,1079,1079,1074,1074,1074,973,973,973,0,0,0,335337,297253,391031,5.10369,4.8046,5.5788
3195,47925,47939,15,LOADED_SCENE,552008,1079,1079,1074,1074,1074,973,973,973,0,0,0,343289,287716,388775,5.0777,4.0682,6.2954
3196,47940,47954,15,LOADED_SCENE,552008,1079,1079,1074,1074,1074,973,973,973,0,0,0,327931,287797,361073,4.35139,3.9087,6.0044
3197,47955,47969,15,LOADED_SCENE,552008,1079,1079,1074,1074,1074,973,973,973,0,0,0,326342,296877,368895,4.31657,4.079,4.8985
3198,47970,47984,15,LOADED_SCENE,552008,1079,1079,1074,1074,1074,973,973,973,0,0,0,320103,285916,357997,4.31922,3.9272,5.208
3199,47985,47999,15,LOADED_SCENE,552008,1079,1079,1074,1074,1074,973,973,973,0,0,0,338904,308196,390014,4.25338,4.036,4.6186
3200,48000,48014,15,LOADED_SCENE,552008,1079,1079,1074,1074,1074,973,973,973,0,0,0,337713,289594,381359,4.29539,4.0643,5.2011
3201,48015,48029,15,LOADED_SCENE,552008,1079,1079,1074,1074,1074,973,973,973,0,0,0,333980,298447,386318,4.25173,4.0374,4.5122
3202,48030,48044,15,LOADED_SCENE,552008,1079,1079,1074,1074,1074,973,973,973,0,0,0,340799,316654,356992,4.2743,4.0298,4.8545
3203,48045,48059,15,LOADED_SCENE,552008,1079,1079,1074,1074,1074,973,973,973,0,0,0,339104,294889,378975,4.20188,4.003,4.7261
3204,48060,48074,15,LOADED_SCENE,552008,1079,1079,1074,1074,1074,973,973,973,0,0,0,334409,293263,384149,4.34205,4.074,5.4352
3205,48075,48089,15,LOADED_SCENE,552008,1079,1079,1074,1074,1074,973,973,973,0,0,0,332605,310153,366771,4.36968,4.0934,5.7535
3206,48090,48104,15,LOADED_SCENE,552008,1079,1079,1074,1074,1074,973,973,973,0,0,0,328605,293340,362454,5.04659,4.0984,13.3979
3207,48105,48119,15,LOADED_SCENE,552008,1079,1079,1074,1074,1074,973,973,973,0,0,0,324554,290390,384668,6.96817,4.4354,20.4723
3208,48120,48134,15,LOADED_SCENE,552008,1079,1079,1074,1074,1074,973,973,973,0,0,0,329726,287080,362899,4.86351,4.2091,7.1094
3209,48135,48149,15,LOADED_SCENE,552008,1079,1079,1074,1074,1074,973,973,973,0,0,0,337054,294662,377161,4.38807,3.9461,5.3163
3210,48150,48164,15,LOADED_SCENE,552008,1079,1079,1074,1074,1074,973,973,973,0,0,0,332372,285597,370673,4.47765,4.1341,4.9501
3211,48165,48179,15,LOADED_SCENE,552008,1079,1079,1074,1074,1074,973,973,973,0,0,0,320865,289996,366183,4.44648,4.1528,5.337
3212,48180,48194,15,LOADED_SCENE,552008,1079,1079,1074,1074,1074,973,973,973,0,0,0,335816,298567,382100,4.43694,4.0771,5.4268
3213,48195,48209,15,LOADED_SCENE,552008,1079,1079,1074,1074,1074,973,973,973,0,0,0,332143,285502,374462,6.42587,4.5341,21.8955
3214,48210,48224,15,LOADED_SCENE,552008,1079,1079,1074,1074,1074,973,973,973,0,0,0,330561,284953,363227,5.29953,4.1926,7.4868
3215,48225,48239,15,LOADED_SCENE,552008,1079,1079,1074,1074,1074,973,973,973,0,0,0,328225,294508,367909,4.54045,4.0986,5.1678
3216,48240,48254,15,LOADED_SCENE,552008,1079,1079,1074,1074,1074,973,973,973,0,0,0,333028,289947,380350,4.3581,4.0634,5.4095
3217,48255,48269,15,LOADED_SCENE,552008,1079,1079,1074,1074,1074,973,973,973,0,0,0,331319,285576,387846,4.36193,3.9641,5.3419
3218,48270,48284,15,LOADED_SCENE,552008,1079,1079,1074,1074,1074,973,973,973,0,0,0,331032,293214,367476,4.30679,4.0928,4.8926
3219,48285,48299,15,LOADED_SCENE,552008,1079,1079,1074,1074,1074,973,973,973,0,0,0,334772,286214,365555,4.33987,4.0959,4.7249
3220,48300,48314,15,LOADED_SCENE,552008,1079,1079,1074,1074,1074,973,973,973,0,0,0,340213,298485,371934,4.34651,4.0539,4.997
3221,48315,48329,15,LOADED_SCENE,552008,1079,1079,1074,1074,1074,973,973,973,0,0,0,338416,290960,391721,5.09211,4.3239,6.8793
3222,48330,48344,15,LOADED_SCENE,552008,1079,1079,1074,1074,1074,973,973,973,0,0,0,346968,312309,388960,5.15231,4.2024,7.243
3223,48345,48359,15,LOADED_SCENE,552008,1079,1079,1074,1074,1074,973,973,973,0,0,0,340415,307896,372757,5.63427,4.1954,7.6634
3224,48360,48374,15,LOADED_SCENE,552008,1079,1079,1074,1074,1074,973,973,973,0,0,0,336436,297314,356130,5.05078,4.0693,8.1027
3225,48375,48389,15,LOADED_SCENE,552008,1079,1079,1074,1074,1074,973,973,973,0,0,0,329704,290536,375142,4.33374,4.0977,4.717
3226,48390,48404,15,LOADED_SCENE,552008,1079,1079,1074,1074,1074,973,973,973,0,0,0,328407,294239,352668,5.55359,4.0377,19.9915
3227,48405,48419,15,LOADED_SCENE,552008,1079,1079,1074,1074,1074,973,973,973,0,0,0,337247,295500,392861,4.48506,4.1747,5.2683
3228,48420,48434,15,LOADED_SCENE,552008,1079,1079,1074,1074,1074,973,973,973,0,0,0,330638,278418,379502,4.29555,4.0918,4.5256
3229,48435,48449,15,LOADED_SCENE,552008,1079,1079,1074,1074,1074,973,973,973,0,0,0,343651,311334,382075,4.51609,4.0401,5.4766
3230,48450,48464,15,LOADED_SCENE,552008,1079,1079,1074,1074,1074,973,973,973,0,0,0,339452,283627,372127,6.01488,4.46,8.5519
3231,48465,48479,15,LOADED_SCENE,552008,1079,1079,1074,1074,1074,973,973,973,0,0,0,330740,286726,372031,6.64823,4.5137,9.701
3232,48480,48494,15,LOADED_SCENE,552008,1079,1079,1074,1074,1074,973,973,973,0,0,0,335742,296352,391871,4.64949,3.913,6.109
3233,48495,48509,15,LOADED_SCENE,552008,1079,1079,1074,1074,1074,973,973,973,0,0,0,328440,282170,398166,4.73121,4.2212,5.1275
3234,48510,48524,15,LOADED_SCENE,552008,1079,1079,1074,1074,1074,973,973,973,0,0,0,326755,293818,378035,4.70933,4.1762,6.0289
3235,48525,48539,15,LOADED_SCENE,552008,1079,1079,1074,1074,1074,973,973,973,0,0,0,328189,285967,365514,4.48349,4.0015,5.3593
3236,48540,48554,15,LOADED_SCENE,552008,1079,1079,1074,1074,1074,973,973,973,0,0,0,328844,286384,369509,4.56725,4.0595,5.6182
3237,48555,48569,15,LOADED_SCENE,552008,1079,1079,1074,1074,1074,973,973,973,0,0,0,335653,283002,370912,5.23552,4.0915,6.979
3238,48570,48584,15,LOADED_SCENE,552008,1079,1079,1074,1074,1074,973,973,973,0,0,0,344109,301554,385635,4.40641,3.9294,5.8088
3239,48585,48599,15,LOADED_SCENE,552008,1079,1079,1074,1074,1074,973,973,973,0,0,0,331737,290489,359389,4.17399,3.9406,5.1118
3240,48600,48614,15,LOADED_SCENE,552008,1079,1079,1074,1074,1074,973,973,973,0,0,0,335769,292527,396099,4.33449,3.8883,5.0623
3241,48615,48629,15,LOADED_SCENE,552008,1079,1079,1074,1074,1074,973,973,973,0,0,0,334965,281792,374825,4.44417,4.0936,5.637
3242,48630,48644,15,LOADED_SCENE,552008,1079,1079,1074,1074,1074,973,973,973,0,0,0,335808,281333,373193,4.22958,3.991,5.0012
3243,48645,48659,15,LOADED_SCENE,552008,1079,1079,1074,1074,1074,973,973,973,0,0,0,338394,302094,380575,4.80925,4.0193,7.3994
3244,48660,48674,15,LOADED_SCENE,552008,1079,1079,1074,1074,1074,973,973,973,0,0,0,338947,294263,369473,4.81182,4.0909,6.1877
3245,48675,48689,15,LOADED_SCENE,552008,1079,1079,1074,1074,1074,973,973,973,0,0,0,340827,302150,382531,4.53061,3.995,6.1114
3246,48690,48704,15,LOADED_SCENE,552008,1079,1079,1074,1074,1074,973,973,973,0,0,0,325980,280322,363196,4.85607,4.1524,5.9752
3247,48705,48719,15,LOADED_SCENE,552008,1079,1079,1074,1074,1074,973,973,973,0,0,0,321018,278790,377202,5.27311,4.7297,6.3103
3248,48720,48734,15,LOADED_SCENE,552008,1079,1079,1074,1074,1074,973,973,973,0,0,0,328865,286676,378656,7.39354,4.5015,23.8654
3249,48735,48749,15,LOADED_SCENE,552008,1079,1079,1074,1074,1074,973,973,973,0,0,0,328127,287967,360237,4.7603,4.4053,5.2344
3250,48750,48764,15,LOADED_SCENE,552008,1079,1079,1074,1074,1074,973,973,973,0,0,0,334828,281004,361696,4.8927,4.3593,5.5963
3251,48765,48779,15,LOADED_SCENE,552008,1079,1079,1074,1074,1074,973,973,973,0,0,0,340772,292887,376170,4.50956,4.217,5.0359
3252,48780,48794,15,LOADED_SCENE,552008,1079,1079,1074,1074,1074,973,973,973,0,0,0,338595,303719,378308,4.48132,4.0661,5.0271
3253,48795,48809,15,LOADED_SCENE,552008,1079,1079,1074,1074,1074,973,973,973,0,0,0,325568,284067,386355,5.46133,4.3851,9.9964
3254,48810,48824,15,LOADED_SCENE,552008,1079,1079,1074,1074,1074,973,973,973,0,0,0,333551,307429,369583,4.73538,4.0893,5.8308
3255,48825,48839,15,LOADED_SCENE,552008,1079,1079,1074,1074,1074,973,973,973,0,0,0,332179,301433,378547,4.34805,3.9787,5.1233
3256,48840,48854,15,LOADED_SCENE,552008,1079,1079,1074,1074,1074,973,973,973,0,0,0,330400,288836,390008,4.59945,4.1103,6.8579
3257,48855,48869,15,LOADED_SCENE,552008,1079,1079,1074,1074,1074,973,973,973,0,0,0,328968,281740,387402,4.44687,4.067,5.4655
3258,48870,48884,15,LOADED_SCENE,552008,1079,1079,1074,1074,1074,973,973,973,0,0,0,332113,293670,378868,4.49712,4.0865,5.3716
3259,48885,48899,15,LOADED_SCENE,552008,1079,1079,1074,1074,1074,973,973,973,0,0,0,344876,307805,379315,5.01549,4.2418,6.3716
3260,48900,48914,15,LOADED_SCENE,552008,1079,1079,1074,1074,1074,973,973,973,0,0,0,333309,293490,365881,4.76177,4.1609,6.7657
3261,48915,48929,15,LOADED_SCENE,552008,1079,1079,1074,1074,1074,973,973,973,0,0,0,326986,282809,377588,4.72137,4.2127,5.6104
3262,48930,48944,15,LOADED_SCENE,552008,1079,1079,1074,1074,1074,973,973,973,0,0,0,336937,296389,362463,4.54351,4.2487,5.1993
3263,48945,48959,15,LOADED_SCENE,552008,1079,1079,1074,1074,1074,973,973,973,0,0,0,348956,298117,383550,4.65789,4.1973,5.2134
3264,48960,48974,15,LOADED_SCENE,552008,1079,1079,1074,1074,1074,973,973,973,0,0,0,333882,300983,375452,4.42751,4.062,6.672
3265,48975,48989,15,LOADED_SCENE,552008,1079,1079,1074,1074,1074,973,973,973,0,0,0,334179,293512,378039,4.34291,4.116,4.718
3266,48990,49004,15,LOADED_SCENE,552008,1079,1079,1074,1074,1074,973,973,973,0,0,0,334577,292038,385570,4.30558,4.0321,5.2274
3267,49005,49019,15,LOADED_SCENE,552008,1079,1079,1074,1074,1074,973,973,973,0,0,0,333599,283235,390864,4.37069,4.0732,5.2293
3268,49020,49034,15,LOADED_SCENE,552008,1079,1079,1074,1074,1074,973,973,973,0,0,0,341653,303099,389769,4.51121,4.2151,5.0731
3269,49035,49049,15,LOADED_SCENE,552008,1079,1079,1074,1074,1074,973,973,973,0,0,0,334316,279781,370868,4.57411,4.0382,5.4521
3270,49050,49064,15,LOADED_SCENE,552008,1079,1079,1074,1074,1074,973,973,973,0,0,0,333785,284866,402613,4.55164,4.1357,5.5518
3271,49065,49079,15,LOADED_SCENE,552008,1079,1079,1074,1074,1074,973,973,973,0,0,0,338529,291148,369566,4.57974,4.099,5.9753
3272,49080,49094,15,LOADED_SCENE,552008,1079,1079,1074,1074,1074,973,973,973,0,0,0,325594,294004,385632,4.58808,4.0878,5.7999
3273,49095,49109,15,LOADED_SCENE,552008,1079,1079,1074,1074,1074,973,973,973,0,0,0,317974,282032,353595,4.75764,4.1399,6.1113
3274,49110,49124,15,LOADED_SCENE,552008,1079,1079,1074,1074,1074,973,973,973,0,0,0,336599,285070,385740,4.71001,4.1482,5.6825
3275,49125,49139,15,LOADED_SCENE,552008,1079,1079,1070.8,1026,1074,965.6,862,973,0,0,0,336324,263378,368172,4.40693,3.9797,5.3989
3276,49140,49154,15,LOADED_SCENE,552008,1079,1079,1026,1026,1026,862,862,862,0,0,0,266391,235652,294421,4.2049,3.9563,4.5522
3277,49155,49169,15,LOADED_SCENE,552008,1079,1079,1026,1026,1026,862,862,862,0,0,0,268277,244236,299854,4.48283,3.9943,4.9964
3278,49170,49184,15,LOADED_SCENE,552008,1079,1079,1026,1026,1026,862,862,862,0,0,0,265358,249552,281351,4.52084,4.0515,5.3851
3279,49185,49199,15,LOADED_SCENE,552008,1079,1079,1026,1026,1026,862,862,862,0,0,0,267761,245825,289521,4.28385,3.9737,4.7598
3280,49200,49214,15,LOADED_SCENE,552008,1079,1079,1026,1026,1026,862,862,862,0,0,0,267731,251451,289864,4.47463,3.9391,5.1927
3281,49215,49229,15,LOADED_SCENE,552008,1079,1079,1026,1026,1026,862,862,862,0,0,0,264778,249781,285423,4.58084,4.0506,7.2328
3282,49230,49244,15,LOADED_SCENE,552008,1079,1079,1026,1026,1026,862,862,862,0,0,0,266326,250040,278506,4.79316,3.8999,6.0827
3283,49245,49259,15,LOADED_SCENE,552008,1079,1079,921.133,821,1026,780.933,670,926,0,0,0,231266,172870,302998,4.99933,4.2563,6.906
3284,49260,49274,15,LOADED_SCENE,552008,1079,1079,1040.07,957,1079,1014.67,926,1048,0,0,0,315753,255923,385453,4.84466,4.0915,6.2431
3285,49275,49289,15,LOADED_SCENE,552008,1079,1079,1076.2,1073,1079,1040.07,1035,1048,0,0,0,346577,273593,426465,4.34644,3.9124,5.4245
3286,49290,49304,15,LOADED_SCENE,552008,1079,1079,978.733,965,1073,874.933,836,1035,0,0,0,255109,223732,312957,4.28139,3.8197,5.5003
3287,49305,49319,15,LOADED_SCENE,552008,1079,1079,1070.2,1067,1079,939.067,931,942,0,0,0,313068,296172,348213,4.18825,3.8398,4.6312
3288,49320,49334,15,LOADED_SCENE,552008,1079,1079,1078,1076,1079,923.733,919,931,0,0,0,314524,270082,363687,4.19301,3.9175,4.9446
3289,49335,49349,15,LOADED_SCENE,552008,1079,1079,995.333,976,1076,816.667,789,919,0,0,0,231086,200342,323677,4.11659,3.76,4.9966
3290,49350,49364,15,LOADED_SCENE,552008,1079,1079,1063.27,994,1079,921.733,820,942,0,0,0,298579,239417,330771,4.33055,3.947,5.6046
3291,49365,49379,15,LOADED_SCENE,552008,1079,1079,1074.73,1063,1079,924.933,912,950,0,0,0,328294,305441,345724,4.36648,3.9328,5.2255
3292,49380,49394,15,LOADED_SCENE,552008,1079,1079,995,962,1063,862.533,832,950,0,0,0,245637,210678,325030,4.24849,3.8072,5.0112
3293,49395,49409,15,LOADED_SCENE,552008,1079,1079,1064.27,1010,1079,946.6,858,975,0,0,0,309602,222033,358481,4.40025,3.9514,4.9679
3294,49410,49424,15,LOADED_SCENE,552008,1079,1079,1079,1079,1079,960,960,960,0,0,0,325736,284242,365826,4.3858,3.9868,5.1908
3295,49425,49439,15,LOADED_SCENE,552008,1079,1079,1079,1079,1079,960,960,960,0,0,0,333951,282069,362398,4.71849,3.9841,6.904
3296,49440,49454,15,LOADED_SCENE,552008,1079,1079,1078.73,1077,1079,962,960,975,0,0,0,330798,287223,374182,4.32757,3.9387,5.4032
3297,49455,49469,15,LOADED_SCENE,552008,1079,1079,1077,1077,1077,975,975,975,0,0,0,299574,268166,337009,4.35405,3.9679,5.246
3298,49470,49484,15,LOADED_SCENE,552008,1079,1079,1077,1077,1077,975,975,975,0,0,0,301403,271131,329242,4.23095,3.927,5.2317
3299,49485,49499,15,LOADED_SCENE,552008,1079,1079,1045.73,1010,1077,920.4,858,975,0,0,0,279741,225632,329599,4.56093,3.9678,5.9407
3300,49500,49514,15,LOADED_SCENE,552008,1079,1079,1010,1010,1010,858,858,858,0,0,0,250283,221998,272697,4.36043,3.828,5.2216
3301,49515,49529,15,LOADED_SCENE,552008,1079,1079,1010,1010,1010,858,858,858,0,0,0,243752,215180,283446,4.12199,3.7633,4.9651
3302,49530,49544,15,LOADED_SCENE,552008,1079,1079,971.6,962,1010,837.2,832,858,0,0,0,226155,215632,263187,4.11391,3.837,4.8778
3303,49545,49559,15,LOADED_SCENE,552008,1079,1079,962,962,962,832,832,832,0,0,0,221802,212274,241654,4.03329,3.7211,4.6965
3304,49560,49574,15,LOADED_SCENE,552008,1079,1079,962,962,962,832,832,832,0,0,0,221681,211877,229395,4.15203,3.8513,5.3875
3305,49575,49589,15,LOADED_SCENE,552008,1079,1079,1049.53,962,1063,934.267,832,950,0,0,0,287935,219504,321203,4.42961,3.9694,5.4874
3306,49590,49604,15,LOADED_SCENE,552008,1079,1079,1063,1063,1063,950,950,950,0,0,0,303669,274397,334784,4.24948,3.9543,5.0015
3307,49605,49619,15,LOADED_SCENE,552008,1079,1079,1063,1063,1063,950,950,950,0,0,0,304728,285757,329755,4.22188,3.9508,5.3588
3308,49620,49634,15,LOADED_SCENE,552008,1079,1079,1063,1063,1063,950,950,950,0,0,0,306747,278331,348503,4.23007,3.9298,4.6927
3309,49635,49649,15,LOADED_SCENE,552008,1079,1079,1065.13,1063,1079,945.733,918,950,0,0,0,304490,283368,329605,4.26491,3.8548,5.0337
3310,49650,49664,15,LOADED_SCENE,552008,1079,1079,1079,1079,1079,918,918,918,0,0,0,328160,304149,342669,4.24811,3.9706,4.9573
3311,49665,49679,15,LOADED_SCENE,552008,1079,1079,1079,1079,1079,918,918,918,0,0,0,324319,296708,345328,4.28454,3.9651,5.6595
3312,49680,49694,15,LOADED_SCENE,552008,1079,1079,1079,1079,1079,918,918,918,0,0,0,333204,310568,360060,4.23485,3.9519,5.1519
3313,49695,49709,15,LOADED_SCENE,552008,1079,1079,1079,1079,1079,918,918,918,0,0,0,330603,306706,341326,4.22467,3.8688,4.8137
3314,49710,49724,15,LOADED_SCENE,552008,1079,1079,1079,1079,1079,918,918,918,0,0,0,331085,312191,349666,4.46822,3.9437,6.1629
3315,49725,49739,15,LOADED_SCENE,552008,1079,1079,1079,1079,1079,918,918,918,0,0,0,327702,310273,349127,4.98911,3.9936,7.1013
3316,49740,49754,15,LOADED_SCENE,552008,1079,1079,1079,1079,1079,918,918,918,0,0,0,326033,288405,344066,4.18053,3.9213,5.103
3317,49755,49769,15,LOADED_SCENE,552008,1079,1079,1079,1079,1079,918,918,918,0,0,0,325397,307696,359529,4.34698,3.942,5.2414
3318,49770,49784,15,LOADED_SCENE,552008,1079,1079,1079,1079,1079,918,918,918,0,0,0,336038,316973,353564,4.28261,3.9463,4.9772
3319,49785,49799,15,LOADED_SCENE,552008,1079,1079,1079,1079,1079,918,918,918,0,0,0,328100,302973,344865,4.27532,3.944,5.5901
3320,49800,49814,15,LOADED_SCENE,552008,1079,1079,1079,1079,1079,918,918,918,0,0,0,329669,311405,355216,4.30318,3.8644,5.6245
3321,49815,49829,15,LOADED_SCENE,552008,1079,1079,1079,1079,1079,918,918,918,0,0,0,329682,301636,366743,5.04308,4.0856,6.6317
3322,49830,49844,15,LOADED_SCENE,552008,1079,1079,1079,1079,1079,918,918,918,0,0,0,323930,307474,343325,4.24444,3.9065,5.042
3323,49845,49859,15,LOADED_SCENE,552008,1079,1079,1079,1079,1079,918,918,918,0,0,0,328432,316040,342035,4.26755,3.9139,5.2968
3324,49860,49874,15,LOADED_SCENE,552008,1079,1079,1079,1079,1079,918,918,918,0,0,0,326028,312856,339112,4.18316,3.9015,4.6523
3325,49875,49889,15,LOADED_SCENE,552008,1079,1079,1079,1079,1079,918,918,918,0,0,0,333107,316644,367926,4.29392,3.9454,5.3786
3326,49890,49904,15,LOADED_SCENE,552008,1079,1079,1079,1079,1079,918,918,918,0,0,0,327600,287684,345360,4.84505,3.9487,6.5204
3327,49905,49919,15,LOADED_SCENE,552008,1079,1079,1079,1079,1079,918,918,918,0,0,0,330602,307817,354891,4.26431,3.7677,4.9357
3328,49920,49934,15,LOADED_SCENE,552008,1079,1079,1079,1079,1079,918,918,918,0,0,0,338813,315205,368226,4.28082,3.857,4.876
3329,49935,49949,15,LOADED_SCENE,552008,1079,1079,1079,1079,1079,918,918,918,0,0,0,327339,311290,341126,4.45948,3.932,6.4457
3330,49950,49964,15,LOADED_SCENE,552008,1079,1079,1079,1079,1079,918,918,918,0,0,0,333247,309122,366086,4.15767,3.926,4.6067
3331,49965,49979,15,LOADED_SCENE,552008,1079,1079,1079,1079,1079,918,918,918,0,0,0,329201,310296,346254,4.28323,3.9515,4.7429
3332,49980,49994,15,LOADED_SCENE,552008,1079,1079,1079,1079,1079,918,918,918,0,0,0,328506,310880,358642,4.46266,4.0026,5.4366
3333,49995,50009,15,LOADED_SCENE,552008,1079,1079,1079,1079,1079,918,918,918,0,0,0,327979,309792,348996,4.27517,3.9835,4.7641
3334,50010,50024,15,LOADED_SCENE,552008,1079,1079,1079,1079,1079,918,918,918,0,0,0,331997,316445,363694,4.17534,3.9726,4.4551
3335,50025,50039,15,LOADED_SCENE,552008,1079,1079,1079,1079,1079,918,918,918,0,0,0,328031,290689,358395,4.35181,3.8467,6.0637
3336,50040,50054,15,LOADED_SCENE,552008,1079,1079,1079,1079,1079,918,918,918,0,0,0,329872,311429,361213,4.27023,3.9717,5.189
3337,50055,50069,15,LOADED_SCENE,552008,1079,1079,1079,1079,1079,918,918,918,0,0,0,331000,302311,343767,4.2421,3.9843,4.677
3338,50070,50084,15,LOADED_SCENE,552008,1079,1079,1079,1079,1079,918,918,918,0,0,0,329755,314670,361673,4.23993,3.9268,5.0336
3339,50085,50099,15,LOADED_SCENE,552008,1079,1079,1079,1079,1079,918,918,918,0,0,0,321105,303841,340368,4.20535,3.9119,4.828
3340,50100,50114,15,LOADED_SCENE,552008,1079,1079,1079,1079,1079,918,918,918,0,0,0,325029,278791,343056,4.35357,3.9159,5.2897
3341,50115,50129,15,LOADED_SCENE,552008,1079,1079,1079,1079,1079,918,918,918,0,0,0,322906,288089,352956,5.33072,4.7386,5.9995
3342,50130,50144,15,LOADED_SCENE,552008,1079,1079,1079,1079,1079,918,918,918,0,0,0,340836,314094,406029,4.73713,3.8628,5.8749
3343,50145,50159,15,LOADED_SCENE,552008,1079,1079,1079,1079,1079,918,918,918,0,0,0,329358,316001,340142,4.41283,4.0025,5.0755
3344,50160,50174,15,LOADED_SCENE,552008,1079,1079,1079,1079,1079,918,918,918,0,0,0,329371,309366,344968,4.21147,3.8037,5.1673
3345,50175,50189,15,LOADED_SCENE,552008,1079,1079,1079,1079,1079,918,918,918,0,0,0,326382,291573,341788,4.22514,3.9597,5.0504
3346,50190,50204,15,LOADED_SCENE,552008,1079,1079,1079,1079,1079,918,918,918,0,0,0,327972,306913,350468,4.1948,3.8611,4.7137
3347,50205,50219,15,LOADED_SCENE,552008,1079,1079,1079,1079,1079,918,918,918,0,0,0,327379,312226,346541,4.37715,3.9671,5.9446
3348,50220,50234,15,LOADED_SCENE,552008,1079,1079,1079,1079,1079,918,918,918,0,0,0,330666,297536,348962,4.21963,3.9521,4.6691
3349,50235,50249,15,LOADED_SCENE,552008,1079,1079,1079,1079,1079,918,918,918,0,0,0,333790,312599,370223,4.23805,3.8999,4.9861
3350,50250,50264,15,LOADED_SCENE,552008,1079,1079,1079,1079,1079,918,918,918,0,0,0,334240,320002,346377,4.38005,3.9306,5.7718
3351,50265,50279,15,LOADED_SCENE,552008,1079,1079,1079,1079,1079,918,918,918,0,0,0,327998,311670,374937,4.20437,3.9206,4.848
3352,50280,50294,15,LOADED_SCENE,552008,1079,1079,1079,1079,1079,918,918,918,0,0,0,328191,284906,347475,4.30327,4.0059,4.7697
3353,50295,50309,15,LOADED_SCENE,552008,1079,1079,1079,1079,1079,918,918,918,0,0,0,330656,288210,373958,4.30759,3.9014,5.0458
3354,50310,50324,15,LOADED_SCENE,552008,1079,1079,1079,1079,1079,918,918,918,0,0,0,325657,309742,343444,4.32559,3.8967,5.8813
3355,50325,50339,15,LOADED_SCENE,552008,1079,1079,1079,1079,1079,918,918,918,0,0,0,330775,316786,348282,4.28987,3.976,5.419
3356,50340,50354,15,LOADED_SCENE,552008,1079,1079,1079,1079,1079,918,918,918,0,0,0,329193,310756,339531,4.285,3.9511,5.1543
3357,50355,50369,15,LOADED_SCENE,552008,1079,1079,1079,1079,1079,918,918,918,0,0,0,332824,313772,355668,4.22014,3.9012,4.685
3358,50370,50384,15,LOADED_SCENE,552008,1079,1079,1079,1079,1079,918,918,918,0,0,0,332039,311386,397551,4.30742,3.9579,5.3379
3359,50385,50399,15,LOADED_SCENE,552008,1079,1079,1079,1079,1079,918,918,918,0,0,0,328984,313610,350757,4.23265,3.9559,4.8575
3360,50400,50414,15,LOADED_SCENE,552008,1079,1079,1079,1079,1079,918,918,918,0,0,0,337525,318210,369276,4.27253,3.9345,5.4947
3361,50415,50429,15,LOADED_SCENE,552008,1079,1079,1079,1079,1079,918,918,918,0,0,0,323454,283342,343181,4.27416,3.9439,5.7879
3362,50430,50444,15,LOADED_SCENE,552008,1079,1079,1079,1079,1079,918,918,918,0,0,0,332600,304518,360676,4.39437,4.092,5.0653
3363,50445,50459,15,LOADED_SCENE,552008,1079,1079,1079,1079,1079,918,918,918,0,0,0,331064,317040,358023,4.29546,3.9513,4.8743
3364,50460,50474,15,LOADED_SCENE,552008,1079,1079,1079,1079,1079,918,918,918,0,0,0,329272,302657,347016,4.24187,3.9728,5.0809
3365,50475,50489,15,LOADED_SCENE,552008,1079,1079,1079,1079,1079,918,918,918,0,0,0,333865,318365,345408,4.21746,3.9413,5.1618
3366,50490,50504,15,LOADED_SCENE,552008,1079,1079,1079,1079,1079,918,918,918,0,0,0,330618,310907,347029,4.33225,3.969,5.351
3367,50505,50519,15,LOADED_SCENE,552008,1079,1079,1079,1079,1079,918,918,918,0,0,0,324976,305277,343043,4.32346,3.9244,5.6025
3368,50520,50534,15,LOADED_SCENE,552008,1079,1079,1079,1079,1079,918,918,918,0,0,0,328629,310809,350733,4.22301,3.919,4.8217
3369,50535,50549,15,LOADED_SCENE,552008,1079,1079,1079,1079,1079,918,918,918,0,0,0,326909,303405,346579,4.20734,3.8946,4.6455
3370,50550,50564,15,LOADED_SCENE,552008,1079,1079,1079,1079,1079,918,918,918,0,0,0,329219,309512,349837,5.93494,3.977,28.0038
3371,50565,50579,15,LOADED_SCENE,552008,1079,1079,1079,1079,1079,918,918,918,0,0,0,328184,320673,345703,4.62003,4.2596,5.1954
3372,50580,50594,15,LOADED_SCENE,552008,1079,1079,1079,1079,1079,918,918,918,0,0,0,330942,302192,373714,80.4845,3.9456,1087.36
3373,50595,50609,15,LOADED_SCENE,552008,1079,1079,1079,1079,1079,918,918,918,0,0,0,336265,322137,355529,88.1235,4.0392,1146.78
3374,50610,50624,15,LOADED_SCENE,552008,1079,1079,1079,1079,1079,918,918,918,0,0,0,328735,313601,340820,47.981,4.1234,614.494
3375,50625,50639,15,LOADED_SCENE,552008,1079,1079,1079,1079,1079,918,918,918,0,0,0,334431,312831,403395,33.5485,3.962,422.811
3376,50640,50654,15,LOADED_SCENE,552008,1079,1079,1079,1079,1079,918,918,918,0,0,0,330642,308170,366461,52.0575,4.114,643.408
3377,50655,50669,15,LOADED_SCENE,552008,1079,1079,1079,1079,1079,918,918,918,0,0,0,329050,287723,356626,15.7012,4.4179,49.0165
3378,50670,50684,15,LOADED_SCENE,552008,1079,1079,1079,1079,1079,918,918,918,0,0,0,330211,303429,359324,58.0544,4.2069,768.962
3379,50685,50699,15,LOADED_SCENE,552008,1079,1079,1079,1079,1079,918,918,918,0,0,0,331251,311721,345226,33.223,4.0425,389.189
3380,50700,50714,15,LOADED_SCENE,552008,1079,1079,1079,1079,1079,918,918,918,0,0,0,325645,271749,342642,33.6053,4.1967,368.503
3381,50715,50729,15,LOADED_SCENE,552008,1079,1079,1079,1079,1079,918,918,918,0,0,0,333013,295253,370129,33.9179,3.9988,349.234
3382,50730,50744,15,LOADED_SCENE,552008,1079,1079,1079,1079,1079,918,918,918,0,0,0,328346,297067,344572,32.7304,4.2131,365.341
3383,50745,50759,15,LOADED_SCENE,552008,1079,1079,1079,1079,1079,918,918,918,0,0,0,327000,269926,342739,5.88912,4.1471,25.3085
3384,50760,50774,15,LOADED_SCENE,552008,1079,1079,1079,1079,1079,918,918,918,0,0,0,328812,311866,367505,20.2082,4.2311,222.695
3385,50775,50789,15,LOADED_SCENE,552008,1079,1079,1079,1079,1079,918,918,918,0,0,0,332065,315619,348686,20.1001,4.1151,222.066
3386,50790,50804,15,LOADED_SCENE,552008,1079,1079,1079,1079,1079,918,918,918,0,0,0,324207,306679,344963,33.3598,4.0208,350.283
3387,50805,50819,15,LOADED_SCENE,552008,1079,1079,1079,1079,1079,918,918,918,0,0,0,333179,310271,354081,20.0751,4.2257,222.828
3388,50820,50834,15,LOADED_SCENE,552008,1079,1079,1079,1079,1079,918,918,918,0,0,0,332079,314493,353323,17.9034,4.0964,206.514
3389,50835,50849,15,LOADED_SCENE,552008,1079,1079,1079,1079,1079,918,918,918,0,0,0,332087,315019,353405,5.33571,4.094,19.541
3390,50850,50864,15,LOADED_SCENE,552008,1079,1079,1079,1079,1079,918,918,918,0,0,0,326392,310745,341946,18.9016,4.1533,207.031
3391,50865,50879,15,LOADED_SCENE,552008,1079,1079,1079,1079,1079,918,918,918,0,0,0,327144,306581,343569,21.6845,4.0612,213.289
3392,50880,50894,15,LOADED_SCENE,552008,1079,1079,1079,1079,1079,918,918,918,0,0,0,334742,306518,355042,24.6151,3.9706,277.557
3393,50895,50909,15,LOADED_SCENE,552008,1079,1079,1079,1079,1079,918,918,918,0,0,0,327427,298747,343276,41.0249,4.3119,498.839
3394,50910,50924,15,LOADED_SCENE,552008,1079,1079,1079,1079,1079,918,918,918,0,0,0,335723,312044,395304,29.9844,4.0273,371.131
3395,50925,50939,15,LOADED_SCENE,552008,1079,1079,1079,1079,1079,918,918,918,0,0,0,329158,313871,340535,5.94265,4.075,27.6124
3396,50940,50954,15,LOADED_SCENE,552008,1079,1079,1079,1079,1079,918,918,918,0,0,0,329136,302611,345562,24.7748,4.2569,287.622
3397,50955,50969,15,LOADED_SCENE,552008,1079,1079,1079,1079,1079,918,918,918,0,0,0,332593,317838,344786,26.697,3.9831,278.791
3398,50970,50984,15,LOADED_SCENE,552008,1079,1079,1079,1079,1079,918,918,918,0,0,0,331185,312006,357719,29.0432,4.1835,353.611
3399,50985,50999,15,LOADED_SCENE,552008,1079,1079,1079,1079,1079,918,918,918,0,0,0,332290,309198,347829,23.6296,4.1125,273.892
3400,51000,51014,15,LOADED_SCENE,552008,1079,1079,1079,1079,1079,918,918,918,0,0,0,335030,317347,357314,4.99993,4.1564,6.5197
3401,51015,51029,15,LOADED_SCENE,552008,1079,1079,1079,1079,1079,918,918,918,0,0,0,332872,317760,344729,26.3322,4.1329,274.101
3402,51030,51044,15,LOADED_SCENE,552008,1079,1079,1079,1079,1079,918,918,918,0,0,0,328868,308919,345204,28.1492,4.1603,338.05
3403,51045,51059,15,LOADED_SCENE,552008,1079,1079,1079,1079,1079,918,918,918,0,0,0,331050,313269,344270,24.3292,4.0231,280.183
3404,51060,51074,15,LOADED_SCENE,552008,1079,1079,1079,1079,1079,918,918,918,0,0,0,333041,311720,351681,30.1619,4.0692,353.524
3405,51075,51089,15,LOADED_SCENE,552008,1079,1079,1079,1079,1079,918,918,918,0,0,0,331218,318265,359760,22.0669,4.0996,268.609
3406,51090,51104,15,LOADED_SCENE,552008,1079,1079,1079,1079,1079,918,918,918,0,0,0,329003,311297,354393,5.82129,4.1731,25.2797
3407,51105,51119,15,LOADED_SCENE,552008,1079,1079,1079,1079,1079,918,918,918,0,0,0,330841,305014,361423,24.4157,4.0553,262.72
3408,51120,51134,15,LOADED_SCENE,552008,1079,1079,1079,1079,1079,918,918,918,0,0,0,328535,311667,393470,37.0367,4.1187,416.181
3409,51135,51149,15,LOADED_SCENE,552008,1079,1079,1079,1079,1079,918,918,918,0,0,0,336709,310184,353787,23.8041,4.1126,278.952
3410,51150,51164,15,LOADED_SCENE,552008,1079,1079,1079,1079,1079,918,918,918,0,0,0,336354,312919,346897,22.1166,4.1978,252.702
3411,51165,51179,15,LOADED_SCENE,552008,1079,1079,1079,1079,1079,918,918,918,0,0,0,331934,304803,359559,22.823,4.1333,278.248
3412,51180,51194,15,LOADED_SCENE,552008,1079,1079,1079,1079,1079,918,918,918,0,0,0,329894,299759,355757,5.52759,4.0149,19.356
3413,51195,51209,15,LOADED_SCENE,552008,1079,1079,1079,1079,1079,918,918,918,0,0,0,331492,314039,362092,22.9064,4.1121,260.494
3414,51210,51224,15,LOADED_SCENE,552008,1079,1079,1079,1079,1079,918,918,918,0,0,0,329836,295385,366535,19.5988,4.097,218.838
3415,51225,51239,15,LOADED_SCENE,552008,1079,1079,1079,1079,1079,918,918,918,0,0,0,325549,290002,368822,17.8829,4.1592,190.214
3416,51240,51254,15,LOADED_SCENE,552008,1079,1079,1079,1079,1079,918,918,918,0,0,0,330977,315346,349341,18.6759,4.132,199.236
3417,51255,51269,15,LOADED_SCENE,552008,1079,1079,1079,1079,1079,918,918,918,0,0,0,332477,309750,365377,84.6453,4.118,1178.13
3418,51270,51284,15,LOADED_SCENE,552008,1079,1079,1079,1079,1079,918,918,918,0,0,0,333694,311646,357769,4.35125,3.8412,7.5519
3419,51285,51299,15,LOADED_SCENE,552008,1079,1079,1079,1079,1079,918,918,918,0,0,0,330129,301155,404604,8.81527,4.0126,32.0778
3420,51300,51314,15,LOADED_SCENE,552008,1079,1079,1079,1079,1079,918,918,918,0,0,0,332239,308333,380291,5.01344,4.0821,6.2556
3421,51315,51329,15,LOADED_SCENE,552008,1079,1079,1079,1079,1079,918,918,918,0,0,0,332232,317226,353326,4.33972,3.9927,5.1126
3422,51330,51344,15,LOADED_SCENE,552008,1079,1079,1079,1079,1079,918,918,918,0,0,0,330434,300751,347837,4.20921,3.9927,4.8337
3423,51345,51359,15,LOADED_SCENE,552008,1079,1079,1079,1079,1079,918,918,918,0,0,0,326488,277762,341372,4.09755,3.963,4.4394
3424,51360,51374,15,LOADED_SCENE,552008,1079,1079,1079,1079,1079,918,918,918,0,0,0,331690,313531,354447,4.16829,3.9459,4.7861
3425,51375,51389,15,LOADED_SCENE,552008,1079,1079,1079,1079,1079,918,918,918,0,0,0,331691,314679,350226,4.08243,3.9115,4.5204
3426,51390,51404,15,LOADED_SCENE,552008,1079,1079,1079,1079,1079,918,918,918,0,0,0,335006,315994,370508,4.31576,3.9662,5.1858
3427,51405,51419,15,LOADED_SCENE,552008,1079,1079,1079,1079,1079,918,918,918,0,0,0,326437,306831,352902,4.81486,3.9496,5.7096
3428,51420,51434,15,LOADED_SCENE,552008,1079,1079,1079,1079,1079,918,918,918,0,0,0,326116,297256,345204,4.02923,3.7713,4.7342
3429,51435,51449,15,LOADED_SCENE,552008,1079,1079,1079,1079,1079,918,918,918,0,0,0,330856,315733,342171,4.09285,3.9291,4.6175
3430,51450,51464,15,LOADED_SCENE,552008,1079,1079,1079,1079,1079,918,918,918,0,0,0,331756,298089,355935,4.17731,3.9233,5.0908
3431,51465,51479,15,LOADED_SCENE,552008,1079,1079,1079,1079,1079,918,918,918,0,0,0,329786,312680,357766,4.08169,3.9285,4.3294
3432,51480,51494,15,LOADED_SCENE,552008,1079,1079,1079,1079,1079,918,918,918,0,0,0,331190,315797,349855,4.11091,3.9218,4.7005
3433,51495,51509,15,LOADED_SCENE,552008,1079,1079,1079,1079,1079,918,918,918,0,0,0,331938,309120,353475,4.09129,3.9747,4.4088
3434,51510,51524,15,LOADED_SCENE,552008,1079,1079,1079,1079,1079,918,918,918,0,0,0,336222,309761,387067,5.4552,4.2285,6.8623
3435,51525,51539,15,LOADED_SCENE,552008,1079,1079,1079,1079,1079,918,918,918,0,0,0,323382,291404,369414,5.17761,4.2388,6.3976
3436,51540,51554,15,LOADED_SCENE,552008,1079,1079,1079,1079,1079,918,918,918,0,0,0,329770,307365,345222,4.12915,3.7948,5.033
3437,51555,51569,15,LOADED_SCENE,552008,1079,1079,1079,1079,1079,918,918,918,0,0,0,329655,308323,347339,4.07931,3.8739,4.9298
3438,51570,51584,15,LOADED_SCENE,552008,1079,1079,1079,1079,1079,918,918,918,0,0,0,334711,313754,344682,4.26999,3.9118,5.0511
3439,51585,51599,15,LOADED_SCENE,552008,1079,1079,1079,1079,1079,918,918,918,0,0,0,332761,308984,366399,5.24853,4.7711,6.3567
3440,51600,51614,15,LOADED_SCENE,552008,1079,1079,1079,1079,1079,918,918,918,0,0,0,331370,312520,343991,4.84625,3.9009,5.8605
3441,51615,51629,15,LOADED_SCENE,552008,1079,1079,1079,1079,1079,918,918,918,0,0,0,339347,302279,400842,4.12177,3.8184,4.6723
3442,51630,51644,15,LOADED_SCENE,552008,1079,1079,1079,1079,1079,918,918,918,0,0,0,331601,309281,352272,4.12089,3.884,4.8188
3443,51645,51659,15,LOADED_SCENE,552008,1079,1079,1079,1079,1079,918,918,918,0,0,0,330790,310437,348876,4.11875,3.9623,4.8809
3444,51660,51674,15,LOADED_SCENE,552008,1079,1079,1079,1079,1079,918,918,918,0,0,0,330622,316616,362645,4.08961,3.8696,4.5027
3445,51675,51689,15,LOADED_SCENE,552008,1079,1079,1079,1079,1079,918,918,918,0,0,0,329010,297963,352083,4.17636,3.9773,4.6143
3446,51690,51704,15,LOADED_SCENE,552008,1079,1079,1079,1079,1079,918,918,918,0,0,0,333499,317695,347889,4.09189,3.9025,4.5939
3447,51705,51719,15,LOADED_SCENE,552008,1079,1079,1079,1079,1079,918,918,918,0,0,0,327659,313660,344209,4.16119,3.9137,4.446
3448,51720,51734,15,LOADED_SCENE,552008,1079,1079,1079,1079,1079,918,918,918,0,0,0,329633,307349,348879,4.13887,3.9221,4.6835
3449,51735,51749,15,LOADED_SCENE,552008,1079,1079,1079,1079,1079,918,918,918,0,0,0,329524,310504,347549,4.11977,3.947,4.4733
3450,51750,51764,15,LOADED_SCENE,552008,1079,1079,1079,1079,1079,918,918,918,0,0,0,331998,317422,347297,4.13849,3.9221,4.8798
3451,51765,51779,15,LOADED_SCENE,552008,1079,1079,1079,1079,1079,918,918,918,0,0,0,334876,313850,370526,4.19863,3.9437,4.9914
3452,51780,51794,15,LOADED_SCENE,552008,1079,1079,1079,1079,1079,918,918,918,0,0,0,328723,312823,341998,4.08458,3.8471,4.6923
3453,51795,51809,15,LOADED_SCENE,552008,1079,1079,1079,1079,1079,918,918,918,0,0,0,336426,314351,382132,4.11625,3.929,4.5086
3454,51810,51824,15,LOADED_SCENE,552008,1079,1079,1079,1079,1079,918,918,918,0,0,0,328191,313250,344283,4.08978,3.8491,4.4676
3455,51825,51839,15,LOADED_SCENE,552008,1079,1079,1079,1079,1079,918,918,918,0,0,0,330277,314209,348210,4.15943,3.9045,5.2614
3456,51840,51854,15,LOADED_SCENE,552008,1079,1079,1079,1079,1079,918,918,918,0,0,0,330883,314589,346679,4.1106,3.9187,4.7298
3457,51855,51869,15,LOADED_SCENE,552008,1079,1079,1079,1079,1079,918,918,918,0,0,0,327476,309998,353662,4.20313,3.9418,4.4964
3458,51870,51884,15,LOADED_SCENE,552008,1079,1079,1079,1079,1079,918,918,918,0,0,0,328375,305461,350305,4.1133,3.9221,4.8972
3459,51885,51899,15,LOADED_SCENE,552008,1079,1079,1079,1079,1079,918,918,918,0,0,0,328236,277961,358911,4.09209,3.9149,4.9809
3460,51900,51914,15,LOADED_SCENE,552008,1079,1079,1079,1079,1079,918,918,918,0,0,0,326197,308318,344227,4.10831,3.937,4.5393
3461,51915,51929,15,LOADED_SCENE,552008,1079,1079,1079,1079,1079,918,918,918,0,0,0,325697,299979,343447,4.11568,3.9687,4.7551
3462,51930,51944,15,LOADED_SCENE,552008,1079,1079,1079,1079,1079,918,918,918,0,0,0,329950,298799,385748,4.05465,3.8795,4.5488
3463,51945,51959,15,LOADED_SCENE,552008,1079,1079,1079,1079,1079,918,918,918,0,0,0,330899,312438,343739,4.09963,3.9238,4.72
3464,51960,51974,15,LOADED_SCENE,552008,1079,1079,1079,1079,1079,918,918,918,0,0,0,331446,311454,362035,4.08821,3.8479,4.5538
3465,51975,51989,15,LOADED_SCENE,552008,1079,1079,1079,1079,1079,918,918,918,0,0,0,335315,314749,367323,4.0604,3.9178,4.4131
3466,51990,52004,15,LOADED_SCENE,552008,1079,1079,1079,1079,1079,918,918,918,0,0,0,333888,290861,361619,4.25913,3.9154,4.8701
3467,52005,52019,15,LOADED_SCENE,552008,1079,1079,1079,1079,1079,918,918,918,0,0,0,333769,310484,349238,4.11059,3.9864,4.6609
3468,52020,52034,15,LOADED_SCENE,552008,1079,1079,1079,1079,1079,918,918,918,0,0,0,335540,305496,365396,4.15811,3.9127,4.8583
3469,52035,52049,15,LOADED_SCENE,552008,1079,1079,1079,1079,1079,918,918,918,0,0,0,332903,321313,347832,4.09317,3.9356,4.4251
3470,52050,52064,15,LOADED_SCENE,552008,1079,1079,1079,1079,1079,918,918,918,0,0,0,326565,276391,341255,4.15642,3.9415,4.8665
3471,52065,52079,15,LOADED_SCENE,552008,1079,1079,1079,1079,1079,918,918,918,0,0,0,332202,316384,340510,4.07983,3.8794,4.4026
3472,52080,52094,15,LOADED_SCENE,552008,1079,1079,1079,1079,1079,918,918,918,0,0,0,330204,312424,343735,4.21509,3.9293,4.9572
3473,52095,52109,15,LOADED_SCENE,552008,1079,1079,1079,1079,1079,918,918,918,0,0,0,326880,281125,360086,4.13437,3.9462,4.4217
3474,52110,52124,15,LOADED_SCENE,552008,1079,1079,1079,1079,1079,918,918,918,0,0,0,329345,291112,354588,4.24687,3.9603,4.8683
3475,52125,52139,15,LOADED_SCENE,552008,1079,1079,1079,1079,1079,918,918,918,0,0,0,329157,313037,363819,4.16367,3.897,4.8998
3476,52140,52154,15,LOADED_SCENE,552008,1079,1079,1079,1079,1079,918,918,918,0,0,0,338080,324676,367527,4.11825,3.9106,4.9404
3477,52155,52169,15,LOADED_SCENE,552008,1079,1079,1079,1079,1079,918,918,918,0,0,0,336659,325359,360407,4.06069,3.8963,4.2479
3478,52170,52184,15,LOADED_SCENE,552008,1079,1079,1079,1079,1079,918,918,918,0,0,0,336682,312617,360180,4.11518,3.9165,4.9041
3479,52185,52199,15,LOADED_SCENE,552008,1079,1079,1079,1079,1079,918,918,918,0,0,0,324661,285905,342952,4.04633,3.9404,4.3076
3480,52200,52214,15,LOADED_SCENE,552008,1079,1079,1079,1079,1079,918,918,918,0,0,0,330757,312120,343262,4.11654,3.912,4.9873
3481,52215,52229,15,LOADED_SCENE,552008,1079,1079,1079,1079,1079,918,918,918,0,0,0,330100,311408,360589,4.08131,3.9119,4.5979
3482,52230,52244,15,LOADED_SCENE,552008,1079,1079,1079,1079,1079,918,918,918,0,0,0,331702,315218,342975,4.47184,4.0082,5.6071
3483,52245,52259,15,LOADED_SCENE,552008,1079,1079,1079,1079,1079,918,918,918,0,0,0,328478,308327,357947,4.44103,3.9449,6.4335
3484,52260,52274,15,LOADED_SCENE,552008,1079,1079,1079,1079,1079,918,918,918,0,0,0,329476,308164,352688,4.21217,3.8535,6.1761
3485,52275,52289,15,LOADED_SCENE,552008,1079,1079,1079,1079,1079,918,918,918,0,0,0,334543,305907,387210,4.10623,3.9052,4.6814
3486,52290,52304,15,LOADED_SCENE,552008,1079,1079,1079,1079,1079,918,918,918,0,0,0,327946,302593,350760,4.13026,3.9626,5.0539
3487,52305,52319,15,LOADED_SCENE,552008,1079,1079,1079,1079,1079,918,918,918,0,0,0,332194,314801,380710,4.10339,3.9312,4.5811
3488,52320,52334,15,LOADED_SCENE,552008,1079,1079,1079,1079,1079,918,918,918,0,0,0,334702,314260,381037,4.18327,3.9673,4.8702
3489,52335,52349,15,LOADED_SCENE,552008,1079,1079,1079,1079,1079,918,918,918,0,0,0,324754,304594,343495,4.08051,3.8894,4.7715
3490,52350,52364,15,LOADED_SCENE,552008,1079,1079,1079,1079,1079,918,918,918,0,0,0,330988,281535,343596,4.28215,3.9062,4.9782
3491,52365,52379,15,LOADED_SCENE,552008,1079,1079,1079,1079,1079,918,918,918,0,0,0,329663,319190,342439,4.08124,3.8745,4.6332
3492,52380,52394,15,LOADED_SCENE,552008,1079,1079,1079,1079,1079,918,918,918,0,0,0,335108,309108,354875,4.15856,3.8911,4.8227
3493,52395,52409,15,LOADED_SCENE,552008,1079,1079,1079,1079,1079,918,918,918,0,0,0,338083,315940,371189,4.07981,3.9301,4.4489
3494,52410,52424,15,LOADED_SCENE,552008,1079,1079,1079,1079,1079,918,918,918,0,0,0,333066,309213,385815,4.19644,3.9424,4.9543
3495,52425,52439,15,LOADED_SCENE,552008,1079,1079,1079,1079,1079,918,918,918,0,0,0,329797,306874,344100,4.06707,3.9247,4.8216
3496,52440,52454,15,LOADED_SCENE,552008,1079,1079,1079,1079,1079,918,918,918,0,0,0,329746,294949,371353,4.13519,3.9184,5.4204
3497,52455,52469,15,LOADED_SCENE,552008,1079,1079,1079,1079,1079,918,918,918,0,0,0,327126,307198,344927,4.09083,3.9529,4.5344
3498,52470,52484,15,LOADED_SCENE,552008,1079,1079,1079,1079,1079,918,918,918,0,0,0,328838,317673,342618,4.1315,3.8441,4.6534
3499,52485,52499,15,LOADED_SCENE,552008,1079,1079,1079,1079,1079,918,918,918,0,0,0,324377,280869,348216,4.13315,3.8997,4.896
3500,52500,52514,15,LOADED_SCENE,552008,1079,1079,1079,1079,1079,918,918,918,0,0,0,332684,303627,361302,4.2636,3.947,4.7699
3501,52515,52529,15,LOADED_SCENE,552008,1079,1079,1079,1079,1079,918,918,918,0,0,0,336523,322304,354268,4.07423,3.9318,4.457
3502,52530,52544,15,LOADED_SCENE,552008,1079,1079,1079,1079,1079,918,918,918,0,0,0,331825,315870,341044,4.25309,3.8714,5.8797
3503,52545,52559,15,LOADED_SCENE,552008,1079,1079,1079,1079,1079,918,918,918,0,0,0,328816,292380,348212,4.17739,3.8868,4.5958
3504,52560,52574,15,LOADED_SCENE,552008,1079,1079,1079,1079,1079,918,918,918,0,0,0,323915,305371,345316,4.68431,4.0558,5.1762
3505,52575,52589,15,LOADED_SCENE,552008,1079,1079,1079,1079,1079,918,918,918,0,0,0,328495,312244,342114,4.28857,3.9996,4.912
3506,52590,52604,15,LOADED_SCENE,552008,1079,1079,1079,1079,1079,918,918,918,0,0,0,328315,301272,343831,4.10981,3.9367,4.5407
3507,52605,52619,15,LOADED_SCENE,552008,1079,1079,1079,1079,1079,918,918,918,0,0,0,329275,316133,349954,4.14785,3.8781,4.8608
3508,52620,52634,15,LOADED_SCENE,552008,1079,1079,1079,1079,1079,918,918,918,0,0,0,328680,303708,342286,4.13685,3.9194,4.4905
3509,52635,52649,15,LOADED_SCENE,552008,1079,1079,1079,1079,1079,918,918,918,0,0,0,331399,315420,342996,4.11048,3.9342,4.3847
3510,52650,52664,15,LOADED_SCENE,552008,1079,1079,1079,1079,1079,918,918,918,0,0,0,336328,325273,367064,4.18111,3.9263,5.216
3511,52665,52679,15,LOADED_SCENE,552008,1079,1079,1079,1079,1079,918,918,918,0,0,0,327267,310270,351246,4.06902,3.9423,4.2787
3512,52680,52694,15,LOADED_SCENE,552008,1079,1079,1079,1079,1079,918,918,918,0,0,0,327824,311728,347314,4.12512,3.8988,4.9105
3513,52695,52709,15,LOADED_SCENE,552008,1079,1079,1079,1079,1079,918,918,918,0,0,0,330898,317358,343017,4.17005,3.9186,4.746
3514,52710,52724,15,LOADED_SCENE,552008,1079,1079,1079,1079,1079,918,918,918,0,0,0,326851,292127,343286,4.12945,3.8576,4.9625
3515,52725,52739,15,LOADED_SCENE,552008,1079,1079,1079,1079,1079,918,918,918,0,0,0,329794,303209,342378,4.05764,3.8237,4.7879
3516,52740,52754,15,LOADED_SCENE,552008,1079,1079,1079,1079,1079,918,918,918,0,0,0,337864,320809,358944,4.10789,3.9426,4.7596
3517,52755,52769,15,LOADED_SCENE,552008,1079,1079,1079,1079,1079,918,918,918,0,0,0,324446,288647,343272,4.07355,3.9189,4.4864
3518,52770,52784,15,LOADED_SCENE,552008,1079,1079,1079,1079,1079,918,918,918,0,0,0,337556,315743,359211,4.20607,3.917,4.8289
3519,52785,52799,15,LOADED_SCENE,552008,1079,1079,1079,1079,1079,918,918,918,0,0,0,332599,311441,352248,4.01669,3.878,4.3933
3520,52800,52814,15,LOADED_SCENE,552008,1079,1079,1079,1079,1079,918,918,918,0,0,0,332497,315922,342130,4.11549,3.9132,4.7265
3521,52815,52829,15,LOADED_SCENE,552008,1079,1079,1079,1079,1079,918,918,918,0,0,0,334558,295047,364616,4.10676,3.9095,4.631
3522,52830,52844,15,LOADED_SCENE,552008,1079,1079,1079,1079,1079,918,918,918,0,0,0,333004,292951,347566,4.18367,3.9041,5.089
3523,52845,52859,15,LOADED_SCENE,552008,1079,1079,1079,1079,1079,918,918,918,0,0,0,334789,313079,360067,4.09581,3.8988,4.4272
3524,52860,52874,15,LOADED_SCENE,552008,1079,1079,1079,1079,1079,918,918,918,0,0,0,327032,311435,344147,4.16557,3.8838,4.9388
3525,52875,52889,15,LOADED_SCENE,552008,1079,1079,1079,1079,1079,918,918,918,0,0,0,326424,292097,352863,4.12672,3.9011,4.5472
3526,52890,52904,15,LOADED_SCENE,552008,1079,1079,1079,1079,1079,918,918,918,0,0,0,330536,320382,347982,4.17193,3.9361,5.2103
3527,52905,52919,15,LOADED_SCENE,552008,1079,1079,1079,1079,1079,918,918,918,0,0,0,325181,271217,347019,4.0752,3.9179,4.3311
3528,52920,52934,15,LOADED_SCENE,552008,1079,1079,1079,1079,1079,918,918,918,0,0,0,331910,314481,356615,4.21829,3.9438,5.1668
3529,52935,52949,15,LOADED_SCENE,552008,1079,1079,1079,1079,1079,918,918,918,0,0,0,330994,298818,355253,4.14181,3.9535,4.7765
3530,52950,52964,15,LOADED_SCENE,552008,1079,1079,1079,1079,1079,918,918,918,0,0,0,330277,311646,343899,4.19876,3.9679,4.8537
3531,52965,52979,15,LOADED_SCENE,552008,1079,1079,1079,1079,1079,918,918,918,0,0,0,326311,294090,347276,4.13067,3.9103,4.6471
3532,52980,52994,15,LOADED_SCENE,552008,1079,1079,1079,1079,1079,918,918,918,0,0,0,332410,306462,364603,4.20903,3.8877,6.0842
3533,52995,53009,15,LOADED_SCENE,552008,1079,1079,1079,1079,1079,918,918,918,0,0,0,336606,312513,356089,4.08306,3.9178,4.3497
3534,53010,53024,15,LOADED_SCENE,552008,1079,1079,1079,1079,1079,918,918,918,0,0,0,327587,284539,344507,4.20463,3.8993,6.3948
3535,53025,53039,15,LOADED_SCENE,552008,1079,1079,1079,1079,1079,918,918,918,0,0,0,329946,312192,351025,4.05481,3.9307,4.2987
3536,53040,53054,15,LOADED_SCENE,552008,1079,1079,1079,1079,1079,918,918,918,0,0,0,328585,277215,355325,4.19239,3.9269,4.9829
3537,53055,53069,15,LOADED_SCENE,552008,1079,1079,1079,1079,1079,918,918,918,0,0,0,328782,312572,345773,4.08993,3.9363,4.3645
3538,53070,53084,15,LOADED_SCENE,552008,1079,1079,1079,1079,1079,918,918,918,0,0,0,331733,315743,387973,4.11713,3.8805,5.0752
3539,53085,53099,15,LOADED_SCENE,552008,1079,1079,1079,1079,1079,918,918,918,0,0,0,332455,315634,363671,4.13699,3.9315,4.7125
3540,53100,53114,15,LOADED_SCENE,552008,1079,1079,1079,1079,1079,918,918,918,0,0,0,331748,310800,344251,4.49522,4.0016,5.1277
3541,53115,53129,15,LOADED_SCENE,552008,1079,1079,1079,1079,1079,918,918,918,0,0,0,333574,316522,348089,4.19254,3.951,4.8331
3542,53130,53144,15,LOADED_SCENE,552008,1079,1079,1079,1079,1079,918,918,918,0,0,0,327294,309065,347569,4.0899,3.9215,4.4167
3543,53145,53159,15,LOADED_SCENE,552008,1079,1079,1079,1079,1079,918,918,918,0,0,0,329955,315385,349556,4.10564,3.9398,4.6496
3544,53160,53174,15,LOADED_SCENE,552008,1079,1079,1079,1079,1079,918,918,918,0,0,0,331407,306696,349534,4.16085,3.9557,4.5878
3545,53175,53189,15,LOADED_SCENE,552008,1079,1079,1079,1079,1079,918,918,918,0,0,0,324516,307597,346109,4.22653,3.9466,4.8565
3546,53190,53204,15,LOADED_SCENE,552008,1079,1079,1079,1079,1079,918,918,918,0,0,0,329722,308008,352814,4.12291,3.8641,4.5111
3547,53205,53219,15,LOADED_SCENE,552008,1079,1079,1079,1079,1079,918,918,918,0,0,0,332282,291310,365060,4.14448,3.9278,4.6113
3548,53220,53234,15,LOADED_SCENE,552008,1079,1079,1079,1079,1079,918,918,918,0,0,0,329967,308135,345050,4.05189,3.902,4.6153
3549,53235,53249,15,LOADED_SCENE,552008,1079,1079,1079,1079,1079,918,918,918,0,0,0,331957,309860,357277,4.0743,3.9353,4.2854
3550,53250,53264,15,LOADED_SCENE,552008,1079,1079,1079,1079,1079,918,918,918,0,0,0,331661,305526,347151,4.11105,3.9036,4.7246
3551,53265,53279,15,LOADED_SCENE,552008,1079,1079,1079,1079,1079,918,918,918,0,0,0,326909,309185,342721,4.13055,3.8707,4.7196
3552,53280,53294,15,LOADED_SCENE,552008,1079,1079,1079,1079,1079,918,918,918,0,0,0,337651,317191,375460,4.0834,3.9121,4.598
3553,53295,53309,15,LOADED_SCENE,552008,1079,1079,1079,1079,1079,918,918,918,0,0,0,327519,300049,348622,4.21569,3.972,4.784
3554,53310,53324,15,LOADED_SCENE,552008,1079,1079,1079,1079,1079,918,918,918,0,0,0,328050,310210,343151,4.14249,3.9035,4.9466
3555,53325,53339,15,LOADED_SCENE,552008,1079,1079,1079,1079,1079,918,918,918,0,0,0,327401,308235,370228,4.07923,3.892,4.4747
3556,53340,53354,15,LOADED_SCENE,552008,1079,1079,1079,1079,1079,918,918,918,0,0,0,324241,291236,364912,4.08727,3.8901,4.5788
3557,53355,53369,15,LOADED_SCENE,552008,1079,1079,1079,1079,1079,918,918,918,0,0,0,329243,314177,347962,4.11606,3.9058,4.7063
3558,53370,53384,15,LOADED_SCENE,552008,1079,1079,1079,1079,1079,918,918,918,0,0,0,327518,305798,364156,4.28287,3.9453,5.1143
3559,53385,53399,15,LOADED_SCENE,552008,1079,1079,1079,1079,1079,918,918,918,0,0,0,328713,305992,358092,4.09733,3.8906,4.3309
3560,53400,53414,15,LOADED_SCENE,552008,1079,1079,1079,1079,1079,918,918,918,0,0,0,330004,310391,350310,4.30279,3.6904,5.5061
3561,53415,53429,15,LOADED_SCENE,552008,1079,1079,1079,1079,1079,918,918,918,0,0,0,326938,285242,363464,4.23704,3.9699,4.6932
3562,53430,53444,15,LOADED_SCENE,552008,1079,1079,1079,1079,1079,918,918,918,0,0,0,331705,312050,347913,4.13765,3.9394,4.9329
3563,53445,53459,15,LOADED_SCENE,552008,1079,1079,1079,1079,1079,918,918,918,0,0,0,332803,315897,372960,4.10191,3.8991,4.5995
3564,53460,53474,15,LOADED_SCENE,552008,1079,1079,1079,1079,1079,918,918,918,0,0,0,331286,314063,344013,4.06647,3.9166,4.4864
3565,53475,53489,15,LOADED_SCENE,552008,1079,1079,1079,1079,1079,918,918,918,0,0,0,331479,304804,388064,4.10505,3.9178,4.4023
3566,53490,53504,15,LOADED_SCENE,552008,1079,1079,1079,1079,1079,918,918,918,0,0,0,325809,301784,343763,4.12681,3.9412,4.4747
3567,53505,53519,15,LOADED_SCENE,552008,1079,1079,1079,1079,1079,918,918,918,0,0,0,332356,301099,391623,4.14837,3.9613,5.0035
3568,53520,53534,15,LOADED_SCENE,552008,1079,1079,1079,1079,1079,918,918,918,0,0,0,325150,300581,343017,4.74124,3.9799,5.5717
3569,53535,53549,15,LOADED_SCENE,552008,1079,1079,1079,1079,1079,918,918,918,0,0,0,337118,314335,360360,4.11129,3.8682,4.7173
3570,53550,53564,15,LOADED_SCENE,552008,1079,1079,1079,1079,1079,918,918,918,0,0,0,331806,279626,367548,4.21571,3.9602,4.9482
3571,53565,53579,15,LOADED_SCENE,552008,1079,1079,1079,1079,1079,918,918,918,0,0,0,330440,304256,344069,4.15579,3.8311,4.7206
3572,53580,53594,15,LOADED_SCENE,552008,1079,1079,1079,1079,1079,918,918,918,0,0,0,330704,277668,393599,4.09723,3.8814,4.734
3573,53595,53609,15,LOADED_SCENE,552008,1079,1079,1079,1079,1079,918,918,918,0,0,0,328451,294404,343188,4.10333,3.9276,4.6771
3574,53610,53624,15,LOADED_SCENE,552008,1079,1079,1079,1079,1079,918,918,918,0,0,0,335686,310702,392199,4.17065,3.9011,4.9273
3575,53625,53639,15,LOADED_SCENE,552008,1079,1079,1079,1079,1079,918,918,918,0,0,0,326830,280966,355038,4.10285,3.9146,4.6757
3576,53640,53654,15,LOADED_SCENE,552008,1079,1079,1079,1079,1079,918,918,918,0,0,0,329445,309740,360862,4.07561,3.9487,4.8197
3577,53655,53669,15,LOADED_SCENE,552008,1079,1079,1079,1079,1079,918,918,918,0,0,0,325634,274422,353369,4.20476,3.8847,4.851
3578,53670,53684,15,LOADED_SCENE,552008,1079,1079,1079,1079,1079,918,918,918,0,0,0,336259,315892,360968,4.09745,3.8987,4.459
3579,53685,53699,15,LOADED_SCENE,552008,1079,1079,1079,1079,1079,918,918,918,0,0,0,329412,309230,349881,4.11507,3.9374,4.6201
3580,53700,53714,15,LOADED_SCENE,552008,1079,1079,1079,1079,1079,918,918,918,0,0,0,329092,314323,345970,3.99853,3.7879,4.5222
3581,53715,53729,15,LOADED_SCENE,552008,1079,1079,1079,1079,1079,918,918,918,0,0,0,329213,307047,364042,4.25564,3.9262,5.8034
3582,53730,53744,15,LOADED_SCENE,552008,1079,1079,1079,1079,1079,918,918,918,0,0,0,333003,313149,357967,4.08793,3.9069,4.4178
3583,53745,53759,15,LOADED_SCENE,552008,1079,1079,1079,1079,1079,918,918,918,0,0,0,333719,315337,363558,4.37954,4.0528,5.6161
3584,53760,53774,15,LOADED_SCENE,552008,1079,1079,1079,1079,1079,918,918,918,0,0,0,337969,321503,361258,4.10211,3.926,4.8432
3585,53775,53789,15,LOADED_SCENE,552008,1079,1079,1079,1079,1079,918,918,918,0,0,0,328740,315483,341436,4.17524,3.9343,5.0759
3586,53790,53804,15,LOADED_SCENE,552008,1079,1079,1079,1079,1079,918,918,918,0,0,0,329585,285185,360300,4.07051,3.9155,4.4793
3587,53805,53819,15,LOADED_SCENE,552008,1079,1079,1079,1079,1079,918,918,918,0,0,0,322805,292551,353354,4.17534,3.9004,4.8114
3588,53820,53834,15,LOADED_SCENE,552008,1079,1079,1079,1079,1079,918,918,918,0,0,0,334970,317156,346855,4.186,3.944,4.5351
3589,53835,53849,15,LOADED_SCENE,552008,1079,1079,1079,1079,1079,918,918,918,0,0,0,331583,315441,364550,4.14041,3.8779,5.3189
3590,53850,53864,15,LOADED_SCENE,552008,1079,1079,1079,1079,1079,918,918,918,0,0,0,331936,307857,344552,4.14387,3.9415,4.9659
3591,53865,53879,15,LOADED_SCENE,552008,1079,1079,1079,1079,1079,918,918,918,0,0,0,327993,288242,348986,4.14509,3.873,4.5997
3592,53880,53894,15,LOADED_SCENE,552008,1079,1079,1079,1079,1079,918,918,918,0,0,0,329628,312010,352790,4.14117,3.9121,4.5246
3593,53895,53909,15,LOADED_SCENE,552008,1079,1079,1079,1079,1079,918,918,918,0,0,0,334012,312619,346748,4.22805,3.9741,4.648
3594,53910,53924,15,LOADED_SCENE,552008,1079,1079,1079,1079,1079,918,918,918,0,0,0,331434,309928,361833,4.15156,3.8399,4.5915
3595,53925,53939,15,LOADED_SCENE,552008,1079,1079,1079,1079,1079,918,918,918,0,0,0,327562,314385,356319,4.38946,3.9221,5.1795
3596,53940,53954,15,LOADED_SCENE,552008,1079,1079,1079,1079,1079,918,918,918,0,0,0,328171,292258,357450,4.11193,3.875,4.5937
3597,53955,53969,15,LOADED_SCENE,552008,1079,1079,1079,1079,1079,918,918,918,0,0,0,329681,315905,341934,4.15533,3.8929,5.2171
3598,53970,53984,15,LOADED_SCENE,552008,1079,1079,1079,1079,1079,918,918,918,0,0,0,332366,308473,345327,4.1029,3.8895,4.5496
3599,53985,53999,15,LOADED_SCENE,552008,1079,1079,1079,1079,1079,918,918,918,0,0,0,323890,307385,348297,4.07751,3.9413,4.4706
3600,54000,54014,15,LOADED_SCENE,552008,1079,1079,1079,1079,1079,918,918,918,0,0,0,325348,291446,345246,4.15146,3.9814,4.486
3601,54015,54029,15,LOADED_SCENE,552008,1079,1079,1079,1079,1079,918,918,918,0,0,0,326975,307030,346506,4.13815,3.926,4.7263
3602,54030,54044,15,LOADED_SCENE,552008,1079,1079,1079,1079,1079,918,918,918,0,0,0,331499,307769,362648,4.0666,3.8831,4.9205
3603,54045,54059,15,LOADED_SCENE,552008,1079,1079,1079,1079,1079,918,918,918,0,0,0,327424,311632,351734,4.10954,3.9419,4.6508
3604,54060,54074,15,LOADED_SCENE,552008,1079,1079,1079,1079,1079,918,918,918,0,0,0,331501,292473,353055,4.09564,3.9154,4.9203
3605,54075,54089,15,LOADED_SCENE,552008,1079,1079,1079,1079,1079,918,918,918,0,0,0,333178,309422,387990,4.15397,3.9344,4.7203
3606,54090,54104,15,LOADED_SCENE,552008,1079,1079,1079,1079,1079,918,918,918,0,0,0,325993,306286,358215,4.14145,3.9314,4.762
3607,54105,54119,15,LOADED_SCENE,552008,1079,1079,1079,1079,1079,918,918,918,0,0,0,330515,305529,348695,4.14523,3.9436,4.8248
3608,54120,54134,15,LOADED_SCENE,552008,1079,1079,1079,1079,1079,918,918,918,0,0,0,331089,314996,359222,4.11855,3.9243,4.5309
3609,54135,54149,15,LOADED_SCENE,552008,1079,1079,1079,1079,1079,918,918,918,0,0,0,328711,315033,342578,4.10415,3.9105,4.4767
3610,54150,54164,15,LOADED_SCENE,552008,1079,1079,1079,1079,1079,918,918,918,0,0,0,330455,317344,355048,4.09115,3.8768,4.5864
3611,54165,54179,15,LOADED_SCENE,552008,1079,1079,1079,1079,1079,918,918,918,0,0,0,330874,311862,340746,4.09037,3.944,4.6848
3612,54180,54194,15,LOADED_SCENE,552008,1079,1079,1079,1079,1079,918,918,918,0,0,0,333277,311320,348296,4.14853,3.9292,4.9637
3613,54195,54209,15,LOADED_SCENE,552008,1079,1079,1079,1079,1079,918,918,918,0,0,0,333365,316779,344670,4.15305,3.9444,4.8093
3614,54210,54224,15,LOADED_SCENE,552008,1079,1079,1079,1079,1079,918,918,918,0,0,0,333939,304148,372960,4.13709,3.8976,4.9249
3615,54225,54239,15,LOADED_SCENE,552008,1079,1079,1079,1079,1079,918,918,918,0,0,0,331256,309972,353691,4.06887,3.8809,4.8941
3616,54240,54254,15,LOADED_SCENE,552008,1079,1079,1079,1079,1079,918,918,918,0,0,0,336716,315911,381980,4.08511,3.9452,4.7548
3617,54255,54269,15,LOADED_SCENE,552008,1079,1079,1079,1079,1079,918,918,918,0,0,0,328652,289391,361316,4.22331,3.9769,5.0163
3618,54270,54284,15,LOADED_SCENE,552008,1079,1079,1079,1079,1079,918,918,918,0,0,0,330357,311221,346039,4.18849,3.9135,4.9973
3619,54285,54299,15,LOADED_SCENE,552008,1079,1079,1079,1079,1079,918,918,918,0,0,0,327459,310321,348021,4.12292,3.9089,4.9925
3620,54300,54314,15,LOADED_SCENE,552008,1079,1079,1079,1079,1079,918,918,918,0,0,0,332968,314103,365920,4.11836,3.9269,4.4423
3621,54315,54329,15,LOADED_SCENE,552008,1079,1079,1079,1079,1079,918,918,918,0,0,0,334168,308791,395710,4.03551,3.8379,4.5917
3622,54330,54344,15,LOADED_SCENE,552008,1079,1079,1079,1079,1079,918,918,918,0,0,0,331745,304462,363150,4.16019,3.9262,4.62
3623,54345,54359,15,LOADED_SCENE,552008,1079,1079,1079,1079,1079,918,918,918,0,0,0,329665,291248,342787,4.14896,3.9189,5.2701
3624,54360,54374,15,LOADED_SCENE,552008,1079,1079,1079,1079,1079,918,918,918,0,0,0,329003,291989,344859,4.13237,3.8883,4.7268
3625,54375,54389,15,LOADED_SCENE,552008,1079,1079,1079,1079,1079,918,918,918,0,0,0,331307,307081,352926,4.14669,3.9424,4.7893
3626,54390,54404,15,LOADED_SCENE,552008,1079,1079,1079,1079,1079,918,918,918,0,0,0,334849,317078,352214,4.15794,3.8348,5.0007
3627,54405,54419,15,LOADED_SCENE,552008,1079,1079,1079,1079,1079,918,918,918,0,0,0,329158,302382,350417,4.12943,3.9357,4.6599
3628,54420,54434,15,LOADED_SCENE,552008,1079,1079,1079,1079,1079,918,918,918,0,0,0,334992,316660,363448,4.07845,3.973,4.4579
3629,54435,54449,15,LOADED_SCENE,552008,1079,1079,1079,1079,1079,918,918,918,0,0,0,331932,319930,360224,4.04573,3.928,4.3734
3630,54450,54464,15,LOADED_SCENE,552008,1079,1079,1079,1079,1079,918,918,918,0,0,0,328240,297537,352881,4.13611,3.9236,4.6456
3631,54465,54479,15,LOADED_SCENE,552008,1079,1079,1079,1079,1079,918,918,918,0,0,0,330951,313609,370005,4.07243,3.9315,4.3357
3632,54480,54494,15,LOADED_SCENE,552008,1079,1079,1079,1079,1079,918,918,918,0,0,0,327173,315606,349171,4.11332,3.9209,4.4039
3633,54495,54509,15,LOADED_SCENE,552008,1079,1079,1079,1079,1079,918,918,918,0,0,0,333652,306808,364751,4.18064,3.9141,5.1806
3634,54510,54524,15,LOADED_SCENE,552008,1079,1079,1079,1079,1079,918,918,918,0,0,0,331439,307118,355144,4.11325,3.9291,4.3475
3635,54525,54539,15,LOADED_SCENE,552008,1079,1079,1079,1079,1079,918,918,918,0,0,0,326404,290126,348782,4.08345,3.8701,4.8398
3636,54540,54554,15,LOADED_SCENE,552008,1079,1079,1079,1079,1079,918,918,918,0,0,0,331549,314867,347726,4.12013,3.9178,4.4814
3637,54555,54569,15,LOADED_SCENE,552008,1079,1079,1079,1079,1079,918,918,918,0,0,0,332068,313843,376497,4.01068,3.7886,5.0415
3638,54570,54584,15,LOADED_SCENE,552008,1079,1079,1079,1079,1079,918,918,918,0,0,0,334078,311809,356434,4.19764,3.9369,5.2251
3639,54585,54599,15,LOADED_SCENE,552008,1079,1079,1079,1079,1079,918,918,918,0,0,0,324351,306718,346465,4.07229,3.9166,4.4721
3640,54600,54614,15,LOADED_SCENE,552008,1079,1079,1079,1079,1079,918,918,918,0,0,0,328317,303147,347403,4.12179,3.8771,4.8323
3641,54615,54629,15,LOADED_SCENE,552008,1079,1079,1079,1079,1079,918,918,918,0,0,0,330285,309918,361168,4.03937,3.9141,4.3658
3642,54630,54644,15,LOADED_SCENE,552008,1079,1079,1079,1079,1079,918,918,918,0,0,0,329352,311358,348024,4.23755,3.8809,5.0382
3643,54645,54659,15,LOADED_SCENE,552008,1079,1079,1079,1079,1079,918,918,918,0,0,0,327050,310263,356085,5.27933,3.9535,18.2783
3644,54660,54674,15,LOADED_SCENE,552008,1079,1079,1079,1079,1079,918,918,918,0,0,0,332825,312042,357471,4.34689,3.9499,5.1804
3645,54675,54689,15,LOADED_SCENE,552008,1079,1079,1079,1079,1079,918,918,918,0,0,0,331333,313576,343912,4.34875,3.8591,5.4702
3646,54690,54704,15,LOADED_SCENE,552008,1079,1079,1079,1079,1079,918,918,918,0,0,0,331998,318588,368036,4.32538,3.9292,5.8845
3647,54705,54719,15,LOADED_SCENE,552008,1079,1079,1079,1079,1079,918,918,918,0,0,0,326212,311506,339719,4.22853,3.9545,4.7096
3648,54720,54734,15,LOADED_SCENE,552008,1079,1079,1079,1079,1079,918,918,918,0,0,0,329628,309651,342810,4.08801,3.8068,5.1541
3649,54735,54749,15,LOADED_SCENE,552008,1079,1079,1079,1079,1079,918,918,918,0,0,0,328487,303882,343585,4.13435,3.9198,4.6851
3650,54750,54764,15,LOADED_SCENE,552008,1079,1079,1079,1079,1079,918,918,918,0,0,0,330276,314691,344350,4.25614,3.9073,4.7026
3651,54765,54779,15,LOADED_SCENE,552008,1079,1079,1079,1079,1079,918,918,918,0,0,0,328349,286237,359167,5.17727,3.8553,6.2799
3652,54780,54794,15,LOADED_SCENE,552008,1079,1079,1079,1079,1079,918,918,918,0,0,0,323756,299748,339710,4.60376,3.9484,6.6227
3653,54795,54809,15,LOADED_SCENE,552008,1079,1079,1079,1079,1079,918,918,918,0,0,0,334963,314646,358309,4.36403,3.9932,4.973
3654,54810,54824,15,LOADED_SCENE,552008,1079,1079,1079,1079,1079,918,918,918,0,0,0,336663,319968,355049,4.19659,3.9816,5.3304
3655,54825,54839,15,LOADED_SCENE,552008,1079,1079,1079,1079,1079,918,918,918,0,0,0,331353,317959,344369,4.24384,3.9375,4.8994
3656,54840,54854,15,LOADED_SCENE,552008,1079,1079,1079,1079,1079,918,918,918,0,0,0,334264,308555,365577,4.63255,3.9797,6.5831
3657,54855,54869,15,LOADED_SCENE,552008,1079,1079,1079,1079,1079,918,918,918,0,0,0,332617,312328,349322,4.41512,3.9862,5.5098
3658,54870,54884,15,LOADED_SCENE,552008,1079,1079,1079,1079,1079,918,918,918,0,0,0,328044,309732,366705,4.35078,3.9202,5.336
3659,54885,54899,15,LOADED_SCENE,552008,1079,1079,1079,1079,1079,918,918,918,0,0,0,331362,309730,356130,4.45507,3.9474,6.4553
3660,54900,54914,15,LOADED_SCENE,552008,1079,1079,1079,1079,1079,918,918,918,0,0,0,328112,289487,369150,4.39185,3.9529,5.1974
3661,54915,54929,15,LOADED_SCENE,552008,1079,1079,1079,1079,1079,918,918,918,0,0,0,326342,311114,347156,4.69392,4.0282,6.5338
3662,54930,54944,15,LOADED_SCENE,552008,1079,1079,1079,1079,1079,918,918,918,0,0,0,330559,293153,368453,4.68434,3.9786,6.12
3663,54945,54959,15,LOADED_SCENE,552008,1079,1079,1079,1079,1079,918,918,918,0,0,0,328445,294922,358398,4.17205,3.9389,5.294
3664,54960,54974,15,LOADED_SCENE,552008,1079,1079,1079,1079,1079,918,918,918,0,0,0,334108,314713,368175,4.16529,3.9701,4.4717
3665,54975,54989,15,LOADED_SCENE,552008,1079,1079,1079,1079,1079,918,918,918,0,0,0,332362,318611,346625,4.17567,3.9421,4.7511
3666,54990,55004,15,LOADED_SCENE,552008,1079,1079,1079,1079,1079,918,918,918,0,0,0,333372,311955,358039,4.20553,3.9325,5.3501
3667,55005,55019,15,LOADED_SCENE,552008,1079,1079,1079,1079,1079,918,918,918,0,0,0,330532,313340,356261,4.14821,3.9812,4.7258
3668,55020,55034,15,LOADED_SCENE,552008,1079,1079,1079,1079,1079,918,918,918,0,0,0,332187,309544,353349,4.11485,3.9282,5.1237
3669,55035,55049,15,LOADED_SCENE,552008,1079,1079,1079,1079,1079,918,918,918,0,0,0,326147,304404,350938,4.10304,3.9624,4.4778
3670,55050,55064,15,LOADED_SCENE,552008,1079,1079,1079,1079,1079,918,918,918,0,0,0,339362,317624,368331,4.15114,3.9523,4.6901
3671,55065,55079,15,LOADED_SCENE,552008,1079,1079,1079,1079,1079,918,918,918,0,0,0,329088,305642,342431,4.09461,3.8926,4.7105
3672,55080,55094,15,LOADED_SCENE,552008,1079,1079,1079,1079,1079,918,918,918,0,0,0,332275,311780,345004,4.16605,3.9709,4.7117
3673,55095,55109,15,LOADED_SCENE,552008,1079,1079,1079,1079,1079,918,918,918,0,0,0,327608,307999,343952,4.1204,3.9457,4.9995
3674,55110,55124,15,LOADED_SCENE,552008,1079,1079,1079,1079,1079,918,918,918,0,0,0,327501,314189,343462,4.19683,3.9496,4.8404
3675,55125,55139,15,LOADED_SCENE,552008,1079,1079,1079,1079,1079,918,918,918,0,0,0,325712,279116,349220,4.195,3.9112,4.7996
3676,55140,55154,15,LOADED_SCENE,552008,1079,1079,1079,1079,1079,918,918,918,0,0,0,330632,313941,340669,4.06475,3.8944,4.5375
3677,55155,55169,15,LOADED_SCENE,552008,1079,1079,1079,1079,1079,918,918,918,0,0,0,330292,314303,346092,4.10831,3.9507,4.7957
3678,55170,55184,15,LOADED_SCENE,552008,1079,1079,1079,1079,1079,918,918,918,0,0,0,338396,319679,400412,4.07567,3.93,4.3312
3679,55185,55199,15,LOADED_SCENE,552008,1079,1079,1079,1079,1079,918,918,918,0,0,0,337097,318246,393614,4.12023,3.9098,4.7432
3680,55200,55214,15,LOADED_SCENE,552008,1079,1079,1079,1079,1079,918,918,918,0,0,0,333074,313776,399211,4.09631,3.9349,4.371
3681,55215,55229,15,LOADED_SCENE,552008,1079,1079,1079,1079,1079,918,918,918,0,0,0,334974,312465,399698,4.13049,3.9485,4.5022
3682,55230,55244,15,LOADED_SCENE,552008,1079,1079,1079,1079,1079,918,918,918,0,0,0,332515,316287,356922,4.32109,3.9578,4.8379
3683,55245,55259,15,LOADED_SCENE,552008,1079,1079,1079,1079,1079,918,918,918,0,0,0,328389,283669,371417,4.56471,3.9587,8.092
3684,55260,55274,15,LOADED_SCENE,552008,1079,1079,1079,1079,1079,918,918,918,0,0,0,336260,293574,365730,4.46619,4.0196,5.7405
3685,55275,55289,15,LOADED_SCENE,552008,1079,1079,1079,1079,1079,918,918,918,0,0,0,332572,293337,386895,5.02269,4.1181,6.1433
3686,55290,55304,15,LOADED_SCENE,552008,1079,1079,1079,1079,1079,918,918,918,0,0,0,335458,318638,366443,5.00306,4.5453,5.56
3687,55305,55319,15,LOADED_SCENE,552008,1079,1079,1079,1079,1079,918,918,918,0,0,0,331995,308927,351383,7.76486,4.2606,50.1098
3688,55320,55334,15,LOADED_SCENE,552008,1079,1079,1079,1079,1079,918,918,918,0,0,0,331967,308616,352973,4.58187,4.2553,5.2352
3689,55335,55349,15,LOADED_SCENE,552008,1079,1079,1079,1079,1079,918,918,918,0,0,0,327441,295685,352767,5.16549,4.3804,9.439
3690,55350,55364,15,LOADED_SCENE,552008,1079,1079,1079,1079,1079,918,918,918,0,0,0,331242,311798,362771,4.94157,4.1832,6.0153
3691,55365,55379,15,LOADED_SCENE,552008,1079,1079,1079,1079,1079,918,918,918,0,0,0,329363,312950,340106,4.70593,4.2236,5.8022
3692,55380,55394,15,LOADED_SCENE,552008,1079,1079,1079,1079,1079,918,918,918,0,0,0,331002,306193,361635,4.45095,4.0597,5.1358
3693,55395,55409,15,LOADED_SCENE,552008,1079,1079,1079,1079,1079,918,918,918,0,0,0,330989,305502,350542,4.4516,3.9691,5.6214
3694,55410,55424,15,LOADED_SCENE,552008,1079,1079,1079,1079,1079,918,918,918,0,0,0,330907,305131,363283,4.94962,4.2297,6.7626
3695,55425,55439,15,LOADED_SCENE,552008,1079,1079,1079,1079,1079,918,918,918,0,0,0,329833,312682,339169,5.94783,4.1533,9.4251
3696,55440,55454,15,LOADED_SCENE,552008,1079,1079,1079,1079,1079,918,918,918,0,0,0,326992,283775,361600,4.73575,3.9229,5.8909
3697,55455,55469,15,LOADED_SCENE,552008,1079,1079,1079,1079,1079,918,918,918,0,0,0,329120,307127,344135,4.50197,3.9446,5.3205
3698,55470,55484,15,LOADED_SCENE,552008,1079,1079,1079,1079,1079,918,918,918,0,0,0,330388,284352,362123,4.66026,3.9334,6.2992
3699,55485,55499,15,LOADED_SCENE,552008,1079,1079,1079,1079,1079,918,918,918,0,0,0,330754,321939,339544,5.79065,4.22,9.2867
3700,55500,55514,15,LOADED_SCENE,552008,1079,1079,1079,1079,1079,918,918,918,0,0,0,328401,284042,360042,6.14581,4.0183,10.3996
3701,55515,55529,15,LOADED_SCENE,552008,1079,1079,1079,1079,1079,918,918,918,0,0,0,334254,304632,361710,5.51531,4.4162,7.8304
3702,55530,55544,15,LOADED_SCENE,552008,1079,1079,1079,1079,1079,918,918,918,0,0,0,331526,311055,354633,5.81337,5.3289,6.6165
3703,55545,55559,15,LOADED_SCENE,552008,1079,1079,1079,1079,1079,918,918,918,0,0,0,334286,327042,345933,4.68321,4.0683,6.8169
3704,55560,55574,15,LOADED_SCENE,552008,1079,1079,1079,1079,1079,918,918,918,0,0,0,330694,309941,349074,4.33641,3.9676,6.3771
3705,55575,55589,15,LOADED_SCENE,552008,1079,1079,1079,1079,1079,918,918,918,0,0,0,329837,313549,347073,4.20451,3.9382,4.6671
3706,55590,55604,15,LOADED_SCENE,552008,1079,1079,1079,1079,1079,918,918,918,0,0,0,332037,308978,349515,4.34562,3.9961,5.1481
3707,55605,55619,15,LOADED_SCENE,552008,1079,1079,1079,1079,1079,918,918,918,0,0,0,331423,311751,346517,4.42477,4.0074,5.3566
3708,55620,55634,15,LOADED_SCENE,552008,1079,1079,1079,1079,1079,918,918,918,0,0,0,328845,296659,344463,4.79482,4.2411,7.1192
3709,55635,55649,15,LOADED_SCENE,552008,1079,1079,1079,1079,1079,918,918,918,0,0,0,326260,305909,347485,6.59545,4.3713,20.6636
3710,55650,55664,15,LOADED_SCENE,552008,1079,1079,1079,1079,1079,918,918,918,0,0,0,332685,312279,351863,4.93969,4.2044,6.6248
3711,55665,55679,15,LOADED_SCENE,552008,1079,1079,1079,1079,1079,918,918,918,0,0,0,327383,294644,348791,4.64148,4.0652,5.6398
3712,55680,55694,15,LOADED_SCENE,552008,1079,1079,1079,1079,1079,918,918,918,0,0,0,327336,308674,342913,4.59987,4.0306,5.8001
3713,55695,55709,15,LOADED_SCENE,552008,1079,1079,1079,1079,1079,918,918,918,0,0,0,332350,311174,348669,4.51689,4.0559,5.5454
3714,55710,55724,15,LOADED_SCENE,552008,1079,1079,1079,1079,1079,918,918,918,0,0,0,331294,315180,355394,4.53118,4.0657,5.3997
3715,55725,55739,15,LOADED_SCENE,552008,1079,1079,1079,1079,1079,918,918,918,0,0,0,327326,308818,341330,4.93916,4.0957,6.4474
3716,55740,55754,15,LOADED_SCENE,552008,1079,1079,1079,1079,1079,918,918,918,0,0,0,333782,314635,355020,5.91057,4.0385,12.5443
3717,55755,55769,15,LOADED_SCENE,552008,1079,1079,1079,1079,1079,918,918,918,0,0,0,330573,317059,352980,4.40414,3.968,5.5708
3718,55770,55784,15,LOADED_SCENE,552008,1079,1079,1079,1079,1079,918,918,918,0,0,0,329827,302326,358748,4.34086,3.9667,5.2213
3719,55785,55799,15,LOADED_SCENE,552008,1079,1079,1079,1079,1079,918,918,918,0,0,0,332097,318363,354168,4.37006,3.9708,5.0563
3720,55800,55814,15,LOADED_SCENE,552008,1079,1079,1079,1079,1079,918,918,918,0,0,0,332032,306268,346908,4.57171,3.9412,5.7747
3721,55815,55829,15,LOADED_SCENE,552008,1079,1079,1079,1079,1079,918,918,918,0,0,0,328993,310251,355117,4.33174,3.9231,5.3347
3722,55830,55844,15,LOADED_SCENE,552008,1079,1079,1079,1079,1079,918,918,918,0,0,0,331824,305907,352978,4.44992,3.9125,6.0753
3723,55845,55859,15,LOADED_SCENE,552008,1079,1079,1079,1079,1079,918,918,918,0,0,0,327376,308369,341113,4.35007,3.8773,5.5394
3724,55860,55874,15,LOADED_SCENE,552008,1079,1079,1079,1079,1079,918,918,918,0,0,0,333954,314913,384596,4.90305,3.9559,6.9254
3725,55875,55889,15,LOADED_SCENE,552008,1079,1079,1079,1079,1079,918,918,918,0,0,0,333636,289051,381916,5.04557,4.2929,6.3989
3726,55890,55904,15,LOADED_SCENE,552008,1079,1079,1079,1079,1079,918,918,918,0,0,0,333012,317217,353849,5.01739,4.1416,6.6934
3727,55905,55919,15,LOADED_SCENE,552008,1079,1079,1079,1079,1079,918,918,918,0,0,0,331387,309945,358270,4.357,3.8428,6.2536
3728,55920,55934,15,LOADED_SCENE,552008,1079,1079,1079,1079,1079,918,918,918,0,0,0,329041,290538,357517,4.19753,3.9191,4.7449
3729,55935,55949,15,LOADED_SCENE,552008,1079,1079,1079,1079,1079,918,918,918,0,0,0,328458,312434,347890,4.32009,3.9284,4.9641
3730,55950,55964,15,LOADED_SCENE,552008,1079,1079,1071.53,1063,1079,932.933,918,950,0,0,0,325430,298070,364885,4.30825,3.9671,5.3934
3731,55965,55979,15,LOADED_SCENE,552008,1079,1079,1063,1063,1063,950,950,950,0,0,0,307553,289101,321453,4.39531,4.1002,5.0384
3732,55980,55994,15,LOADED_SCENE,552008,1079,1079,1063,1063,1063,950,950,950,0,0,0,309542,286092,335097,4.33253,3.9029,5.2978
3733,55995,56009,15,LOADED_SCENE,552008,1079,1079,1063,1063,1063,950,950,950,0,0,0,302675,286761,320958,4.32098,3.9138,4.7519
3734,56010,56024,15,LOADED_SCENE,552008,1079,1079,1063,1063,1063,950,950,950,0,0,0,312552,294076,353313,4.1294,3.9007,4.5366
3735,56025,56039,15,LOADED_SCENE,552008,1079,1079,1063,1063,1063,950,950,950,0,0,0,309264,295225,324231,4.25855,3.8935,4.8573
3736,56040,56054,15,LOADED_SCENE,552008,1079,1079,1063,1063,1063,950,950,950,0,0,0,300191,276561,318847,4.19417,3.9185,5.0909
3737,56055,56069,15,LOADED_SCENE,552008,1079,1079,1063,1063,1063,950,950,950,0,0,0,305611,274610,320317,4.35165,4.006,5.2915
3738,56070,56084,15,LOADED_SCENE,552008,1079,1079,1005.6,962,1063,880.933,832,950,0,0,0,252946,215916,308084,4.20656,3.7794,5.4975
3739,56085,56099,15,LOADED_SCENE,552008,1079,1079,1050.47,1010,1079,926.2,858,975,0,0,0,292469,232098,361162,4.22779,3.9048,4.6886
3740,56100,56114,15,LOADED_SCENE,552008,1079,1079,1076.07,1057,1079,981.6,960,994,0,0,0,334620,308392,374144,4.31029,3.9823,5.2337
3741,56115,56129,15,LOADED_SCENE,552008,1079,1079,990.4,946,1057,914.733,865,986,0,0,0,266747,221318,326776,4.22707,3.8808,4.818
3742,56130,56144,15,LOADED_SCENE,552008,1079,1079,1051.93,983,1077,993.4,912,1023,0,0,0,296194,240352,346600,4.234,3.9515,5.2703
3743,56145,56159,15,LOADED_SCENE,552008,1079,1079,1078,1066,1079,1034.13,1023,1046,0,0,0,335368,302073,370333,4.37803,3.9841,4.8235
3744,56160,56174,15,LOADED_SCENE,552008,1079,1079,983.2,928,1066,948.8,884,1046,0,0,0,271805,218221,346066,4.25921,3.8509,5.3894
3745,56175,56189,15,LOADED_SCENE,552008,1079,1079,928,928,928,884,884,884,0,0,0,243776,195173,273411,4.14188,3.8213,4.8949
3746,56190,56204,15,LOADED_SCENE,552008,1079,1079,928,928,928,884,884,884,0,0,0,242664,212120,264812,4.09243,3.8047,4.729
3747,56205,56219,15,LOADED_SCENE,552008,1079,1079,928,928,928,884,884,884,0,0,0,248957,207324,268325,4.13795,3.8008,5.1173
3748,56220,56234,15,LOADED_SCENE,552008,1079,1079,940,928,973,860.533,796,884,0,0,0,237991,191680,283742,4.13621,3.759,4.9333
3749,56235,56249,15,LOADED_SCENE,552008,1079,1079,973,973,973,796,796,796,0,0,0,226223,199372,247331,4.10165,3.729,5.4517
3750,56250,56264,15,LOADED_SCENE,552008,1079,1079,973,973,973,796,796,796,0,0,0,235262,207462,257042,4.06406,3.7567,5.0496
3751,56265,56279,15,LOADED_SCENE,552008,1079,1079,1029,973,1078,869.067,796,933,0,0,0,271162,220602,333048,5.67136,3.8995,10.2194
3752,56280,56294,15,LOADED_SCENE,552008,1079,1079,1078,1078,1078,933,933,933,0,0,0,300483,276057,358448,5.68362,4.4767,8.2474
3753,56295,56309,15,LOADED_SCENE,552008,1079,1079,1078,1078,1078,933,933,933,0,0,0,295940,275471,336943,4.61897,3.8896,6.7692
3754,56310,56324,15,LOADED_SCENE,552008,1079,1079,1078.33,1078,1079,935,933,939,0,0,0,301560,275405,325886,4.13919,3.934,4.6218
3755,56325,56339,15,LOADED_SCENE,552008,1079,1079,1079,1079,1079,939,939,939,0,0,0,315306,298539,335512,4.30837,3.9427,4.8891
3756,56340,56354,15,LOADED_SCENE,552008,1079,1079,1079,1079,1079,939,939,939,0,0,0,314930,282362,333524,4.28306,3.9047,5.2341
3757,56355,56369,15,LOADED_SCENE,552008,1079,1079,1079,1079,1079,939,939,939,0,0,0,321175,280678,354512,4.2763,3.9635,5.7328
3758,56370,56384,15,LOADED_SCENE,552008,1079,1079,1079,1079,1079,939,939,939,0,0,0,323478,304555,388562,4.83195,3.9807,5.882
3759,56385,56399,15,LOADED_SCENE,552008,1079,1079,1079,1079,1079,939,939,939,0,0,0,314933,283431,364937,4.37217,3.8999,5.2726
3760,56400,56414,15,LOADED_SCENE,552008,1079,1079,1079,1079,1079,939,939,939,0,0,0,318427,297209,355851,4.23106,3.9171,4.773
3761,56415,56429,15,LOADED_SCENE,552008,1079,1079,1079,1079,1079,939,939,939,0,0,0,314084,286949,364282,4.28892,3.9321,5.0915
3762,56430,56444,15,LOADED_SCENE,552008,1079,1079,1079,1079,1079,939,939,939,0,0,0,312674,295578,341091,4.23961,3.9207,5.5404
3763,56445,56459,15,LOADED_SCENE,552008,1079,1079,1079,1079,1079,939,939,939,0,0,0,312180,282464,339154,4.29597,3.9388,5.0585
3764,56460,56474,15,LOADED_SCENE,552008,1079,1079,1079,1079,1079,939,939,939,0,0,0,328572,302068,387458,4.18815,3.923,4.6635
3765,56475,56489,15,LOADED_SCENE,552008,1079,1079,1079,1079,1079,939,939,939,0,0,0,326370,306206,359013,5.22531,4.4856,5.9835
3766,56490,56504,15,LOADED_SCENE,552008,1079,1079,1079,1079,1079,939,939,939,0,0,0,315450,301322,342712,5.11301,3.9364,6.5329
3767,56505,56519,15,LOADED_SCENE,552008,1079,1079,1079,1079,1079,939,939,939,0,0,0,311482,274856,339574,5.44213,3.8457,7.3751
3768,56520,56534,15,LOADED_SCENE,552008,1079,1079,1079,1079,1079,939,939,939,0,0,0,315335,281020,344663,5.55659,4.0657,18.7803
3769,56535,56549,15,LOADED_SCENE,552008,1079,1079,1079,1079,1079,939,939,939,0,0,0,320705,303197,393438,76.7539,4.2311,1029.4
3770,56550,56564,15,LOADED_SCENE,552008,1079,1079,1079,1079,1079,939,939,939,0,0,0,312103,277715,348136,92.1131,4.7946,1224.72
3771,56565,56579,15,LOADED_SCENE,552008,1079,1079,1079,1079,1079,939,939,939,0,0,0,315872,294572,343428,48.4049,4.2004,632.182
3772,56580,56594,15,LOADED_SCENE,552008,1079,1079,1079,1079,1079,939,939,939,0,0,0,320731,276183,349395,8.38151,4.1727,41.683
3773,56595,56609,15,LOADED_SCENE,552008,1079,1079,1079,1079,1079,939,939,939,0,0,0,310901,278816,351178,37.9522,4.1298,486.043
3774,56610,56624,15,LOADED_SCENE,552008,1079,1079,1079,1079,1079,939,939,939,0,0,0,309101,267344,356066,46.6298,4.1758,571.924
3775,56625,56639,15,LOADED_SCENE,552008,1079,1079,1079,1079,1079,939,939,939,0,0,0,314451,273546,346336,45.5822,4.0541,539.548
3776,56640,56654,15,LOADED_SCENE,552008,1079,1079,1079,1079,1079,939,939,939,0,0,0,317358,278876,351788,49.8671,4.0931,600.535
3777,56655,56669,15,LOADED_SCENE,552008,1079,1079,1079,1079,1079,939,939,939,0,0,0,311564,274525,338117,4.55875,4.0141,6.085
3778,56670,56684,15,LOADED_SCENE,552008,1079,1079,1079,1079,1079,939,939,939,0,0,0,317332,288609,355076,22.0865,4.1544,244.73
3779,56685,56699,15,LOADED_SCENE,552008,1079,1079,1079,1079,1079,939,939,939,0,0,0,319187,281241,352598,22.505,3.9865,244.114
3780,56700,56714,15,LOADED_SCENE,552008,1079,1079,1079,1079,1079,939,939,939,0,0,0,307105,284291,344139,34.2979,4.1478,360.695
3781,56715,56729,15,LOADED_SCENE,552008,1079,1079,1079,1079,1079,939,939,939,0,0,0,310636,269808,355640,22.6927,4.0712,237.503
3782,56730,56744,15,LOADED_SCENE,552008,1079,1079,1079,1079,1079,939,939,939,0,0,0,312160,300622,329525,21.5853,4.2316,244.652
3783,56745,56759,15,LOADED_SCENE,552008,1079,1079,1079,1079,1079,939,939,939,0,0,0,308199,282356,352622,4.61782,4.1287,5.758
3784,56760,56774,15,LOADED_SCENE,552008,1079,1079,1079,1079,1079,939,939,939,0,0,0,312590,283671,353972,21.5044,4.1395,232.345
3785,56775,56789,15,LOADED_SCENE,552008,1079,1079,1079,1079,1079,939,939,939,0,0,0,319368,292280,379265,22.3235,4.1417,233.322
3786,56790,56804,15,LOADED_SCENE,552008,1079,1079,1079,1079,1079,939,939,939,0,0,0,325385,282201,351553,22.4832,4.1543,241.414
3787,56805,56819,15,LOADED_SCENE,552008,1079,1079,1079,1079,1079,939,939,939,0,0,0,326603,301459,366660,34.2272,4.1859,368.173
3788,56820,56834,15,LOADED_SCENE,552008,1079,1079,1079,1079,1079,939,939,939,0,0,0,319183,304532,349457,23.7853,3.9903,283.074
3789,56835,56849,15,LOADED_SCENE,552008,1079,1079,1079,1079,1079,939,939,939,0,0,0,299612,271213,340828,7.73753,4.4721,32.5878
3790,56850,56864,15,LOADED_SCENE,552008,1079,1079,1079,1079,1079,939,939,939,0,0,0,310783,259733,341748,29.8819,3.9835,319.901
3791,56865,56879,15,LOADED_SCENE,552008,1079,1079,1079,1079,1079,939,939,939,0,0,0,316532,263964,360841,40.7247,4.0936,521.237
3792,56880,56894,15,LOADED_SCENE,552008,1079,1079,1079,1079,1079,939,939,939,0,0,0,308859,271830,351480,25.1543,4.1687,285.754
3793,56895,56909,15,LOADED_SCENE,552008,1079,1079,1079,1079,1079,939,939,939,0,0,0,312463,273693,347117,39.0358,4.0548,457.396
3794,56910,56924,15,LOADED_SCENE,552008,1079,1079,1079,1079,1079,939,939,939,0,0,0,322196,301623,352966,23.8001,3.9801,291.625
3795,56925,56939,15,LOADED_SCENE,552008,1079,1079,1079,1079,1079,939,939,939,0,0,0,309011,274700,328310,10.7117,4.0999,32.4709
3796,56940,56954,15,LOADED_SCENE,552008,1079,1079,1079,1079,1079,939,939,939,0,0,0,312492,274510,362173,36.8717,4.1116,450.445
3797,56955,56969,15,LOADED_SCENE,552008,1079,1079,1079,1079,1079,939,939,939,0,0,0,320548,268498,351986,33.4521,4.0976,388.373
3798,56970,56984,15,LOADED_SCENE,552008,1079,1079,1079,1079,1079,939,939,939,0,0,0,313740,281514,345875,31.3644,4.1466,380.99
3799,56985,56999,15,LOADED_SCENE,552008,1079,1079,1079,1079,1079,939,939,939,0,0,0,314367,282440,341237,35.6063,4.0565,414.727
3800,57000,57014,15,LOADED_SCENE,552008,1079,1079,1079,1079,1079,939,939,939,0,0,0,325179,285847,387399,22.0366,4.1542,265.319
3801,57015,57029,15,LOADED_SCENE,552008,1079,1079,1079,1079,1079,939,939,939,0,0,0,316659,271444,344553,7.14122,4.0378,42.1614
3802,57030,57044,15,LOADED_SCENE,552008,1079,1079,1079,1079,1079,939,939,939,0,0,0,318070,301945,352517,31.3152,4.2139,378.209
3803,57045,57059,15,LOADED_SCENE,552008,1079,1079,1079,1079,1079,939,939,939,0,0,0,322544,274482,371576,24.4243,3.9847,270.043
3804,57060,57074,15,LOADED_SCENE,552008,1079,1079,1079,1079,1079,939,939,939,0,0,0,318290,286348,344707,32.3891,4.1601,379.991
3805,57075,57089,15,LOADED_SCENE,552008,1079,1079,1079,1079,1079,939,939,939,0,0,0,316217,294349,347153,39.8775,4.0104,441.673
3806,57090,57104,15,LOADED_SCENE,552008,1079,1079,1079,1079,1079,939,939,939,0,0,0,311471,280774,348867,4.69036,4.0025,5.7731
3807,57105,57119,15,LOADED_SCENE,552008,1079,1079,1079,1079,1079,939,939,939,0,0,0,312788,276659,333425,30.8292,4.0966,295.686
3808,57120,57134,15,LOADED_SCENE,552008,1079,1079,1079,1079,1079,939,939,939,0,0,0,319527,283320,355838,36.0245,4.1342,460.645
3809,57135,57149,15,LOADED_SCENE,552008,1079,1079,1079,1079,1079,939,939,939,0,0,0,323483,304910,349518,23.8386,3.9279,262.292
3810,57150,57164,15,LOADED_SCENE,552008,1079,1079,1079,1079,1079,939,939,939,0,0,0,324011,291917,370461,28.5558,4.0979,326.625
3811,57165,57179,15,LOADED_SCENE,552008,1079,1079,1079,1079,1079,939,939,939,0,0,0,316641,295939,346027,29.0054,4.1927,302.286
3812,57180,57194,15,LOADED_SCENE,552008,1079,1079,1079,1079,1079,939,939,939,0,0,0,321507,300142,357812,7.17358,4.0246,29.0577
3813,57195,57209,15,LOADED_SCENE,552008,1079,1079,1079,1079,1079,939,939,939,0,0,0,323912,297091,361235,28.7445,4.0284,348.56
3814,57210,57224,15,LOADED_SCENE,552008,1079,1079,1079,1079,1079,939,939,939,0,0,0,323658,305811,349218,31.0351,4.1468,326.514
3815,57225,57239,15,LOADED_SCENE,552008,1079,1079,1079,1079,1079,939,939,939,0,0,0,316238,292999,346329,86.8681,3.8032,1229.37
3816,57240,57254,15,LOADED_SCENE,552008,1079,1079,1079,1079,1079,939,939,939,0,0,0,319413,291114,351128,8.63823,3.9679,29.3962
3817,57255,57269,15,LOADED_SCENE,552008,1079,1079,1079,1079,1079,939,939,939,0,0,0,307640,284006,347239,4.24505,3.9401,5.0373
3818,57270,57284,15,LOADED_SCENE,552008,1079,1079,1079,1079,1079,939,939,939,0,0,0,312811,278282,345906,4.14387,3.8869,5.1242
3819,57285,57299,15,LOADED_SCENE,552008,1079,1079,1079,1079,1079,939,939,939,0,0,0,311811,273300,354001,4.13522,3.9139,4.4291
3820,57300,57314,15,LOADED_SCENE,552008,1079,1079,1079,1079,1079,939,939,939,0,0,0,317737,295844,346955,4.10005,3.8791,4.7576
3821,57315,57329,15,LOADED_SCENE,552008,1079,1079,1079,1079,1079,939,939,939,0,0,0,313575,281458,341240,4.16975,3.8984,5.3986
3822,57330,57344,15,LOADED_SCENE,552008,1079,1079,1079,1079,1079,939,939,939,0,0,0,312802,286087,348015,4.09169,3.9399,4.3078
3823,57345,57359,15,LOADED_SCENE,552008,1079,1079,1079,1079,1079,939,939,939,0,0,0,313846,284781,357344,4.11883,3.9455,4.5836
3824,57360,57374,15,LOADED_SCENE,552008,1079,1079,1079,1079,1079,939,939,939,0,0,0,310634,270302,370152,4.05765,3.8779,4.503
3825,57375,57389,15,LOADED_SCENE,552008,1079,1079,1079,1079,1079,939,939,939,0,0,0,323998,273671,361289,4.25761,3.8938,5.8533
3826,57390,57404,15,LOADED_SCENE,552008,1079,1079,1079,1079,1079,939,939,939,0,0,0,306736,274067,345346,4.29061,3.9177,4.9495
3827,57405,57419,15,LOADED_SCENE,552008,1079,1079,1079,1079,1079,939,939,939,0,0,0,315247,273193,355606,4.18505,3.835,5.1106
3828,57420,57434,15,LOADED_SCENE,552008,1079,1079,1079,1079,1079,939,939,939,0,0,0,307998,273138,333561,4.27057,4.0078,4.877
3829,57435,57449,15,LOADED_SCENE,552008,1079,1079,1079,1079,1079,939,939,939,0,0,0,325535,292860,364278,4.11947,3.9001,4.5039
3830,57450,57464,15,LOADED_SCENE,552008,1079,1079,1079,1079,1079,939,939,939,0,0,0,308999,275805,347976,4.05594,3.9026,4.366
3831,57465,57479,15,LOADED_SCENE,552008,1079,1079,1079,1079,1079,939,939,939,0,0,0,326269,297273,358835,4.11642,3.9438,4.6364
3832,57480,57494,15,LOADED_SCENE,552008,1079,1079,1079,1079,1079,939,939,939,0,0,0,313439,292945,341499,4.10101,3.8367,5.4026
3833,57495,57509,15,LOADED_SCENE,552008,1079,1079,1079,1079,1079,939,939,939,0,0,0,313225,268437,352132,4.09023,3.8446,4.7935
3834,57510,57524,15,LOADED_SCENE,552008,1079,1079,1079,1079,1079,939,939,939,0,0,0,315955,287163,352395,4.15813,3.9312,5.1806
3835,57525,57539,15,LOADED_SCENE,552008,1079,1079,1079,1079,1079,939,939,939,0,0,0,313919,278996,350847,4.10553,3.8683,4.7667
3836,57540,57554,15,LOADED_SCENE,552008,1079,1079,1079,1079,1079,939,939,939,0,0,0,317280,276042,350178,4.02509,3.8171,4.5167
3837,57555,57569,15,LOADED_SCENE,552008,1079,1079,1079,1079,1079,939,939,939,0,0,0,315589,268030,336184,4.09127,3.8496,4.876
3838,57570,57584,15,LOADED_SCENE,552008,1079,1079,1079,1079,1079,939,939,939,0,0,0,314189,299925,335924,3.98257,3.7714,4.5838
3839,57585,57599,15,LOADED_SCENE,552008,1079,1079,1079,1079,1079,939,939,939,0,0,0,314803,272239,357293,5.02413,4.493,5.9654
3840,57600,57614,15,LOADED_SCENE,552008,1079,1079,1079,1079,1079,939,939,939,0,0,0,320703,280169,350699,4.52558,3.9021,5.8411
3841,57615,57629,15,LOADED_SCENE,552008,1079,1079,1079,1079,1079,939,939,939,0,0,0,312094,276025,349621,4.14208,3.9113,4.8637
3842,57630,57644,15,LOADED_SCENE,552008,1079,1079,1079,1079,1079,939,939,939,0,0,0,312476,273908,353324,4.0734,3.9001,4.6524
3843,57645,57659,15,LOADED_SCENE,552008,1079,1079,1079,1079,1079,939,939,939,0,0,0,315070,281003,345491,4.06283,3.9339,4.6499
3844,57660,57674,15,LOADED_SCENE,552008,1079,1079,1079,1079,1079,939,939,939,0,0,0,316887,271155,347782,4.14525,3.8519,4.8801
3845,57675,57689,15,LOADED_SCENE,552008,1079,1079,1079,1079,1079,939,939,939,0,0,0,312561,294882,333173,4.05956,3.9149,4.4873
3846,57690,57704,15,LOADED_SCENE,552008,1079,1079,1079,1079,1079,939,939,939,0,0,0,324308,293060,367321,4.13301,3.7918,4.876
3847,57705,57719,15,LOADED_SCENE,552008,1079,1079,1079,1079,1079,939,939,939,0,0,0,315244,289067,344710,4.07651,3.854,4.8119
3848,57720,57734,15,LOADED_SCENE,552008,1079,1079,1079,1079,1079,939,939,939,0,0,0,317268,286857,363935,4.04491,3.7849,4.5796
3849,57735,57749,15,LOADED_SCENE,552008,1079,1079,1079,1079,1079,939,939,939,0,0,0,314231,277257,356861,4.0745,3.8443,4.7217
3850,57750,57764,15,LOADED_SCENE,552008,1079,1079,1079,1079,1079,939,939,939,0,0,0,304026,272851,345801,4.22332,3.8373,5.2106
3851,57765,57779,15,LOADED_SCENE,552008,1079,1079,1079,1079,1079,939,939,939,0,0,0,313726,288611,336839,4.5805,3.8324,5.7856
3852,57780,57794,15,LOADED_SCENE,552008,1079,1079,1079,1079,1079,939,939,939,0,0,0,315801,299097,331719,4.13784,3.9242,5.1877
3853,57795,57809,15,LOADED_SCENE,552008,1079,1079,1079,1079,1079,939,939,939,0,0,0,313706,284804,346376,4.07035,3.8926,4.382
3854,57810,57824,15,LOADED_SCENE,552008,1079,1079,1079,1079,1079,939,939,939,0,0,0,328823,284669,391313,4.09616,3.9271,4.7898
3855,57825,57839,15,LOADED_SCENE,552008,1079,1079,1079,1079,1079,939,939,939,0,0,0,313507,273044,339556,4.18833,3.9648,4.7047
3856,57840,57854,15,LOADED_SCENE,552008,1079,1079,1079,1079,1079,939,939,939,0,0,0,315147,262959,352447,4.18157,3.9588,4.8663
3857,57855,57869,15,LOADED_SCENE,552008,1079,1079,1079,1079,1079,939,939,939,0,0,0,326456,285614,359034,4.17728,3.9479,5.3035
3858,57870,57884,15,LOADED_SCENE,552008,1079,1079,1079,1079,1079,939,939,939,0,0,0,317128,297935,346667,4.10773,3.898,4.5246
3859,57885,57899,15,LOADED_SCENE,552008,1079,1079,1079,1079,1079,939,939,939,0,0,0,314569,288906,334818,4.16166,3.9335,5.0137
3860,57900,57914,15,LOADED_SCENE,552008,1079,1079,1079,1079,1079,939,939,939,0,0,0,319656,282872,357757,4.1225,3.9079,4.5278
3861,57915,57929,15,LOADED_SCENE,552008,1079,1079,1079,1079,1079,939,939,939,0,0,0,316821,280597,359995,4.13997,3.921,4.8903
3862,57930,57944,15,LOADED_SCENE,552008,1079,1079,1079,1079,1079,939,939,939,0,0,0,312465,284677,345933,4.06956,3.8791,4.3624
3863,57945,57959,15,LOADED_SCENE,552008,1079,1079,1079,1079,1079,939,939,939,0,0,0,312359,293231,343490,4.27671,4.042,4.6593
3864,57960,57974,15,LOADED_SCENE,552008,1079,1079,1079,1079,1079,939,939,939,0,0,0,318993,273737,363729,4.10807,3.8794,4.8652
3865,57975,57989,15,LOADED_SCENE,552008,1079,1079,1079,1079,1079,939,939,939,0,0,0,312600,287215,328322,4.14227,3.9224,5.6095
3866,57990,58004,15,LOADED_SCENE,552008,1079,1079,1079,1079,1079,939,939,939,0,0,0,312494,264078,348185,4.06811,3.8119,4.7129
3867,58005,58019,15,LOADED_SCENE,552008,1079,1079,1079,1079,1079,939,939,939,0,0,0,317312,278157,351434,4.11429,3.8982,4.4198
3868,58020,58034,15,LOADED_SCENE,552008,1079,1079,1079,1079,1079,939,939,939,0,0,0,317754,288074,356759,4.29055,3.944,5.0379
3869,58035,58049,15,LOADED_SCENE,552008,1079,1079,1079,1079,1079,939,939,939,0,0,0,315612,290665,334344,4.21378,3.9273,5.0253
3870,58050,58064,15,LOADED_SCENE,552008,1079,1079,1079,1079,1079,939,939,939,0,0,0,318495,284907,352622,4.13755,3.7871,5.0526
3871,58065,58079,15,LOADED_SCENE,552008,1079,1079,1079,1079,1079,939,939,939,0,0,0,307332,266658,337588,4.0091,3.7593,4.7896
3872,58080,58094,15,LOADED_SCENE,552008,1079,1079,1079,1079,1079,939,939,939,0,0,0,323270,289719,366399,4.15603,3.9531,4.6008
3873,58095,58109,15,LOADED_SCENE,552008,1079,1079,1079,1079,1079,939,939,939,0,0,0,316052,282094,354686,4.07278,3.9058,4.4175
3874,58110,58124,15,LOADED_SCENE,552008,1079,1079,1079,1079,1079,939,939,939,0,0,0,317804,283641,341531,4.14105,3.8926,4.8055
3875,58125,58139,15,LOADED_SCENE,552008,1079,1079,1079,1079,1079,939,939,939,0,0,0,315977,277315,347075,4.02091,3.8276,4.5236
3876,58140,58154,15,LOADED_SCENE,552008,1079,1079,1079,1079,1079,939,939,939,0,0,0,313917,288753,355586,4.43826,4.027,5.3494
3877,58155,58169,15,LOADED_SCENE,552008,1079,1079,1079,1079,1079,939,939,939,0,0,0,322057,298200,358898,4.52137,4.0595,5.1109
3878,58170,58184,15,LOADED_SCENE,552008,1079,1079,1079,1079,1079,939,939,939,0,0,0,318442,298983,351097,4.24821,3.9335,5.5552
3879,58185,58199,15,LOADED_SCENE,552008,1079,1079,1079,1079,1079,939,939,939,0,0,0,318552,298239,368339,4.59985,4.0918,5.1492
3880,58200,58214,15,LOADED_SCENE,552008,1079,1079,1079,1079,1079,939,939,939,0,0,0,316292,288666,338677,4.05857,3.8354,4.6548
3881,58215,58229,15,LOADED_SCENE,552008,1079,1079,1079,1079,1079,939,939,939,0,0,0,324900,302061,360003,4.02009,3.7833,4.6206
3882,58230,58244,15,LOADED_SCENE,552008,1079,1079,1079,1079,1079,939,939,939,0,0,0,312449,278577,340308,4.03827,3.8052,4.524
3883,58245,58259,15,LOADED_SCENE,552008,1079,1079,1079,1079,1079,939,939,939,0,0,0,318112,276660,340462,4.13253,3.9389,4.8134
3884,58260,58274,15,LOADED_SCENE,552008,1079,1079,1079,1079,1079,939,939,939,0,0,0,311846,276892,330896,4.14164,3.8926,4.9889
3885,58275,58289,15,LOADED_SCENE,552008,1079,1079,1079,1079,1079,939,939,939,0,0,0,318730,302011,336388,4.23083,3.8698,5.1773
3886,58290,58304,15,LOADED_SCENE,552008,1079,1079,1079,1079,1079,939,939,939,0,0,0,318645,273905,360021,4.13577,3.9127,4.6963
3887,58305,58319,15,LOADED_SCENE,552008,1079,1079,1079,1079,1079,939,939,939,0,0,0,314230,286692,355098,4.12827,3.8332,4.7736
3888,58320,58334,15,LOADED_SCENE,552008,1079,1079,1079,1079,1079,939,939,939,0,0,0,322369,299908,341648,4.12859,3.8947,4.4393
3889,58335,58349,15,LOADED_SCENE,552008,1079,1079,1079,1079,1079,939,939,939,0,0,0,320901,277934,375064,4.14631,3.8927,4.7986
3890,58350,58364,15,LOADED_SCENE,552008,1079,1079,1079,1079,1079,939,939,939,0,0,0,319944,282828,352414,4.07593,3.7963,4.5993
3891,58365,58379,15,LOADED_SCENE,552008,1079,1079,1079,1079,1079,939,939,939,0,0,0,321875,288987,350114,4.09825,3.8297,4.8194
3892,58380,58394,15,LOADED_SCENE,552008,1079,1079,1079,1079,1079,939,939,939,0,0,0,319233,285412,358260,4.22845,3.9469,4.8267
3893,58395,58409,15,LOADED_SCENE,552008,1079,1079,1079,1079,1079,939,939,939,0,0,0,308870,282386,363303,4.05471,3.922,4.4657
3894,58410,58424,15,LOADED_SCENE,552008,1079,1079,1079,1079,1079,939,939,939,0,0,0,311505,270089,347993,4.20961,3.9314,5.3104
3895,58425,58439,15,LOADED_SCENE,552008,1079,1079,1079,1079,1079,939,939,939,0,0,0,320368,308892,347604,4.14309,3.9058,4.4844
3896,58440,58454,15,LOADED_SCENE,552008,1079,1079,1079,1079,1079,939,939,939,0,0,0,313421,279687,337560,4.26891,3.9337,5.397
3897,58455,58469,15,LOADED_SCENE,552008,1079,1079,1079,1079,1079,939,939,939,0,0,0,311814,281483,337296,4.09564,3.9336,4.4903
3898,58470,58484,15,LOADED_SCENE,552008,1079,1079,1079,1079,1079,939,939,939,0,0,0,320792,283988,365403,4.34629,3.9525,5.4482
3899,58485,58499,15,LOADED_SCENE,552008,1079,1079,1079,1079,1079,939,939,939,0,0,0,316577,287192,348670,4.15763,3.8807,4.9462
3900,58500,58514,15,LOADED_SCENE,552008,1079,1079,1079,1079,1079,939,939,939,0,0,0,323509,299295,349538,4.17295,3.9618,4.9446
3901,58515,58529,15,LOADED_SCENE,552008,1079,1079,1079,1079,1079,939,939,939,0,0,0,319871,283609,355568,4.12863,3.9027,4.6622
3902,58530,58544,15,LOADED_SCENE,552008,1079,1079,1079,1079,1079,939,939,939,0,0,0,315865,272139,348790,4.1359,3.9123,4.5713
3903,58545,58559,15,LOADED_SCENE,552008,1079,1079,1079,1079,1079,939,939,939,0,0,0,305357,267902,333715,4.21111,3.807,4.9724
3904,58560,58574,15,LOADED_SCENE,552008,1079,1079,1079,1079,1079,939,939,939,0,0,0,312884,276785,347034,4.10047,3.832,4.9237
3905,58575,58589,15,LOADED_SCENE,552008,1079,1079,1079,1079,1079,939,939,939,0,0,0,300553,268454,329581,4.14227,3.8948,5.0036
3906,58590,58604,15,LOADED_SCENE,552008,1079,1079,1079,1079,1079,939,939,939,0,0,0,322063,297403,356786,4.11022,3.893,5.0887
3907,58605,58619,15,LOADED_SCENE,552008,1079,1079,1079,1079,1079,939,939,939,0,0,0,321133,300627,374177,4.05968,3.8723,4.5322
3908,58620,58634,15,LOADED_SCENE,552008,1079,1079,1079,1079,1079,939,939,939,0,0,0,318568,283575,355591,4.10757,3.802,4.7268
3909,58635,58649,15,LOADED_SCENE,552008,1079,1079,1079,1079,1079,939,939,939,0,0,0,316950,289959,359386,4.08105,3.9079,4.7738
3910,58650,58664,15,LOADED_SCENE,552008,1079,1079,1079,1079,1079,939,939,939,0,0,0,310862,291880,327938,4.12073,3.8954,4.9504
3911,58665,58679,15,LOADED_SCENE,552008,1079,1079,1079,1079,1079,939,939,939,0,0,0,313669,280014,334509,4.1073,3.977,4.4843
3912,58680,58694,15,LOADED_SCENE,552008,1079,1079,1079,1079,1079,939,939,939,0,0,0,313864,302456,348160,4.17178,3.9322,4.73
3913,58695,58709,15,LOADED_SCENE,552008,1079,1079,1079,1079,1079,939,939,939,0,0,0,319760,282141,359542,4.11098,3.9345,4.7685
3914,58710,58724,15,LOADED_SCENE,552008,1079,1079,1079,1079,1079,939,939,939,0,0,0,315400,293566,358152,4.09594,3.9156,4.8303
3915,58725,58739,15,LOADED_SCENE,552008,1079,1079,1079,1079,1079,939,939,939,0,0,0,309204,274714,345641,4.06155,3.8821,4.8022
3916,58740,58754,15,LOADED_SCENE,552008,1079,1079,1079,1079,1079,939,939,939,0,0,0,309334,277416,339494,4.18451,3.9111,4.9223
3917,58755,58769,15,LOADED_SCENE,552008,1079,1079,1079,1079,1079,939,939,939,0,0,0,320762,301165,356670,4.0202,3.8162,4.8834
3918,58770,58784,15,LOADED_SCENE,552008,1079,1079,1079,1079,1079,939,939,939,0,0,0,315005,278718,356317,4.18843,3.8805,5.0179
3919,58785,58799,15,LOADED_SCENE,552008,1079,1079,1079,1079,1079,939,939,939,0,0,0,310389,276277,347042,4.09598,3.8703,4.9553
3920,58800,58814,15,LOADED_SCENE,552008,1079,1079,1079,1079,1079,939,939,939,0,0,0,310261,271413,339386,4.22471,3.8647,4.9416
3921,58815,58829,15,LOADED_SCENE,552008,1079,1079,1079,1079,1079,939,939,939,0,0,0,319035,270754,349794,4.0398,3.8192,4.761
3922,58830,58844,15,LOADED_SCENE,552008,1079,1079,1079,1079,1079,939,939,939,0,0,0,315399,287423,371602,4.09381,3.8667,4.8425
3923,58845,58859,15,LOADED_SCENE,552008,1079,1079,1079,1079,1079,939,939,939,0,0,0,309706,269321,348533,4.09531,3.8873,4.4787
3924,58860,58874,15,LOADED_SCENE,552008,1079,1079,1079,1079,1079,939,939,939,0,0,0,310335,276246,354788,4.26611,3.8936,5.1376
3925,58875,58889,15,LOADED_SCENE,552008,1079,1079,1079,1079,1079,939,939,939,0,0,0,316462,278295,336374,4.13132,3.9005,4.6635
3926,58890,58904,15,LOADED_SCENE,552008,1079,1079,1079,1079,1079,939,939,939,0,0,0,322955,301408,359370,4.31063,4.0167,5.2442
3927,58905,58919,15,LOADED_SCENE,552008,1079,1079,1079,1079,1079,939,939,939,0,0,0,316415,278208,371146,4.21098,4.0084,4.5235
3928,58920,58934,15,LOADED_SCENE,552008,1079,1079,1079,1079,1079,939,939,939,0,0,0,324343,303283,367325,4.39625,3.9506,6.0339
3929,58935,58949,15,LOADED_SCENE,552008,1079,1079,1079,1079,1079,939,939,939,0,0,0,312175,267984,362552,4.09799,3.9293,4.6998
3930,58950,58964,15,LOADED_SCENE,552008,1079,1079,1079,1079,1079,939,939,939,0,0,0,314323,273780,354668,4.13043,3.9062,4.7815
3931,58965,58979,15,LOADED_SCENE,552008,1079,1079,1079,1079,1079,939,939,939,0,0,0,312854,278302,342612,4.01255,3.8088,4.4953
3932,58980,58994,15,LOADED_SCENE,552008,1079,1079,1079,1079,1079,939,939,939,0,0,0,326983,303778,354733,4.16881,3.957,4.6361
3933,58995,59009,15,LOADED_SCENE,552008,1079,1079,1079,1079,1079,939,939,939,0,0,0,316218,276635,351200,4.03321,3.9254,4.3035
3934,59010,59024,15,LOADED_SCENE,552008,1079,1079,1079,1079,1079,939,939,939,0,0,0,303680,268054,326144,4.32855,3.8926,5.214
3935,59025,59039,15,LOADED_SCENE,552008,1079,1079,1079,1079,1079,939,939,939,0,0,0,319804,284071,351744,4.08685,3.9198,4.4068
3936,59040,59054,15,LOADED_SCENE,552008,1079,1079,1079,1079,1079,939,939,939,0,0,0,320341,270108,353573,4.23445,3.9499,5.1875
3937,59055,59069,15,LOADED_SCENE,552008,1079,1079,1079,1079,1079,939,939,939,0,0,0,319225,290128,341860,4.06581,3.9396,4.5801
3938,59070,59084,15,LOADED_SCENE,552008,1079,1079,1079,1079,1079,939,939,939,0,0,0,311234,274279,356033,4.12484,3.8476,5.0759
3939,59085,59099,15,LOADED_SCENE,552008,1079,1079,1079,1079,1079,939,939,939,0,0,0,320240,281193,367132,4.11775,3.7605,4.8669
3940,59100,59114,15,LOADED_SCENE,552008,1079,1079,1079,1079,1079,939,939,939,0,0,0,308272,271470,342012,4.19114,3.9085,4.998
3941,59115,59129,15,LOADED_SCENE,552008,1079,1079,1079,1079,1079,939,939,939,0,0,0,315690,285023,338783,4.23975,3.9428,4.8389
3942,59130,59144,15,LOADED_SCENE,552008,1079,1079,1079,1079,1079,939,939,939,0,0,0,311509,290930,342986,4.42575,4.0278,5.8573
3943,59145,59159,15,LOADED_SCENE,552008,1079,1079,1079,1079,1079,939,939,939,0,0,0,314342,292856,341916,4.29199,3.8825,5.0648
3944,59160,59174,15,LOADED_SCENE,552008,1079,1079,1079,1079,1079,939,939,939,0,0,0,315456,285354,336695,4.31635,3.944,4.8112
3945,59175,59189,15,LOADED_SCENE,552008,1079,1079,1079,1079,1079,939,939,939,0,0,0,313237,273310,341410,4.29223,4.0173,5.2105
3946,59190,59204,15,LOADED_SCENE,552008,1079,1079,1079,1079,1079,939,939,939,0,0,0,308557,274017,328169,4.19944,3.9643,4.8528
3947,59205,59219,15,LOADED_SCENE,552008,1079,1079,1079,1079,1079,939,939,939,0,0,0,317317,292789,336837,4.54139,4.1537,5.7806
3948,59220,59234,15,LOADED_SCENE,552008,1079,1079,1079,1079,1079,939,939,939,0,0,0,315493,277720,347540,4.34877,3.8284,5.5291
3949,59235,59249,15,LOADED_SCENE,552008,1079,1079,1079,1079,1079,939,939,939,0,0,0,321199,294559,350773,4.43392,3.9089,5.1875
3950,59250,59264,15,LOADED_SCENE,552008,1079,1079,1079,1079,1079,939,939,939,0,0,0,311051,268873,354556,4.87205,4.224,5.9936
3951,59265,59279,15,LOADED_SCENE,552008,1079,1079,1079,1079,1079,939,939,939,0,0,0,307996,273105,350267,4.70911,3.9044,6.1796
3952,59280,59294,15,LOADED_SCENE,552008,1079,1079,1079,1079,1079,939,939,939,0,0,0,322066,289612,362463,4.27556,3.9177,5.0349
3953,59295,59309,15,LOADED_SCENE,552008,1079,1079,1079,1079,1079,939,939,939,0,0,0,326100,306008,370890,4.04879,3.7883,4.9071
3954,59310,59324,15,LOADED_SCENE,552008,1079,1079,1079,1079,1079,939,939,939,0,0,0,317445,285979,343306,4.08559,3.8575,4.7005
3955,59325,59339,15,LOADED_SCENE,552008,1079,1079,1079,1079,1079,939,939,939,0,0,0,319563,284409,371233,5.38757,4.2589,6.6847
3956,59340,59354,15,LOADED_SCENE,552008,1079,1079,1079,1079,1079,939,939,939,0,0,0,319626,293020,357638,4.50786,3.9825,5.7137
3957,59355,59369,15,LOADED_SCENE,552008,1079,1079,1079,1079,1079,939,939,939,0,0,0,315000,292577,335431,4.42093,3.9807,6.0348
3958,59370,59384,15,LOADED_SCENE,552008,1079,1079,1079,1079,1079,939,939,939,0,0,0,308178,268638,333832,4.97966,4.4182,6.1277
3959,59385,59399,15,LOADED_SCENE,552008,1079,1079,1079,1079,1079,939,939,939,0,0,0,305494,272953,355464,5.72261,4.4132,16.5108
3960,59400,59414,15,LOADED_SCENE,552008,1079,1079,1079,1079,1079,939,939,939,0,0,0,305031,287234,326085,6.83291,4.5851,18.3377
3961,59415,59429,15,LOADED_SCENE,552008,1079,1079,1079,1079,1079,939,939,939,0,0,0,318712,274734,380055,6.03786,4.6536,8.4532
3962,59430,59444,15,LOADED_SCENE,552008,1079,1079,1079,1079,1079,939,939,939,0,0,0,318316,290476,354020,4.48835,4.1966,4.9123
3963,59445,59459,15,LOADED_SCENE,552008,1079,1079,1079,1079,1079,939,939,939,0,0,0,314739,270471,352156,4.67899,4.2796,5.3845
3964,59460,59474,15,LOADED_SCENE,552008,1079,1079,1079,1079,1079,939,939,939,0,0,0,311813,290888,349202,4.75345,4.1423,6.0422
3965,59475,59489,15,LOADED_SCENE,552008,1079,1079,1079,1079,1079,939,939,939,0,0,0,312840,285446,345367,4.49029,4.0719,5.1486
3966,59490,59504,15,LOADED_SCENE,552008,1079,1079,1079,1079,1079,939,939,939,0,0,0,303486,265525,357074,5.64077,4.2182,8.828
3967,59505,59519,15,LOADED_SCENE,552008,1079,1079,1079,1079,1079,939,939,939,0,0,0,309052,272999,343289,5.27978,4.1674,7.4322
3968,59520,59534,15,LOADED_SCENE,552008,1079,1079,1079,1079,1079,939,939,939,0,0,0,317871,295473,356159,4.99618,3.8631,8.1338
3969,59535,59549,15,LOADED_SCENE,552008,1079,1079,1079,1079,1079,939,939,939,0,0,0,321490,278694,358982,4.49363,4.1085,5.356
3970,59550,59564,15,LOADED_SCENE,552008,1079,1079,1079,1079,1079,939,939,939,0,0,0,317028,274622,359348,4.63676,4.2088,5.2126
3971,59565,59579,15,LOADED_SCENE,552008,1079,1079,1079,1079,1079,939,939,939,0,0,0,319198,265813,360495,4.47501,4.056,5.4966
3972,59580,59594,15,LOADED_SCENE,552008,1079,1079,1079,1079,1079,939,939,939,0,0,0,301653,268365,332553,4.34268,4.0209,4.8704
3973,59595,59609,15,LOADED_SCENE,552008,1079,1079,1079,1079,1079,939,939,939,0,0,0,315131,274170,344262,4.31222,3.9836,5.26
3974,59610,59624,15,LOADED_SCENE,552008,1079,1079,1079,1079,1079,939,939,939,0,0,0,314548,272987,388153,4.71107,4.1587,6.1026
3975,59625,59639,15,LOADED_SCENE,552008,1079,1079,1079,1079,1079,939,939,939,0,0,0,319040,297180,342223,4.56837,4.1129,6.1845
3976,59640,59654,15,LOADED_SCENE,552008,1079,1079,1079,1079,1079,939,939,939,0,0,0,311561,265070,336619,4.18653,3.956,4.8792
3977,59655,59669,15,LOADED_SCENE,552008,1079,1079,1079,1079,1079,939,939,939,0,0,0,316029,280174,353423,4.22205,4.0445,4.7273
3978,59670,59684,15,LOADED_SCENE,552008,1079,1079,1079,1079,1079,939,939,939,0,0,0,310124,273067,350461,4.33396,4.0105,5.1142
3979,59685,59699,15,LOADED_SCENE,552008,1079,1079,1079,1079,1079,939,939,939,0,0,0,312427,284927,351890,4.98163,4.058,10.462
3980,59700,59714,15,LOADED_SCENE,552008,1079,1079,1079,1079,1079,939,939,939,0,0,0,311628,276047,358003,4.61805,3.9396,5.7553
3981,59715,59729,15,LOADED_SCENE,552008,1079,1079,1079,1079,1079,939,939,939,0,0,0,318400,275270,359360,4.90131,3.9247,11.1018
3982,59730,59744,15,LOADED_SCENE,552008,1079,1079,1079,1079,1079,939,939,939,0,0,0,318649,288317,343869,5.24205,4.3824,6.7616
3983,59745,59759,15,LOADED_SCENE,552008,1079,1079,1079,1079,1079,939,939,939,0,0,0,321425,303058,353437,4.72345,4.029,7.2712
3984,59760,59774,15,LOADED_SCENE,552008,1079,1079,1079,1079,1079,939,939,939,0,0,0,320425,285751,382256,4.26669,4.046,5.1503
3985,59775,59789,15,LOADED_SCENE,552008,1079,1079,1079,1079,1079,939,939,939,0,0,0,317791,302750,352721,4.29775,3.9748,5.131
3986,59790,59804,15,LOADED_SCENE,552008,1079,1079,1079,1079,1079,939,939,939,0,0,0,320567,271345,348604,4.27097,3.9647,4.6588
3987,59805,59819,15,LOADED_SCENE,552008,1079,1079,1079,1079,1079,939,939,939,0,0,0,321937,271734,355469,4.33632,4.0569,4.9837
3988,59820,59834,15,LOADED_SCENE,552008,1079,1079,1079,1079,1079,939,939,939,0,0,0,317346,288071,352603,4.16828,3.9191,4.9322
3989,59835,59849,15,LOADED_SCENE,552008,1079,1079,1079,1079,1079,939,939,939,0,0,0,319005,294986,360393,4.11475,3.9384,4.6654
3990,59850,59864,15,LOADED_SCENE,552008,1079,1079,1079,1079,1079,934.8,932,939,0,0,0,320805,293232,362203,4.22635,3.9347,4.5918
3991,59865,59879,15,LOADED_SCENE,552008,1079,1079,1079,1079,1079,932,932,932,0,0,0,317974,298612,358995,4.19825,3.9091,4.7003
3992,59880,59894,15,LOADED_SCENE,552008,1079,1079,1079,1079,1079,932,932,932,0,0,0,318143,290838,359756,4.12419,3.8402,4.7257
3993,59895,59909,15,LOADED_SCENE,552008,1079,1079,1079,1079,1079,932,932,932,0,0,0,313917,269098,361989,4.10442,3.9149,4.5303
3994,59910,59924,15,LOADED_SCENE,552008,1079,1079,1079,1079,1079,932,932,932,0,0,0,313796,288531,348472,4.28509,3.912,5.1448
3995,59925,59939,15,LOADED_SCENE,552008,1079,1079,1079,1079,1079,932,932,932,0,0,0,320620,300845,346253,4.54517,4.0643,5.5952
3996,59940,59954,15,LOADED_SCENE,552008,1079,1079,1079,1079,1079,932,932,932,0,0,0,319910,294578,349145,4.24045,3.9417,4.8967
3997,59955,59969,15,LOADED_SCENE,552008,1079,1079,1079,1079,1079,932,932,932,0,0,0,319329,291736,349201,4.54779,4.0997,5.3787
3998,59970,59984,15,LOADED_SCENE,552008,1079,1079,1010.87,942,1079,876,801,943,0,0,0,262407,185476,334388,4.45716,3.8599,6.1995
3999,59985,59999,15,LOADED_SCENE,552008,1079,1079,994.533,942,1073,850.6,801,926,0,0,0,243632,192843,274592,4.82607,3.9025,6.6113
4000,60000,60014,15,LOADED_SCENE,552008,1079,1079,1078.27,1073,1079,920.667,913,927,0,0,0,297413,267038,340597,4.81743,4.0551,6.413
4001,60015,60029,15,LOADED_SCENE,552008,1079,1079,1004.4,956,1074,837.267,761,917,0,0,0,255310,218210,302464,4.56291,3.842,5.7691
4002,60030,60044,15,LOADED_SCENE,552008,1079,1079,1043.47,965,1079,949.4,865,983,0,0,0,311560,242564,364568,4.58503,3.9072,7.8603
4003,60045,60059,15,LOADED_SCENE,552008,1079,1079,1078.87,1077,1079,977,965,980,0,0,0,334057,295464,381048,4.2332,3.9027,4.9559
4004,60060,60074,15,LOADED_SCENE,552008,1079,1079,1025.4,991,1077,887.6,836,965,0,0,0,271576,211198,334922,4.2007,3.8481,5.252
4005,60075,60089,15,LOADED_SCENE,552008,1079,1079,991,991,991,836,836,836,0,0,0,239918,212184,273785,4.15919,3.8448,4.8366
4006,60090,60104,15,LOADED_SCENE,552008,1079,1079,991,991,991,836,836,836,0,0,0,243946,217658,261386,4.1484,3.7734,4.7849
4007,60105,60119,15,LOADED_SCENE,552008,1079,1079,991,991,991,836,836,836,0,0,0,242908,227737,272003,4.37678,3.9545,5.1076
4008,60120,60134,15,LOADED_SCENE,552008,1079,1079,991,991,991,836,836,836,0,0,0,245729,215227,270473,4.52269,4.1238,5.0218
4009,60135,60149,15,LOADED_SCENE,552008,1079,1079,991,991,991,836,836,836,0,0,0,246548,223485,269713,4.57922,4.099,5.3715
4010,60150,60164,15,LOADED_SCENE,552008,1079,1079,1025.4,991,1077,887.6,836,965,0,0,0,273670,219677,346068,4.54085,4.1243,5.3401
4011,60165,60179,15,LOADED_SCENE,552008,1079,1079,1077,1077,1077,965,965,965,0,0,0,308903,265418,344251,4.35479,3.998,6.7947
4012,60180,60194,15,LOADED_SCENE,552008,1079,1079,1077,1077,1077,965,965,965,0,0,0,313069,269712,358500,4.38613,3.9716,5.6509
4013,60195,60209,15,LOADED_SCENE,552008,1079,1079,1079,1079,1079,980,980,980,0,0,0,325863,300895,350384,4.31248,3.958,5.1097
4014,60210,60224,15,LOADED_SCENE,552008,1079,1079,1079,1079,1079,980,980,980,0,0,0,334992,298284,377779,5.33145,4.8375,6.6933
4015,60225,60239,15,LOADED_SCENE,552008,1079,1079,1079,1079,1079,980,980,980,0,0,0,336369,293690,377387,4.62463,4.0695,6.0707
4016,60240,60254,15,LOADED_SCENE,552008,1079,1079,1079,1079,1079,980,980,980,0,0,0,339424,295158,372800,4.2104,3.971,4.8672
4017,60255,60269,15,LOADED_SCENE,552008,1079,1079,1079,1079,1079,980,980,980,0,0,0,336646,306095,395524,4.18129,3.9763,4.6984
4018,60270,60284,15,LOADED_SCENE,552008,1079,1079,1079,1079,1079,980,980,980,0,0,0,340626,304970,390707,4.3296,3.934,5.3469
4019,60285,60299,15,LOADED_SCENE,552008,1079,1079,1079,1079,1079,980,980,980,0,0,0,337560,313917,378623,4.22863,4.0102,4.6907
4020,60300,60314,15,LOADED_SCENE,552008,1079,1079,1079,1079,1079,980,980,980,0,0,0,338773,308732,374303,4.27172,3.8676,5.2822
4021,60315,60329,15,LOADED_SCENE,552008,1079,1079,1079,1079,1079,980,980,980,0,0,0,339598,288907,373189,4.17407,3.9331,4.6093
4022,60330,60344,15,LOADED_SCENE,552008,1079,1079,1079,1079,1079,980,980,980,0,0,0,334708,303092,377009,4.18799,3.9104,5.0144
4023,60345,60359,15,LOADED_SCENE,552008,1079,1079,1079,1079,1079,980,980,980,0,0,0,334748,294916,367964,4.59777,3.9254,5.389
4024,60360,60374,15,LOADED_SCENE,552008,1079,1079,1079,1079,1079,980,980,980,0,0,0,333808,285941,376349,4.22687,3.9307,5.0407
4025,60375,60389,15,LOADED_SCENE,552008,1079,1079,1079,1079,1079,980,980,980,0,0,0,329184,294457,369896,4.32192,3.9324,5.2517
4026,60390,60404,15,LOADED_SCENE,552008,1079,1079,1079,1079,1079,980,980,980,0,0,0,336913,302508,362745,4.25729,3.9309,4.8882
4027,60405,60419,15,LOADED_SCENE,552008,1079,1079,1079,1079,1079,980,980,980,0,0,0,339127,302879,364074,4.33149,3.9188,5.7623
4028,60420,60434,15,LOADED_SCENE,552008,1079,1079,1079,1079,1079,980,980,980,0,0,0,334149,292251,370227,4.58587,3.9387,5.5113
4029,60435,60449,15,LOADED_SCENE,552008,1079,1079,1079,1079,1079,980,980,980,0,0,0,333290,296539,372197,4.20125,3.9047,4.9236
4030,60450,60464,15,LOADED_SCENE,552008,1079,1079,1079,1079,1079,980,980,980,0,0,0,334289,303565,374546,5.37388,3.8904,17.8154
4031,60465,60479,15,LOADED_SCENE,552008,1079,1079,1079,1079,1079,980,980,980,0,0,0,333071,302172,367319,79.4642,4.1457,1101.12
4032,60480,60494,15,LOADED_SCENE,552008,1079,1079,1079,1079,1079,980,980,980,0,0,0,340643,312419,360020,94.4359,4.4438,1231.21
4033,60495,60509,15,LOADED_SCENE,552008,1079,1079,1079,1079,1079,980,980,980,0,0,0,338049,299659,374013,9.03583,3.9536,32.3546
4034,60510,60524,15,LOADED_SCENE,552008,1079,1079,1079,1079,1079,980,980,980,0,0,0,329578,293332,356883,58.823,3.967,757.188
4035,60525,60539,15,LOADED_SCENE,552008,1079,1079,1079,1079,1079,980,980,980,0,0,0,332819,302500,358432,42.5401,4.029,520.011
4036,60540,60554,15,LOADED_SCENE,552008,1079,1079,1079,1079,1079,980,980,980,0,0,0,331591,306367,378773,40.0424,4.131,507.09
4037,60555,60569,15,LOADED_SCENE,552008,1079,1079,1079,1079,1079,980,980,980,0,0,0,341847,298164,372113,44.6395,4.0423,523.378
4038,60570,60584,15,LOADED_SCENE,552008,1079,1079,1079,1079,1079,980,980,980,0,0,0,341003,299547,374148,38.9532,4.093,518.615
4039,60585,60599,15,LOADED_SCENE,552008,1079,1079,1079,1079,1079,980,980,980,0,0,0,337374,292959,382245,10.7826,3.9899,33.2453
4040,60600,60614,15,LOADED_SCENE,552008,1079,1079,1079,1079,1079,980,980,980,0,0,0,337198,305420,372421,31.4489,4.2626,374.488
4041,60615,60629,15,LOADED_SCENE,552008,1079,1079,1079,1079,1079,980,980,980,0,0,0,334410,303188,384652,38.8011,4.0901,472.483
4042,60630,60644,15,LOADED_SCENE,552008,1079,1079,1079,1079,1079,980,980,980,0,0,0,335848,291791,361921,34.6325,4.0692,400.606
4043,60645,60659,15,LOADED_SCENE,552008,1079,1079,1079,1079,1079,980,980,980,0,0,0,344668,321894,382762,21.1984,4.0996,217.717
4044,60660,60674,15,LOADED_SCENE,552008,1079,1079,1079,1079,1079,980,980,980,0,0,0,341283,297329,372576,20.4781,4.1486,243.546
4045,60675,60689,15,LOADED_SCENE,552008,1079,1079,1079,1079,1079,980,980,980,0,0,0,331486,300137,363138,5.59309,4.1964,20.6228
4046,60690,60704,15,LOADED_SCENE,552008,1079,1079,1079,1079,1079,980,980,980,0,0,0,333534,298635,359684,20.9247,4.0964,212.994
4047,60705,60719,15,LOADED_SCENE,552008,1079,1079,1079,1079,1079,980,980,980,0,0,0,333862,302582,380344,21.2655,4.0016,239.009
4048,60720,60734,15,LOADED_SCENE,552008,1079,1079,1079,1079,1079,980,980,980,0,0,0,331585,293183,393676,19.3716,4.1903,210.545
4049,60735,60749,15,LOADED_SCENE,552008,1079,1079,1079,1079,1079,980,980,980,0,0,0,332468,304749,360284,20.9157,4.2004,217.664
4050,60750,60764,15,LOADED_SCENE,552008,1079,1079,1079,1079,1079,980,980,980,0,0,0,338326,286829,376160,20.1055,4.1093,238.533
4051,60765,60779,15,LOADED_SCENE,552008,1079,1079,1079,1079,1079,980,980,980,0,0,0,351101,317261,395526,5.47472,4.1142,18.7069
4052,60780,60794,15,LOADED_SCENE,552008,1079,1079,1079,1079,1079,980,980,980,0,0,0,337859,288000,372740,20.5749,4.2005,213.992
4053,60795,60809,15,LOADED_SCENE,552008,1079,1079,1079,1079,1079,980,980,980,0,0,0,340747,295188,381200,30.9683,4.2724,366.407
4054,60810,60824,15,LOADED_SCENE,552008,1079,1079,1079,1079,1079,980,980,980,0,0,0,343983,303819,378548,33.467,4.182,396.36
4055,60825,60839,15,LOADED_SCENE,552008,1079,1079,1079,1079,1079,980,980,980,0,0,0,333492,290732,363053,32.4231,4.0402,368.467
4056,60840,60854,15,LOADED_SCENE,552008,1079,1079,1079,1079,1079,980,980,980,0,0,0,342586,301339,370822,34.977,4.1086,418.136
4057,60855,60869,15,LOADED_SCENE,552008,1079,1079,1079,1079,1079,980,980,980,0,0,0,345427,302084,376871,7.30275,3.8964,47.0125
4058,60870,60884,15,LOADED_SCENE,552008,1079,1079,1079,1079,1079,980,980,980,0,0,0,336971,301814,367879,34.6759,4.1189,403.658
4059,60885,60899,15,LOADED_SCENE,552008,1079,1079,1079,1079,1079,980,980,980,0,0,0,341807,309545,388103,32.3735,4.1969,386.128
4060,60900,60914,15,LOADED_SCENE,552008,1079,1079,1079,1079,1079,980,980,980,0,0,0,338444,292286,375415,33.4213,4.1073,362.845
4061,60915,60929,15,LOADED_SCENE,552008,1079,1079,1079,1079,1079,980,980,980,0,0,0,338442,302261,373813,33.5317,4.0786,387.167
4062,60930,60944,15,LOADED_SCENE,552008,1079,1079,1079,1079,1079,980,980,980,0,0,0,341954,299354,388301,33.5126,3.9973,399.535
4063,60945,60959,15,LOADED_SCENE,552008,1079,1079,1079,1079,1079,980,980,980,0,0,0,333456,283785,381302,5.55999,4.0629,19.8798
4064,60960,60974,15,LOADED_SCENE,552008,1079,1079,1079,1079,1079,980,980,980,0,0,0,343665,317749,376634,23.4769,4.0799,252.345
4065,60975,60989,15,LOADED_SCENE,552008,1079,1079,1079,1079,1079,980,980,980,0,0,0,330263,302421,361666,26.5913,4.0493,292.711
4066,60990,61004,15,LOADED_SCENE,552008,1079,1079,1079,1079,1079,980,980,980,0,0,0,338588,299318,373345,38.9251,4.1717,437.154
4067,61005,61019,15,LOADED_SCENE,552008,1079,1079,1079,1079,1079,980,980,980,0,0,0,336955,301692,362088,39.0397,4.0755,455.787
4068,61020,61034,15,LOADED_SCENE,552008,1079,1079,1079,1079,1079,980,980,980,0,0,0,343246,303483,375434,4.65365,4.0129,5.8181
4069,61035,61049,15,LOADED_SCENE,552008,1079,1079,1079,1079,1079,980,980,980,0,0,0,339307,299760,368220,38.1888,4.2461,468.28
4070,61050,61064,15,LOADED_SCENE,552008,1079,1079,1079,1079,1079,980,980,980,0,0,0,327806,293422,358953,39.6008,4.1125,457.813
4071,61065,61079,15,LOADED_SCENE,552008,1079,1079,1079,1079,1079,980,980,980,0,0,0,341952,297194,374707,34.7386,4.1028,402.557
4072,61080,61094,15,LOADED_SCENE,552008,1079,1079,1079,1079,1079,980,980,980,0,0,0,332062,307481,363422,38.9937,4.1412,468.588
4073,61095,61109,15,LOADED_SCENE,552008,1079,1079,1079,1079,1079,980,980,980,0,0,0,334768,304656,375204,29.0412,4.0541,299.532
4074,61110,61124,15,LOADED_SCENE,552008,1079,1079,1079,1079,1079,980,980,980,0,0,0,334334,301009,369125,6.44411,4.1556,31.3561
4075,61125,61139,15,LOADED_SCENE,552008,1079,1079,1079,1079,1079,980,980,980,0,0,0,337105,313646,370743,24.7107,3.9867,268.162
4076,61140,61154,15,LOADED_SCENE,552008,1079,1079,1079,1079,1079,980,980,980,0,0,0,338153,308043,374490,29.505,4.0184,293.832
4077,61155,61169,15,LOADED_SCENE,552008,1079,1079,1079,1079,1079,980,980,980,0,0,0,341206,293440,381788,92.3398,3.985,1291.14
4078,61170,61184,15,LOADED_SCENE,552008,1079,1079,1079,1079,1079,980,980,980,0,0,0,344100,299899,379998,8.67713,3.8722,29.692
4079,61185,61199,15,LOADED_SCENE,552008,1079,1079,1079,1079,1079,980,980,980,0,0,0,340180,299926,385649,4.10023,3.9213,4.5224
4080,61200,61214,15,LOADED_SCENE,552008,1079,1079,1079,1079,1079,980,980,980,0,0,0,336672,294202,373910,4.14521,3.9769,4.58
4081,61215,61229,15,LOADED_SCENE,552008,1079,1079,1079,1079,1079,980,980,980,0,0,0,339546,302278,370462,4.18604,3.9317,5.1066
4082,61230,61244,15,LOADED_SCENE,552008,1079,1079,1079,1079,1079,980,980,980,0,0,0,336395,312532,376575,4.14963,3.9184,4.7787
4083,61245,61259,15,LOADED_SCENE,552008,1079,1079,1079,1079,1079,980,980,980,0,0,0,331243,288943,365346,4.38638,3.9214,5.1853
4084,61260,61274,15,LOADED_SCENE,552008,1079,1079,1079,1079,1079,980,980,980,0,0,0,336400,301709,370236,4.21067,3.9635,4.7076
4085,61275,61289,15,LOADED_SCENE,552008,1079,1079,1079,1079,1079,980,980,980,0,0,0,324732,295790,366147,4.24491,3.8368,5.4418
4086,61290,61304,15,LOADED_SCENE,552008,1079,1079,1079,1079,1079,980,980,980,0,0,0,335144,302611,373187,4.61371,4.0717,5.659
