batch_index,first_frame,last_frame,frames,scene_type,sphere_count,total_blocks,pool_slots,avg_numVisible,min_numVisible,max_numVisible,avg_numFiltered,min_numFiltered,max_numFiltered,avg_numRequests,min_numRequests,max_numRequests,avg_activeCount,min_activeCount,max_activeCount,avg_frame_ms,min_frame_ms,max_frame_ms
0,0,14,15,PACKAGE_SCENE,50000000,12208,12208,1291.8,740,1558,333.267,180,428,125.467,17,347,39601.7,0,78893,182.525,18.2099,381.023
1,15,29,15,PACKAGE_SCENE,50000000,12208,12208,1401.67,1299,1409,320.067,292,323,7.33333,0,71,72527.1,64938,80300,516.667,111.773,781.439
2,30,44,15,PACKAGE_SCENE,50000000,12208,12208,1586.27,1409,1975,359.4,322,481,31.4667,0,176,67611.9,45708,87209,391.985,25.8022,632.271
3,45,59,15,PACKAGE_SCENE,50000000,12208,12208,1867.27,986,2660,447.067,288,699,108.333,6,255,110974,53948,252323,126.754,18.3138,274.218
4,60,74,15,PACKAGE_SCENE,50000000,12208,12208,2320.47,1531,3075,387.667,311,517,18.5333,0,87,76198,27874,110114,23.0597,20.6131,26.045
5,75,89,15,PACKAGE_SCENE,50000000,12208,12208,2908.13,2559,3086,458.733,379,533,14.8,0,103,59427.5,34835,85222,23.3043,21.9673,25.5896
6,90,104,15,PACKAGE_SCENE,50000000,12208,12208,1651.93,1465,2559,308.333,247,402,8.06667,0,80,53144.4,25988,109548,20.0499,18.2315,23.233
7,105,119,15,PACKAGE_SCENE,50000000,12208,12208,2279.4,1465,2483,432.333,363,589,4.86667,0,59,96107.9,63316,151114,20.3019,19.121,26.2555
8,120,134,15,PACKAGE_SCENE,50000000,12208,12208,2752.27,2483,2869,494.267,430,647,14.0667,0,74,90172.1,44930,144537,20.096,19.1609,21.9004
9,135,149,15,PACKAGE_SCENE,50000000,12208,12208,2644.6,2495,2869,467.467,434,507,4.6,0,42,80129.9,36586,172565,20.0916,18.3045,26.089
10,150,164,15,PACKAGE_SCENE,50000000,12208,12208,1987,1483,2563,401.2,388,429,11.2,0,137,93322.5,30232,136854,21.1608,18.381,27.0194
11,165,179,15,PACKAGE_SCENE,50000000,12208,12208,3932.2,2563,4030,510.333,413,592,6.46667,0,86,70497.9,28411,158927,25.0064,20.9415,32.7844
12,180,194,15,PACKAGE_SCENE,50000000,12208,12208,4764.4,4030,4948,631.933,507,698,10.7333,0,155,85278.2,36111,167447,25.05,23.0893,33.6323
13,195,209,15,PACKAGE_SCENE,50000000,12208,12208,4948,4948,4948,660,660,660,0,0,0,122179,66063,205554,26.684,23.0413,32.8556
14,210,224,15,PACKAGE_SCENE,50000000,12208,12208,4948,4948,4948,660,660,660,0,0,0,101204,27118,169105,23.9029,22.848,29.4218
15,225,239,15,PACKAGE_SCENE,50000000,12208,12208,4948,4948,4948,660,660,660,0,0,0,102220,27651,170250,26.4995,23.1277,32.4811
16,240,254,15,PACKAGE_SCENE,50000000,12208,12208,4948,4948,4948,660,660,660,0,0,0,104263,66048,180139,26.6217,23.0944,41.106
17,255,269,15,PACKAGE_SCENE,50000000,12208,12208,4948,4948,4948,660,660,660,0,0,0,114293,67034,161188,27.2983,23.429,35.5734
18,270,284,15,PACKAGE_SCENE,50000000,12208,12208,4948,4948,4948,660,660,660,0,0,0,138490,68063,189796,27.5433,23.4202,34.9829
19,285,299,15,PACKAGE_SCENE,50000000,12208,12208,4948,4948,4948,660,660,660,0,0,0,110067,66739,143806,26.4789,23.413,36.3366
20,300,314,15,PACKAGE_SCENE,50000000,12208,12208,4948,4948,4948,660,660,660,0,0,0,110310,66347,178044,341.233,23.6202,4757.49
21,315,329,15,PACKAGE_SCENE,50000000,12208,12208,4948,4948,4948,660,660,660,0,0,0,105469,27377,197670,30.7406,23.3866,90.3225
22,330,344,15,PACKAGE_SCENE,50000000,12208,12208,4948,4948,4948,660,660,660,0,0,0,127135,66954,191123,229.509,23.6141,3067.28
23,345,359,15,PACKAGE_SCENE,50000000,12208,12208,4948,4948,4948,660,660,660,0,0,0,115925,66469,167739,164.267,23.848,2064.11
24,360,374,15,PACKAGE_SCENE,50000000,12208,12208,4948,4948,4948,660,660,660,0,0,0,97697.4,37032,145357,164.566,23.8884,2056.64
25,375,389,15,PACKAGE_SCENE,50000000,12208,12208,4948,4948,4948,660,660,660,0,0,0,117698,66865,181472,163.707,24.0931,2041.82
26,390,404,15,PACKAGE_SCENE,50000000,12208,12208,4948,4948,4948,660,660,660,0,0,0,103967,66551,152367,129.26,23.9591,1553
27,405,419,15,PACKAGE_SCENE,50000000,12208,12208,4948,4948,4948,660,660,660,0,0,0,111276,65894,203812,28.42,23.705,45.003
28,420,434,15,PACKAGE_SCENE,50000000,12208,12208,4948,4948,4948,660,660,660,0,0,0,117487,27478,187295,139.118,23.6533,1716.49
29,435,449,15,PACKAGE_SCENE,50000000,12208,12208,4948,4948,4948,660,660,660,0,0,0,120495,27806,192471,92.8929,23.6791,999.288
30,450,464,15,PACKAGE_SCENE,50000000,12208,12208,4948,4948,4948,660,660,660,0,0,0,101365,66396,174234,95.4328,23.7711,1034.99
31,465,479,15,PACKAGE_SCENE,50000000,12208,12208,4948,4948,4948,660,660,660,0,0,0,110466,66227,185840,98.3486,23.9137,1068.75
32,480,494,15,PACKAGE_SCENE,50000000,12208,12208,4948,4948,4948,660,660,660,0,0,0,103384,27394,163740,89.7872,23.8851,996.301
33,495,509,15,PACKAGE_SCENE,50000000,12208,12208,4948,4948,4948,660,660,660,0,0,0,115612,27547,177582,28.5576,23.7032,43.8053
34,510,524,15,PACKAGE_SCENE,50000000,12208,12208,4948,4948,4948,660,660,660,0,0,0,116030,75641,209011,95.5593,23.6866,1045.72
35,525,539,15,PACKAGE_SCENE,50000000,12208,12208,4948,4948,4948,660,660,660,0,0,0,106953,66706,156877,94.5711,23.62,1030.58
36,540,554,15,PACKAGE_SCENE,50000000,12208,12208,4948,4948,4948,660,660,660,0,0,0,121984,66525,215850,93.1063,23.7643,1020.18
37,555,569,15,PACKAGE_SCENE,50000000,12208,12208,4948,4948,4948,660,660,660,0,0,0,118842,75726,167537,95.4086,23.4476,1013.82
38,570,584,15,PACKAGE_SCENE,50000000,12208,12208,4948,4948,4948,660,660,660,0,0,0,118834,65766,206597,93.6888,23.6451,1032.39
39,585,599,15,PACKAGE_SCENE,50000000,12208,12208,4948,4948,4948,660,660,660,0,0,0,135768,67163,197458,28.3184,23.6514,52.5137
40,600,614,15,PACKAGE_SCENE,50000000,12208,12208,4948,4948,4948,660,660,660,0,0,0,104494,66230,194269,92.4317,23.6111,1011.35
41,615,629,15,PACKAGE_SCENE,50000000,12208,12208,4948,4948,4948,660,660,660,0,0,0,123107,55019,198123,93.3438,23.7037,1021.35
42,630,644,15,PACKAGE_SCENE,50000000,12208,12208,4948,4948,4948,660,660,660,0,0,0,124907,67400,204983,145.105,23.6774,1759.68
43,645,659,15,PACKAGE_SCENE,50000000,12208,12208,4948,4948,4948,660,660,660,0,0,0,111996,73156,143075,128.128,23.9279,1493.06
44,660,674,15,PACKAGE_SCENE,50000000,12208,12208,4948,4948,4948,660,660,660,0,0,0,114619,65877,173783,110.156,23.8336,1273.59
45,675,689,15,PACKAGE_SCENE,50000000,12208,12208,4948,4948,4948,660,660,660,0,0,0,115357,66400,181584,31.1733,23.8444,52.4712
46,690,704,15,PACKAGE_SCENE,50000000,12208,12208,4948,4948,4948,660,660,660,0,0,0,105319,36650,186733,120.891,23.9612,1399.29
47,705,719,15,PACKAGE_SCENE,50000000,12208,12208,4948,4948,4948,660,660,660,0,0,0,114776,51569,181912,117.708,23.9528,1342.26
48,720,734,15,PACKAGE_SCENE,50000000,12208,12208,4948,4948,4948,660,660,660,0,0,0,119458,66753,240856,109.363,23.7467,1268.06
49,735,749,15,PACKAGE_SCENE,50000000,12208,12208,4948,4948,4948,660,660,660,0,0,0,114500,66127,191797,105.393,23.8917,1188.82
50,750,764,15,PACKAGE_SCENE,50000000,12208,12208,4948,4948,4948,660,660,660,0,0,0,106738,27658,205341,115.19,24.0799,1314.93
51,765,779,15,PACKAGE_SCENE,50000000,12208,12208,4948,4948,4948,660,660,660,0,0,0,116014,63460,187960,28.5698,23.2029,49.1168
52,780,794,15,PACKAGE_SCENE,50000000,12208,12208,4948,4948,4948,660,660,660,0,0,0,115402,66670,186652,107.389,23.7106,1220.18
53,795,809,15,PACKAGE_SCENE,50000000,12208,12208,4948,4948,4948,660,660,660,0,0,0,114504,51789,207327,108.189,23.9093,1216.09
54,810,824,15,PACKAGE_SCENE,50000000,12208,12208,4948,4948,4948,660,660,660,0,0,0,119200,84339,185725,114.129,23.8409,1301.16
55,825,839,15,PACKAGE_SCENE,50000000,12208,12208,4948,4948,4948,660,660,660,0,0,0,117950,76256,151862,108.084,24.2851,1234.76
56,840,854,15,PACKAGE_SCENE,50000000,12208,12208,4948,4948,4948,660,660,660,0,0,0,103324,66236,159414,106.025,23.7715,1220.37
57,855,869,15,PACKAGE_SCENE,50000000,12208,12208,4948,4948,4948,660,660,660,0,0,0,118868,66432,210762,27.0849,23.6233,47.0854
58,870,884,15,PACKAGE_SCENE,50000000,12208,12208,4948,4948,4948,660,660,660,0,0,0,115441,66277,164899,113.32,23.8552,1304.77
59,885,899,15,PACKAGE_SCENE,50000000,12208,12208,4948,4948,4948,660,660,660,0,0,0,110055,51679,177203,106.973,23.7411,1213.02
60,900,914,15,PACKAGE_SCENE,50000000,12208,12208,4948,4948,4948,660,660,660,0,0,0,112195,66537,224047,108.454,24.0217,1236.78
61,915,929,15,PACKAGE_SCENE,50000000,12208,12208,4948,4948,4948,660,660,660,0,0,0,96520.5,65706,140950,111.661,23.8462,1274.32
62,930,944,15,PACKAGE_SCENE,50000000,12208,12208,4948,4948,4948,660,660,660,0,0,0,123339,66352,188246,90.1462,23.4291,986.655
63,945,959,15,PACKAGE_SCENE,50000000,12208,12208,4948,4948,4948,660,660,660,0,0,0,92772.7,66317,142738,27.4222,23.57,38.8757
64,960,974,15,PACKAGE_SCENE,50000000,12208,12208,4948,4948,4948,660,660,660,0,0,0,108173,54395,188015,85.4489,23.5711,877.757
65,975,989,15,PACKAGE_SCENE,50000000,12208,12208,4948,4948,4948,660,660,660,0,0,0,101792,27343,172442,87.1286,24.0612,898.244
66,990,1004,15,PACKAGE_SCENE,50000000,12208,12208,4948,4948,4948,660,660,660,0,0,0,109797,66835,172594,264.809,23.4162,3588.37
67,1005,1019,15,PACKAGE_SCENE,50000000,12208,12208,4948,4948,4948,660,660,660,0,0,0,116666,67174,216213,25.881,23.5119,31.6497
68,1020,1034,15,PACKAGE_SCENE,50000000,12208,12208,4948,4948,4948,660,660,660,0,0,0,121553,81894,179963,27.4121,23.5552,34.8821
69,1035,1049,15,PACKAGE_SCENE,50000000,12208,12208,4948,4948,4948,660,660,660,0,0,0,100756,65940,171310,27.8574,23.1935,35.6998
70,1050,1064,15,PACKAGE_SCENE,50000000,12208,12208,4948,4948,4948,660,660,660,0,0,0,116226,60951,188975,27.8095,23.5366,35.4404
71,1065,1079,15,PACKAGE_SCENE,50000000,12208,12208,4948,4948,4948,660,660,660,0,0,0,115889,65947,171172,25.5101,23.2633,32.4434
72,1080,1094,15,PACKAGE_SCENE,50000000,12208,12208,4948,4948,4948,660,660,660,0,0,0,114067,66625,167211,25.0056,23.307,31.9809
73,1095,1109,15,PACKAGE_SCENE,50000000,12208,12208,4948,4948,4948,660,660,660,0,0,0,130619,84285,193614,27.2756,23.4387,36.1618
74,1110,1124,15,PACKAGE_SCENE,50000000,12208,12208,4948,4948,4948,660,660,660,0,0,0,109930,66415,164568,25.4543,23.4966,33.587
75,1125,1139,15,PACKAGE_SCENE,50000000,12208,12208,4948,4948,4948,660,660,660,0,0,0,121173,66668,196884,26.4886,23.6692,34.8575
76,1140,1154,15,PACKAGE_SCENE,50000000,12208,12208,4948,4948,4948,660,660,660,0,0,0,106438,66152,172361,28.0213,23.1161,34.7414
77,1155,1169,15,PACKAGE_SCENE,50000000,12208,12208,4948,4948,4948,660,660,660,0,0,0,98791.1,66303,148809,26.8707,23.311,33.7115
78,1170,1184,15,PACKAGE_SCENE,50000000,12208,12208,4948,4948,4948,660,660,660,0,0,0,106097,65605,185626,26.2346,23.0384,32.837
79,1185,1199,15,PACKAGE_SCENE,50000000,12208,12208,4948,4948,4948,660,660,660,0,0,0,124909,83943,198350,26.2832,23.6387,34.1947
80,1200,1214,15,PACKAGE_SCENE,50000000,12208,12208,4948,4948,4948,660,660,660,0,0,0,120777,66508,185820,25.0903,23.1699,33.3775
81,1215,1229,15,PACKAGE_SCENE,50000000,12208,12208,4948,4948,4948,660,660,660,0,0,0,113403,66130,157362,27.7868,23.4842,39.6607
82,1230,1244,15,PACKAGE_SCENE,50000000,12208,12208,4948,4948,4948,660,660,660,0,0,0,116610,66124,174526,35.847,24.2055,96.142
83,1245,1259,15,PACKAGE_SCENE,50000000,12208,12208,4948,4948,4948,660,660,660,0,0,0,107637,67159,186754,25.5582,23.3198,31.222
84,1260,1274,15,PACKAGE_SCENE,50000000,12208,12208,4948,4948,4948,660,660,660,0,0,0,120084,27706,205690,25.7212,23.339,31.7816
85,1275,1289,15,PACKAGE_SCENE,50000000,12208,12208,4948,4948,4948,660,660,660,0,0,0,116063,51247,227775,27.3531,23.2932,34.4704
86,1290,1304,15,PACKAGE_SCENE,50000000,12208,12208,4948,4948,4948,660,660,660,0,0,0,105140,66110,192823,25.3484,23.203,33.2903
87,1305,1319,15,PACKAGE_SCENE,50000000,12208,12208,4948,4948,4948,660,660,660,0,0,0,101569,65673,151566,26.942,23.0653,34.873
88,1320,1334,15,PACKAGE_SCENE,50000000,12208,12208,4948,4948,4948,660,660,660,0,0,0,121396,67088,191470,26.2182,23.545,32.1378
89,1335,1349,15,PACKAGE_SCENE,50000000,12208,12208,4948,4948,4948,660,660,660,0,0,0,113052,66847,185627,24.9983,23.2723,34.7006
90,1350,1364,15,PACKAGE_SCENE,50000000,12208,12208,4948,4948,4948,660,660,660,0,0,0,112586,66787,197190,26.2844,23.274,34.2554
91,1365,1379,15,PACKAGE_SCENE,50000000,12208,12208,4948,4948,4948,660,660,660,0,0,0,111304,66061,207502,24.7981,23.442,29.4897
92,1380,1394,15,PACKAGE_SCENE,50000000,12208,12208,4948,4948,4948,660,660,660,0,0,0,103922,67130,152829,26.871,23.266,35.1872
93,1395,1409,15,PACKAGE_SCENE,50000000,12208,12208,4948,4948,4948,660,660,660,0,0,0,116419,66495,185221,27.9756,23.3212,34.0191
94,1410,1424,15,PACKAGE_SCENE,50000000,12208,12208,4948,4948,4948,660,660,660,0,0,0,123429,79561,169572,27.0647,23.4213,34.2118
95,1425,1439,15,PACKAGE_SCENE,50000000,12208,12208,4948,4948,4948,660,660,660,0,0,0,106035,66343,167104,26.2829,22.8402,33.9762
96,1440,1454,15,PACKAGE_SCENE,50000000,12208,12208,4948,4948,4948,660,660,660,0,0,0,106424,78215,164962,25.7467,23.0276,32.7628
97,1455,1469,15,PACKAGE_SCENE,50000000,12208,12208,4948,4948,4948,660,660,660,0,0,0,124145,66360,194037,26.1191,23.2018,31.0967
98,1470,1484,15,PACKAGE_SCENE,50000000,12208,12208,4948,4948,4948,660,660,660,0,0,0,110714,66097,175543,26.3364,23.1563,34.8835
99,1485,1499,15,PACKAGE_SCENE,50000000,12208,12208,4948,4948,4948,660,660,660,0,0,0,114423,66151,208920,25.7786,22.977,34.4376
100,1500,1514,15,PACKAGE_SCENE,50000000,12208,12208,4948,4948,4948,660,660,660,0,0,0,127047,27199,203330,26.6643,22.8918,31.3756
101,1515,1529,15,PACKAGE_SCENE,50000000,12208,12208,4948,4948,4948,660,660,660,0,0,0,111489,66564,177373,26.0684,23.2621,34.6317
102,1530,1544,15,PACKAGE_SCENE,50000000,12208,12208,4948,4948,4948,660,660,660,0,0,0,103078,66283,170483,24.8415,23.0205,30.9946
103,1545,1559,15,PACKAGE_SCENE,50000000,12208,12208,4948,4948,4948,660,660,660,0,0,0,115290,66251,206947,25.8155,23.259,32.3932
104,1560,1574,15,PACKAGE_SCENE,50000000,12208,12208,4948,4948,4948,660,660,660,0,0,0,139129,65976,192650,27.192,22.9022,35.7216
105,1575,1589,15,PACKAGE_SCENE,50000000,12208,12208,4948,4948,4948,660,660,660,0,0,0,111420,65598,171867,26.0779,23.0212,33.411
106,1590,1604,15,PACKAGE_SCENE,50000000,12208,12208,4948,4948,4948,660,660,660,0,0,0,116591,27112,172356,26.0091,23.2605,34.6949
107,1605,1619,15,PACKAGE_SCENE,50000000,12208,12208,4948,4948,4948,660,660,660,0,0,0,97022.3,27145,167723,24.8612,23.2303,31.6146
108,1620,1634,15,PACKAGE_SCENE,50000000,12208,12208,4948,4948,4948,660,660,660,0,0,0,108089,27193,182651,25.2779,23.0953,32.9781
109,1635,1649,15,PACKAGE_SCENE,50000000,12208,12208,4948,4948,4948,660,660,660,0,0,0,110682,27181,216267,25.9838,23.2127,31.2984
110,1650,1664,15,PACKAGE_SCENE,50000000,12208,12208,4948,4948,4948,660,660,660,0,0,0,118396,75689,206058,25.2939,23.3872,30.805
111,1665,1679,15,PACKAGE_SCENE,50000000,12208,12208,4948,4948,4948,660,660,660,0,0,0,113176,65681,171614,26.5662,22.903,34.3368
112,1680,1694,15,PACKAGE_SCENE,50000000,12208,12208,4948,4948,4948,660,660,660,0,0,0,105737,66309,181881,26.75,23.0198,34.2885
113,1695,1709,15,PACKAGE_SCENE,50000000,12208,12208,4948,4948,4948,660,660,660,0,0,0,109595,59404,163928,26.0579,22.8156,33.19
114,1710,1724,15,PACKAGE_SCENE,50000000,12208,12208,4948,4948,4948,660,660,660,0,0,0,106477,27404,215378,26.4848,23.4391,32.9659
115,1725,1739,15,PACKAGE_SCENE,50000000,12208,12208,4948,4948,4948,660,660,660,0,0,0,114195,37038,203357,26.4072,23.2137,32.207
116,1740,1754,15,PACKAGE_SCENE,50000000,12208,12208,4948,4948,4948,660,660,660,0,0,0,111758,65915,196543,24.996,22.8183,31.629
117,1755,1769,15,PACKAGE_SCENE,50000000,12208,12208,4948,4948,4948,660,660,660,0,0,0,109110,65764,195454,26.8911,23.2535,34.0805
118,1770,1784,15,PACKAGE_SCENE,50000000,12208,12208,4948,4948,4948,660,660,660,0,0,0,120348,66846,166640,23.6733,22.9972,24.9754
119,1785,1799,15,PACKAGE_SCENE,50000000,12208,12208,4948,4948,4948,660,660,660,0,0,0,109087,66402,214778,26.1101,23.1282,29.6015
120,1800,1814,15,PACKAGE_SCENE,50000000,12208,12208,4948,4948,4948,660,660,660,0,0,0,111411,75146,187867,27.2334,23.2116,33.1129
121,1815,1829,15,PACKAGE_SCENE,50000000,12208,12208,4948,4948,4948,660,660,660,0,0,0,107698,66351,150837,25.1115,23.2368,30.1626
122,1830,1844,15,PACKAGE_SCENE,50000000,12208,12208,4948,4948,4948,660,660,660,0,0,0,129984,66654,197176,24.7986,23.3597,30.82
123,1845,1859,15,PACKAGE_SCENE,50000000,12208,12208,4948,4948,4948,660,660,660,0,0,0,111995,62462,187278,26.0869,22.8097,34.515
124,1860,1874,15,PACKAGE_SCENE,50000000,12208,12208,4948,4948,4948,660,660,660,0,0,0,110205,65685,175312,26.0736,23.3438,33.9552
125,1875,1889,15,PACKAGE_SCENE,50000000,12208,12208,4948,4948,4948,660,660,660,0,0,0,102156,65278,207702,27.4786,23.2507,45.3214
126,1890,1904,15,PACKAGE_SCENE,50000000,12208,12208,4948,4948,4948,660,660,660,0,0,0,94969.1,27531,142529,25.8249,23.1234,33.0972
127,1905,1919,15,PACKAGE_SCENE,50000000,12208,12208,4948,4948,4948,660,660,660,0,0,0,98738.9,66266,168937,27.0532,22.7761,33.766
128,1920,1934,15,PACKAGE_SCENE,50000000,12208,12208,4948,4948,4948,660,660,660,0,0,0,107312,27732,171388,25.7908,23.1135,35.039
129,1935,1949,15,PACKAGE_SCENE,50000000,12208,12208,4948,4948,4948,660,660,660,0,0,0,111853,27465,180997,25.8735,23.0872,40.85
130,1950,1964,15,PACKAGE_SCENE,50000000,12208,12208,4539.67,4037,4984,590.467,504,730,15.9333,0,122,91757.7,67469,150097,24.8177,20.505,33.0274
131,1965,1979,15,PACKAGE_SCENE,50000000,12208,12208,3066.53,2531,4863,422.067,379,642,15.2667,0,104,89539.4,43934,149113,69.1487,20.6921,248.351
132,1980,1994,15,PACKAGE_SCENE,50000000,12208,12208,5725.67,4863,6157,551.733,415,622,12.0667,0,177,83555.9,39231,161996,251.093,239.643,258.81
133,1995,2009,15,PACKAGE_SCENE,50000000,12208,12208,5987.27,4845,6170,582.333,397,620,15.7333,0,108,55005.3,39045,111265,218.788,20.998,254.117
134,2010,2024,15,PACKAGE_SCENE,50000000,12208,12208,4886.73,3123,6170,493,380,620,3.26667,0,41,99788.3,42217,213589,232.596,98.023,252.268
135,2025,2039,15,PACKAGE_SCENE,50000000,12208,12208,3731.87,2531,4863,474.067,379,589,0,0,0,90336.3,47804,138998,53.4618,21.1831,258.019
136,2040,2054,15,PACKAGE_SCENE,50000000,12208,12208,4037,4037,4037,504,504,504,0,0,0,89882,47299,140998,25.646,22.7466,32.0972
137,2055,2069,15,PACKAGE_SCENE,50000000,12208,12208,4037,4037,4037,504,504,504,0,0,0,86018.4,23596,147101,25.2647,22.971,32.6658
138,2070,2084,15,PACKAGE_SCENE,50000000,12208,12208,4731.47,4037,4984,603,504,639,0,0,0,98858.7,66574,130884,26.2631,23.0041,33.8265
139,2085,2099,15,PACKAGE_SCENE,50000000,12208,12208,4984,4984,4984,639,639,639,0,0,0,97878.8,59767,136790,27.0315,23.2572,39.5394
140,2100,2114,15,PACKAGE_SCENE,50000000,12208,12208,4984,4984,4984,639,639,639,0,0,0,82348.2,36687,147061,24.9141,22.9311,29.2275
141,2115,2129,15,PACKAGE_SCENE,50000000,12208,12208,4352.67,4037,4984,549,504,639,0,0,0,91631.9,47594,131622,27.4719,22.8461,35.6426
142,2130,2144,15,PACKAGE_SCENE,50000000,12208,12208,4037,4037,4037,504,504,504,0,0,0,83852.4,47367,123282,24.5247,22.7763,32.1588
143,2145,2159,15,PACKAGE_SCENE,50000000,12208,12208,4037,4037,4037,504,504,504,0,0,0,79550.1,41056,161873,24.3005,22.4348,32.0675
144,2160,2174,15,PACKAGE_SCENE,50000000,12208,12208,4037,4037,4037,504,504,504,0,0,0,79831.7,47355,130003,23.7638,22.2447,31.7297
145,2175,2189,15,PACKAGE_SCENE,50000000,12208,12208,4920.87,4037,4984,630,504,639,0,0,0,97486.2,60315,153359,25.2967,23.2867,30.7331
146,2190,2204,15,PACKAGE_SCENE,50000000,12208,12208,4962.4,4948,4984,651.6,639,660,0,0,0,107782,66128,162654,25.9327,23.1996,30.287
147,2205,2219,15,PACKAGE_SCENE,50000000,12208,12208,4764.4,4030,4948,629.4,507,660,0,0,0,129554,42387,231087,24.6562,23.0862,32.5792
148,2220,2234,15,PACKAGE_SCENE,50000000,12208,12208,3443.2,2563,4030,469.4,413,507,0,0,0,84177.5,42836,155018,22.9772,20.6284,30.3965
149,2235,2249,15,PACKAGE_SCENE,50000000,12208,12208,2758.6,2563,4030,431.2,413,592,0,0,0,83980.5,42770,107598,21.6711,20.3791,26.42
150,2250,2264,15,PACKAGE_SCENE,50000000,12208,12208,4458.4,4030,4948,578.4,507,660,0,0,0,100297,42664,155179,25.6373,22.6288,33.1114
151,2265,2279,15,PACKAGE_SCENE,50000000,12208,12208,4478.93,4037,4984,567,504,639,0,0,0,88790.3,68454,116040,24.3085,22.8135,28.7008
152,2280,2294,15,PACKAGE_SCENE,50000000,12208,12208,3578.13,2531,6170,452.8,379,642,0,0,0,103963,52699,285268,142.911,20.7269,267.343
153,2295,2309,15,PACKAGE_SCENE,50000000,12208,12208,2637.93,1439,4845,471.4,332,555,15.5333,0,82,79904.9,28839,157880,191.787,24.2911,248.152
154,2310,2324,15,PACKAGE_SCENE,50000000,12208,12208,3443.73,1439,6170,489.2,336,621,0.133333,0,2,91930.7,28901,197526,235.055,207.964,254.565
155,2325,2339,15,PACKAGE_SCENE,50000000,12208,12208,2572.4,2531,3152,382.333,379,406,0,0,0,81352.8,67187,134303,36.2758,20.6018,241.978
156,2340,2354,15,PACKAGE_SCENE,50000000,12208,12208,3434.6,2531,4037,459.667,379,589,0,0,0,79550.3,66935,106512,22.9755,20.7871,31.7835
157,2355,2369,15,PACKAGE_SCENE,50000000,12208,12208,4842.4,4030,4984,629.8,507,660,0,0,0,94122.7,65255,176433,26.9143,22.9777,34.6686
158,2370,2384,15,PACKAGE_SCENE,50000000,12208,12208,2908,1483,4030,442.467,388,507,0,0,0,83727.2,42873,124786,23.5406,18.9024,32.5504
159,2385,2399,15,PACKAGE_SCENE,50000000,12208,12208,1955.27,1483,2495,420.867,388,591,0.0666667,0,1,80955.3,67251,115388,19.4043,18.5653,22.7448
160,2400,2414,15,PACKAGE_SCENE,50000000,12208,12208,2495,2495,2495,437,437,437,0,0,0,105485,73066,150988,20.195,19.4997,26.4342
161,2415,2429,15,PACKAGE_SCENE,50000000,12208,12208,2495,2495,2495,437,437,437,0,0,0,88707.8,73125,135871,21.14,19.4094,26.7348
162,2430,2444,15,PACKAGE_SCENE,50000000,12208,12208,2495,2495,2495,437,437,437,0,0,0,103544,36059,141564,20.1482,19.2806,26
163,2445,2459,15,PACKAGE_SCENE,50000000,12208,12208,2495,2495,2495,437,437,437,0,0,0,86210.3,72868,136285,19.9831,19.4008,24.5982
164,2460,2474,15,PACKAGE_SCENE,50000000,12208,12208,2495,2495,2495,437,437,437,0,0,0,98577.9,36010,164093,20.3016,19.4357,26.4312
165,2475,2489,15,PACKAGE_SCENE,50000000,12208,12208,2819.13,2495,2869,493.933,437,511,0,0,0,82534.1,36813,135550,21.5603,19.4032,29.0265
166,2490,2504,15,PACKAGE_SCENE,50000000,12208,12208,2869,2869,2869,502,502,502,0,0,0,74848.1,35917,145420,20.3371,19.3128,28.2988
167,2505,2519,15,PACKAGE_SCENE,50000000,12208,12208,2869,2869,2869,502,502,502,0,0,0,63191.9,36154,144886,20.4205,19.2796,28.5556
168,2520,2534,15,PACKAGE_SCENE,50000000,12208,12208,2869,2869,2869,502,502,502,0,0,0,65212.8,36669,127600,21.0072,19.4342,28.8358
169,2535,2549,15,PACKAGE_SCENE,50000000,12208,12208,2869,2869,2869,502,502,502,0,0,0,77685.4,36200,156576,20.6478,19.5741,29.2348
170,2550,2564,15,PACKAGE_SCENE,50000000,12208,12208,2869,2869,2869,502,502,502,0,0,0,62213.9,35811,141782,22.5819,19.484,29.2748
171,2565,2579,15,PACKAGE_SCENE,50000000,12208,12208,2869,2869,2869,502,502,502,0,0,0,61892.9,36279,134459,21.5649,19.6497,27.0578
172,2580,2594,15,PACKAGE_SCENE,50000000,12208,12208,2869,2869,2869,502,502,502,0,0,0,70867.5,36537,140618,22.5816,19.6892,31.8391
173,2595,2609,15,PACKAGE_SCENE,50000000,12208,12208,2869,2869,2869,502,502,502,0,0,0,77650.7,36806,144276,19.8834,19.432,20.4384
174,2610,2624,15,PACKAGE_SCENE,50000000,12208,12208,2869,2869,2869,502,502,502,0,0,0,66604.9,36115,128934,20.9108,19.3037,28.6674
175,2625,2639,15,PACKAGE_SCENE,50000000,12208,12208,2869,2869,2869,502,502,502,0,0,0,72508,36652,167490,20.3356,19.3107,28.6274
176,2640,2654,15,PACKAGE_SCENE,50000000,12208,12208,2869,2869,2869,502,502,502,0,0,0,88594.1,37009,158885,21.4842,19.6199,29.2212
177,2655,2669,15,PACKAGE_SCENE,50000000,12208,12208,2869,2869,2869,502,502,502,0,0,0,75152.5,36029,146536,21.4614,19.5618,29.2688
178,2670,2684,15,PACKAGE_SCENE,50000000,12208,12208,2869,2869,2869,502,502,502,0,0,0,76684.8,36860,139738,21.9731,19.4967,29.0798
179,2685,2699,15,PACKAGE_SCENE,50000000,12208,12208,2869,2869,2869,502,502,502,0,0,0,81987.6,36571,169363,21.6012,19.4775,29.0218
180,2700,2714,15,PACKAGE_SCENE,50000000,12208,12208,2869,2869,2869,502,502,502,0,0,0,66856.3,36097,110324,21.6856,19.4575,31.2147
181,2715,2729,15,PACKAGE_SCENE,50000000,12208,12208,2869,2869,2869,502,502,502,0,0,0,69418.1,36131,157533,21.1134,19.3641,28.5793
182,2730,2744,15,PACKAGE_SCENE,50000000,12208,12208,2869,2869,2869,502,502,502,0,0,0,59015.1,36085,169050,20.9137,19.5169,28.6401
183,2745,2759,15,PACKAGE_SCENE,50000000,12208,12208,2869,2869,2869,502,502,502,0,0,0,59431.3,36738,148212,21.869,19.3415,33.2403
184,2760,2774,15,PACKAGE_SCENE,50000000,12208,12208,2869,2869,2869,502,502,502,0,0,0,86598.1,37263,179470,20.4486,19.5181,28.4578
185,2775,2789,15,PACKAGE_SCENE,50000000,12208,12208,2869,2869,2869,502,502,502,0,0,0,75835.4,36207,165935,19.7887,19.3145,20.4737
186,2790,2804,15,PACKAGE_SCENE,50000000,12208,12208,2869,2869,2869,502,502,502,0,0,0,96144.8,37245,159917,20.0686,19.5339,21.2855
187,2805,2819,15,PACKAGE_SCENE,50000000,12208,12208,2869,2869,2869,502,502,502,0,0,0,64448.7,36182,108995,22.0218,19.5232,28.609
188,2820,2834,15,PACKAGE_SCENE,50000000,12208,12208,2869,2869,2869,502,502,502,0,0,0,67445.5,36951,163707,21.2019,19.4398,30.6729
189,2835,2849,15,PACKAGE_SCENE,50000000,12208,12208,2869,2869,2869,502,502,502,0,0,0,69375.4,36901,152234,20.7538,19.3069,30.1376
190,2850,2864,15,PACKAGE_SCENE,50000000,12208,12208,2869,2869,2869,502,502,502,0,0,0,59967.3,36703,110586,23.8865,19.4722,30.6603
191,2865,2879,15,PACKAGE_SCENE,50000000,12208,12208,2869,2869,2869,502,502,502,0,0,0,88598.9,36902,167866,20.3105,19.4531,25.7228
192,2880,2894,15,PACKAGE_SCENE,50000000,12208,12208,2869,2869,2869,502,502,502,0,0,0,72673.5,36034,134239,20.582,19.3691,28.3856
193,2895,2909,15,PACKAGE_SCENE,50000000,12208,12208,2869,2869,2869,502,502,502,0,0,0,66719.3,36911,142104,22.2463,19.5287,32.6291
194,2910,2924,15,PACKAGE_SCENE,50000000,12208,12208,2869,2869,2869,502,502,502,0,0,0,71003.1,36787,131693,22.0629,19.5619,28.8088
195,2925,2939,15,PACKAGE_SCENE,50000000,12208,12208,2869,2869,2869,502,502,502,0,0,0,70687.5,36629,128717,21.8825,19.5161,33.6292
196,2940,2954,15,PACKAGE_SCENE,50000000,12208,12208,2869,2869,2869,502,502,502,0,0,0,67086.8,36820,158916,21.7155,19.3682,29.1876
197,2955,2969,15,PACKAGE_SCENE,50000000,12208,12208,2869,2869,2869,502,502,502,0,0,0,79104.1,37087,168919,24.7839,19.4623,42.694
198,2970,2984,15,PACKAGE_SCENE,50000000,12208,12208,2869,2869,2869,502,502,502,0,0,0,83133.1,36741,143626,20.4581,19.5255,28.3797
199,2985,2999,15,PACKAGE_SCENE,50000000,12208,12208,2869,2869,2869,502,502,502,0,0,0,73945.5,37095,137995,20.2882,19.3252,28.4769
200,3000,3014,15,PACKAGE_SCENE,50000000,12208,12208,2744.33,2495,2869,480.133,434,502,0,0,0,83650.6,36539,167092,20.9392,19.5039,26.8882
201,3015,3029,15,PACKAGE_SCENE,50000000,12208,12208,2495,2495,2495,437,437,437,0,0,0,93760.3,36031,151049,20.0684,19.363,25.1331
202,3030,3044,15,PACKAGE_SCENE,50000000,12208,12208,2794.2,2495,2869,489.6,437,511,0,0,0,98834.2,45163,178892,22.5446,19.3246,28.7227
203,3045,3059,15,PACKAGE_SCENE,50000000,12208,12208,2855.2,2846,2869,499.6,498,502,0,0,0,68882.2,35963,135947,20.4765,19.1439,28.614
204,3060,3074,15,PACKAGE_SCENE,50000000,12208,12208,2007.93,1465,2483,398.8,363,430,0,0,0,86104.7,63087,163522,20.1345,18.5044,25.9435
205,3075,3089,15,PACKAGE_SCENE,50000000,12208,12208,1730,1465,2559,312,250,479,0,0,0,52630.9,26184,93600,20.9505,18.7633,25.034
206,3090,3104,15,PACKAGE_SCENE,50000000,12208,12208,2559,2559,2559,379,379,379,0,0,0,67314.5,26971,95468,24.3684,22.5121,29.3607
207,3105,3119,15,PACKAGE_SCENE,50000000,12208,12208,3015.73,2559,3086,476.933,379,492,0,0,0,62057.5,28126,132475,23.5419,22.3435,25.8905
208,3120,3134,15,PACKAGE_SCENE,50000000,12208,12208,3086,3086,3086,492,492,492,0,0,0,57611.3,33186,124352,25.1375,22.4783,32.7029
209,3135,3149,15,PACKAGE_SCENE,50000000,12208,12208,3086,3086,3086,492,492,492,0,0,0,47936.7,34522,100133,23.7281,22.481,33.6463
210,3150,3164,15,PACKAGE_SCENE,50000000,12208,12208,3086,3086,3086,492,492,492,0,0,0,60318.1,34662,113615,24.1448,21.9614,32.0783
211,3165,3179,15,PACKAGE_SCENE,50000000,12208,12208,3078.67,3075,3086,480.733,475,492,0,0,0,80316.6,36579,136963,24.7141,22.8872,32.9435
212,3180,3194,15,PACKAGE_SCENE,50000000,12208,12208,3081.6,3075,3086,485.2,475,492,0,0,0,66549.1,34668,137822,23.8961,22.5998,25.6485
213,3195,3209,15,PACKAGE_SCENE,50000000,12208,12208,3086,3086,3086,492,492,492,0,0,0,62037,32757,104481,23.0774,21.969,24.6022
214,3210,3224,15,PACKAGE_SCENE,50000000,12208,12208,3086,3086,3086,492,492,492,0,0,0,72448.5,34842,133399,23.9522,22.2535,32.912
215,3225,3239,15,PACKAGE_SCENE,50000000,12208,12208,3086,3086,3086,492,492,492,0,0,0,69861.3,28657,127455,23.6771,22.4897,25.2695
216,3240,3254,15,PACKAGE_SCENE,50000000,12208,12208,3086,3086,3086,492,492,492,0,0,0,50710.9,30613,112873,23.9055,22.3977,34.0383
217,3255,3269,15,PACKAGE_SCENE,50000000,12208,12208,3086,3086,3086,492,492,492,0,0,0,48699.1,28573,95489,24.0148,22.4151,30.7816
218,3270,3284,15,PACKAGE_SCENE,50000000,12208,12208,3086,3086,3086,492,492,492,0,0,0,60467.7,31036,152363,27.0647,22.7852,33.184
219,3285,3299,15,PACKAGE_SCENE,50000000,12208,12208,3086,3086,3086,492,492,492,0,0,0,59864.1,34938,106354,23.5499,22.2858,25.6452
220,3300,3314,15,PACKAGE_SCENE,50000000,12208,12208,3086,3086,3086,492,492,492,0,0,0,66399.5,33059,130104,24.5962,22.4755,31.7252
221,3315,3329,15,PACKAGE_SCENE,50000000,12208,12208,3086,3086,3086,494,494,494,0,0,0,64014.7,32699,112494,24.2975,22.4187,31.4545
222,3330,3344,15,PACKAGE_SCENE,50000000,12208,12208,3086,3086,3086,492.4,492,494,0,0,0,56386.8,31646,121909,24.868,22.447,34.1164
223,3345,3359,15,PACKAGE_SCENE,50000000,12208,12208,3086,3086,3086,491.333,491,492,0,0,0,68126,27669,131818,24.1537,22.6549,29.1996
224,3360,3374,15,PACKAGE_SCENE,50000000,12208,12208,3086,3086,3086,489.8,488,491,0,0,0,59841.9,34055,112108,25.147,22.4308,32.3089
225,3375,3389,15,PACKAGE_SCENE,50000000,12208,12208,3086,3086,3086,436.267,358,489,0,0,0,33733.8,0,130577,20.9014,16.2141,24.8466
226,3390,3404,15,PACKAGE_SCENE,50000000,12208,12208,3086,3086,3086,358,358,358,0,0,0,0,0,0,17.4815,16.9219,21.1879
227,3405,3419,15,PACKAGE_SCENE,50000000,12208,12208,3086,3086,3086,496.267,488,593,0.4,0,6,94359.6,25962,166116,24.8906,22.7598,31.1481
228,3420,3434,15,PACKAGE_SCENE,50000000,12208,12208,3086,3086,3086,491.533,491,492,0,0,0,56030,34369,120775,23.3414,22.3309,25.8745
229,3435,3449,15,PACKAGE_SCENE,50000000,12208,12208,3086,3086,3086,492.333,492,493,0,0,0,53217.5,30506,102035,23.3943,22.2497,25.5224
230,3450,3464,15,PACKAGE_SCENE,50000000,12208,12208,3086,3086,3086,493.8,493,494,0,0,0,80614.7,28073,136311,25.2907,22.5776,33.1018
231,3465,3479,15,PACKAGE_SCENE,50000000,12208,12208,3086,3086,3086,494,494,494,0,0,0,50652.5,28722,106884,23.7036,22.2662,31.7943
232,3480,3494,15,PACKAGE_SCENE,50000000,12208,12208,3086,3086,3086,494,494,494,0,0,0,76738.3,34334,155239,24.8519,22.3403,32.7408
233,3495,3509,15,PACKAGE_SCENE,50000000,12208,12208,3086,3086,3086,494,494,494,0,0,0,56108.4,27156,117429,23.2083,22.3098,25.862
234,3510,3524,15,PACKAGE_SCENE,50000000,12208,12208,3086,3086,3086,494,494,494,0,0,0,58278.5,34625,131035,25.2043,22.3645,32.513
235,3525,3539,15,PACKAGE_SCENE,50000000,12208,12208,3086,3086,3086,494,494,494,0,0,0,70441.3,32983,113371,25.3561,22.3628,34.0805
236,3540,3554,15,PACKAGE_SCENE,50000000,12208,12208,3086,3086,3086,494,494,494,0,0,0,47301.1,34086,90543,24.0638,22.0761,31.2281
237,3555,3569,15,PACKAGE_SCENE,50000000,12208,12208,3086,3086,3086,494,494,494,0,0,0,56941.6,29564,113344,24.3471,22.28,32.6573
238,3570,3584,15,PACKAGE_SCENE,50000000,12208,12208,3086,3086,3086,494,494,494,0,0,0,61739.7,34634,133576,23.4795,22.238,27.6149
239,3585,3599,15,PACKAGE_SCENE,50000000,12208,12208,3086,3086,3086,494,494,494,0,0,0,56863.7,25906,130158,23.8001,22.4525,32.3209
240,3600,3614,15,PACKAGE_SCENE,50000000,12208,12208,3086,3086,3086,494,494,494,0,0,0,61595.9,34775,113318,24.6239,22.2485,32.8375
241,3615,3629,15,PACKAGE_SCENE,50000000,12208,12208,3086,3086,3086,494,494,494,0,0,0,72940.6,34465,123692,24.3527,22.5836,32.9926
242,3630,3644,15,PACKAGE_SCENE,50000000,12208,12208,3086,3086,3086,494,494,494,0,0,0,76709.9,34416,133559,26.7138,22.4657,34.5742
243,3645,3659,15,PACKAGE_SCENE,50000000,12208,12208,3086,3086,3086,494,494,494,0,0,0,64043.9,30443,153751,25.0156,22.3198,33.4208
244,3660,3674,15,PACKAGE_SCENE,50000000,12208,12208,3086,3086,3086,494,494,494,0,0,0,66060.8,34329,131257,23.192,22.2794,24.6605
245,3675,3689,15,PACKAGE_SCENE,50000000,12208,12208,2804.93,2559,3086,433.2,380,494,0,0,0,64196.7,30966,99459,24.3556,22.6813,29.2664
246,3690,3704,15,PACKAGE_SCENE,50000000,12208,12208,2559,2559,2559,380,380,380,0,0,0,75969,35514,106793,23.9533,22.4468,28.5421
247,3705,3719,15,PACKAGE_SCENE,50000000,12208,12208,2559,2559,2559,380,380,380,0,0,0,67682.9,54065,96032,23.3709,22.3614,30.0089
248,3720,3734,15,PACKAGE_SCENE,50000000,12208,12208,2559,2559,2559,380,380,380,0,0,0,64909.5,27128,94813,23.3509,22.5053,27.8555
249,3735,3749,15,PACKAGE_SCENE,50000000,12208,12208,2559,2559,2559,380,380,380,0,0,0,76912.2,53442,97617,27.9281,25.2044,30.0237
250,3750,3764,15,PACKAGE_SCENE,50000000,12208,12208,2559,2559,2559,380,380,380,0,0,0,69479.3,53436,98914,24.3954,22.4531,31.1616
251,3765,3779,15,PACKAGE_SCENE,50000000,12208,12208,2559,2559,2559,380,380,380,0,0,0,69132,53601,95891,23.7559,22.641,28.2834
252,3780,3794,15,PACKAGE_SCENE,50000000,12208,12208,2559,2559,2559,380,380,380,0,0,0,75448.5,53421,113819,23.3219,22.2891,26.155
253,3795,3809,15,PACKAGE_SCENE,50000000,12208,12208,2559,2559,2559,380,380,380,0,0,0,81801.1,53414,114833,25.9375,22.6404,33.0906
254,3810,3824,15,PACKAGE_SCENE,50000000,12208,12208,2559,2559,2559,380,380,380,0,0,0,68101.9,26859,123783,24.3823,22.6436,27.4546
255,3825,3839,15,PACKAGE_SCENE,50000000,12208,12208,2559,2559,2559,380,380,380,0,0,0,83434.5,58230,112209,24.8296,22.8046,31.0173
256,3840,3854,15,PACKAGE_SCENE,50000000,12208,12208,2559,2559,2559,380,380,380,0,0,0,74259.2,53388,97296,24.969,22.3206,28.3344
257,3855,3869,15,PACKAGE_SCENE,50000000,12208,12208,2559,2559,2559,380,380,380,0,0,0,72653.5,62032,92749,24.3403,22.7337,28.0517
258,3870,3884,15,PACKAGE_SCENE,50000000,12208,12208,2559,2559,2559,380,380,380,0,0,0,76282.8,54008,116121,23.9834,22.3196,28.614
259,3885,3899,15,PACKAGE_SCENE,50000000,12208,12208,2559,2559,2559,380,380,380,0,0,0,75805.1,58941,109901,24.9845,22.6805,30.0005
260,3900,3914,15,PACKAGE_SCENE,50000000,12208,12208,2559,2559,2559,380,380,380,0,0,0,68567.7,52861,108249,24.5434,22.3394,31.2382
261,3915,3929,15,PACKAGE_SCENE,50000000,12208,12208,2559,2559,2559,380,380,380,0,0,0,76812.1,53588,124053,27.4564,22.8494,42.3174
262,3930,3944,15,PACKAGE_SCENE,50000000,12208,12208,2559,2559,2559,380,380,380,0,0,0,69013,53284,95801,24.3595,22.6874,28.4036
263,3945,3959,15,PACKAGE_SCENE,50000000,12208,12208,2559,2559,2559,380,380,380,0,0,0,80292.3,43245,109608,25.6339,22.6908,35.4101
264,3960,3974,15,PACKAGE_SCENE,50000000,12208,12208,2559,2559,2559,380,380,380,0,0,0,73290.3,53295,100888,25.1134,22.5907,28.9375
265,3975,3989,15,PACKAGE_SCENE,50000000,12208,12208,2559,2559,2559,380,380,380,0,0,0,68743.9,26600,97470,26.0738,22.684,34.2712
266,3990,4004,15,PACKAGE_SCENE,50000000,12208,12208,2559,2559,2559,380,380,380,0,0,0,71618.5,26643,113701,24.8446,22.7422,31.488
267,4005,4019,15,PACKAGE_SCENE,50000000,12208,12208,2559,2559,2559,380,380,380,0,0,0,73786.3,45569,106773,25.5009,22.723,30.0116
268,4020,4034,15,PACKAGE_SCENE,50000000,12208,12208,2559,2559,2559,380,380,380,0,0,0,72789.3,27299,117035,23.9986,22.7169,28.6765
269,4035,4049,15,PACKAGE_SCENE,50000000,12208,12208,2559,2559,2559,380,380,380,0,0,0,63490.5,26774,91513,23.7437,22.267,27.9037
270,4050,4064,15,PACKAGE_SCENE,50000000,12208,12208,2559,2559,2559,380,380,380,0,0,0,63154.2,27112,87257,23.6109,22.2444,29.6408
271,4065,4079,15,PACKAGE_SCENE,50000000,12208,12208,2559,2559,2559,380,380,380,0,0,0,70364.9,52815,103174,23.6865,22.337,28.7394
272,4080,4094,15,PACKAGE_SCENE,50000000,12208,12208,2559,2559,2559,380,380,380,0,0,0,71932,54857,87951,23.4651,22.5116,26.6052
273,4095,4109,15,PACKAGE_SCENE,50000000,12208,12208,2559,2559,2559,380,380,380,0,0,0,75704.2,53459,103595,24.3058,22.4891,28.5164
274,4110,4124,15,PACKAGE_SCENE,50000000,12208,12208,2559,2559,2559,380,380,380,0,0,0,80371.5,45839,106229,24.0265,22.4553,26.7017
275,4125,4139,15,PACKAGE_SCENE,50000000,12208,12208,2559,2559,2559,380,380,380,0,0,0,67070.3,52659,94329,26.7496,22.7356,32.9357
276,4140,4154,15,PACKAGE_SCENE,50000000,12208,12208,2559,2559,2559,380,380,380,0,0,0,77039.7,52768,130442,24.92,22.5027,28.9418
277,4155,4169,15,PACKAGE_SCENE,50000000,12208,12208,2559,2559,2559,380,380,380,0,0,0,71013.3,26422,108065,23.9805,22.4816,28.4982
278,4170,4184,15,PACKAGE_SCENE,50000000,12208,12208,2559,2559,2559,380,380,380,0,0,0,79695.1,26794,123380,25.3513,22.7133,33.5881
279,4185,4199,15,PACKAGE_SCENE,50000000,12208,12208,2559,2559,2559,380,380,380,0,0,0,72902.5,27035,128549,25.7685,22.7352,33.1332
280,4200,4214,15,PACKAGE_SCENE,50000000,12208,12208,2559,2559,2559,380,380,380,0,0,0,71764.6,53191,106720,24.9079,22.4583,28.6588
281,4215,4229,15,PACKAGE_SCENE,50000000,12208,12208,2559,2559,2559,380,380,380,0,0,0,75774.5,53988,96245,24.3407,22.4223,29.8518
282,4230,4244,15,PACKAGE_SCENE,50000000,12208,12208,2559,2559,2559,380,380,380,0,0,0,76173.3,52703,123726,26.5651,22.8738,35.1581
283,4245,4259,15,PACKAGE_SCENE,50000000,12208,12208,2559,2559,2559,380,380,380,0,0,0,63902.8,28239,83692,24.1281,22.479,29.5774
284,4260,4274,15,PACKAGE_SCENE,50000000,12208,12208,2559,2559,2559,380,380,380,0,0,0,65081.5,53423,73622,22.9475,22.4907,23.5242
285,4275,4289,15,PACKAGE_SCENE,50000000,12208,12208,2559,2559,2559,380,380,380,0,0,0,72552.2,53294,97618,23.1237,22.3197,25.1561
286,4290,4304,15,PACKAGE_SCENE,50000000,12208,12208,2559,2559,2559,380,380,380,0,0,0,74279.3,27094,116101,23.4868,22.4515,25.5177
287,4305,4319,15,PACKAGE_SCENE,50000000,12208,12208,2559,2559,2559,380,380,380,0,0,0,68863.1,53000,98787,25.1252,22.8456,36.1087
288,4320,4334,15,PACKAGE_SCENE,50000000,12208,12208,2559,2559,2559,380,380,380,0,0,0,75028.1,58320,107467,271.348,22.8144,3721.71
289,4335,4349,15,PACKAGE_SCENE,50000000,12208,12208,2559,2559,2559,380,380,380,0,0,0,75324.9,53426,101185,207.638,22.7479,2754.18
290,4350,4364,15,PACKAGE_SCENE,50000000,12208,12208,2559,2559,2559,380,380,380,0,0,0,74160.2,55160,95356,177.001,22.927,2289.59
291,4365,4379,15,PACKAGE_SCENE,50000000,12208,12208,2559,2559,2559,380,380,380,0,0,0,75795.7,26862,107739,133.384,23.0868,1632.49
292,4380,4394,15,PACKAGE_SCENE,50000000,12208,12208,2559,2559,2559,380,380,380,0,0,0,71918.1,27124,113181,23.7961,22.8304,27.3272
293,4395,4409,15,PACKAGE_SCENE,50000000,12208,12208,2559,2559,2559,380,380,380,0,0,0,72471.7,53594,95284,134.428,22.7916,1663.59
294,4410,4424,15,PACKAGE_SCENE,50000000,12208,12208,2559,2559,2559,380,380,380,0,0,0,69594.1,38002,87789,107.547,22.6693,1247.39
295,4425,4439,15,PACKAGE_SCENE,50000000,12208,12208,2559,2559,2559,380,380,380,0,0,0,76589.1,53563,106649,149.732,22.7417,1860.2
296,4440,4454,15,PACKAGE_SCENE,50000000,12208,12208,2559,2559,2559,380,380,380,0,0,0,76857.8,27088,123711,85.4627,22.7114,931.822
297,4455,4469,15,PACKAGE_SCENE,50000000,12208,12208,2559,2559,2559,380,380,380,0,0,0,71788.9,26880,110510,86.4675,22.8946,934.396
298,4470,4484,15,PACKAGE_SCENE,50000000,12208,12208,2559,2559,2559,380,380,380,0,0,0,74404.2,53474,106681,23.8914,22.7205,27.8981
299,4485,4499,15,PACKAGE_SCENE,50000000,12208,12208,2559,2559,2559,380,380,380,0,0,0,70557.6,26757,104309,149.332,22.5988,1891.37
300,4500,4514,15,PACKAGE_SCENE,50000000,12208,12208,2559,2559,2559,380,380,380,0,0,0,74467.2,52189,112147,82.521,22.925,862.233
301,4515,4529,15,PACKAGE_SCENE,50000000,12208,12208,2559,2559,2559,380,380,380,0,0,0,72338.5,53165,87260,82.8539,22.9208,886.058
302,4530,4544,15,PACKAGE_SCENE,50000000,12208,12208,2559,2559,2559,380,380,380,0,0,0,71744,54384,106989,83.5458,23.1626,877.142
303,4545,4559,15,PACKAGE_SCENE,50000000,12208,12208,2559,2559,2559,380,380,380,0,0,0,71221.2,39409,107553,86.3699,22.9558,917.377
304,4560,4574,15,PACKAGE_SCENE,50000000,12208,12208,2559,2559,2559,380,380,380,0,0,0,75352.7,53836,106457,24.2621,22.9418,27.9883
305,4575,4589,15,PACKAGE_SCENE,50000000,12208,12208,2559,2559,2559,380,380,380,0,0,0,72317.5,27501,123136,78.9124,22.4143,828.497
306,4590,4604,15,PACKAGE_SCENE,50000000,12208,12208,2559,2559,2559,380,380,380,0,0,0,63459.2,26921,76103,79.6536,22.7208,841.489
307,4605,4619,15,PACKAGE_SCENE,50000000,12208,12208,2559,2559,2559,380,380,380,0,0,0,77604.5,53471,116442,79.4296,22.7562,832.769
308,4620,4634,15,PACKAGE_SCENE,50000000,12208,12208,2559,2559,2559,380,380,380,0,0,0,74749,53040,115523,77.3651,22.7862,814.796
309,4635,4649,15,PACKAGE_SCENE,50000000,12208,12208,2559,2559,2559,380,380,380,0,0,0,76815.2,52514,136923,126.573,22.7784,1533.95
310,4650,4664,15,PACKAGE_SCENE,50000000,12208,12208,2559,2559,2559,380,380,380,0,0,0,79584.3,46683,118255,24.1093,22.6764,27.5625
311,4665,4679,15,PACKAGE_SCENE,50000000,12208,12208,2559,2559,2559,380,380,380,0,0,0,68083.8,28168,106504,96.2209,22.7689,1089.41
312,4680,4694,15,PACKAGE_SCENE,50000000,12208,12208,2559,2559,2559,380,380,380,0,0,0,82089.4,53049,139615,90.9103,22.6804,1000.15
313,4695,4709,15,PACKAGE_SCENE,50000000,12208,12208,2559,2559,2559,380,380,380,0,0,0,84678.9,53258,113800,91.4183,22.3723,1012.39
314,4710,4724,15,PACKAGE_SCENE,50000000,12208,12208,2559,2559,2559,380,380,380,0,0,0,69902.4,53311,90756,90.7203,22.6034,1012.47
315,4725,4739,15,PACKAGE_SCENE,50000000,12208,12208,2559,2559,2559,380,380,380,0,0,0,73489.8,49296,99344,89.6028,22.6297,988.482
316,4740,4754,15,PACKAGE_SCENE,50000000,12208,12208,2559,2559,2559,380,380,380,0,0,0,76492,27065,121200,24.3265,22.5943,27.8802
317,4755,4769,15,PACKAGE_SCENE,50000000,12208,12208,2559,2559,2559,380,380,380,0,0,0,77315.5,53555,118005,94.9904,22.7773,1051.06
318,4770,4784,15,PACKAGE_SCENE,50000000,12208,12208,2559,2559,2559,380,380,380,0,0,0,72031.3,53257,92235,92.5622,22.7987,1026.2
319,4785,4799,15,PACKAGE_SCENE,50000000,12208,12208,2559,2559,2559,380,380,380,0,0,0,79382.3,52606,106753,91.08,23.1387,1008.4
320,4800,4814,15,PACKAGE_SCENE,50000000,12208,12208,2559,2559,2559,380,380,380,0,0,0,69810.5,53211,106859,91.0545,22.8005,1000.29
321,4815,4829,15,PACKAGE_SCENE,50000000,12208,12208,2559,2559,2559,380,380,380,0,0,0,76914.8,42018,110291,100.105,22.7844,1115.15
322,4830,4844,15,PACKAGE_SCENE,50000000,12208,12208,2559,2559,2559,380,380,380,0,0,0,83120.4,53657,114693,24.6586,22.8547,26.9776
323,4845,4859,15,PACKAGE_SCENE,50000000,12208,12208,2559,2559,2559,380,380,380,0,0,0,69987.4,51874,83948,93.7179,22.8471,1037.21
324,4860,4874,15,PACKAGE_SCENE,50000000,12208,12208,2559,2559,2559,380,380,380,0,0,0,64821.1,52627,87666,94.1626,22.6925,1036.48
325,4875,4889,15,PACKAGE_SCENE,50000000,12208,12208,2559,2559,2559,380,380,380,0,0,0,67280.4,26771,93632,94.1068,22.6818,1051.74
326,4890,4904,15,PACKAGE_SCENE,50000000,12208,12208,2559,2559,2559,380,380,380,0,0,0,68248.6,27377,94949,92.2091,22.9569,1010.15
327,4905,4919,15,PACKAGE_SCENE,50000000,12208,12208,2559,2559,2559,380,380,380,0,0,0,70566.1,52585,96905,98.4673,22.7268,1113.69
328,4920,4934,15,PACKAGE_SCENE,50000000,12208,12208,2559,2559,2559,380,380,380,0,0,0,66990.7,46936,87791,23.7704,22.8871,28.041
329,4935,4949,15,PACKAGE_SCENE,50000000,12208,12208,2559,2559,2559,380,380,380,0,0,0,81253.6,53761,119136,94.2374,22.6437,1062.06
330,4950,4964,15,PACKAGE_SCENE,50000000,12208,12208,2559,2559,2559,380,380,380,0,0,0,75001.6,52472,114053,78.3634,22.4415,828.207
331,4965,4979,15,PACKAGE_SCENE,50000000,12208,12208,2559,2559,2559,380,380,380,0,0,0,70818.1,53309,89391,74.1965,22.6576,749.55
332,4980,4994,15,PACKAGE_SCENE,50000000,12208,12208,2559,2559,2559,380,380,380,0,0,0,73970.5,53611,104536,73.3933,22.9737,744.486
333,4995,5009,15,PACKAGE_SCENE,50000000,12208,12208,2559,2559,2559,380,380,380,0,0,0,73734.3,52758,95488,434.669,22.6247,6130.37
334,5010,5024,15,PACKAGE_SCENE,50000000,12208,12208,2559,2559,2559,380,380,380,0,0,0,72942.5,52941,105940,24.9655,22.2576,28.3459
335,5025,5039,15,PACKAGE_SCENE,50000000,12208,12208,2559,2559,2559,380,380,380,0,0,0,75670.3,26566,106852,24.6612,22.7041,28.1328
336,5040,5054,15,PACKAGE_SCENE,50000000,12208,12208,2559,2559,2559,380,380,380,0,0,0,72435.4,28073,97397,24.5057,22.5944,30.3186
337,5055,5069,15,PACKAGE_SCENE,50000000,12208,12208,2559,2559,2559,380,380,380,0,0,0,84140.1,65554,107356,24.6407,22.3006,29.6592
338,5070,5084,15,PACKAGE_SCENE,50000000,12208,12208,2559,2559,2559,380,380,380,0,0,0,60932.3,26187,83928,23.1907,22.3558,25.7104
339,5085,5099,15,PACKAGE_SCENE,50000000,12208,12208,2559,2559,2559,380,380,380,0,0,0,82742.5,53469,130807,23.6227,22.5713,24.664
340,5100,5114,15,PACKAGE_SCENE,50000000,12208,12208,2559,2559,2559,380,380,380,0,0,0,70268.8,53147,94855,23.8973,22.5823,26.9433
341,5115,5129,15,PACKAGE_SCENE,50000000,12208,12208,2559,2559,2559,380,380,380,0,0,0,66702.3,27092,86052,23.7101,22.6899,28.4826
342,5130,5144,15,PACKAGE_SCENE,50000000,12208,12208,2559,2559,2559,380,380,380,0,0,0,82581.5,54042,114887,24.3905,22.7384,29.0949
343,5145,5159,15,PACKAGE_SCENE,50000000,12208,12208,2559,2559,2559,380,380,380,0,0,0,73854.5,53684,101114,23.6474,22.403,26.0263
344,5160,5174,15,PACKAGE_SCENE,50000000,12208,12208,2559,2559,2559,380,380,380,0,0,0,75707.7,53627,112884,24.3388,22.813,29.3091
345,5175,5189,15,PACKAGE_SCENE,50000000,12208,12208,2559,2559,2559,380,380,380,0,0,0,75034.7,53722,89620,24.2795,22.7346,29.7195
346,5190,5204,15,PACKAGE_SCENE,50000000,12208,12208,2559,2559,2559,380,380,380,0,0,0,74829.7,45933,107648,24.3927,22.8751,31.4214
347,5205,5219,15,PACKAGE_SCENE,50000000,12208,12208,2559,2559,2559,380,380,380,0,0,0,68828.1,53642,100419,23.6907,22.717,28.368
348,5220,5234,15,PACKAGE_SCENE,50000000,12208,12208,2559,2559,2559,380,380,380,0,0,0,73132.5,26407,128137,24.2254,22.515,29.1351
349,5235,5249,15,PACKAGE_SCENE,50000000,12208,12208,2559,2559,2559,380,380,380,0,0,0,73584.8,53050,106050,29.0814,23.021,48.7007
350,5250,5264,15,PACKAGE_SCENE,50000000,12208,12208,2559,2559,2559,380,380,380,0,0,0,73296.3,53243,113935,23.8733,22.6692,27.8659
351,5265,5279,15,PACKAGE_SCENE,50000000,12208,12208,2559,2559,2559,380,380,380,0,0,0,72778.1,53555,98342,24.6837,22.9889,31.2398
352,5280,5294,15,PACKAGE_SCENE,50000000,12208,12208,2559,2559,2559,380,380,380,0,0,0,73954.2,53814,105069,33.193,23.3614,78.8971
353,5295,5309,15,PACKAGE_SCENE,50000000,12208,12208,2559,2559,2559,380,380,380,0,0,0,70739.3,51440,111339,25.2884,22.9275,30.4647
354,5310,5324,15,PACKAGE_SCENE,50000000,12208,12208,2559,2559,2559,380,380,380,0,0,0,75545.5,53491,115622,24.385,22.8232,28.7045
355,5325,5339,15,PACKAGE_SCENE,50000000,12208,12208,2559,2559,2559,380,380,380,0,0,0,69959.5,53239,123793,24.9436,22.7741,30.0411
356,5340,5354,15,PACKAGE_SCENE,50000000,12208,12208,2559,2559,2559,380,380,380,0,0,0,67760.3,26879,104322,23.6836,22.8767,28.7289
357,5355,5369,15,PACKAGE_SCENE,50000000,12208,12208,2559,2559,2559,380,380,380,0,0,0,74428.9,53483,100039,23.9584,22.6594,25.9488
358,5370,5384,15,PACKAGE_SCENE,50000000,12208,12208,2559,2559,2559,380,380,380,0,0,0,73638.7,26776,105526,24.811,22.9654,28.9267
359,5385,5399,15,PACKAGE_SCENE,50000000,12208,12208,2559,2559,2559,380,380,380,0,0,0,70141,27176,118170,24.8952,22.7115,29.7522
360,5400,5414,15,PACKAGE_SCENE,50000000,12208,12208,2559,2559,2559,380,380,380,0,0,0,69629.8,26739,89243,23.9392,22.9756,27.7863
361,5415,5429,15,PACKAGE_SCENE,50000000,12208,12208,2559,2559,2559,380,380,380,0,0,0,80051.5,27242,107314,24.2894,22.9063,27.3572
362,5430,5444,15,PACKAGE_SCENE,50000000,12208,12208,2559,2559,2559,380,380,380,0,0,0,78548.5,60392,123940,25.1549,22.7775,28.6281
363,5445,5459,15,PACKAGE_SCENE,50000000,12208,12208,2559,2559,2559,380,380,380,0,0,0,75891.5,26956,102040,24.3262,22.991,30.7099
364,5460,5474,15,PACKAGE_SCENE,50000000,12208,12208,2559,2559,2559,380,380,380,0,0,0,77145.7,53689,106765,23.7039,22.6618,25.6259
365,5475,5489,15,PACKAGE_SCENE,50000000,12208,12208,2559,2559,2559,380,380,380,0,0,0,70342.9,46941,104319,24.4053,22.7009,29.3371
366,5490,5504,15,PACKAGE_SCENE,50000000,12208,12208,2559,2559,2559,380,380,380,0,0,0,74144.5,53193,96660,24.2017,22.8848,28.2914
367,5505,5519,15,PACKAGE_SCENE,50000000,12208,12208,2559,2559,2559,380,380,380,0,0,0,72099.9,53456,96950,24.0528,22.975,27.7338
368,5520,5534,15,PACKAGE_SCENE,50000000,12208,12208,2559,2559,2559,380,380,380,0,0,0,73369.9,53675,106491,23.621,22.6473,25.322
369,5535,5549,15,PACKAGE_SCENE,50000000,12208,12208,2559,2559,2559,380,380,380,0,0,0,73529.5,53467,113751,23.7163,22.7635,26.0406
370,5550,5564,15,PACKAGE_SCENE,50000000,12208,12208,2559,2559,2559,380,380,380,0,0,0,72331.1,63539,112147,24.2507,22.6426,29.7085
371,5565,5579,15,PACKAGE_SCENE,50000000,12208,12208,2559,2559,2559,380,380,380,0,0,0,66469.9,28497,95543,24.0162,22.489,27.8158
372,5580,5594,15,PACKAGE_SCENE,50000000,12208,12208,2559,2559,2559,380,380,380,0,0,0,69490.7,53387,94957,24.6745,22.4439,30.2041
373,5595,5609,15,PACKAGE_SCENE,50000000,12208,12208,2559,2559,2559,380,380,380,0,0,0,78130.9,64421,107284,25.0604,22.6593,28.5383
374,5610,5624,15,PACKAGE_SCENE,50000000,12208,12208,2559,2559,2559,380,380,380,0,0,0,68377,52934,91731,24.0917,22.4247,30.5361
375,5625,5639,15,PACKAGE_SCENE,50000000,12208,12208,2559,2559,2559,380,380,380,0,0,0,74502.1,52562,123282,24.0391,22.6174,29.9262
376,5640,5654,15,PACKAGE_SCENE,50000000,12208,12208,2559,2559,2559,380,380,380,0,0,0,69275.5,52802,95033,24.9578,22.7079,33.4234
377,5655,5669,15,PACKAGE_SCENE,50000000,12208,12208,2559,2559,2559,380,380,380,0,0,0,75692.5,50255,97466,24.1581,22.709,29.5689
378,5670,5684,15,PACKAGE_SCENE,50000000,12208,12208,2559,2559,2559,380,380,380,0,0,0,72023.5,27040,106822,23.5226,22.7842,25.3432
379,5685,5699,15,PACKAGE_SCENE,50000000,12208,12208,2559,2559,2559,380,380,380,0,0,0,68165.9,52624,107287,25.4051,22.9636,31.5238
380,5700,5714,15,PACKAGE_SCENE,50000000,12208,12208,2559,2559,2559,380,380,380,0,0,0,68988.7,53876,100728,26.4083,22.757,37.9752
381,5715,5729,15,PACKAGE_SCENE,50000000,12208,12208,2559,2559,2559,380,380,380,0,0,0,65525.2,27327,97554,24.3483,22.5923,27.9728
382,5730,5744,15,PACKAGE_SCENE,50000000,12208,12208,2559,2559,2559,380,380,380,0,0,0,74875.7,53480,104246,24.9402,22.8342,30.1249
383,5745,5759,15,PACKAGE_SCENE,50000000,12208,12208,2559,2559,2559,380,380,380,0,0,0,71244.6,52945,93354,23.5714,22.4582,27.8151
384,5760,5774,15,PACKAGE_SCENE,50000000,12208,12208,2559,2559,2559,380,380,380,0,0,0,68676.3,41275,107965,23.5499,22.4177,28.2812
385,5775,5789,15,PACKAGE_SCENE,50000000,12208,12208,1500.93,1465,1542,317.267,247,415,0,0,0,65753.7,25456,135314,19.6721,18.616,23.6006
386,5790,5804,15,PACKAGE_SCENE,50000000,12208,12208,2678.13,2483,2869,478.933,430,616,0,0,0,90145.3,36118,185517,20.4912,19.4056,26.4304
387,5805,5819,15,PACKAGE_SCENE,50000000,12208,12208,2869,2869,2869,502,502,502,0,0,0,57945.7,36898,150604,20.3073,19.3404,28.5725
388,5820,5834,15,PACKAGE_SCENE,50000000,12208,12208,2544.87,2495,2869,445.467,434,502,0,0,0,94151.3,36973,162558,20.2045,19.3017,26.8305
389,5835,5849,15,PACKAGE_SCENE,50000000,12208,12208,2495,2495,2495,437,437,437,0,0,0,97580.3,73080,135115,20.6625,19.2312,26.6166
390,5850,5864,15,PACKAGE_SCENE,50000000,12208,12208,2495,2495,2495,437,437,437,0,0,0,95845.3,72962,135434,20.6432,19.3235,26.5146
391,5865,5879,15,PACKAGE_SCENE,50000000,12208,12208,2495,2495,2495,437,437,437,0,0,0,87449.9,73054,116226,21.0953,19.282,26.6424
392,5880,5894,15,PACKAGE_SCENE,50000000,12208,12208,2495,2495,2495,437,437,437,0,0,0,89703.7,72871,130774,19.7579,19.4081,20.6778
393,5895,5909,15,PACKAGE_SCENE,50000000,12208,12208,2495,2495,2495,437,437,437,0,0,0,88280.1,73050,124359,21.0328,19.4079,26.7379
394,5910,5924,15,PACKAGE_SCENE,50000000,12208,12208,2495,2495,2495,437,437,437,0,0,0,90808.3,73140,135078,22.3766,19.1768,59.2953
395,5925,5939,15,PACKAGE_SCENE,50000000,12208,12208,2495,2495,2495,437,437,437,0,0,0,91069.7,73185,127878,19.8475,19.5006,20.5347
396,5940,5954,15,PACKAGE_SCENE,50000000,12208,12208,2495,2495,2495,437,437,437,0,0,0,89549.1,73044,144385,301.24,19.6992,4206.59
397,5955,5969,15,PACKAGE_SCENE,50000000,12208,12208,2495,2495,2495,437,437,437,0,0,0,100029,73276,136171,184.607,19.6519,2443.5
398,5970,5984,15,PACKAGE_SCENE,50000000,12208,12208,2495,2495,2495,437,437,437,0,0,0,95582.8,36429,151168,136.112,19.3639,1651.81
399,5985,5999,15,PACKAGE_SCENE,50000000,12208,12208,2495,2495,2495,437,437,437,0,0,0,103040,72804,150792,141.664,19.5907,1821.77
400,6000,6014,15,PACKAGE_SCENE,50000000,12208,12208,2495,2495,2495,437,437,437,0,0,0,91143.4,35948,148254,119.345,19.6312,1468.34
401,6015,6029,15,PACKAGE_SCENE,50000000,12208,12208,2495,2495,2495,437,437,437,0,0,0,99196.3,73072,149380,21.0382,19.5335,27.1622
402,6030,6044,15,PACKAGE_SCENE,50000000,12208,12208,2495,2495,2495,437,437,437,0,0,0,101691,36458,172440,142.547,19.7862,1819.73
403,6045,6059,15,PACKAGE_SCENE,50000000,12208,12208,2495,2495,2495,437,437,437,0,0,0,96657.5,36167,135911,109.933,19.6489,1333.71
404,6060,6074,15,PACKAGE_SCENE,50000000,12208,12208,2495,2495,2495,437,437,437,0,0,0,81112.9,36192,125844,72.761,19.9418,783.566
405,6075,6089,15,PACKAGE_SCENE,50000000,12208,12208,2495,2495,2495,437,437,437,0,0,0,103825,73224,164894,83.6673,19.8384,918.968
406,6090,6104,15,PACKAGE_SCENE,50000000,12208,12208,2495,2495,2495,437,437,437,0,0,0,115023,72886,171533,84.082,20.0014,930.539
407,6105,6119,15,PACKAGE_SCENE,50000000,12208,12208,2495,2495,2495,437,437,437,0,0,0,90743.5,62847,135617,21.5459,19.6638,27.2981
408,6120,6134,15,PACKAGE_SCENE,50000000,12208,12208,2495,2495,2495,437,437,437,0,0,0,107095,73127,152445,72.4978,19.633,786.555
409,6135,6149,15,PACKAGE_SCENE,50000000,12208,12208,2495,2495,2495,437,437,437,0,0,0,93146.6,72932,140165,71.1788,19.6397,757.921
410,6150,6164,15,PACKAGE_SCENE,50000000,12208,12208,2495,2495,2495,437,437,437,0,0,0,96111.4,73257,147362,69.3164,19.7047,734.613
411,6165,6179,15,PACKAGE_SCENE,50000000,12208,12208,2495,2495,2495,437,437,437,0,0,0,106319,73067,152789,71.277,19.5889,754.645
412,6180,6194,15,PACKAGE_SCENE,50000000,12208,12208,2495,2495,2495,437,437,437,0,0,0,97437.9,73344,135884,73.7891,19.5527,776.908
413,6195,6209,15,PACKAGE_SCENE,50000000,12208,12208,2495,2495,2495,437,437,437,0,0,0,81645.1,73155,128802,21.3196,19.8153,26.824
414,6210,6224,15,PACKAGE_SCENE,50000000,12208,12208,2495,2495,2495,437,437,437,0,0,0,91916.1,73162,147936,75,19.558,810.066
415,6225,6239,15,PACKAGE_SCENE,50000000,12208,12208,2495,2495,2495,437,437,437,0,0,0,96517.7,74046,135250,72.1674,19.7117,769.463
416,6240,6254,15,PACKAGE_SCENE,50000000,12208,12208,2495,2495,2495,437,437,437,0,0,0,102548,73119,148399,71.1367,19.749,750.391
417,6255,6269,15,PACKAGE_SCENE,50000000,12208,12208,2495,2495,2495,437,437,437,0,0,0,106210,72916,151268,112.104,19.9598,1347.5
418,6270,6284,15,PACKAGE_SCENE,50000000,12208,12208,2495,2495,2495,437,437,437,0,0,0,89351.7,35940,146370,91.2187,19.6376,1065.33
419,6285,6299,15,PACKAGE_SCENE,50000000,12208,12208,2495,2495,2495,437,437,437,0,0,0,86029.8,36201,130940,20.1018,19.7723,20.7145
420,6300,6314,15,PACKAGE_SCENE,50000000,12208,12208,2495,2495,2495,437,437,437,0,0,0,104720,62874,148221,80.4685,19.7837,903.598
421,6315,6329,15,PACKAGE_SCENE,50000000,12208,12208,2495,2495,2495,437,437,437,0,0,0,96563,73179,142971,84.6588,19.9932,955.335
422,6330,6344,15,PACKAGE_SCENE,50000000,12208,12208,2495,2495,2495,437,437,437,0,0,0,86956.5,72930,137392,83.2505,19.8476,928.943
423,6345,6359,15,PACKAGE_SCENE,50000000,12208,12208,2495,2495,2495,437,437,437,0,0,0,99186.4,73054,143158,96.5032,20.0343,1130.67
424,6360,6374,15,PACKAGE_SCENE,50000000,12208,12208,2495,2495,2495,437,437,437,0,0,0,90272.9,72998,136348,82.4471,19.7718,925.915
425,6375,6389,15,PACKAGE_SCENE,50000000,12208,12208,2495,2495,2495,437,437,437,0,0,0,84554.8,73061,126846,20.779,19.7802,25.8696
426,6390,6404,15,PACKAGE_SCENE,50000000,12208,12208,2495,2495,2495,437,437,437,0,0,0,105082,73335,171737,82.002,19.7851,919.033
427,6405,6419,15,PACKAGE_SCENE,50000000,12208,12208,2495,2495,2495,437,437,437,0,0,0,97342.3,73637,147493,81.6641,19.9115,900.47
428,6420,6434,15,PACKAGE_SCENE,50000000,12208,12208,2495,2495,2495,437,437,437,0,0,0,100961,73414,138354,89.4268,19.8739,1005.17
429,6435,6449,15,PACKAGE_SCENE,50000000,12208,12208,2495,2495,2495,437,437,437,0,0,0,95470.7,36136,142479,83.1241,19.8042,930.193
430,6450,6464,15,PACKAGE_SCENE,50000000,12208,12208,2495,2495,2495,437,437,437,0,0,0,92975.7,36190,130791,82.9665,19.913,930.802
431,6465,6479,15,PACKAGE_SCENE,50000000,12208,12208,2495,2495,2495,437,437,437,0,0,0,108272,73068,172278,20.9548,19.9097,27.5996
432,6480,6494,15,PACKAGE_SCENE,50000000,12208,12208,2495,2495,2495,437,437,437,0,0,0,96509.6,73101,135922,83.1128,19.6619,927.993
433,6495,6509,15,PACKAGE_SCENE,50000000,12208,12208,2495,2495,2495,437,437,437,0,0,0,93763.4,73237,151040,84.2089,19.8081,951.863
434,6510,6524,15,PACKAGE_SCENE,50000000,12208,12208,2495,2495,2495,437,437,437,0,0,0,100682,73272,153998,80.309,19.7645,895.122
435,6525,6539,15,PACKAGE_SCENE,50000000,12208,12208,2495,2495,2495,437,437,437,0,0,0,109603,73218,164696,83.6917,19.8608,932.227
436,6540,6554,15,PACKAGE_SCENE,50000000,12208,12208,2495,2495,2495,437,437,437,0,0,0,109924,73250,163332,83.4137,19.9664,951.822
437,6555,6569,15,PACKAGE_SCENE,50000000,12208,12208,2495,2495,2495,437,437,437,0,0,0,101262,73115,147467,21.8083,19.7967,28.4746
438,6570,6584,15,PACKAGE_SCENE,50000000,12208,12208,2495,2495,2495,437,437,437,0,0,0,95574.3,73285,144451,70.3665,19.8159,743.674
439,6585,6599,15,PACKAGE_SCENE,50000000,12208,12208,2495,2495,2495,437,437,437,0,0,0,103113,35873,164012,64.5432,19.8693,662.69
440,6600,6614,15,PACKAGE_SCENE,50000000,12208,12208,2495,2495,2495,437,437,437,0,0,0,94192.1,73643,133772,65.1654,19.8425,662.298
441,6615,6629,15,PACKAGE_SCENE,50000000,12208,12208,2495,2495,2495,437,437,437,0,0,0,98250.8,73368,165024,204.87,19.9834,2772.81
442,6630,6644,15,PACKAGE_SCENE,50000000,12208,12208,2495,2495,2495,437,437,437,0,0,0,88311.7,36024,153639,19.9948,19.4959,20.7768
443,6645,6659,15,PACKAGE_SCENE,50000000,12208,12208,2495,2495,2495,437,437,437,0,0,0,96338.3,36089,166729,21.6875,19.5554,26.7182
444,6660,6674,15,PACKAGE_SCENE,50000000,12208,12208,2495,2495,2495,437,437,437,0,0,0,94286.3,35819,162153,20.3719,19.4698,26.4866
445,6675,6689,15,PACKAGE_SCENE,50000000,12208,12208,2495,2495,2495,437,437,437,0,0,0,109259,73347,164550,20.4126,19.6892,26.1344
446,6690,6704,15,PACKAGE_SCENE,50000000,12208,12208,2495,2495,2495,437,437,437,0,0,0,94493.9,72831,150482,19.9062,19.3936,20.3045
447,6705,6719,15,PACKAGE_SCENE,50000000,12208,12208,2495,2495,2495,437,437,437,0,0,0,86745.6,73067,127684,21.6348,19.8506,27.4796
448,6720,6734,15,PACKAGE_SCENE,50000000,12208,12208,2495,2495,2495,437,437,437,0,0,0,89967.5,73077,134135,20.4238,19.5449,26.4653
449,6735,6749,15,PACKAGE_SCENE,50000000,12208,12208,2495,2495,2495,437,437,437,0,0,0,98122.7,73142,158194,20.9194,19.4252,26.7335
450,6750,6764,15,PACKAGE_SCENE,50000000,12208,12208,2495,2495,2495,437,437,437,0,0,0,90883.6,73415,134669,21.5367,19.5306,27.8599
451,6765,6779,15,PACKAGE_SCENE,50000000,12208,12208,2495,2495,2495,437,437,437,0,0,0,92655.5,73297,148502,22.7989,20.373,29.1694
452,6780,6794,15,PACKAGE_SCENE,50000000,12208,12208,2495,2495,2495,437,437,437,0,0,0,102980,73396,149906,27.8992,19.8083,74.7499
453,6795,6809,15,PACKAGE_SCENE,50000000,12208,12208,2495,2495,2495,437,437,437,0,0,0,95196.9,73074,142920,20.4279,19.5299,26.3406
454,6810,6824,15,PACKAGE_SCENE,50000000,12208,12208,2495,2495,2495,437,437,437,0,0,0,96925.3,36469,145779,21.0104,19.823,26.9225
455,6825,6839,15,PACKAGE_SCENE,50000000,12208,12208,2495,2495,2495,437,437,437,0,0,0,104468,73358,164929,21.5501,19.4263,27.7381
456,6840,6854,15,PACKAGE_SCENE,50000000,12208,12208,2495,2495,2495,437,437,437,0,0,0,90216.9,36111,162378,20.5857,19.6726,27.035
457,6855,6869,15,PACKAGE_SCENE,50000000,12208,12208,2495,2495,2495,437,437,437,0,0,0,92662.5,73212,142574,20.0348,19.6015,20.5833
458,6870,6884,15,PACKAGE_SCENE,50000000,12208,12208,2495,2495,2495,437,437,437,0,0,0,94302.6,73016,150791,20.5612,19.6611,27.2461
459,6885,6899,15,PACKAGE_SCENE,50000000,12208,12208,2495,2495,2495,437,437,437,0,0,0,94769.7,73030,153388,20.1743,19.6779,20.5592
460,6900,6914,15,PACKAGE_SCENE,50000000,12208,12208,2495,2495,2495,437,437,437,0,0,0,98106.3,73077,142787,20.4126,19.6623,26.8739
461,6915,6929,15,PACKAGE_SCENE,50000000,12208,12208,2495,2495,2495,437,437,437,0,0,0,97090.7,44702,147784,20.954,19.6593,26.9935
462,6930,6944,15,PACKAGE_SCENE,50000000,12208,12208,2495,2495,2495,437,437,437,0,0,0,104264,73561,162839,22.6342,19.8311,27.7885
463,6945,6959,15,PACKAGE_SCENE,50000000,12208,12208,2495,2495,2495,437,437,437,0,0,0,97372.7,73195,135802,20.4267,19.6483,25.2743
464,6960,6974,15,PACKAGE_SCENE,50000000,12208,12208,2495,2495,2495,437,437,437,0,0,0,97532.9,36397,151252,21.2086,19.6604,26.5752
465,6975,6989,15,PACKAGE_SCENE,50000000,12208,12208,2495,2495,2495,437,437,437,0,0,0,101977,73147,151167,20.4993,19.5414,25.4649
466,6990,7004,15,PACKAGE_SCENE,50000000,12208,12208,2495,2495,2495,437,437,437,0,0,0,110474,73069,160362,20.9293,19.7031,28.5943
467,7005,7019,15,PACKAGE_SCENE,50000000,12208,12208,2495,2495,2495,437,437,437,0,0,0,91822.6,36340,149377,21.15,19.9318,27.1882
468,7020,7034,15,PACKAGE_SCENE,50000000,12208,12208,2495,2495,2495,437,437,437,0,0,0,95618,35814,149146,21.4121,19.5684,27.3992
469,7035,7049,15,PACKAGE_SCENE,50000000,12208,12208,2495,2495,2495,437,437,437,0,0,0,109100,73040,164678,20.6332,19.603,27.1367
470,7050,7064,15,PACKAGE_SCENE,50000000,12208,12208,2495,2495,2495,437,437,437,0,0,0,93666.6,72407,163154,21.4828,19.8824,27.531
471,7065,7079,15,PACKAGE_SCENE,50000000,12208,12208,2495,2495,2495,437,437,437,0,0,0,97552.5,73284,147971,20.4544,19.6392,26.6675
472,7080,7094,15,PACKAGE_SCENE,50000000,12208,12208,2495,2495,2495,437,437,437,0,0,0,99858.4,72896,151673,21.1613,19.6627,26.6527
473,7095,7109,15,PACKAGE_SCENE,50000000,12208,12208,2495,2495,2495,437,437,437,0,0,0,100387,73227,156663,21.2319,19.2924,27.3366
474,7110,7124,15,PACKAGE_SCENE,50000000,12208,12208,2495,2495,2495,437,437,437,0,0,0,87148.8,35983,136971,20.2883,19.7056,21.2078
475,7125,7139,15,PACKAGE_SCENE,50000000,12208,12208,2495,2495,2495,437,437,437,0,0,0,95116.9,73219,152716,21.3394,19.6649,26.5403
476,7140,7154,15,PACKAGE_SCENE,50000000,12208,12208,2495,2495,2495,437,437,437,0,0,0,117662,73404,163986,20.1118,19.5674,20.8584
477,7155,7169,15,PACKAGE_SCENE,50000000,12208,12208,2495,2495,2495,437,437,437,0,0,0,105013,73101,143349,21.5167,19.5615,26.9947
478,7170,7184,15,PACKAGE_SCENE,50000000,12208,12208,2495,2495,2495,437,437,437,0,0,0,95967.1,73469,135970,20.6808,19.5579,26.836
479,7185,7199,15,PACKAGE_SCENE,50000000,12208,12208,2495,2495,2495,437,437,437,0,0,0,91221.9,73195,135889,21.0116,19.8019,26.7883
480,7200,7214,15,PACKAGE_SCENE,50000000,12208,12208,2495,2495,2495,437,437,437,0,0,0,107653,73034,170491,20.9061,19.5199,27.2813
481,7215,7229,15,PACKAGE_SCENE,50000000,12208,12208,2495,2495,2495,437,437,437,0,0,0,92323.6,73013,131261,21.6046,19.7566,27.52
482,7230,7244,15,PACKAGE_SCENE,50000000,12208,12208,2495,2495,2495,437,437,437,0,0,0,96842.5,72935,164482,21.7589,19.7905,25.6714
483,7245,7259,15,PACKAGE_SCENE,50000000,12208,12208,2495,2495,2495,437,437,437,0,0,0,96275,73239,138097,22.3404,19.6481,31.9031
484,7260,7274,15,PACKAGE_SCENE,50000000,12208,12208,2495,2495,2495,437,437,437,0,0,0,93667.5,72810,129579,21.9406,19.5803,26.9952
485,7275,7289,15,PACKAGE_SCENE,50000000,12208,12208,2495,2495,2495,437,437,437,0,0,0,104641,73139,144164,20.6706,19.2223,26.8816
486,7290,7304,15,PACKAGE_SCENE,50000000,12208,12208,2495,2495,2495,437,437,437,0,0,0,87806.9,73233,149414,20.3007,19.4924,26.2212
487,7305,7319,15,PACKAGE_SCENE,50000000,12208,12208,2495,2495,2495,437,437,437,0,0,0,92823.9,73045,150998,21.5212,19.4377,26.7159
488,7320,7334,15,PACKAGE_SCENE,50000000,12208,12208,2495,2495,2495,437,437,437,0,0,0,99642.9,73242,164149,21.0018,19.7519,27.2847
489,7335,7349,15,PACKAGE_SCENE,50000000,12208,12208,2495,2495,2495,437,437,437,0,0,0,97574.4,61799,172713,20.9597,19.4927,26.524
490,7350,7364,15,PACKAGE_SCENE,50000000,12208,12208,2495,2495,2495,437,437,437,0,0,0,99212.4,35773,148134,20.5045,19.4647,26.7155
491,7365,7379,15,PACKAGE_SCENE,50000000,12208,12208,2243.27,1483,2563,423.133,396,438,0,0,0,96736.8,67575,147252,22.0111,19.0858,27.7565
492,7380,7394,15,PACKAGE_SCENE,50000000,12208,12208,3736.6,2563,4030,497.6,422,610,0,0,0,95391.4,42311,160716,25.0373,21.4805,35.2829
493,7395,7409,15,PACKAGE_SCENE,50000000,12208,12208,3897.33,2531,4984,512.4,390,666,0,0,0,111189,42266,347747,39.9437,21.3386,252.877
494,7410,7424,15,PACKAGE_SCENE,50000000,12208,12208,3571.73,1423,6170,600.467,351,1099,51.2,0,229,117879,38751,301359,170.598,40.5611,263.879
495,7425,7439,15,PACKAGE_SCENE,50000000,12208,12208,3645,3645,3645,580.533,522,1028,10.0667,0,113,167297,116045,229350,23.34,18.0901,62.1906
496,7440,7454,15,PACKAGE_SCENE,50000000,12208,12208,3286.07,2299,3645,532.8,520,538,0.466667,0,7,133129,97201,187735,19.9194,18.0791,27.8975
497,7455,7469,15,PACKAGE_SCENE,50000000,12208,12208,2299,2299,2299,520,520,520,0,0,0,166928,96995,237711,20.2202,18.5511,28.3773
498,7470,7484,15,PACKAGE_SCENE,50000000,12208,12208,2580.87,2299,2601,503.067,496,550,8.26667,0,124,116787,71014,228443,23.3367,18.7039,70.9145
499,7485,7499,15,PACKAGE_SCENE,50000000,12208,12208,3572.33,2601,4058,551.4,496,759,9.13333,0,101,120159,73091,188250,25.3184,19.4237,71.9362
500,7500,7514,15,PACKAGE_SCENE,50000000,12208,12208,4058,4058,4058,537,537,537,0,0,0,115222,81837,200363,20.1743,19.5535,21.4826
501,7515,7529,15,PACKAGE_SCENE,50000000,12208,12208,4496.67,4058,4998,612.533,537,897,9.73333,0,96,140449,76581,211451,27.254,19.4878,81.5175
502,7530,7544,15,PACKAGE_SCENE,50000000,12208,12208,4998,4998,4998,668,668,668,0,0,0,168507,77901,270377,20.9432,19.6051,26.0558
503,7545,7559,15,PACKAGE_SCENE,50000000,12208,12208,4998,4998,4998,668,668,668,0,0,0,145137,78473,211218,23.2231,19.6823,29.6724
504,7560,7574,15,PACKAGE_SCENE,50000000,12208,12208,4998,4998,4998,668,668,668,0,0,0,152959,80154,245097,21.7119,19.7385,30.2854
505,7575,7589,15,PACKAGE_SCENE,50000000,12208,12208,4998,4998,4998,668,668,668,0,0,0,128282,77581,229744,22.297,19.684,30.2612
506,7590,7604,15,PACKAGE_SCENE,50000000,12208,12208,4998,4998,4998,668,668,668,0,0,0,161589,85120,238157,22.7228,20.0654,29.4801
507,7605,7619,15,PACKAGE_SCENE,50000000,12208,12208,4998,4998,4998,668,668,668,0,0,0,114639,77833,164016,22.972,19.7614,29.8452
508,7620,7634,15,PACKAGE_SCENE,50000000,12208,12208,4998,4998,4998,668,668,668,0,0,0,133907,75903,193556,21.6409,19.6948,29.6336
509,7635,7649,15,PACKAGE_SCENE,50000000,12208,12208,4998,4998,4998,668,668,668,0,0,0,114130,75083,182926,22.4492,19.3512,29.3974
510,7650,7664,15,PACKAGE_SCENE,50000000,12208,12208,4998,4998,4998,668,668,668,0,0,0,154259,83130,240287,23.4931,19.4452,29.3669
511,7665,7679,15,PACKAGE_SCENE,50000000,12208,12208,4998,4998,4998,668,668,668,0,0,0,168404,100532,253985,21.1889,19.5036,26.588
512,7680,7694,15,PACKAGE_SCENE,50000000,12208,12208,4998,4998,4998,668,668,668,0,0,0,146227,63026,248260,21.4488,19.5715,31.8411
513,7695,7709,15,PACKAGE_SCENE,50000000,12208,12208,4998,4998,4998,668,668,668,0,0,0,128443,76221,236166,259.959,19.8085,3550.89
514,7710,7724,15,PACKAGE_SCENE,50000000,12208,12208,4998,4998,4998,668,668,668,0,0,0,136937,78285,190599,22.9467,20.0013,30.049
515,7725,7739,15,PACKAGE_SCENE,50000000,12208,12208,4998,4998,4998,668,668,668,0,0,0,125229,76573,249103,220.728,19.7409,2971.23
516,7740,7754,15,PACKAGE_SCENE,50000000,12208,12208,4998,4998,4998,668,668,668,0,0,0,126673,76072,188836,162.621,19.6491,2095.32
517,7755,7769,15,PACKAGE_SCENE,50000000,12208,12208,4998,4998,4998,668,668,668,0,0,0,145637,78557,216827,128.24,19.8998,1578.73
518,7770,7784,15,PACKAGE_SCENE,50000000,12208,12208,4998,4998,4998,668,668,668,0,0,0,157654,75920,236589,171.543,19.9037,2248.84
519,7785,7799,15,PACKAGE_SCENE,50000000,12208,12208,4998,4998,4998,668,668,668,0,0,0,114740,75276,238121,104.543,19.7898,1240.73
520,7800,7814,15,PACKAGE_SCENE,50000000,12208,12208,4998,4998,4998,668,668,668,0,0,0,139764,78770,226815,21.3273,19.9915,29.33
521,7815,7829,15,PACKAGE_SCENE,50000000,12208,12208,4998,4998,4998,668,668,668,0,0,0,134569,75599,240606,137.223,19.9252,1734.44
522,7830,7844,15,PACKAGE_SCENE,50000000,12208,12208,4998,4998,4998,668,668,668,0,0,0,150940,94890,226879,95.372,19.8895,1019.7
523,7845,7859,15,PACKAGE_SCENE,50000000,12208,12208,4998,4998,4998,668,668,668,0,0,0,127544,77244,204365,111.102,21.3148,1304.43
524,7860,7874,15,PACKAGE_SCENE,50000000,12208,12208,4998,4998,4998,668,668,668,0,0,0,131567,84264,160635,106.452,20.3203,1247.48
525,7875,7889,15,PACKAGE_SCENE,50000000,12208,12208,4998,4998,4998,668,668,668,0,0,0,124390,76193,219482,88.911,19.6664,1003.49
526,7890,7904,15,PACKAGE_SCENE,50000000,12208,12208,4998,4998,4998,668,668,668,0,0,0,118229,82094,239991,25.1315,19.9339,32.44
527,7905,7919,15,PACKAGE_SCENE,50000000,12208,12208,4998,4998,4998,668,668,668,0,0,0,131636,75439,234652,119.846,20.5,1355.36
528,7920,7934,15,PACKAGE_SCENE,50000000,12208,12208,4998,4998,4998,668,668,668,0,0,0,134761,79938,184858,102.468,19.8054,1172.95
529,7935,7949,15,PACKAGE_SCENE,50000000,12208,12208,4998,4998,4998,668,668,668,0,0,0,140815,76249,246742,81.5489,19.9799,891.814
530,7950,7964,15,PACKAGE_SCENE,50000000,12208,12208,4998,4998,4998,668,668,668,0,0,0,132766,77565,195554,81.6916,19.9079,891.957
531,7965,7979,15,PACKAGE_SCENE,50000000,12208,12208,4998,4998,4998,668,668,668,0,0,0,113197,75431,192666,84.2681,20.1061,920.747
532,7980,7994,15,PACKAGE_SCENE,50000000,12208,12208,4998,4998,4998,668,668,668,0,0,0,125980,77650,170546,24.8739,20.1208,32.9268
533,7995,8009,15,PACKAGE_SCENE,50000000,12208,12208,4998,4998,4998,668,668,668,0,0,0,142238,81711,190559,88.7632,20.4501,960.849
534,8010,8024,15,PACKAGE_SCENE,50000000,12208,12208,4998,4998,4998,668,668,668,0,0,0,130323,83743,214786,90.3463,20.4766,1003.54
535,8025,8039,15,PACKAGE_SCENE,50000000,12208,12208,4998,4998,4998,668,668,668,0,0,0,149814,82524,257817,129.183,18.6027,1602.75
536,8040,8054,15,PACKAGE_SCENE,50000000,12208,12208,4998,4998,4998,668,668,668,0,0,0,134854,75795,217069,104.963,20.4827,1204.33
537,8055,8069,15,PACKAGE_SCENE,50000000,12208,12208,4998,4998,4998,668,668,668,0,0,0,138541,78380,219472,94.6718,20.4058,1062.15
538,8070,8084,15,PACKAGE_SCENE,50000000,12208,12208,4998,4998,4998,668,668,668,0,0,0,134410,75592,187372,23.5315,18.1184,31.7408
539,8085,8099,15,PACKAGE_SCENE,50000000,12208,12208,4998,4998,4998,668,668,668,0,0,0,122650,75461,233311,101.289,21.2389,1149.84
540,8100,8114,15,PACKAGE_SCENE,50000000,12208,12208,4998,4998,4998,668,668,668,0,0,0,146421,82412,224705,105.13,20.0788,1206.5
541,8115,8129,15,PACKAGE_SCENE,50000000,12208,12208,4998,4998,4998,668,668,668,0,0,0,125743,83687,208146,103.719,21.2832,1177.82
542,8130,8144,15,PACKAGE_SCENE,50000000,12208,12208,4998,4998,4998,668,668,668,0,0,0,147985,76297,228383,92.0288,19.7553,1039.94
543,8145,8159,15,PACKAGE_SCENE,50000000,12208,12208,4998,4998,4998,668,668,668,0,0,0,132100,99632,188288,98.3764,20.0496,1104.34
544,8160,8174,15,PACKAGE_SCENE,50000000,12208,12208,4998,4998,4998,668,668,668,0,0,0,132959,82067,227319,21.4201,19.7137,22.7641
545,8175,8189,15,PACKAGE_SCENE,50000000,12208,12208,4998,4998,4998,668,668,668,0,0,0,125811,77360,184814,96.5139,20.1346,1071.17
546,8190,8204,15,PACKAGE_SCENE,50000000,12208,12208,4998,4998,4998,668,668,668,0,0,0,142519,78003,244967,104.254,20.0963,1179.29
547,8205,8219,15,PACKAGE_SCENE,50000000,12208,12208,4998,4998,4998,668,668,668,0,0,0,158672,82813,250153,129.16,20.7507,1540.91
548,8220,8234,15,PACKAGE_SCENE,50000000,12208,12208,4998,4998,4998,668,668,668,0,0,0,136908,72132,228749,130.808,21.4619,1570.07
549,8235,8249,15,PACKAGE_SCENE,50000000,12208,12208,4998,4998,4998,668,668,668,0,0,0,123390,77545,209975,115.329,21.2259,1332.58
550,8250,8264,15,PACKAGE_SCENE,50000000,12208,12208,4998,4998,4998,668,668,668,0,0,0,140904,78134,205085,24.1597,20.4321,31.5429
551,8265,8279,15,PACKAGE_SCENE,50000000,12208,12208,4998,4998,4998,668,668,668,0,0,0,151279,79871,240798,99.4015,20.251,1144.93
552,8280,8294,15,PACKAGE_SCENE,50000000,12208,12208,4998,4998,4998,668,668,668,0,0,0,129934,76060,201958,91.7899,20.168,1040.97
553,8295,8309,15,PACKAGE_SCENE,50000000,12208,12208,4998,4998,4998,668,668,668,0,0,0,136354,80456,233111,97.9512,19.9621,1092.36
554,8310,8324,15,PACKAGE_SCENE,50000000,12208,12208,4998,4998,4998,668,668,668,0,0,0,144159,76359,207021,103.065,19.9811,1188.37
555,8325,8339,15,PACKAGE_SCENE,50000000,12208,12208,4998,4998,4998,668,668,668,0,0,0,165048,99161,253681,90.8409,20.7104,978.569
556,8340,8354,15,PACKAGE_SCENE,50000000,12208,12208,4998,4998,4998,668,668,668,0,0,0,137661,77690,197871,27.3128,20.0242,32.3422
557,8355,8369,15,PACKAGE_SCENE,50000000,12208,12208,4998,4998,4998,668,668,668,0,0,0,147014,76896,228397,86.8647,20.1055,936.735
558,8370,8384,15,PACKAGE_SCENE,50000000,12208,12208,4998,4998,4998,668,668,668,0,0,0,122247,75921,199568,73.71,19.7499,782.605
559,8385,8399,15,PACKAGE_SCENE,50000000,12208,12208,4998,4998,4998,668,668,668,0,0,0,163170,75488,263825,511.112,20.7064,7295.54
560,8400,8414,15,PACKAGE_SCENE,50000000,12208,12208,4998,4998,4998,668,668,668,0,0,0,152301,75655,264960,26.5538,20.8172,32.8824
561,8415,8429,15,PACKAGE_SCENE,50000000,12208,12208,4998,4998,4998,668,668,668,0,0,0,154388,69142,262492,24.2815,19.9814,31.1885
562,8430,8444,15,PACKAGE_SCENE,50000000,12208,12208,4998,4998,4998,668,668,668,0,0,0,157590,58229,245918,26.9138,21.3897,34.7784
563,8445,8459,15,PACKAGE_SCENE,50000000,12208,12208,4998,4998,4998,668,668,668,0,0,0,118664,76018,167780,24.2559,19.7581,30.3779
564,8460,8474,15,PACKAGE_SCENE,50000000,12208,12208,4998,4998,4998,668,668,668,0,0,0,144501,76136,234195,22.0225,19.6318,29.3092
565,8475,8489,15,PACKAGE_SCENE,50000000,12208,12208,4998,4998,4998,668,668,668,0,0,0,143915,75692,193615,24.4835,20.0351,31.7738
566,8490,8504,15,PACKAGE_SCENE,50000000,12208,12208,4998,4998,4998,668,668,668,0,0,0,139355,75570,243718,24.7811,19.7551,32.1914
567,8505,8519,15,PACKAGE_SCENE,50000000,12208,12208,4998,4998,4998,668,668,668,0,0,0,141098,77167,193915,35.6185,20.9894,108.32
568,8520,8534,15,PACKAGE_SCENE,50000000,12208,12208,4998,4998,4998,668,668,668,0,0,0,144973,75850,256271,22.7804,19.9858,32.2468
569,8535,8549,15,PACKAGE_SCENE,50000000,12208,12208,4998,4998,4998,668,668,668,0,0,0,142157,75722,222478,23.9035,20.6462,31.0153
570,8550,8564,15,PACKAGE_SCENE,50000000,12208,12208,4998,4998,4998,668,668,668,0,0,0,128877,77252,177398,24.8435,20.9562,31.4925
571,8565,8579,15,PACKAGE_SCENE,50000000,12208,12208,4998,4998,4998,668,668,668,0,0,0,134373,59902,226093,26.9073,20.6309,37.9708
572,8580,8594,15,PACKAGE_SCENE,50000000,12208,12208,4998,4998,4998,668,668,668,0,0,0,141659,79916,185341,27.0471,19.9133,40.4062
573,8595,8609,15,PACKAGE_SCENE,50000000,12208,12208,4998,4998,4998,668,668,668,0,0,0,125023,75719,195845,30.8056,21.9889,40.819
574,8610,8624,15,PACKAGE_SCENE,50000000,12208,12208,4998,4998,4998,668,668,668,0,0,0,133973,85128,217851,30.1035,21.2034,47.3077
575,8625,8639,15,PACKAGE_SCENE,50000000,12208,12208,4998,4998,4998,668,668,668,0,0,0,133534,76101,243959,26.1086,20.2452,33.3212
576,8640,8654,15,PACKAGE_SCENE,50000000,12208,12208,4998,4998,4998,668,668,668,0,0,0,127836,76598,223475,23.3061,20.0746,37.0994
577,8655,8669,15,PACKAGE_SCENE,50000000,12208,12208,4998,4998,4998,668,668,668,0,0,0,134140,77380,229805,22.4423,19.6378,30.6813
578,8670,8684,15,PACKAGE_SCENE,50000000,12208,12208,4998,4998,4998,668,668,668,0,0,0,138515,80107,229242,22.4983,19.9592,29.7155
579,8685,8699,15,PACKAGE_SCENE,50000000,12208,12208,4998,4998,4998,668,668,668,0,0,0,145768,77233,255914,22.6758,20.1664,30.0982
580,8700,8714,15,PACKAGE_SCENE,50000000,12208,12208,4998,4998,4998,668,668,668,0,0,0,142062,76183,217228,23.2128,20.1553,29.6299
581,8715,8729,15,PACKAGE_SCENE,50000000,12208,12208,4998,4998,4998,668,668,668,0,0,0,130588,75439,199764,22.097,19.9422,30.349
582,8730,8744,15,PACKAGE_SCENE,50000000,12208,12208,4998,4998,4998,668,668,668,0,0,0,137983,75488,212866,22.3759,19.8244,27.5521
583,8745,8759,15,PACKAGE_SCENE,50000000,12208,12208,4998,4998,4998,668,668,668,0,0,0,116638,69067,247721,23.5344,19.5705,35.8292
584,8760,8774,15,PACKAGE_SCENE,50000000,12208,12208,4998,4998,4998,668,668,668,0,0,0,136585,76439,227454,20.7886,19.5375,26.3908
585,8775,8789,15,PACKAGE_SCENE,50000000,12208,12208,4813.93,4055,5015,672.8,525,948,18.8667,0,85,125507,77409,235105,32.5577,19.8224,65.1774
586,8790,8804,15,PACKAGE_SCENE,50000000,12208,12208,3152,2580,4684,492.467,387,654,23.9333,0,151,139850,73185,282913,101.301,18.824,348.226
587,8805,8819,15,PACKAGE_SCENE,50000000,12208,12208,5280.2,3064,5950,775.667,362,1360,53.0667,0,118,273848,45345,690490,180.131,47.233,336.904
588,8820,8834,15,PACKAGE_SCENE,50000000,12208,12208,3305.13,3139,3317,748.067,671,918,1.8,0,20,292382,207265,451372,23.7954,18.5487,33.6032
589,8835,8849,15,PACKAGE_SCENE,50000000,12208,12208,3525.53,3317,4881,781,741,1250,0.4,0,6,324056,196793,725068,22.7092,18.6075,28.5977
590,8850,8864,15,PACKAGE_SCENE,50000000,12208,12208,4881,4881,4881,834,834,834,0,0,0,496054,323696,733560,21.3512,19.0347,28.9777
591,8865,8879,15,PACKAGE_SCENE,50000000,12208,12208,4881,4881,4881,834,834,834,0,0,0,501728,373221,669135,22.8742,19.2745,30.0363
592,8880,8894,15,PACKAGE_SCENE,50000000,12208,12208,5449.8,4881,6303,985.933,834,1328,0.4,0,6,547628,371868,768397,24.2722,19.194,30.1077
593,8895,8909,15,PACKAGE_SCENE,50000000,12208,12208,6303.4,6303,6306,1177.2,1087,1191,0.666667,0,10,567756,436714,683210,24.8667,20.2126,36.6632
594,8910,8924,15,PACKAGE_SCENE,50000000,12208,12208,6306,6306,6306,1088,1088,1088,0,0,0,596091,349203,882520,25.0486,19.7564,30.3596
595,8925,8939,15,PACKAGE_SCENE,50000000,12208,12208,6306,6306,6306,1088,1088,1088,0,0,0,635245,378601,813321,26.2408,19.9339,38.9818
596,8940,8954,15,PACKAGE_SCENE,50000000,12208,12208,6305.6,6303,6306,1101.8,1088,1192,0,0,0,597448,349814,827291,25.8284,19.9919,33.1741
597,8955,8969,15,PACKAGE_SCENE,50000000,12208,12208,6303,6303,6303,1191,1191,1191,0,0,0,659792,397040,899772,25.3772,19.9847,30.5849
598,8970,8984,15,PACKAGE_SCENE,50000000,12208,12208,6303,6303,6303,1191,1191,1191,0,0,0,590058,442100,781603,25.8495,20.15,31.4916
599,8985,8999,15,PACKAGE_SCENE,50000000,12208,12208,6303,6303,6303,1191,1191,1191,0,0,0,648032,420450,874274,24.5049,20.3745,31.051
600,9000,9014,15,PACKAGE_SCENE,50000000,12208,12208,6303,6303,6303,1191,1191,1191,0,0,0,606878,336613,923816,26.6764,20.5382,31.7317
601,9015,9029,15,PACKAGE_SCENE,50000000,12208,12208,6303,6303,6303,1191,1191,1191,0,0,0,624564,387293,851370,27.695,20.6245,37.7886
602,9030,9044,15,PACKAGE_SCENE,50000000,12208,12208,6303,6303,6303,1191,1191,1191,0,0,0,620684,375076,816531,28.905,20.4081,40.1496
603,9045,9059,15,PACKAGE_SCENE,50000000,12208,12208,6303,6303,6303,1191,1191,1191,0,0,0,630767,394660,889488,25.6527,20.5052,32.233
604,9060,9074,15,PACKAGE_SCENE,50000000,12208,12208,6303,6303,6303,1191,1191,1191,0,0,0,602604,425204,902371,27.7174,20.804,30.9341
605,9075,9089,15,PACKAGE_SCENE,50000000,12208,12208,6303,6303,6303,1191,1191,1191,0,0,0,609745,349911,1006800,26.7493,20.4234,36.4745
606,9090,9104,15,PACKAGE_SCENE,50000000,12208,12208,6303,6303,6303,1191,1191,1191,0,0,0,646124,460771,872996,30.2997,20.4018,41.1922
607,9105,9119,15,PACKAGE_SCENE,50000000,12208,12208,6303,6303,6303,1191,1191,1191,0,0,0,602400,359779,935538,27.336,20.5438,39.774
608,9120,9134,15,PACKAGE_SCENE,50000000,12208,12208,6303,6303,6303,1191,1191,1191,0,0,0,633264,390553,978296,28.6,20.1716,30.9086
609,9135,9149,15,PACKAGE_SCENE,50000000,12208,12208,6303,6303,6303,1191,1191,1191,0,0,0,612468,360368,842849,29.3647,20.5095,36.9884
610,9150,9164,15,PACKAGE_SCENE,50000000,12208,12208,6303,6303,6303,1191,1191,1191,0,0,0,661515,493167,806136,27.2888,20.5609,34.615
611,9165,9179,15,PACKAGE_SCENE,50000000,12208,12208,6303,6303,6303,1191,1191,1191,0,0,0,607443,390679,1001028,26.9946,20.7055,36.3088
612,9180,9194,15,PACKAGE_SCENE,50000000,12208,12208,6303,6303,6303,1191,1191,1191,0,0,0,549759,368104,731458,27.3096,20.7477,31.9199
613,9195,9209,15,PACKAGE_SCENE,50000000,12208,12208,6303,6303,6303,1191,1191,1191,0,0,0,606823,406526,787688,29.2252,20.8255,38.5794
614,9210,9224,15,PACKAGE_SCENE,50000000,12208,12208,6303,6303,6303,1191,1191,1191,0,0,0,634192,385775,935531,28.2292,20.6527,32.2238
615,9225,9239,15,PACKAGE_SCENE,50000000,12208,12208,6303,6303,6303,1191,1191,1191,0,0,0,697760,394313,970621,26.3934,20.35,31.0573
616,9240,9254,15,PACKAGE_SCENE,50000000,12208,12208,6303,6303,6303,1191,1191,1191,0,0,0,619099,403503,913348,28.512,20.4771,33.1469
617,9255,9269,15,PACKAGE_SCENE,50000000,12208,12208,6303,6303,6303,1191,1191,1191,0,0,0,591803,360340,898559,27.3868,20.2764,35.7855
618,9270,9284,15,PACKAGE_SCENE,50000000,12208,12208,6303,6303,6303,1191,1191,1191,0,0,0,604229,436205,932393,25.899,19.9294,30.2796
619,9285,9299,15,PACKAGE_SCENE,50000000,12208,12208,6303,6303,6303,1191,1191,1191,0,0,0,590252,367954,825955,28.3616,19.9555,36.8862
620,9300,9314,15,PACKAGE_SCENE,50000000,12208,12208,6303,6303,6303,1191,1191,1191,0,0,0,664178,510576,828162,28.7256,19.9369,33.7954
621,9315,9329,15,PACKAGE_SCENE,50000000,12208,12208,6303,6303,6303,1191,1191,1191,0,0,0,623487,391288,913976,25.1824,19.8478,30.8361
622,9330,9344,15,PACKAGE_SCENE,50000000,12208,12208,6303,6303,6303,1191,1191,1191,0,0,0,670298,464663,940366,26.9914,20.0578,41.8391
623,9345,9359,15,PACKAGE_SCENE,50000000,12208,12208,6303,6303,6303,1191,1191,1191,0,0,0,689906,375721,943967,342.005,20.0308,4740.15
624,9360,9374,15,PACKAGE_SCENE,50000000,12208,12208,6303,6303,6303,1191,1191,1191,0,0,0,585365,325603,846027,27.1508,19.7802,30.7508
625,9375,9389,15,PACKAGE_SCENE,50000000,12208,12208,6303,6303,6303,1191,1191,1191,0,0,0,711807,380585,940401,281.091,20.1446,3803.04
626,9390,9404,15,PACKAGE_SCENE,50000000,12208,12208,6303,6303,6303,1191,1191,1191,0,0,0,663172,478083,819950,161.383,20.3897,2010.87
627,9405,9419,15,PACKAGE_SCENE,50000000,12208,12208,6303,6303,6303,1191,1191,1191,0,0,0,599261,385371,910178,176.555,20.2327,2262.04
628,9420,9434,15,PACKAGE_SCENE,50000000,12208,12208,6303,6303,6303,1191,1191,1191,0,0,0,623750,416742,957463,137.357,20.1731,1682.78
629,9435,9449,15,PACKAGE_SCENE,50000000,12208,12208,6303,6303,6303,1191,1191,1191,0,0,0,605782,428169,833857,147.71,20.2286,1814.97
630,9450,9464,15,PACKAGE_SCENE,50000000,12208,12208,6303,6303,6303,1191,1191,1191,0,0,0,660546,399636,845357,29.7048,22.7932,35.5304
631,9465,9479,15,PACKAGE_SCENE,50000000,12208,12208,6303,6303,6303,1191,1191,1191,0,0,0,546201,392764,804145,160.385,19.889,1972.64
632,9480,9494,15,PACKAGE_SCENE,50000000,12208,12208,6303,6303,6303,1191,1191,1191,0,0,0,607512,369127,982151,107.59,20.4003,1204.28
633,9495,9509,15,PACKAGE_SCENE,50000000,12208,12208,6303,6303,6303,1191,1191,1191,0,0,0,648654,422680,980866,99.1805,20.4152,1072.31
634,9510,9524,15,PACKAGE_SCENE,50000000,12208,12208,6303,6303,6303,1191,1191,1191,0,0,0,579407,350102,896365,97.7341,20.439,1045
635,9525,9539,15,PACKAGE_SCENE,50000000,12208,12208,6303,6303,6303,1191,1191,1191,0,0,0,534817,404897,770449,97.9993,22.1326,1041.04
636,9540,9554,15,PACKAGE_SCENE,50000000,12208,12208,6303,6303,6303,1191,1191,1191,0,0,0,622300,357267,1033505,27.6571,20.1178,40.8858
637,9555,9569,15,PACKAGE_SCENE,50000000,12208,12208,6303,6303,6303,1191,1191,1191,0,0,0,594421,328824,822564,102.05,21.8353,1082.3
638,9570,9584,15,PACKAGE_SCENE,50000000,12208,12208,6303,6303,6303,1191,1191,1191,0,0,0,604920,352761,927450,109.19,20.1815,1204.35
639,9585,9599,15,PACKAGE_SCENE,50000000,12208,12208,6303,6303,6303,1191,1191,1191,0,0,0,667107,436509,965798,110.783,21.9287,1209.69
640,9600,9614,15,PACKAGE_SCENE,50000000,12208,12208,6303,6303,6303,1191,1191,1191,0,0,0,634314,403769,878982,107.246,19.9562,1167.59
641,9615,9629,15,PACKAGE_SCENE,50000000,12208,12208,6303,6303,6303,1191,1191,1191,0,0,0,615923,407634,918815,93.4504,20.2525,1014.05
642,9630,9644,15,PACKAGE_SCENE,50000000,12208,12208,6303,6303,6303,1191,1191,1191,0,0,0,661688,367344,967100,27.0079,20.5436,31.61
643,9645,9659,15,PACKAGE_SCENE,50000000,12208,12208,6303,6303,6303,1191,1191,1191,0,0,0,671924,479589,876898,91.3533,20.9479,971.109
644,9660,9674,15,PACKAGE_SCENE,50000000,12208,12208,6303,6303,6303,1191,1191,1191,0,0,0,663143,437495,889898,97.9773,20.4026,1033.85
645,9675,9689,15,PACKAGE_SCENE,50000000,12208,12208,6303,6303,6303,1191,1191,1191,0,0,0,614362,403138,806145,159.961,24.0118,1968.23
646,9690,9704,15,PACKAGE_SCENE,50000000,12208,12208,6303,6303,6303,1191,1191,1191,0,0,0,584668,404183,798329,136.881,21.9244,1591.01
647,9705,9719,15,PACKAGE_SCENE,50000000,12208,12208,6303,6303,6303,1191,1191,1191,0,0,0,592958,365151,909998,119.301,18.8276,1361.63
648,9720,9734,15,PACKAGE_SCENE,50000000,12208,12208,6303,6303,6303,1191,1191,1191,0,0,0,610262,357039,941683,25.6612,20.5962,31.7296
649,9735,9749,15,PACKAGE_SCENE,50000000,12208,12208,6303,6303,6303,1191,1191,1191,0,0,0,631156,490726,907661,108.096,20.4109,1196.92
650,9750,9764,15,PACKAGE_SCENE,50000000,12208,12208,6303,6303,6303,1191,1191,1191,0,0,0,644602,418328,862632,111.817,21.9056,1271.11
651,9765,9779,15,PACKAGE_SCENE,50000000,12208,12208,6303,6303,6303,1191,1191,1191,0,0,0,616374,380352,874680,115.97,20.5873,1339.59
652,9780,9794,15,PACKAGE_SCENE,50000000,12208,12208,6303,6303,6303,1191,1191,1191,0,0,0,603127,374028,850463,114.739,21.2676,1309.82
653,9795,9809,15,PACKAGE_SCENE,50000000,12208,12208,6303,6303,6303,1191,1191,1191,0,0,0,655801,409706,907761,114.002,20.786,1301.74
654,9810,9824,15,PACKAGE_SCENE,50000000,12208,12208,6303,6303,6303,1191,1191,1191,0,0,0,609217,389583,887394,26.132,20.0268,32.4924
655,9825,9839,15,PACKAGE_SCENE,50000000,12208,12208,6303,6303,6303,1191,1191,1191,0,0,0,553417,401068,757556,106.369,20.1722,1181.96
656,9840,9854,15,PACKAGE_SCENE,50000000,12208,12208,6303,6303,6303,1191,1191,1191,0,0,0,653793,430619,820015,108.48,20.3706,1229.95
657,9855,9869,15,PACKAGE_SCENE,50000000,12208,12208,6303,6303,6303,1191,1191,1191,0,0,0,581886,381047,1008227,113.266,20.5636,1282.63
658,9870,9884,15,PACKAGE_SCENE,50000000,12208,12208,6303,6303,6303,1191,1191,1191,0,0,0,663051,380870,895843,125.336,21.8521,1436.83
659,9885,9899,15,PACKAGE_SCENE,50000000,12208,12208,6303,6303,6303,1191,1191,1191,0,0,0,581965,346673,805286,124.677,19.974,1418.41
660,9900,9914,15,PACKAGE_SCENE,50000000,12208,12208,6303,6303,6303,1191,1191,1191,0,0,0,639546,308721,936573,26.389,19.615,34.6738
661,9915,9929,15,PACKAGE_SCENE,50000000,12208,12208,6303,6303,6303,1191,1191,1191,0,0,0,577832,358881,887209,108.402,21.6125,1207.56
662,9930,9944,15,PACKAGE_SCENE,50000000,12208,12208,6303,6303,6303,1191,1191,1191,0,0,0,612317,401373,829319,111.882,21.3436,1255.67
663,9945,9959,15,PACKAGE_SCENE,50000000,12208,12208,6303,6303,6303,1191,1191,1191,0,0,0,711025,464457,964350,112.397,21.8623,1251.06
664,9960,9974,15,PACKAGE_SCENE,50000000,12208,12208,6303,6303,6303,1191,1191,1191,0,0,0,660442,367310,893445,118.212,21.6869,1370.63
665,9975,9989,15,PACKAGE_SCENE,50000000,12208,12208,6303,6303,6303,1191,1191,1191,0,0,0,617176,375162,855962,98.9427,20.3302,1075.42
666,9990,10004,15,PACKAGE_SCENE,50000000,12208,12208,6303,6303,6303,1191,1191,1191,0,0,0,549116,368423,835317,28.1201,20.6428,39.1978
667,10005,10019,15,PACKAGE_SCENE,50000000,12208,12208,6303,6303,6303,1191,1191,1191,0,0,0,552307,369971,849923,93.5018,21.1038,994.109
668,10020,10034,15,PACKAGE_SCENE,50000000,12208,12208,6303,6303,6303,1191,1191,1191,0,0,0,584781,369245,802269,88.6381,20.4285,925.175
669,10035,10049,15,PACKAGE_SCENE,50000000,12208,12208,6303,6303,6303,1191,1191,1191,0,0,0,541167,389579,680329,362.61,22.764,5018.43
670,10050,10064,15,PACKAGE_SCENE,50000000,12208,12208,6303,6303,6303,1191,1191,1191,0,0,0,562018,372199,829066,27.2237,21.9894,39.1704
671,10065,10079,15,PACKAGE_SCENE,50000000,12208,12208,6303,6303,6303,1191,1191,1191,0,0,0,636861,367967,914132,28.4793,20.2833,42.7876
672,10080,10094,15,PACKAGE_SCENE,50000000,12208,12208,6303,6303,6303,1191,1191,1191,0,0,0,664395,409189,878790,27.4469,20.1927,34.1428
673,10095,10109,15,PACKAGE_SCENE,50000000,12208,12208,6303,6303,6303,1191,1191,1191,0,0,0,632696,458356,787000,35.053,22.0076,48.5214
674,10110,10124,15,PACKAGE_SCENE,50000000,12208,12208,6303,6303,6303,1191,1191,1191,0,0,0,643216,372042,879891,30.7655,20.3237,40.5881
675,10125,10139,15,PACKAGE_SCENE,50000000,12208,12208,6303,6303,6303,1191,1191,1191,0,0,0,622737,441103,878011,29.2971,20.6938,37.8246
676,10140,10154,15,PACKAGE_SCENE,50000000,12208,12208,6303,6303,6303,1191,1191,1191,0,0,0,550129,367344,827273,31.1636,22.6993,43.1812
677,10155,10169,15,PACKAGE_SCENE,50000000,12208,12208,6303,6303,6303,1191,1191,1191,0,0,0,602663,435138,915759,30.58,20.4941,38.6272
678,10170,10184,15,PACKAGE_SCENE,50000000,12208,12208,6303,6303,6303,1191,1191,1191,0,0,0,650868,476951,885142,39.8733,22.3186,77.3664
679,10185,10199,15,PACKAGE_SCENE,50000000,12208,12208,6303,6303,6303,1191,1191,1191,0,0,0,668813,415162,870126,28.403,21.2878,31.9936
680,10200,10214,15,PACKAGE_SCENE,50000000,12208,12208,6303,6303,6303,1191,1191,1191,0,0,0,575171,408075,775632,27.6678,20.9082,37.5007
681,10215,10229,15,PACKAGE_SCENE,50000000,12208,12208,6303,6303,6303,1191,1191,1191,0,0,0,588450,368064,794825,29.8823,20.6239,44.1101
682,10230,10244,15,PACKAGE_SCENE,50000000,12208,12208,6303,6303,6303,1191,1191,1191,0,0,0,681756,399882,871196,32.838,23.6306,43.255
683,10245,10259,15,PACKAGE_SCENE,50000000,12208,12208,6303,6303,6303,1191,1191,1191,0,0,0,634672,449373,941002,29.5385,20.7914,40.6193
684,10260,10274,15,PACKAGE_SCENE,50000000,12208,12208,6303,6303,6303,1191,1191,1191,0,0,0,663836,422457,879457,30.6398,23.0283,43.0845
685,10275,10289,15,PACKAGE_SCENE,50000000,12208,12208,6303,6303,6303,1191,1191,1191,0,0,0,587620,479285,765436,30.2914,21.1472,39.1008
686,10290,10304,15,PACKAGE_SCENE,50000000,12208,12208,6303,6303,6303,1191,1191,1191,0,0,0,607541,368515,927631,28.3625,21.382,41.472
687,10305,10319,15,PACKAGE_SCENE,50000000,12208,12208,6303,6303,6303,1191,1191,1191,0,0,0,601994,373019,919284,30.3861,22.5168,43.8846
688,10320,10334,15,PACKAGE_SCENE,50000000,12208,12208,6303,6303,6303,1191,1191,1191,0,0,0,610750,297728,932765,31.8074,22.0589,41.0697
689,10335,10349,15,PACKAGE_SCENE,50000000,12208,12208,6303,6303,6303,1191,1191,1191,0,0,0,573059,371818,929659,32.2009,20.4028,48.4903
690,10350,10364,15,PACKAGE_SCENE,50000000,12208,12208,6303,6303,6303,1191,1191,1191,0,0,0,591132,368743,796815,28.0399,20.9842,37.7264
691,10365,10379,15,PACKAGE_SCENE,50000000,12208,12208,6303,6303,6303,1191,1191,1191,0,0,0,614116,367860,784075,26.2424,20.4456,34.4172
692,10380,10394,15,PACKAGE_SCENE,50000000,12208,12208,6303,6303,6303,1191,1191,1191,0,0,0,609787,422458,750705,31.1463,21.7746,40.9046
693,10395,10409,15,PACKAGE_SCENE,50000000,12208,12208,6303,6303,6303,1191,1191,1191,0,0,0,605150,387024,825803,29.2582,20.8876,34.8854
694,10410,10424,15,PACKAGE_SCENE,50000000,12208,12208,6303,6303,6303,1191,1191,1191,0,0,0,649968,437589,1047181,26.6743,20.056,34.0008
695,10425,10439,15,PACKAGE_SCENE,50000000,12208,12208,6303,6303,6303,1191,1191,1191,0,0,0,591864,368223,892892,27.7731,20.3936,41.3751
696,10440,10454,15,PACKAGE_SCENE,50000000,12208,12208,6303,6303,6303,1191,1191,1191,0,0,0,604262,352958,889416,30.2964,20.3316,36.839
697,10455,10469,15,PACKAGE_SCENE,50000000,12208,12208,6303,6303,6303,1191,1191,1191,0,0,0,609168,413498,827126,30.9163,20.2927,44.2094
698,10470,10484,15,PACKAGE_SCENE,50000000,12208,12208,6303,6303,6303,1191,1191,1191,0,0,0,547649,373665,711099,26.3594,20.154,31.8326
699,10485,10499,15,PACKAGE_SCENE,50000000,12208,12208,6303,6303,6303,1191,1191,1191,0,0,0,615586,367875,834413,27.356,20.209,39.757
700,10500,10514,15,PACKAGE_SCENE,50000000,12208,12208,6303,6303,6303,1191,1191,1191,0,0,0,567394,452178,783203,26.7637,20.3799,31.62
701,10515,10529,15,PACKAGE_SCENE,50000000,12208,12208,6303,6303,6303,1191,1191,1191,0,0,0,574448,366734,888960,26.1379,20.5162,35.074
702,10530,10544,15,PACKAGE_SCENE,50000000,12208,12208,6303.4,6303,6306,1177.2,1087,1191,0,0,0,576947,413302,776035,27.3127,21.3461,38.0105
703,10545,10559,15,PACKAGE_SCENE,50000000,12208,12208,6306,6306,6306,1088,1088,1088,0,0,0,554510,361421,856204,26.1269,20.031,39.2513
704,10560,10574,15,PACKAGE_SCENE,50000000,12208,12208,6306,6306,6306,1088,1088,1088,0,0,0,552318,365812,721834,26.2927,20.0334,31.2929
705,10575,10589,15,PACKAGE_SCENE,50000000,12208,12208,6023.6,4894,6306,1038.27,836,1088,0.2,0,3,552351,355378,724516,25.1479,19.7413,30.6346
706,10590,10604,15,PACKAGE_SCENE,50000000,12208,12208,4579.6,3322,4894,824.533,756,841,0.8,0,12,527482,232868,794189,23.2493,19.1961,31.9353
707,10605,10619,15,PACKAGE_SCENE,50000000,12208,12208,3564.93,3322,4233,793.8,760,943,1.6,0,24,362183,232596,627955,24.5216,19.3009,50.8929
708,10620,10634,15,PACKAGE_SCENE,50000000,12208,12208,4727.4,4233,6087,941.467,868,1326,0.733333,0,11,395693,215666,666077,24.0759,19.4557,30.6327
709,10635,10649,15,PACKAGE_SCENE,50000000,12208,12208,6087,6087,6087,1083,1083,1083,0,0,0,519784,373120,639740,25.0184,20.917,31.26
710,10650,10664,15,PACKAGE_SCENE,50000000,12208,12208,7197.67,6087,7753,1312.53,1083,1438,1,0,15,584243,399091,765095,30.1704,21.3421,38.8219
711,10665,10679,15,PACKAGE_SCENE,50000000,12208,12208,7755.8,7753,7774,1419.87,1380,1426,0.666667,0,10,596083,414117,770800,31.4565,22.1201,48.1656
712,10680,10694,15,PACKAGE_SCENE,50000000,12208,12208,7774,7774,7774,1380,1380,1380,0,0,0,586925,429768,718466,29.7057,21.3356,50.1315
713,10695,10709,15,PACKAGE_SCENE,50000000,12208,12208,7774,7774,7774,1380,1380,1380,0,0,0,620377,427479,805454,28.5266,21.8886,34.2057
714,10710,10724,15,PACKAGE_SCENE,50000000,12208,12208,7774,7774,7774,1380,1380,1380,0,0,0,636533,463922,804959,30.8817,21.4488,42.7866
715,10725,10739,15,PACKAGE_SCENE,50000000,12208,12208,7774,7774,7774,1380,1380,1380,0,0,0,656196,497645,814873,30.2057,23.5549,35.7757
716,10740,10754,15,PACKAGE_SCENE,50000000,12208,12208,7774,7774,7774,1380,1380,1380,0,0,0,605183,441028,729223,30.047,21.4799,41.4024
717,10755,10769,15,PACKAGE_SCENE,50000000,12208,12208,7774,7774,7774,1380,1380,1380,0,0,0,659142,515458,953928,42.6811,23.7074,157.492
718,10770,10784,15,PACKAGE_SCENE,50000000,12208,12208,7774,7774,7774,1380,1380,1380,0,0,0,644120,504476,787043,27.1187,21.4541,35.437
719,10785,10799,15,PACKAGE_SCENE,50000000,12208,12208,7774,7774,7774,1380,1380,1380,0,0,0,615822,512705,775412,29.4177,22.0613,37.5975
720,10800,10814,15,PACKAGE_SCENE,50000000,12208,12208,7774,7774,7774,1380,1380,1380,0,0,0,637503,477527,783927,33.1751,23.7941,40.9525
721,10815,10829,15,PACKAGE_SCENE,50000000,12208,12208,7774,7774,7774,1380,1380,1380,0,0,0,626609,486904,984544,28.9372,21.9992,36.2398
722,10830,10844,15,PACKAGE_SCENE,50000000,12208,12208,7774,7774,7774,1380,1380,1380,0,0,0,628065,513166,757865,30.8732,21.9227,38.9659
723,10845,10859,15,PACKAGE_SCENE,50000000,12208,12208,7774,7774,7774,1380,1380,1380,0,0,0,625162,485003,741379,32.3338,22.854,44.5652
724,10860,10874,15,PACKAGE_SCENE,50000000,12208,12208,7774,7774,7774,1380,1380,1380,0,0,0,633723,505038,780619,31.8809,21.9365,51.3827
725,10875,10889,15,PACKAGE_SCENE,50000000,12208,12208,7774,7774,7774,1380,1380,1380,0,0,0,625657,478416,786482,27.1798,21.6192,35.9821
726,10890,10904,15,PACKAGE_SCENE,50000000,12208,12208,7774,7774,7774,1380,1380,1380,0,0,0,598316,489676,699158,30.6185,21.5766,40.3941
727,10905,10919,15,PACKAGE_SCENE,50000000,12208,12208,7774,7774,7774,1380,1380,1380,0,0,0,613440,384189,812219,31.4787,21.9417,40.989
728,10920,10934,15,PACKAGE_SCENE,50000000,12208,12208,7774,7774,7774,1380,1380,1380,0,0,0,625516,502869,789309,29.4918,21.9885,35.8492
729,10935,10949,15,PACKAGE_SCENE,50000000,12208,12208,7774,7774,7774,1380,1380,1380,0,0,0,648706,495151,871658,30.2005,21.8406,40.3935
730,10950,10964,15,PACKAGE_SCENE,50000000,12208,12208,7774,7774,7774,1380,1380,1380,0,0,0,593128,398196,730783,33.699,22.8063,101.401
731,10965,10979,15,PACKAGE_SCENE,50000000,12208,12208,7774,7774,7774,1380,1380,1380,0,0,0,617350,502398,736900,535.259,22.2909,7536.32
732,10980,10994,15,PACKAGE_SCENE,50000000,12208,12208,7774,7774,7774,1380,1380,1380,0,0,0,600072,513330,765338,28.3316,21.206,37.8598
733,10995,11009,15,PACKAGE_SCENE,50000000,12208,12208,7774,7774,7774,1380,1380,1380,0,0,0,638987,530466,876390,343.344,25.7091,4390.71
734,11010,11024,15,PACKAGE_SCENE,50000000,12208,12208,7774,7774,7774,1380,1380,1380,0,0,0,616829,434612,706099,467.787,21.4131,6582.51
735,11025,11039,15,PACKAGE_SCENE,50000000,12208,12208,7774,7774,7774,1380,1380,1380,0,0,0,631773,549776,761431,588.281,21.3126,8381.91
736,11040,11054,15,PACKAGE_SCENE,50000000,12208,12208,7774,7774,7774,1380,1380,1380,0,0,0,659812,470786,825870,156.235,21.2509,1938.78
737,11055,11069,15,PACKAGE_SCENE,50000000,12208,12208,7774,7774,7774,1380,1380,1380,0,0,0,648135,525387,808224,128.311,21.1319,1502.13
738,11070,11084,15,PACKAGE_SCENE,50000000,12208,12208,7774,7774,7774,1380,1380,1380,0,0,0,612090,503179,760108,29.5756,21.4421,32.3936
739,11085,11099,15,PACKAGE_SCENE,50000000,12208,12208,7774,7774,7774,1380,1380,1380,0,0,0,653433,508295,845711,153.7,21.208,1894.01
740,11100,11114,15,PACKAGE_SCENE,50000000,12208,12208,7774,7774,7774,1380,1380,1380,0,0,0,661504,573923,796915,108.255,21.4481,1206.85
741,11115,11129,15,PACKAGE_SCENE,50000000,12208,12208,7774,7774,7774,1380,1380,1380,0,0,0,666268,449200,809882,112.295,22.3931,1228.78
742,11130,11144,15,PACKAGE_SCENE,50000000,12208,12208,7774,7774,7774,1380,1380,1380,0,0,0,606905,463539,763798,128.492,22.0473,1483.34
743,11145,11159,15,PACKAGE_SCENE,50000000,12208,12208,7774,7774,7774,1380,1380,1380,0,0,0,590641,411857,729656,102.255,23.296,1091.96
744,11160,11174,15,PACKAGE_SCENE,50000000,12208,12208,7774,7774,7774,1380,1380,1380,0,0,0,608095,452474,756049,29.8206,21.3633,40.2273
745,11175,11189,15,PACKAGE_SCENE,50000000,12208,12208,7774,7774,7774,1380,1380,1380,0,0,0,626954,506557,791628,100.187,25.4491,1054.37
746,11190,11204,15,PACKAGE_SCENE,50000000,12208,12208,7774,7774,7774,1380,1380,1380,0,0,0,608117,429418,740004,101.183,21.3994,1113.99
747,11205,11219,15,PACKAGE_SCENE,50000000,12208,12208,7774,7774,7774,1380,1380,1380,0,0,0,613619,517910,720518,96.014,21.4262,1006.91
748,11220,11234,15,PACKAGE_SCENE,50000000,12208,12208,7774,7774,7774,1380,1380,1380,0,0,0,597531,416858,695014,98.9222,21.4003,1051.65
749,11235,11249,15,PACKAGE_SCENE,50000000,12208,12208,7774,7774,7774,1380,1380,1380,0,0,0,600890,467848,746763,101.679,25.3065,1071.99
750,11250,11264,15,PACKAGE_SCENE,50000000,12208,12208,7774,7774,7774,1380,1380,1380,0,0,0,632366,479911,805327,29.3673,21.9695,34.2784
751,11265,11279,15,PACKAGE_SCENE,50000000,12208,12208,7774,7774,7774,1380,1380,1380,0,0,0,639685,504297,749350,97.9707,21.3283,1053.12
752,11280,11294,15,PACKAGE_SCENE,50000000,12208,12208,7774,7774,7774,1380,1380,1380,0,0,0,656668,530924,835920,91.678,21.2239,975.529
753,11295,11309,15,PACKAGE_SCENE,50000000,12208,12208,7774,7774,7774,1380,1380,1380,0,0,0,632373,476489,825123,131.514,21.6048,1564.59
754,11310,11324,15,PACKAGE_SCENE,50000000,12208,12208,7774,7774,7774,1380,1380,1380,0,0,0,607996,514320,788900,116.62,21.518,1348.1
755,11325,11339,15,PACKAGE_SCENE,50000000,12208,12208,7774,7774,7774,1380,1380,1380,0,0,0,632798,547115,792301,146.159,21.5138,1722.93
756,11340,11354,15,PACKAGE_SCENE,50000000,12208,12208,7774,7774,7774,1380,1380,1380,0,0,0,608295,471951,763651,31.2904,21.6275,42.7397
757,11355,11369,15,PACKAGE_SCENE,50000000,12208,12208,7774,7774,7774,1380,1380,1380,0,0,0,652163,458866,794466,140.384,25.9255,1643.52
758,11370,11384,15,PACKAGE_SCENE,50000000,12208,12208,7774,7774,7774,1380,1380,1380,0,0,0,599583,477528,677579,128.313,22.9631,1467.02
759,11385,11399,15,PACKAGE_SCENE,50000000,12208,12208,7774,7774,7774,1380,1380,1380,0,0,0,627545,472272,744477,129.838,21.4046,1472.92
760,11400,11414,15,PACKAGE_SCENE,50000000,12208,12208,7774,7774,7774,1380,1380,1380,0,0,0,673764,559263,861438,121.947,23.0878,1373.84
761,11415,11429,15,PACKAGE_SCENE,50000000,12208,12208,7774,7774,7774,1380,1380,1380,0,0,0,587376,373867,742954,128.309,23.4818,1477.08
762,11430,11444,15,PACKAGE_SCENE,50000000,12208,12208,7774,7774,7774,1380,1380,1380,0,0,0,676915,475222,906878,31.7802,23.848,37.8522
763,11445,11459,15,PACKAGE_SCENE,50000000,12208,12208,7774,7774,7774,1380,1380,1380,0,0,0,620940,429657,788591,131.655,23.5149,1524.17
764,11460,11474,15,PACKAGE_SCENE,50000000,12208,12208,7774,7774,7774,1380,1380,1380,0,0,0,603238,496722,737199,128.08,22.1439,1466.01
765,11475,11489,15,PACKAGE_SCENE,50000000,12208,12208,7774,7774,7774,1380,1380,1380,0,0,0,606672,523993,764459,121.533,23.4969,1371.88
766,11490,11504,15,PACKAGE_SCENE,50000000,12208,12208,7774,7774,7774,1380,1380,1380,0,0,0,606599,461286,702153,124.973,19.7987,1424.39
767,11505,11519,15,PACKAGE_SCENE,50000000,12208,12208,7774,7774,7774,1380,1380,1380,0,0,0,623924,447722,814656,133.749,23.7096,1545.49
768,11520,11534,15,PACKAGE_SCENE,50000000,12208,12208,7774,7774,7774,1380,1380,1380,0,0,0,593385,416043,751338,31.0188,23.1872,35.3388
769,11535,11549,15,PACKAGE_SCENE,50000000,12208,12208,7774,7774,7774,1380,1380,1380,0,0,0,625640,476563,778812,131.889,22.6587,1516.8
770,11550,11564,15,PACKAGE_SCENE,50000000,12208,12208,7774,7774,7774,1380,1380,1380,0,0,0,622596,507450,770981,126.763,22.9593,1448.41
771,11565,11579,15,PACKAGE_SCENE,50000000,12208,12208,7774,7774,7774,1380,1380,1380,0,0,0,636790,460933,834658,114.978,21.6478,1312.28
772,11580,11594,15,PACKAGE_SCENE,50000000,12208,12208,7774,7774,7774,1380,1380,1380,0,0,0,642907,482605,757241,121.371,25.77,1353.35
773,11595,11609,15,PACKAGE_SCENE,50000000,12208,12208,7774,7774,7774,1380,1380,1380,0,0,0,613559,465943,815230,98.9082,21.3433,1073.41
774,11610,11624,15,PACKAGE_SCENE,50000000,12208,12208,7774,7774,7774,1380,1380,1380,0,0,0,647862,567924,731567,33.7045,24.0774,43.3966
775,11625,11639,15,PACKAGE_SCENE,50000000,12208,12208,7774,7774,7774,1380,1380,1380,0,0,0,623152,439299,880810,110.654,24.2627,1197.89
776,11640,11654,15,PACKAGE_SCENE,50000000,12208,12208,7774,7774,7774,1380,1380,1380,0,0,0,612862,490423,789016,103.969,25.6355,1100.44
777,11655,11669,15,PACKAGE_SCENE,50000000,12208,12208,7774,7774,7774,1380,1380,1380,0,0,0,631133,457804,791128,630.474,21.4799,8979.56
778,11670,11684,15,PACKAGE_SCENE,50000000,12208,12208,7774,7774,7774,1380,1380,1380,0,0,0,599701,451115,700595,31.9834,26.2578,43.8949
779,11685,11699,15,PACKAGE_SCENE,50000000,12208,12208,7774,7774,7774,1380,1380,1380,0,0,0,624544,447573,766974,32.6667,22.0574,50.9439
780,11700,11714,15,PACKAGE_SCENE,50000000,12208,12208,7774,7774,7774,1380,1380,1380,0,0,0,596038,484377,808926,32.0607,21.0978,42.6188
781,11715,11729,15,PACKAGE_SCENE,50000000,12208,12208,7774,7774,7774,1380,1380,1380,0,0,0,609888,484034,810466,31.1299,22.7994,39.3609
782,11730,11744,15,PACKAGE_SCENE,50000000,12208,12208,7774,7774,7774,1380,1380,1380,0,0,0,663280,566775,892959,30.4209,22.7458,35.0009
783,11745,11759,15,PACKAGE_SCENE,50000000,12208,12208,7774,7774,7774,1380,1380,1380,0,0,0,669178,497367,826135,30.8513,21.4388,35.2937
784,11760,11774,15,PACKAGE_SCENE,50000000,12208,12208,7774,7774,7774,1380,1380,1380,0,0,0,609629,418303,802296,29.5519,21.6995,36.7369
785,11775,11789,15,PACKAGE_SCENE,50000000,12208,12208,7774,7774,7774,1380,1380,1380,0,0,0,559061,477748,663480,29.6362,21.5904,35.9067
786,11790,11804,15,PACKAGE_SCENE,50000000,12208,12208,7774,7774,7774,1380,1380,1380,0,0,0,625467,509185,819655,29.5661,22.5872,40.0268
787,11805,11819,15,PACKAGE_SCENE,50000000,12208,12208,7774,7774,7774,1380,1380,1380,0,0,0,626474,453680,920295,28.7805,21.653,40.9964
788,11820,11834,15,PACKAGE_SCENE,50000000,12208,12208,7774,7774,7774,1380,1380,1380,0,0,0,618550,467862,817417,28.8374,22.4006,33.8416
789,11835,11849,15,PACKAGE_SCENE,50000000,12208,12208,7774,7774,7774,1380,1380,1380,0,0,0,601364,409461,827468,27.9642,21.1509,32.8397
790,11850,11864,15,PACKAGE_SCENE,50000000,12208,12208,7774,7774,7774,1380,1380,1380,0,0,0,584900,488657,671820,29.2163,21.0863,41.7137
791,11865,11879,15,PACKAGE_SCENE,50000000,12208,12208,7774,7774,7774,1380,1380,1380,0,0,0,660278,541556,763671,29.385,21.3211,33.0322
792,11880,11894,15,PACKAGE_SCENE,50000000,12208,12208,7774,7774,7774,1380,1380,1380,0,0,0,646711,562860,795036,31.4094,22.4286,42.1574
793,11895,11909,15,PACKAGE_SCENE,50000000,12208,12208,7774,7774,7774,1380,1380,1380,0,0,0,589928,484738,694032,29.2118,22.9821,34.7333
794,11910,11924,15,PACKAGE_SCENE,50000000,12208,12208,7774,7774,7774,1380,1380,1380,0,0,0,597368,429537,774889,30.7556,23.3456,43.4576
795,11925,11939,15,PACKAGE_SCENE,50000000,12208,12208,7774,7774,7774,1380,1380,1380,0,0,0,657292,513463,868223,30.4507,24.7867,37.6477
796,11940,11954,15,PACKAGE_SCENE,50000000,12208,12208,7774,7774,7774,1380,1380,1380,0,0,0,620469,438898,839161,31.4624,25.0567,41.348
797,11955,11969,15,PACKAGE_SCENE,50000000,12208,12208,7774,7774,7774,1380,1380,1380,0,0,0,637008,505735,866857,29.9464,23.4236,34.889
798,11970,11984,15,PACKAGE_SCENE,50000000,12208,12208,7774,7774,7774,1380,1380,1380,0,0,0,656374,527388,947113,30.3916,23.0031,34.7062
799,11985,11999,15,PACKAGE_SCENE,50000000,12208,12208,7774,7774,7774,1380,1380,1380,0,0,0,607658,372257,848011,30.1517,21.2631,44.6877
800,12000,12014,15,PACKAGE_SCENE,50000000,12208,12208,7774,7774,7774,1380,1380,1380,0,0,0,600004,446243,719506,30.7934,23.76,39.2552
801,12015,12029,15,PACKAGE_SCENE,50000000,12208,12208,7774,7774,7774,1380,1380,1380,0,0,0,616487,476884,835528,30.6811,24.1243,38.5514
802,12030,12044,15,PACKAGE_SCENE,50000000,12208,12208,7774,7774,7774,1380,1380,1380,0,0,0,651813,544236,788592,31.1825,22.617,42.7542
803,12045,12059,15,PACKAGE_SCENE,50000000,12208,12208,7774,7774,7774,1380,1380,1380,0,0,0,566377,408746,701729,28.5491,20.9462,33.7966
804,12060,12074,15,PACKAGE_SCENE,50000000,12208,12208,7774,7774,7774,1380,1380,1380,0,0,0,616458,449817,884855,27.8771,21.7566,32.54
805,12075,12089,15,PACKAGE_SCENE,50000000,12208,12208,7774,7774,7774,1380,1380,1380,0,0,0,628609,491306,900400,29.697,23.7578,33.309
806,12090,12104,15,PACKAGE_SCENE,50000000,12208,12208,7774,7774,7774,1380,1380,1380,0,0,0,638245,527102,799446,27.7926,19.7458,32.4219
807,12105,12119,15,PACKAGE_SCENE,50000000,12208,12208,7774,7774,7774,1380,1380,1380,0,0,0,609954,438247,725290,31.2939,26.8473,35.6794
808,12120,12134,15,PACKAGE_SCENE,50000000,12208,12208,7774,7774,7774,1380,1380,1380,0,0,0,671769,519743,866624,30.4439,22.5903,33.5604
809,12135,12149,15,PACKAGE_SCENE,50000000,12208,12208,7774,7774,7774,1380,1380,1380,0,0,0,628877,453546,770616,28.7007,20.9852,40.7779
810,12150,12164,15,PACKAGE_SCENE,50000000,12208,12208,7774,7774,7774,1380,1380,1380,0,0,0,620728,491864,755280,31.6578,26.9735,33.4799
811,12165,12179,15,PACKAGE_SCENE,50000000,12208,12208,7774,7774,7774,1380,1380,1380,0,0,0,617992,508687,788713,31.1161,20.9563,40.1182
812,12180,12194,15,PACKAGE_SCENE,50000000,12208,12208,7774,7774,7774,1380,1380,1380,0,0,0,646801,525380,870708,30.6066,21.5325,40.8023
813,12195,12209,15,PACKAGE_SCENE,50000000,12208,12208,7774,7774,7774,1380,1380,1380,0,0,0,642256,413946,770739,31.1689,22.7396,39.1372
814,12210,12224,15,PACKAGE_SCENE,50000000,12208,12208,7774,7774,7774,1380,1380,1380,0,0,0,648383,522966,810048,30.7189,21.9994,41.0787
815,12225,12239,15,PACKAGE_SCENE,50000000,12208,12208,7774,7774,7774,1380,1380,1380,0,0,0,649028,528864,812993,29.9786,22.0742,38.3748
816,12240,12254,15,PACKAGE_SCENE,50000000,12208,12208,7774,7774,7774,1380,1380,1380,0,0,0,594731,445647,720184,32.7869,25.4259,43.8103
817,12255,12269,15,PACKAGE_SCENE,50000000,12208,12208,7774,7774,7774,1380,1380,1380,0,0,0,629256,530933,751207,31.2666,21.8702,41.3016
818,12270,12284,15,PACKAGE_SCENE,50000000,12208,12208,7774,7774,7774,1380,1380,1380,0,0,0,632157,539887,801191,30.7653,23.0526,35.8752
819,12285,12299,15,PACKAGE_SCENE,50000000,12208,12208,7774,7774,7774,1380,1380,1380,0,0,0,614126,504621,942319,30.822,22.538,35.5791
820,12300,12314,15,PACKAGE_SCENE,50000000,12208,12208,7774,7774,7774,1380,1380,1380,0,0,0,633736,462198,915571,32.5813,23.7405,42.2544
821,12315,12329,15,PACKAGE_SCENE,50000000,12208,12208,7774,7774,7774,1380,1380,1380,0,0,0,626615,507166,802020,31.905,21.4184,38.3455
822,12330,12344,15,PACKAGE_SCENE,50000000,12208,12208,7774,7774,7774,1380,1380,1380,0,0,0,599362,405709,708341,31.2469,22.7158,36.4813
823,12345,12359,15,PACKAGE_SCENE,50000000,12208,12208,7774,7774,7774,1380,1380,1380,0,0,0,668324,554092,818201,30.7426,21.6748,43.3273
824,12360,12374,15,PACKAGE_SCENE,50000000,12208,12208,7774,7774,7774,1380,1380,1380,0,0,0,622946,447433,792879,31.5275,20.9737,42.7989
825,12375,12389,15,PACKAGE_SCENE,50000000,12208,12208,7774,7774,7774,1380,1380,1380,0,0,0,623244,511643,764053,28.7845,21.1666,40.9049
826,12390,12404,15,PACKAGE_SCENE,50000000,12208,12208,7774,7774,7774,1380,1380,1380,0,0,0,642991,513161,885144,31.3073,22.459,36.5101
827,12405,12419,15,PACKAGE_SCENE,50000000,12208,12208,7774,7774,7774,1380,1380,1380,0,0,0,592054,463062,808666,30.8209,21.2709,32.4927
828,12420,12434,15,PACKAGE_SCENE,50000000,12208,12208,7774,7774,7774,1380,1380,1380,0,0,0,645721,533451,890282,29.8284,22.7516,39.2383
829,12435,12449,15,PACKAGE_SCENE,50000000,12208,12208,7774,7774,7774,1380,1380,1380,0,0,0,611105,468411,800481,30.8401,22.6773,38.7388
830,12450,12464,15,PACKAGE_SCENE,50000000,12208,12208,7774,7774,7774,1380,1380,1380,0,0,0,632388,508643,754279,30.9814,22.4225,41.1181
831,12465,12479,15,PACKAGE_SCENE,50000000,12208,12208,7774,7774,7774,1380,1380,1380,0,0,0,624616,480097,743043,30.6034,20.962,41.0806
832,12480,12494,15,PACKAGE_SCENE,50000000,12208,12208,7774,7774,7774,1380,1380,1380,0,0,0,654223,522354,794932,29.1832,21.5484,34.4169
833,12495,12509,15,PACKAGE_SCENE,50000000,12208,12208,7774,7774,7774,1380,1380,1380,0,0,0,634315,543796,862272,29.4938,22.1987,32.92
834,12510,12524,15,PACKAGE_SCENE,50000000,12208,12208,7774,7774,7774,1380,1380,1380,0,0,0,603824,489904,782715,32.0876,22.6115,42.332
835,12525,12539,15,PACKAGE_SCENE,50000000,12208,12208,7774,7774,7774,1380,1380,1380,0,0,0,642202,503620,829658,30.8479,21.7406,33.4012
836,12540,12554,15,PACKAGE_SCENE,50000000,12208,12208,7774,7774,7774,1380,1380,1380,0,0,0,633877,540093,757399,31.7828,22.4263,36.5228
837,12555,12569,15,PACKAGE_SCENE,50000000,12208,12208,7774,7774,7774,1380,1380,1380,0,0,0,597708,455524,706981,32.555,21.7195,41.0466
838,12570,12584,15,PACKAGE_SCENE,50000000,12208,12208,7774,7774,7774,1380,1380,1380,0,0,0,639837,495734,786066,30.1169,22.9518,37.3152
839,12585,12599,15,PACKAGE_SCENE,50000000,12208,12208,7774,7774,7774,1380,1380,1380,0,0,0,598800,447386,839088,29.8092,21.0794,34.5024
840,12600,12614,15,PACKAGE_SCENE,50000000,12208,12208,7774,7774,7774,1380,1380,1380,0,0,0,650348,522947,819910,30.5181,20.3089,40.7968
841,12615,12629,15,PACKAGE_SCENE,50000000,12208,12208,7774,7774,7774,1380,1380,1380,0,0,0,621726,495031,771296,29.8341,21.6342,36.4699
842,12630,12644,15,PACKAGE_SCENE,50000000,12208,12208,7774,7774,7774,1380,1380,1380,0,0,0,642508,495989,797999,32.4965,22.279,43.6181
843,12645,12659,15,PACKAGE_SCENE,50000000,12208,12208,7774,7774,7774,1380,1380,1380,0,0,0,574340,411419,757530,30.9222,22.5363,43.3789
844,12660,12674,15,PACKAGE_SCENE,50000000,12208,12208,7774,7774,7774,1380,1380,1380,0,0,0,613644,495034,734697,31.2445,24.7638,34.4562
845,12675,12689,15,PACKAGE_SCENE,50000000,12208,12208,7774,7774,7774,1380,1380,1380,0,0,0,610022,499274,713502,31.1741,26.9974,34.0247
846,12690,12704,15,PACKAGE_SCENE,50000000,12208,12208,7774,7774,7774,1380,1380,1380,0,0,0,609168,447064,773188,32.7404,24.7461,42.6294
847,12705,12719,15,PACKAGE_SCENE,50000000,12208,12208,7774,7774,7774,1380,1380,1380,0,0,0,605320,418158,732725,30.0583,20.8854,44.8655
848,12720,12734,15,PACKAGE_SCENE,50000000,12208,12208,7774,7774,7774,1380,1380,1380,0,0,0,621195,506624,728056,30.6797,21.4336,40.6581
849,12735,12749,15,PACKAGE_SCENE,50000000,12208,12208,7774,7774,7774,1380,1380,1380,0,0,0,621157,491380,824778,31.1649,21.3678,41.5259
850,12750,12764,15,PACKAGE_SCENE,50000000,12208,12208,7774,7774,7774,1380,1380,1380,0,0,0,650517,424882,984608,29.9321,22.4916,38.6937
851,12765,12779,15,PACKAGE_SCENE,50000000,12208,12208,7774,7774,7774,1380,1380,1380,0,0,0,672031,443847,925092,30.9772,21.0254,40.8095
852,12780,12794,15,PACKAGE_SCENE,50000000,12208,12208,7774,7774,7774,1380,1380,1380,0,0,0,597833,470616,723963,28.9922,21.3721,36.1384
853,12795,12809,15,PACKAGE_SCENE,50000000,12208,12208,7774,7774,7774,1380,1380,1380,0,0,0,602628,464026,761733,30.7725,22.1064,41.1673
854,12810,12824,15,PACKAGE_SCENE,50000000,12208,12208,7774,7774,7774,1380,1380,1380,0,0,0,632525,464578,840678,28.4408,21.7407,33.933
855,12825,12839,15,PACKAGE_SCENE,50000000,12208,12208,7774,7774,7774,1380,1380,1380,0,0,0,626471,423930,758290,30.9048,20.8676,40.5856
856,12840,12854,15,PACKAGE_SCENE,50000000,12208,12208,7774,7774,7774,1380,1380,1380,0,0,0,601007,469779,737383,30.6278,21.707,42.5419
857,12855,12869,15,PACKAGE_SCENE,50000000,12208,12208,7774,7774,7774,1380,1380,1380,0,0,0,654814,409963,840507,27.254,22.6177,31.9821
858,12870,12884,15,PACKAGE_SCENE,50000000,12208,12208,7774,7774,7774,1380,1380,1380,0,0,0,617769,474114,812509,28.7689,22.8166,33.7729
859,12885,12899,15,PACKAGE_SCENE,50000000,12208,12208,7774,7774,7774,1380,1380,1380,0,0,0,603362,440674,757412,33.2038,23.039,42.7955
860,12900,12914,15,PACKAGE_SCENE,50000000,12208,12208,7774,7774,7774,1380,1380,1380,0,0,0,621290,478925,856906,31.4787,23.2047,45.5276
861,12915,12929,15,PACKAGE_SCENE,50000000,12208,12208,7774,7774,7774,1380,1380,1380,0,0,0,654133,549298,962451,29.9447,22.9154,35.583
862,12930,12944,15,PACKAGE_SCENE,50000000,12208,12208,7774,7774,7774,1380,1380,1380,0,0,0,644002,505955,865940,32.7479,21.6182,41.0351
863,12945,12959,15,PACKAGE_SCENE,50000000,12208,12208,7774,7774,7774,1380,1380,1380,0,0,0,649433,518570,781098,33.0894,26.7704,42.1899
864,12960,12974,15,PACKAGE_SCENE,50000000,12208,12208,7774,7774,7774,1380,1380,1380,0,0,0,573662,419961,804403,31.4216,21.3526,41.0867
865,12975,12989,15,PACKAGE_SCENE,50000000,12208,12208,7774,7774,7774,1380,1380,1380,0,0,0,623591,488991,720971,31.645,22.6928,44.201
866,12990,13004,15,PACKAGE_SCENE,50000000,12208,12208,7774,7774,7774,1380,1380,1380,0,0,0,619233,530355,692145,29.8883,22.7292,34.6347
867,13005,13019,15,PACKAGE_SCENE,50000000,12208,12208,7774,7774,7774,1380,1380,1380,0,0,0,646553,439724,816649,33.1462,22.9144,48.9198
868,13020,13034,15,PACKAGE_SCENE,50000000,12208,12208,7774,7774,7774,1380,1380,1380,0,0,0,664897,532801,836331,31.6788,23.1484,35.7633
869,13035,13049,15,PACKAGE_SCENE,50000000,12208,12208,7774,7774,7774,1380,1380,1380,0,0,0,660224,481106,819415,31.4749,22.6919,41.6519
870,13050,13064,15,PACKAGE_SCENE,50000000,12208,12208,7774,7774,7774,1380,1380,1380,0,0,0,638028,509495,793280,30.0776,21.4009,41.1602
871,13065,13079,15,PACKAGE_SCENE,50000000,12208,12208,7774,7774,7774,1380,1380,1380,0,0,0,622295,512101,763417,28.5129,21.1443,42.0847
872,13080,13094,15,PACKAGE_SCENE,50000000,12208,12208,7774,7774,7774,1380,1380,1380,0,0,0,655293,479893,974557,30.7732,22.7316,41.3511
873,13095,13109,15,PACKAGE_SCENE,50000000,12208,12208,7774,7774,7774,1380,1380,1380,0,0,0,617235,491945,801732,29.3759,21.2322,34.3038
874,13110,13124,15,PACKAGE_SCENE,50000000,12208,12208,7774,7774,7774,1380,1380,1380,0,0,0,655932,542300,823309,31.6404,21.0512,38.9285
875,13125,13139,15,PACKAGE_SCENE,50000000,12208,12208,7774,7774,7774,1380,1380,1380,0,0,0,602383,467701,667550,30.2401,21.6606,40.7283
876,13140,13154,15,PACKAGE_SCENE,50000000,12208,12208,7774,7774,7774,1380,1380,1380,0,0,0,606602,444484,746546,29.0951,21.6927,36.2233
877,13155,13169,15,PACKAGE_SCENE,50000000,12208,12208,7774,7774,7774,1380,1380,1380,0,0,0,615541,444300,818401,30.303,22.8609,38.9091
878,13170,13184,15,PACKAGE_SCENE,50000000,12208,12208,7774,7774,7774,1380,1380,1380,0,0,0,630953,500931,828241,30.2394,22.4996,36.0361
879,13185,13199,15,PACKAGE_SCENE,50000000,12208,12208,7774,7774,7774,1380,1380,1380,0,0,0,619579,432417,702710,30.2045,22.2557,38.5927
880,13200,13214,15,PACKAGE_SCENE,50000000,12208,12208,7774,7774,7774,1380,1380,1380,0,0,0,618763,499912,772119,28.4876,21.3207,33.9145
881,13215,13229,15,PACKAGE_SCENE,50000000,12208,12208,7774,7774,7774,1380,1380,1380,0,0,0,614854,474121,812011,32.3969,21.3963,45.4007
882,13230,13244,15,PACKAGE_SCENE,50000000,12208,12208,7774,7774,7774,1380,1380,1380,0,0,0,635365,519248,817008,32.2539,21.7367,35.958
883,13245,13259,15,PACKAGE_SCENE,50000000,12208,12208,7774,7774,7774,1380,1380,1380,0,0,0,609391,501874,690677,32.6981,23.6321,45.5811
884,13260,13274,15,PACKAGE_SCENE,50000000,12208,12208,7774,7774,7774,1380,1380,1380,0,0,0,607182,484584,730389,30.5165,21.8235,34.3776
885,13275,13289,15,PACKAGE_SCENE,50000000,12208,12208,7774,7774,7774,1380,1380,1380,0,0,0,653758,533509,903162,32.8842,24.3581,40.1317
886,13290,13304,15,PACKAGE_SCENE,50000000,12208,12208,7774,7774,7774,1380,1380,1380,0,0,0,605668,450067,809271,31.7407,21.5084,44.9279
887,13305,13319,15,PACKAGE_SCENE,50000000,12208,12208,7774,7774,7774,1380,1380,1380,0,0,0,600740,459085,726397,30.7368,21.4395,41.1559
888,13320,13334,15,PACKAGE_SCENE,50000000,12208,12208,7774,7774,7774,1380,1380,1380,0,0,0,659305,510115,895088,29.656,21.6014,33.868
889,13335,13349,15,PACKAGE_SCENE,50000000,12208,12208,7774,7774,7774,1380,1380,1380,0,0,0,642202,463007,752682,32.5275,23.5083,43.8369
890,13350,13364,15,PACKAGE_SCENE,50000000,12208,12208,7774,7774,7774,1380,1380,1380,0,0,0,631519,448559,822477,30.1825,23.4534,38.2649
891,13365,13379,15,PACKAGE_SCENE,50000000,12208,12208,7774,7774,7774,1380,1380,1380,0,0,0,663824,547272,856661,30.2441,22.8204,41.1016
892,13380,13394,15,PACKAGE_SCENE,50000000,12208,12208,7774,7774,7774,1380,1380,1380,0,0,0,633267,439855,779904,29.2439,21.8434,34.7884
893,13395,13409,15,PACKAGE_SCENE,50000000,12208,12208,7774,7774,7774,1380,1380,1380,0,0,0,606874,497752,771297,30.9952,23.0752,38.6977
894,13410,13424,15,PACKAGE_SCENE,50000000,12208,12208,7774,7774,7774,1380,1380,1380,0,0,0,638583,496445,863381,30.9381,22.5109,38.6797
895,13425,13439,15,PACKAGE_SCENE,50000000,12208,12208,7774,7774,7774,1380,1380,1380,0,0,0,630275,513804,810088,29.7107,22.338,34.0438
896,13440,13454,15,PACKAGE_SCENE,50000000,12208,12208,7774,7774,7774,1380,1380,1380,0,0,0,657620,547797,756360,31.2799,24.0769,39.0996
897,13455,13469,15,PACKAGE_SCENE,50000000,12208,12208,7774,7774,7774,1380,1380,1380,0,0,0,620820,456994,806680,29.9084,22.2995,32.8783
898,13470,13484,15,PACKAGE_SCENE,50000000,12208,12208,7774,7774,7774,1380,1380,1380,0,0,0,613579,516514,718440,28.6651,21.2231,32.7346
899,13485,13499,15,PACKAGE_SCENE,50000000,12208,12208,7774,7774,7774,1380,1380,1380,0,0,0,661671,468611,887375,29.5719,19.7274,35.7615
900,13500,13514,15,PACKAGE_SCENE,50000000,12208,12208,7774,7774,7774,1380,1380,1380,0,0,0,629354,522706,733558,30.8807,22.5462,41.355
901,13515,13529,15,PACKAGE_SCENE,50000000,12208,12208,7774,7774,7774,1380,1380,1380,0,0,0,643846,517465,824031,30.3608,21.3753,44.9924
902,13530,13544,15,PACKAGE_SCENE,50000000,12208,12208,7774,7774,7774,1380,1380,1380,0,0,0,620080,519284,708564,31.0901,22.4374,40.5839
903,13545,13559,15,PACKAGE_SCENE,50000000,12208,12208,7774,7774,7774,1380,1380,1380,0,0,0,600960,490572,715247,29.8031,21.8044,35.4727
904,13560,13574,15,PACKAGE_SCENE,50000000,12208,12208,7774,7774,7774,1380,1380,1380,0,0,0,641306,499258,799197,30.9179,22.392,35.2369
905,13575,13589,15,PACKAGE_SCENE,50000000,12208,12208,7774,7774,7774,1380,1380,1380,0,0,0,661057,498081,800304,32.142,21.3751,42.1577
906,13590,13604,15,PACKAGE_SCENE,50000000,12208,12208,7774,7774,7774,1380,1380,1380,0,0,0,613931,504952,728042,31.7079,24.6603,42.5384
907,13605,13619,15,PACKAGE_SCENE,50000000,12208,12208,7774,7774,7774,1380,1380,1380,0,0,0,628220,526197,749638,31.9397,22.6237,38.2778
908,13620,13634,15,PACKAGE_SCENE,50000000,12208,12208,7774,7774,7774,1380,1380,1380,0,0,0,646469,513177,850711,29.6846,21.7613,35.0166
909,13635,13649,15,PACKAGE_SCENE,50000000,12208,12208,7774,7774,7774,1380,1380,1380,0,0,0,617931,445112,846095,33.0093,23.0365,43.9168
910,13650,13664,15,PACKAGE_SCENE,50000000,12208,12208,7774,7774,7774,1380,1380,1380,0,0,0,642917,476120,850293,29.4172,21.2052,42.5732
911,13665,13679,15,PACKAGE_SCENE,50000000,12208,12208,7774,7774,7774,1380,1380,1380,0,0,0,655973,539004,803393,32.4033,23.269,43.5023
912,13680,13694,15,PACKAGE_SCENE,50000000,12208,12208,7774,7774,7774,1380,1380,1380,0,0,0,601373,440508,780093,33.6052,23.6031,49.9919
913,13695,13709,15,PACKAGE_SCENE,50000000,12208,12208,7774,7774,7774,1380,1380,1380,0,0,0,608996,469879,784782,27.9587,21.6738,33.6028
914,13710,13724,15,PACKAGE_SCENE,50000000,12208,12208,7774,7774,7774,1380,1380,1380,0,0,0,602843,483734,790821,28.2578,21.2431,35.3549
915,13725,13739,15,PACKAGE_SCENE,50000000,12208,12208,7774,7774,7774,1380,1380,1380,0,0,0,594888,468499,750076,31.8765,22.2607,40.931
916,13740,13754,15,PACKAGE_SCENE,50000000,12208,12208,7774,7774,7774,1380,1380,1380,0,0,0,607922,513008,744959,30.5108,21.2186,40.9317
917,13755,13769,15,PACKAGE_SCENE,50000000,12208,12208,7774,7774,7774,1380,1380,1380,0,0,0,642755,530452,853306,27.8687,21.3952,38.0294
918,13770,13784,15,PACKAGE_SCENE,50000000,12208,12208,7774,7774,7774,1380,1380,1380,0,0,0,642833,494039,807919,29.178,21.3101,33.546
919,13785,13799,15,PACKAGE_SCENE,50000000,12208,12208,7774,7774,7774,1380,1380,1380,0,0,0,603474,513782,779304,29.0461,21.0209,36.2845
920,13800,13814,15,PACKAGE_SCENE,50000000,12208,12208,7774,7774,7774,1380,1380,1380,0,0,0,605800,431681,831505,30.0901,21.1465,32.8428
921,13815,13829,15,PACKAGE_SCENE,50000000,12208,12208,7774,7774,7774,1380,1380,1380,0,0,0,626163,405142,858480,28.2204,21.2449,38.7305
922,13830,13844,15,PACKAGE_SCENE,50000000,12208,12208,7774,7774,7774,1380,1380,1380,0,0,0,669587,441250,842123,30.1992,21.8333,34.4474
923,13845,13859,15,PACKAGE_SCENE,50000000,12208,12208,7774,7774,7774,1380,1380,1380,0,0,0,587139,446600,703809,30.3875,22.8258,40.8902
924,13860,13874,15,PACKAGE_SCENE,50000000,12208,12208,7774,7774,7774,1380,1380,1380,0,0,0,633143,487314,828330,28.006,20.961,34.5684
925,13875,13889,15,PACKAGE_SCENE,50000000,12208,12208,7774,7774,7774,1380,1380,1380,0,0,0,609667,462147,745606,32.4378,21.1863,53.8887
926,13890,13904,15,PACKAGE_SCENE,50000000,12208,12208,7774,7774,7774,1380,1380,1380,0,0,0,665007,545024,859828,32.6409,22.8748,48.3163
927,13905,13919,15,PACKAGE_SCENE,50000000,12208,12208,7774,7774,7774,1380,1380,1380,0,0,0,591031,432835,758962,28.4884,21.2229,35.1968
928,13920,13934,15,PACKAGE_SCENE,50000000,12208,12208,7774,7774,7774,1380,1380,1380,0,0,0,604782,419932,866244,30.8007,22.9957,35.6809
929,13935,13949,15,PACKAGE_SCENE,50000000,12208,12208,7774,7774,7774,1380,1380,1380,0,0,0,600083,501174,706269,31.0019,24.0312,34.2196
930,13950,13964,15,PACKAGE_SCENE,50000000,12208,12208,7774,7774,7774,1380,1380,1380,0,0,0,626189,543364,741947,32.9468,21.7381,41.8333
931,13965,13979,15,PACKAGE_SCENE,50000000,12208,12208,7774,7774,7774,1380,1380,1380,0,0,0,628896,522810,723293,31.6448,21.9287,40.3589
932,13980,13994,15,PACKAGE_SCENE,50000000,12208,12208,7774,7774,7774,1380,1380,1380,0,0,0,652764,542232,856679,29.4515,21.3249,34.0232
933,13995,14009,15,PACKAGE_SCENE,50000000,12208,12208,7774,7774,7774,1380,1380,1380,0,0,0,631403,504585,846096,32.4374,21.9285,38.7691
934,14010,14024,15,PACKAGE_SCENE,50000000,12208,12208,7774,7774,7774,1380,1380,1380,0,0,0,596608,496812,817630,31.019,23.1546,43.8652
935,14025,14039,15,PACKAGE_SCENE,50000000,12208,12208,7774,7774,7774,1380,1380,1380,0,0,0,649962,495804,839601,33.5386,24.7787,40.3671
936,14040,14054,15,PACKAGE_SCENE,50000000,12208,12208,7774,7774,7774,1380,1380,1380,0,0,0,611238,445873,803933,31.1156,21.4037,37.8243
937,14055,14069,15,PACKAGE_SCENE,50000000,12208,12208,7774,7774,7774,1380,1380,1380,0,0,0,607840,545169,705731,33.1928,22.4467,40.1269
938,14070,14084,15,PACKAGE_SCENE,50000000,12208,12208,7774,7774,7774,1380,1380,1380,0,0,0,623277,459508,836353,31.7158,23.2159,41.0285
939,14085,14099,15,PACKAGE_SCENE,50000000,12208,12208,7774,7774,7774,1380,1380,1380,0,0,0,605943,441898,723816,31.239,22.5741,41.0783
940,14100,14114,15,PACKAGE_SCENE,50000000,12208,12208,7774,7774,7774,1380,1380,1380,0,0,0,619345,431733,782976,31.1183,22.6958,36.7771
941,14115,14129,15,PACKAGE_SCENE,50000000,12208,12208,7774,7774,7774,1380,1380,1380,0,0,0,612709,385806,806544,47.8446,22.8826,133.792
942,14130,14144,15,PACKAGE_SCENE,50000000,12208,12208,7774,7774,7774,1380,1380,1380,0,0,0,665288,517781,819813,32.4486,22.5353,45.7847
943,14145,14159,15,PACKAGE_SCENE,50000000,12208,12208,7774,7774,7774,1380,1380,1380,0,0,0,618537,394303,744203,30.6687,22.419,41.3355
944,14160,14174,15,PACKAGE_SCENE,50000000,12208,12208,7774,7774,7774,1380,1380,1380,0,0,0,593837,422089,717965,37.9134,28.0922,50.0687
945,14175,14189,15,PACKAGE_SCENE,50000000,12208,12208,7774,7774,7774,1380,1380,1380,0,0,0,600617,484707,695583,31.9641,21.4855,50.0561
946,14190,14204,15,PACKAGE_SCENE,50000000,12208,12208,7774,7774,7774,1380,1380,1380,0,0,0,577967,418907,736262,31.4527,21.4231,44.8461
947,14205,14219,15,PACKAGE_SCENE,50000000,12208,12208,7774,7774,7774,1380,1380,1380,0,0,0,627024,378906,800552,31.0828,22.0303,41.2018
948,14220,14234,15,PACKAGE_SCENE,50000000,12208,12208,7774,7774,7774,1380,1380,1380,0,0,0,663500,557662,772852,28.3308,21.3431,40.7841
949,14235,14249,15,PACKAGE_SCENE,50000000,12208,12208,7774,7774,7774,1380,1380,1380,0,0,0,619582,449333,829027,29.1796,21.617,39.4479
950,14250,14264,15,PACKAGE_SCENE,50000000,12208,12208,7774,7774,7774,1380,1380,1380,0,0,0,601958,475789,760534,32.2406,29.3906,40.2695
951,14265,14279,15,PACKAGE_SCENE,50000000,12208,12208,7774,7774,7774,1380,1380,1380,0,0,0,600469,462655,743682,29.1309,21.2562,43.4586
952,14280,14294,15,PACKAGE_SCENE,50000000,12208,12208,7214.33,6095,7774,1283.47,1090,1380,1.8,0,27,589854,436675,869525,28.4978,21.3932,39.8738
953,14295,14309,15,PACKAGE_SCENE,50000000,12208,12208,5842.4,4190,6095,1060.73,864,1090,4.66667,0,55,541243,332311,783388,29.2085,20.9087,53.3518
954,14310,14324,15,PACKAGE_SCENE,50000000,12208,12208,5906.13,3403,7553,757.6,586,1249,32.0667,0,75,227775,77589,441643,42.036,20.4509,75.2544
955,14325,14339,15,PACKAGE_SCENE,50000000,12208,12208,5547.33,3389,6338,574,387,767,5.46667,0,39,112230,41503,184280,26.0504,20.3518,42.4587
956,14340,14354,15,PACKAGE_SCENE,50000000,12208,12208,3696.2,3389,3965,788.8,386,1139,2.2,0,24,371989,46714,897391,23.7226,18.0596,37.7862
957,14355,14369,15,PACKAGE_SCENE,50000000,12208,12208,5193.53,3965,7250,1429.47,1127,1954,2.06667,0,16,864914,394885,1401861,30.3967,20.2156,40.3584
958,14370,14384,15,PACKAGE_SCENE,50000000,12208,12208,7142.07,5624,7251,1867.13,1484,1919,1.2,0,14,1.32525e+06,639910,2099706,33.3239,26.0029,40.3195
959,14385,14399,15,PACKAGE_SCENE,50000000,12208,12208,6057.87,5624,7251,1589.07,1484,1902,0,0,0,968784,589857,1340773,33.4077,28.448,44.645
960,14400,14414,15,PACKAGE_SCENE,50000000,12208,12208,7251,7251,7251,1870,1870,1870,0,0,0,1.23814e+06,761679,1669923,34.0917,32.0722,41.7513
961,14415,14429,15,PACKAGE_SCENE,50000000,12208,12208,7251,7251,7251,1870,1870,1870,0,0,0,1.04327e+06,691498,1605735,31.5371,22.9581,42.0882
962,14430,14444,15,PACKAGE_SCENE,50000000,12208,12208,7251,7251,7251,1870,1870,1870,0,0,0,1.118e+06,672945,1906362,32.3985,25.9791,40.3593
963,14445,14459,15,PACKAGE_SCENE,50000000,12208,12208,7251,7251,7251,1870,1870,1870,0,0,0,973285,664224,1483819,32.2988,23.844,42.8963
964,14460,14474,15,PACKAGE_SCENE,50000000,12208,12208,7251,7251,7251,1870,1870,1870,0,0,0,1.30256e+06,755912,2272130,31.8437,22.7247,44.3385
965,14475,14489,15,PACKAGE_SCENE,50000000,12208,12208,7251,7251,7251,1870,1870,1870,0,0,0,1.04791e+06,644023,1550196,33.9914,29.5847,42.2079
966,14490,14504,15,PACKAGE_SCENE,50000000,12208,12208,7251,7251,7251,1870,1870,1870,0,0,0,1.26058e+06,654321,1727878,38.2476,25.9578,53.2182
967,14505,14519,15,PACKAGE_SCENE,50000000,12208,12208,7251,7251,7251,1870,1870,1870,0,0,0,1.009e+06,607492,1405519,465.776,25.7051,6506.3
968,14520,14534,15,PACKAGE_SCENE,50000000,12208,12208,7251,7251,7251,1870,1870,1870,0,0,0,1.29136e+06,738260,1716126,348.436,29.4519,4713.45
969,14535,14549,15,PACKAGE_SCENE,50000000,12208,12208,7251,7251,7251,1870,1870,1870,0,0,0,1.10916e+06,712057,1674208,191.758,23.6827,2410.54
970,14550,14564,15,PACKAGE_SCENE,50000000,12208,12208,7251,7251,7251,1870,1870,1870,0,0,0,1.33925e+06,881238,2161714,170.802,26.026,2074.79
971,14565,14579,15,PACKAGE_SCENE,50000000,12208,12208,7251,7251,7251,1870,1870,1870,0,0,0,1.28454e+06,698894,1906523,33.5779,24.8409,40.9192
972,14580,14594,15,PACKAGE_SCENE,50000000,12208,12208,7251,7251,7251,1870,1870,1870,0,0,0,1.31187e+06,732872,1676346,177.416,23.1888,2181.82
973,14595,14609,15,PACKAGE_SCENE,50000000,12208,12208,7251,7251,7251,1870,1870,1870,0,0,0,1.18513e+06,671425,1832170,147.299,25.3706,1728.01
974,14610,14624,15,PACKAGE_SCENE,50000000,12208,12208,7251,7251,7251,1870,1870,1870,0,0,0,1.21873e+06,637469,1727448,155.044,25.6533,1860.35
975,14625,14639,15,PACKAGE_SCENE,50000000,12208,12208,7251,7251,7251,1870,1870,1870,0,0,0,1.10399e+06,712147,1689093,111.986,31.4452,1190.38
976,14640,14654,15,PACKAGE_SCENE,50000000,12208,12208,7251,7251,7251,1870,1870,1870,0,0,0,1.28181e+06,816798,1868525,103.586,22.4966,1090.33
977,14655,14669,15,PACKAGE_SCENE,50000000,12208,12208,7251,7251,7251,1870,1870,1870,0,0,0,1.2975e+06,734365,2058230,33.2864,25.423,40.9538
978,14670,14684,15,PACKAGE_SCENE,50000000,12208,12208,7251,7251,7251,1870,1870,1870,0,0,0,1.20838e+06,739411,1779567,107.414,25.0124,1140.4
979,14685,14699,15,PACKAGE_SCENE,50000000,12208,12208,7251,7251,7251,1870,1870,1870,0,0,0,1.40871e+06,1020043,1812617,108.885,22.5023,1138.1
980,14700,14714,15,PACKAGE_SCENE,50000000,12208,12208,7251,7251,7251,1870,1870,1870,0,0,0,1.42787e+06,708927,1897434,106.666,22.547,1137.48
981,14715,14729,15,PACKAGE_SCENE,50000000,12208,12208,7251,7251,7251,1870,1870,1870,0,0,0,1.32521e+06,725574,2138810,107.664,31.4466,1132.08
982,14730,14744,15,PACKAGE_SCENE,50000000,12208,12208,7251,7251,7251,1870,1870,1870,0,0,0,1.43531e+06,903185,1870400,106.805,24.5655,1130.38
983,14745,14759,15,PACKAGE_SCENE,50000000,12208,12208,7251,7251,7251,1870,1870,1870,0,0,0,1.21347e+06,689356,2087700,32.6753,22.653,45.3625
984,14760,14774,15,PACKAGE_SCENE,50000000,12208,12208,7251,7251,7251,1870,1870,1870,0,0,0,1.23656e+06,755718,2048445,109.44,26.6625,1137.54
985,14775,14789,15,PACKAGE_SCENE,50000000,12208,12208,7251,7251,7251,1870,1870,1870,0,0,0,1.21912e+06,719462,2051709,114.798,30.6185,1228.34
986,14790,14804,15,PACKAGE_SCENE,50000000,12208,12208,7251,7251,7251,1870,1870,1870,0,0,0,1.24125e+06,763484,1901795,106.69,22.893,1133.95
987,14805,14819,15,PACKAGE_SCENE,50000000,12208,12208,7251,7251,7251,1870,1870,1870,0,0,0,1.15186e+06,663489,1568056,111.407,22.8321,1172.93
988,14820,14834,15,PACKAGE_SCENE,50000000,12208,12208,7251,7251,7251,1870,1870,1870,0,0,0,1.30379e+06,655302,1725830,156.708,22.802,1881.38
989,14835,14849,15,PACKAGE_SCENE,50000000,12208,12208,7251,7251,7251,1870,1870,1870,0,0,0,1.16762e+06,656934,1938078,33.1319,26.1828,40.9272
990,14850,14864,15,PACKAGE_SCENE,50000000,12208,12208,7251,7251,7251,1870,1870,1870,0,0,0,1.23392e+06,768965,2054443,132.522,23.4373,1478.15
991,14865,14879,15,PACKAGE_SCENE,50000000,12208,12208,7251,7251,7251,1870,1870,1870,0,0,0,1.20286e+06,724149,1530293,130.192,25.8213,1470.36
992,14880,14894,15,PACKAGE_SCENE,50000000,12208,12208,7251,7251,7251,1870,1870,1870,0,0,0,1.26651e+06,766896,2289501,118.774,22.6272,1325.68
993,14895,14909,15,PACKAGE_SCENE,50000000,12208,12208,7251,7251,7251,1870,1870,1870,0,0,0,1.23657e+06,803142,1581136,130.566,29.5867,1450.62
994,14910,14924,15,PACKAGE_SCENE,50000000,12208,12208,7251,7251,7251,1870,1870,1870,0,0,0,1.24026e+06,667716,1941535,121.691,22.5663,1359.59
995,14925,14939,15,PACKAGE_SCENE,50000000,12208,12208,7251,7251,7251,1870,1870,1870,0,0,0,1.23986e+06,824924,1664998,32.537,22.7496,40.8733
996,14940,14954,15,PACKAGE_SCENE,50000000,12208,12208,7251,7251,7251,1870,1870,1870,0,0,0,1.34744e+06,719675,1994017,123.245,25.6744,1385.71
997,14955,14969,15,PACKAGE_SCENE,50000000,12208,12208,7251,7251,7251,1870,1870,1870,0,0,0,1.18551e+06,610075,1725969,130.36,30.6741,1447.65
998,14970,14984,15,PACKAGE_SCENE,50000000,12208,12208,7251,7251,7251,1870,1870,1870,0,0,0,1.23276e+06,756066,1601859,126.433,31.4337,1389.87
999,14985,14999,15,PACKAGE_SCENE,50000000,12208,12208,7251,7251,7251,1870,1870,1870,0,0,0,1.18259e+06,682932,1793297,134.255,31.3586,1498.69
1000,15000,15014,15,PACKAGE_SCENE,50000000,12208,12208,7251,7251,7251,1870,1870,1870,0,0,0,1.18338e+06,595376,1941343,123.488,25.385,1378.85
1001,15015,15029,15,PACKAGE_SCENE,50000000,12208,12208,7251,7251,7251,1870,1870,1870,0,0,0,1.11245e+06,666603,1654545,34.2248,22.741,41.3136
1002,15030,15044,15,PACKAGE_SCENE,50000000,12208,12208,7251,7251,7251,1870,1870,1870,0,0,0,1.35878e+06,826362,2145617,127.185,22.3176,1437.4
1003,15045,15059,15,PACKAGE_SCENE,50000000,12208,12208,7251,7251,7251,1870,1870,1870,0,0,0,1.21345e+06,811918,1738451,122.122,22.2681,1363.76
1004,15060,15074,15,PACKAGE_SCENE,50000000,12208,12208,7251,7251,7251,1870,1870,1870,0,0,0,1.07487e+06,713642,1513153,125.578,29.3476,1403.95
1005,15075,15089,15,PACKAGE_SCENE,50000000,12208,12208,7251,7251,7251,1870,1870,1870,0,0,0,1.34596e+06,691420,2561836,120.462,22.4229,1353.92
1006,15090,15104,15,PACKAGE_SCENE,50000000,12208,12208,7251,7251,7251,1870,1870,1870,0,0,0,1.2839e+06,728939,2078732,123.446,30.1335,1390.68
1007,15105,15119,15,PACKAGE_SCENE,50000000,12208,12208,7251,7251,7251,1870,1870,1870,0,0,0,1.23939e+06,688639,1918784,33.1156,31.2418,40.6709
1008,15120,15134,15,PACKAGE_SCENE,50000000,12208,12208,7251,7251,7251,1870,1870,1870,0,0,0,1.24255e+06,733749,2039575,128.352,29.0583,1455.48
1009,15135,15149,15,PACKAGE_SCENE,50000000,12208,12208,7251,7251,7251,1870,1870,1870,0,0,0,1.16852e+06,608266,1718095,107.29,31.4001,1120.72
1010,15150,15164,15,PACKAGE_SCENE,50000000,12208,12208,7251,7251,7251,1870,1870,1870,0,0,0,1.25313e+06,799719,1639696,99.7933,31.357,997.667
1011,15165,15179,15,PACKAGE_SCENE,50000000,12208,12208,7251,7251,7251,1870,1870,1870,0,0,0,1.31616e+06,907655,1694095,96.4139,22.2843,981.9
1012,15180,15194,15,PACKAGE_SCENE,50000000,12208,12208,7251,7251,7251,1870,1870,1870,0,0,0,1.29139e+06,682574,1898302,551.197,25.3908,7786.3
1013,15195,15209,15,PACKAGE_SCENE,50000000,12208,12208,7251,7251,7251,1870,1870,1870,0,0,0,1.17416e+06,716060,1754863,34.5724,31.3929,41.4367
1014,15210,15224,15,PACKAGE_SCENE,50000000,12208,12208,7251,7251,7251,1870,1870,1870,0,0,0,1.22745e+06,616111,1800735,33.6259,23.747,52.6181
1015,15225,15239,15,PACKAGE_SCENE,50000000,12208,12208,7251,7251,7251,1870,1870,1870,0,0,0,1.09614e+06,620630,1827370,32.8183,25.3371,41.0868
1016,15240,15254,15,PACKAGE_SCENE,50000000,12208,12208,7251,7251,7251,1870,1870,1870,0,0,0,1.38677e+06,773828,2120937,33.5098,25.6334,41.1269
1017,15255,15269,15,PACKAGE_SCENE,50000000,12208,12208,7251,7251,7251,1870,1870,1870,0,0,0,1.19926e+06,800448,1665397,32.8861,25.8778,39.1807
1018,15270,15284,15,PACKAGE_SCENE,50000000,12208,12208,7251,7251,7251,1870,1870,1870,0,0,0,1.13877e+06,694843,1928261,34.0828,22.4427,41.6002
1019,15285,15299,15,PACKAGE_SCENE,50000000,12208,12208,7251,7251,7251,1870,1870,1870,0,0,0,1.24406e+06,665489,1826092,34.0598,25.5526,41.2953
1020,15300,15314,15,PACKAGE_SCENE,50000000,12208,12208,7251,7251,7251,1870,1870,1870,0,0,0,1.1983e+06,747517,1925093,32.2561,22.4965,40.9128
1021,15315,15329,15,PACKAGE_SCENE,50000000,12208,12208,7251,7251,7251,1870,1870,1870,0,0,0,1.18028e+06,735440,1747183,33.3282,29.4283,45.4886
1022,15330,15344,15,PACKAGE_SCENE,50000000,12208,12208,7251,7251,7251,1870,1870,1870,0,0,0,1.18195e+06,616247,1816055,32.566,23.1759,42.1332
1023,15345,15359,15,PACKAGE_SCENE,50000000,12208,12208,7251,7251,7251,1870,1870,1870,0,0,0,1.2146e+06,733987,1895659,33.5079,25.7554,40.5932
1024,15360,15374,15,PACKAGE_SCENE,50000000,12208,12208,7251,7251,7251,1870,1870,1870,0,0,0,1.14677e+06,778009,1721426,31.6222,22.6085,42.2277
1025,15375,15389,15,PACKAGE_SCENE,50000000,12208,12208,7251,7251,7251,1870,1870,1870,0,0,0,1.20729e+06,686450,1791426,32.411,24.5801,39.5904
1026,15390,15404,15,PACKAGE_SCENE,50000000,12208,12208,7251,7251,7251,1870,1870,1870,0,0,0,1.16343e+06,742618,1993033,33.7578,26.048,40.9669
1027,15405,15419,15,PACKAGE_SCENE,50000000,12208,12208,7251,7251,7251,1870,1870,1870,0,0,0,1.11582e+06,804243,2018976,32.0528,25.4495,41.2784
1028,15420,15434,15,PACKAGE_SCENE,50000000,12208,12208,7251,7251,7251,1870,1870,1870,0,0,0,1.25434e+06,812169,1999699,33.2417,25.3637,40.9881
1029,15435,15449,15,PACKAGE_SCENE,50000000,12208,12208,7251,7251,7251,1870,1870,1870,0,0,0,1.36497e+06,692861,2189964,32.4938,31.319,38.8395
1030,15450,15464,15,PACKAGE_SCENE,50000000,12208,12208,7251,7251,7251,1870,1870,1870,0,0,0,1.20092e+06,766477,1779369,32.2713,31.3884,40.7666
1031,15465,15479,15,PACKAGE_SCENE,50000000,12208,12208,7251,7251,7251,1870,1870,1870,0,0,0,1.19917e+06,731041,2178655,33.7586,29.1024,40.9701
1032,15480,15494,15,PACKAGE_SCENE,50000000,12208,12208,7251,7251,7251,1870,1870,1870,0,0,0,1.3069e+06,702250,2168429,33.7762,22.2852,41.1932
1033,15495,15509,15,PACKAGE_SCENE,50000000,12208,12208,7251,7251,7251,1870,1870,1870,0,0,0,1.23528e+06,904158,1797299,32.7646,31.318,46.4847
1034,15510,15524,15,PACKAGE_SCENE,50000000,12208,12208,7251,7251,7251,1870,1870,1870,0,0,0,1.24018e+06,806534,1788258,32.1066,22.178,39.1918
1035,15525,15539,15,PACKAGE_SCENE,50000000,12208,12208,7251,7251,7251,1870,1870,1870,0,0,0,1.22934e+06,736303,1824337,32.6118,31.2984,35.4706
1036,15540,15554,15,PACKAGE_SCENE,50000000,12208,12208,7251,7251,7251,1870,1870,1870,0,0,0,1.2392e+06,728264,1905515,31.9834,25.536,40.6877
1037,15555,15569,15,PACKAGE_SCENE,50000000,12208,12208,7251,7251,7251,1870,1870,1870,0,0,0,1.24577e+06,579755,2077593,31.7111,25.4595,38.8455
1038,15570,15584,15,PACKAGE_SCENE,50000000,12208,12208,7251,7251,7251,1870,1870,1870,0,0,0,1.13796e+06,809029,1403377,32.6609,22.4699,40.7741
1039,15585,15599,15,PACKAGE_SCENE,50000000,12208,12208,7251,7251,7251,1870,1870,1870,0,0,0,1.22365e+06,697008,1943164,33.6451,25.407,41.5342
1040,15600,15614,15,PACKAGE_SCENE,50000000,12208,12208,7251,7251,7251,1870,1870,1870,0,0,0,1.15824e+06,839801,1693806,34.2099,24.7221,46.7428
1041,15615,15629,15,PACKAGE_SCENE,50000000,12208,12208,7251,7251,7251,1870,1870,1870,0,0,0,1.4075e+06,863800,2143865,33.2786,22.8266,39.9607
1042,15630,15644,15,PACKAGE_SCENE,50000000,12208,12208,7251,7251,7251,1870,1870,1870,0,0,0,1.32146e+06,640524,1910517,42.2183,26.008,107.791
1043,15645,15659,15,PACKAGE_SCENE,50000000,12208,12208,7251,7251,7251,1870,1870,1870,0,0,0,1.30074e+06,745429,2107772,33.6956,30.4137,41.0441
1044,15660,15674,15,PACKAGE_SCENE,50000000,12208,12208,7251,7251,7251,1870,1870,1870,0,0,0,1.13119e+06,696911,1937417,30.897,22.3979,34.8792
1045,15675,15689,15,PACKAGE_SCENE,50000000,12208,12208,7251,7251,7251,1870,1870,1870,0,0,0,1.02105e+06,661155,1741066,33.6821,25.5388,41.1136
1046,15690,15704,15,PACKAGE_SCENE,50000000,12208,12208,7251,7251,7251,1870,1870,1870,0,0,0,1.31828e+06,813701,1739458,33.2988,22.5542,40.6238
1047,15705,15719,15,PACKAGE_SCENE,50000000,12208,12208,7251,7251,7251,1870,1870,1870,0,0,0,1.13031e+06,621955,2112032,31.5722,22.8389,38.6613
1048,15720,15734,15,PACKAGE_SCENE,50000000,12208,12208,7251,7251,7251,1870,1870,1870,0,0,0,1.29196e+06,681429,2379470,33.9454,29.5629,39.6124
1049,15735,15749,15,PACKAGE_SCENE,50000000,12208,12208,7251,7251,7251,1870,1870,1870,0,0,0,1.22845e+06,775230,1945078,34.7258,24.6814,41.2301
1050,15750,15764,15,PACKAGE_SCENE,50000000,12208,12208,7251,7251,7251,1870,1870,1870,0,0,0,1.27438e+06,665125,1925288,33.8573,31.2906,40.5452
1051,15765,15779,15,PACKAGE_SCENE,50000000,12208,12208,7251,7251,7251,1870,1870,1870,0,0,0,1.15096e+06,717703,1690358,33.9185,25.5612,41.4683
1052,15780,15794,15,PACKAGE_SCENE,50000000,12208,12208,7251,7251,7251,1870,1870,1870,0,0,0,1.29705e+06,600755,1824089,31.7054,25.6308,40.7124
1053,15795,15809,15,PACKAGE_SCENE,50000000,12208,12208,7251,7251,7251,1870,1870,1870,0,0,0,1.28099e+06,738871,1916257,32.2085,29.9168,40.8457
1054,15810,15824,15,PACKAGE_SCENE,50000000,12208,12208,7251,7251,7251,1870,1870,1870,0,0,0,1.17191e+06,708299,1637313,33.2459,29.2334,41.0134
1055,15825,15839,15,PACKAGE_SCENE,50000000,12208,12208,7251,7251,7251,1870,1870,1870,0,0,0,1.1243e+06,572050,1431581,31.3772,22.1666,41.296
1056,15840,15854,15,PACKAGE_SCENE,50000000,12208,12208,7251,7251,7251,1870,1870,1870,0,0,0,1.13037e+06,605980,1889800,34.5151,22.2156,55.5853
1057,15855,15869,15,PACKAGE_SCENE,50000000,12208,12208,7251,7251,7251,1870,1870,1870,0,0,0,1.19694e+06,665944,1937473,34.4041,31.2127,43.8673
1058,15870,15884,15,PACKAGE_SCENE,50000000,12208,12208,6272.27,3978,7251,1645.33,1147,1870,0.133333,0,2,1.18206e+06,664848,1801595,32.3995,20.6879,41.0646
1059,15885,15899,15,PACKAGE_SCENE,50000000,12208,12208,5279.47,3978,7387,1326.4,1000,1736,19.5333,0,123,713015,312400,1274202,36.1755,19.895,80.7126
1060,15900,15914,15,PACKAGE_SCENE,50000000,12208,12208,7387,7387,7387,1713,1713,1713,0,0,0,891994,674244,1196664,33.3865,23.1658,41.58
1061,15915,15929,15,PACKAGE_SCENE,50000000,12208,12208,7387,7387,7387,1713,1713,1713,0,0,0,912272,635461,1335576,32.1783,22.8606,47.5028
1062,15930,15944,15,PACKAGE_SCENE,50000000,12208,12208,7387,7387,7387,1713,1713,1713,0,0,0,825061,530429,1188281,32.1994,22.7974,41.5975
1063,15945,15959,15,PACKAGE_SCENE,50000000,12208,12208,7387,7387,7387,1713,1713,1713,0,0,0,896488,745988,1146628,33.5035,23.5398,44.876
1064,15960,15974,15,PACKAGE_SCENE,50000000,12208,12208,7387,7387,7387,1713,1713,1713,0,0,0,927567,728612,1280422,34.4986,29.8269,53.5117
1065,15975,15989,15,PACKAGE_SCENE,50000000,12208,12208,7387,7387,7387,1713,1713,1713,0,0,0,966167,753661,1360540,440.974,24.4894,6112.57
1066,15990,16004,15,PACKAGE_SCENE,50000000,12208,12208,7387,7387,7387,1713,1713,1713,0,0,0,912404,689417,1216272,354.087,22.8367,4843.84
1067,16005,16019,15,PACKAGE_SCENE,50000000,12208,12208,7387,7387,7387,1713,1713,1713,0,0,0,903464,639611,1325161,33.3868,28.0783,49.9149
1068,16020,16034,15,PACKAGE_SCENE,50000000,12208,12208,7387,7387,7387,1713,1713,1713,0,0,0,898894,799565,1108817,191.328,23.1007,2399.11
1069,16035,16049,15,PACKAGE_SCENE,50000000,12208,12208,7387,7387,7387,1713,1713,1713,0,0,0,835769,676707,1059142,172.12,22.488,2103.77
1070,16050,16064,15,PACKAGE_SCENE,50000000,12208,12208,7387,7387,7387,1713,1713,1713,0,0,0,886508,721854,1148367,171.182,22.414,2082.34
1071,16065,16079,15,PACKAGE_SCENE,50000000,12208,12208,7387,7387,7387,1713,1713,1713,0,0,0,934852,687075,1390173,144.983,23.1218,1697.12
1072,16080,16094,15,PACKAGE_SCENE,50000000,12208,12208,7387,7387,7387,1713,1713,1713,0,0,0,911713,673575,1055330,151.933,22.6088,1825.76
1073,16095,16109,15,PACKAGE_SCENE,50000000,12208,12208,7387,7387,7387,1713,1713,1713,0,0,0,960799,662823,1302434,34.2151,24.7457,53.906
1074,16110,16124,15,PACKAGE_SCENE,50000000,12208,12208,7387,7387,7387,1713,1713,1713,0,0,0,916443,779639,1171582,106.938,22.5412,1138.57
1075,16125,16139,15,PACKAGE_SCENE,50000000,12208,12208,7387,7387,7387,1713,1713,1713,0,0,0,922703,811833,1049055,116.851,24.4505,1291.1
1076,16140,16154,15,PACKAGE_SCENE,50000000,12208,12208,7387,7387,7387,1713,1713,1713,0,0,0,860066,591279,1093691,108.254,29.3083,1148.67
1077,16155,16169,15,PACKAGE_SCENE,50000000,12208,12208,7387,7387,7387,1713,1713,1713,0,0,0,918883,606932,1204461,109.732,22.7312,1171.99
1078,16170,16184,15,PACKAGE_SCENE,50000000,12208,12208,7387,7387,7387,1713,1713,1713,0,0,0,900203,580839,1104378,107.508,22.5573,1160.98
1079,16185,16199,15,PACKAGE_SCENE,50000000,12208,12208,7387,7387,7387,1713,1713,1713,0,0,0,914788,746003,1212435,34.4291,27.5822,47.5034
1080,16200,16214,15,PACKAGE_SCENE,50000000,12208,12208,7387,7387,7387,1713,1713,1713,0,0,0,885010,682839,1165803,118.589,29.2152,1307.55
1081,16215,16229,15,PACKAGE_SCENE,50000000,12208,12208,7387,7387,7387,1713,1713,1713,0,0,0,865054,658945,1173786,107.269,28.8801,1134.95
1082,16230,16244,15,PACKAGE_SCENE,50000000,12208,12208,7387,7387,7387,1713,1713,1713,0,0,0,857286,670268,1082441,109.929,28.8496,1177.41
1083,16245,16259,15,PACKAGE_SCENE,50000000,12208,12208,7387,7387,7387,1713,1713,1713,0,0,0,913891,771797,1252794,109.122,22.7354,1160
1084,16260,16274,15,PACKAGE_SCENE,50000000,12208,12208,7387,7387,7387,1713,1713,1713,0,0,0,920749,758049,1132938,107.052,28.9675,1146.4
1085,16275,16289,15,PACKAGE_SCENE,50000000,12208,12208,7387,7387,7387,1713,1713,1713,0,0,0,884003,657909,1144313,32.9162,22.7682,46.8623
1086,16290,16304,15,PACKAGE_SCENE,50000000,12208,12208,7387,7387,7387,1713,1713,1713,0,0,0,872184,690881,1013722,107.836,27.3467,1151.14
1087,16305,16319,15,PACKAGE_SCENE,50000000,12208,12208,7387,7387,7387,1713,1713,1713,0,0,0,851629,704974,1153626,145.326,22.5324,1767.36
1088,16320,16334,15,PACKAGE_SCENE,50000000,12208,12208,7387,7387,7387,1713,1713,1713,0,0,0,873773,530021,1003246,122.084,29.4783,1367.71
1089,16335,16349,15,PACKAGE_SCENE,50000000,12208,12208,7387,7387,7387,1713,1713,1713,0,0,0,869311,562047,1029152,118.264,22.4838,1326.85
1090,16350,16364,15,PACKAGE_SCENE,50000000,12208,12208,7387,7387,7387,1713,1713,1713,0,0,0,926725,713891,1303050,125.284,29.5318,1421.36
1091,16365,16379,15,PACKAGE_SCENE,50000000,12208,12208,7387,7387,7387,1713,1713,1713,0,0,0,876686,661682,1010718,34.4093,29.276,47.7596
1092,16380,16394,15,PACKAGE_SCENE,50000000,12208,12208,7387,7387,7387,1713,1713,1713,0,0,0,911311,667206,1228826,124.847,22.7013,1413.06
1093,16395,16409,15,PACKAGE_SCENE,50000000,12208,12208,7387,7387,7387,1713,1713,1713,0,0,0,887395,710176,1172109,128.355,29.3367,1429.14
1094,16410,16424,15,PACKAGE_SCENE,50000000,12208,12208,7387,7387,7387,1713,1713,1713,0,0,0,883890,717833,1158482,120.029,23.5557,1341.62
1095,16425,16439,15,PACKAGE_SCENE,50000000,12208,12208,7387,7387,7387,1713,1713,1713,0,0,0,916918,731695,1200034,122.113,28.912,1365.05
1096,16440,16454,15,PACKAGE_SCENE,50000000,12208,12208,7387,7387,7387,1713,1713,1713,0,0,0,845050,716161,1170519,121.985,22.6672,1373.89
1097,16455,16469,15,PACKAGE_SCENE,50000000,12208,12208,7387,7387,7387,1713,1713,1713,0,0,0,914520,743266,1153755,32.2047,22.972,50.0614
1098,16470,16484,15,PACKAGE_SCENE,50000000,12208,12208,7387,7387,7387,1713,1713,1713,0,0,0,966353,725541,1435201,119.401,22.6141,1356.63
1099,16485,16499,15,PACKAGE_SCENE,50000000,12208,12208,7387,7387,7387,1713,1713,1713,0,0,0,908816,621625,1137831,119.122,31.3093,1304.55
1100,16500,16514,15,PACKAGE_SCENE,50000000,12208,12208,7387,7387,7387,1713,1713,1713,0,0,0,918946,713028,1172779,120.442,29.2619,1326.65
1101,16515,16529,15,PACKAGE_SCENE,50000000,12208,12208,7387,7387,7387,1713,1713,1713,0,0,0,980845,652054,1202979,124.973,27.551,1410.24
1102,16530,16544,15,PACKAGE_SCENE,50000000,12208,12208,7387,7387,7387,1713,1713,1713,0,0,0,901866,681001,1297283,115.122,22.7876,1295.12
1103,16545,16559,15,PACKAGE_SCENE,50000000,12208,12208,7387,7387,7387,1713,1713,1713,0,0,0,914712,635294,1352743,34.7503,22.8589,54.9498
1104,16560,16574,15,PACKAGE_SCENE,50000000,12208,12208,7387,7387,7387,1713,1713,1713,0,0,0,894643,715606,1083760,123.387,24.836,1383.25
1105,16575,16589,15,PACKAGE_SCENE,50000000,12208,12208,7387,7387,7387,1713,1713,1713,0,0,0,936341,705987,1310446,120.844,22.9426,1357.55
1106,16590,16604,15,PACKAGE_SCENE,50000000,12208,12208,7387,7387,7387,1713,1713,1713,0,0,0,887465,703172,1121596,122.293,28.8544,1383.55
1107,16605,16619,15,PACKAGE_SCENE,50000000,12208,12208,7387,7387,7387,1713,1713,1713,0,0,0,968680,788100,1130685,102.047,22.7251,1071.15
1108,16620,16634,15,PACKAGE_SCENE,50000000,12208,12208,7387,7387,7387,1713,1713,1713,0,0,0,886892,588496,1125970,90.5807,23.1288,925.17
1109,16635,16649,15,PACKAGE_SCENE,50000000,12208,12208,7387,7387,7387,1713,1713,1713,0,0,0,911674,737921,1172555,34.2262,29.3862,42.9443
1110,16650,16664,15,PACKAGE_SCENE,50000000,12208,12208,7387,7387,7387,1713,1713,1713,0,0,0,898669,770827,1062211,100.65,28.809,1002.8
1111,16665,16679,15,PACKAGE_SCENE,50000000,12208,12208,7387,7387,7387,1713,1713,1713,0,0,0,911690,747511,1140211,534.357,22.9406,7556.41
1112,16680,16694,15,PACKAGE_SCENE,50000000,12208,12208,7387,7387,7387,1713,1713,1713,0,0,0,905810,709097,1230413,32.6277,22.5441,45.8936
1113,16695,16709,15,PACKAGE_SCENE,50000000,12208,12208,7387,7387,7387,1713,1713,1713,0,0,0,930015,703891,1292073,30.8997,22.3184,38.3259
1114,16710,16724,15,PACKAGE_SCENE,50000000,12208,12208,7387,7387,7387,1713,1713,1713,0,0,0,907845,742260,1124040,33.5801,28.8567,41.0054
1115,16725,16739,15,PACKAGE_SCENE,50000000,12208,12208,7387,7387,7387,1713,1713,1713,0,0,0,866600,601516,1008694,32.4911,22.8302,51.1496
1116,16740,16754,15,PACKAGE_SCENE,50000000,12208,12208,7387,7387,7387,1713,1713,1713,0,0,0,912857,697836,1273916,31.5293,22.6618,37.3498
1117,16755,16769,15,PACKAGE_SCENE,50000000,12208,12208,7387,7387,7387,1713,1713,1713,0,0,0,922686,745226,1141533,31.5581,28.901,38.07
1118,16770,16784,15,PACKAGE_SCENE,50000000,12208,12208,7387,7387,7387,1713,1713,1713,0,0,0,938909,772905,1160860,29.5381,22.305,39.147
1119,16785,16799,15,PACKAGE_SCENE,50000000,12208,12208,7387,7387,7387,1713,1713,1713,0,0,0,900838,714077,1144539,31.3875,22.6101,41.0779
1120,16800,16814,15,PACKAGE_SCENE,50000000,12208,12208,7387,7387,7387,1713,1713,1713,0,0,0,935256,811205,1248836,32.3931,29.0653,38.9838
1121,16815,16829,15,PACKAGE_SCENE,50000000,12208,12208,7387,7387,7387,1713,1713,1713,0,0,0,902754,713240,1134765,36.9359,22.8264,69.0188
1122,16830,16844,15,PACKAGE_SCENE,50000000,12208,12208,7387,7387,7387,1713,1713,1713,0,0,0,955391,701264,1268659,37.4466,22.6771,113.225
1123,16845,16859,15,PACKAGE_SCENE,50000000,12208,12208,7387,7387,7387,1713,1713,1713,0,0,0,937515,816644,1190980,31.3684,24.3509,33.7667
1124,16860,16874,15,PACKAGE_SCENE,50000000,12208,12208,7387,7387,7387,1713,1713,1713,0,0,0,936236,802226,1357431,35.716,25.1813,78.3638
1125,16875,16889,15,PACKAGE_SCENE,50000000,12208,12208,7387,7387,7387,1713,1713,1713,0,0,0,904098,693578,1062980,31.6789,22.9026,41.7399
1126,16890,16904,15,PACKAGE_SCENE,50000000,12208,12208,7387,7387,7387,1713,1713,1713,0,0,0,905731,681538,1132484,33.3438,23.025,43.2914
1127,16905,16919,15,PACKAGE_SCENE,50000000,12208,12208,7387,7387,7387,1713,1713,1713,0,0,0,910064,611696,1141933,33.3596,22.8179,42.9555
1128,16920,16934,15,PACKAGE_SCENE,50000000,12208,12208,7387,7387,7387,1713,1713,1713,0,0,0,952494,796466,1131494,32.9725,23.686,42.8151
1129,16935,16949,15,PACKAGE_SCENE,50000000,12208,12208,7387,7387,7387,1713,1713,1713,0,0,0,946200,758401,1108948,35.1731,30.2424,46.3521
1130,16950,16964,15,PACKAGE_SCENE,50000000,12208,12208,7387,7387,7387,1713,1713,1713,0,0,0,934086,710989,1274857,34.5853,22.8809,48.5246
1131,16965,16979,15,PACKAGE_SCENE,50000000,12208,12208,7387,7387,7387,1713,1713,1713,0,0,0,886620,653438,1181118,36.2941,31.9236,42.5248
1132,16980,16994,15,PACKAGE_SCENE,50000000,12208,12208,7406.07,7387,7413,1687.73,1677,1713,5.06667,0,69,889354,732584,1265923,34.2745,26.9283,58.4601
1133,16995,17009,15,PACKAGE_SCENE,50000000,12208,12208,6561,3946,7413,1106.87,611,1677,56.6667,0,165,485748,210285,969071,56.244,19.8353,104.704
1134,17010,17024,15,PACKAGE_SCENE,50000000,12208,12208,4658.33,3990,5995,603.533,601,607,0.8,0,12,282435,115862,413089,21.159,19.5419,25.3997
1135,17025,17039,15,PACKAGE_SCENE,50000000,12208,12208,3541.2,3378,3990,1084.27,602,1266,0.8,0,12,581275,143156,827272,23.8132,19.5458,30.2766
1136,17040,17054,15,PACKAGE_SCENE,50000000,12208,12208,4446,3378,4713,1698.6,1259,1836,1.2,0,18,1.1893e+06,723787,1771683,31.6512,20.6945,45.2702
1137,17055,17069,15,PACKAGE_SCENE,50000000,12208,12208,5497.8,4713,6021,2043.73,1806,2204,0.4,0,6,1.43225e+06,1139808,1846629,32.8632,23.6613,41.5603
1138,17070,17084,15,PACKAGE_SCENE,50000000,12208,12208,6018.67,6014,6021,2204.13,2202,2210,0.866667,0,13,1.45722e+06,1241686,1938166,35.3042,31.3095,43.5213
1139,17085,17099,15,PACKAGE_SCENE,50000000,12208,12208,6014,6014,6014,2208,2208,2208,0,0,0,1.52983e+06,1202387,1920953,40.8585,31.4792,60.7381
1140,17100,17114,15,PACKAGE_SCENE,50000000,12208,12208,6014,6014,6014,2208,2208,2208,0,0,0,1.53837e+06,1253582,1892099,35.4244,30.9136,50.1482
1141,17115,17129,15,PACKAGE_SCENE,50000000,12208,12208,6014,6014,6014,2208,2208,2208,0,0,0,1.54565e+06,1195309,1809913,35.1554,31.0785,43.0361
1142,17130,17144,15,PACKAGE_SCENE,50000000,12208,12208,6014,6014,6014,2208,2208,2208,0,0,0,1.63624e+06,1322457,2128158,35.702,24.4535,43.3614
1143,17145,17159,15,PACKAGE_SCENE,50000000,12208,12208,6014,6014,6014,2208,2208,2208,0,0,0,1.55628e+06,1311555,2069039,35.755,30.9971,41.3028
1144,17160,17174,15,PACKAGE_SCENE,50000000,12208,12208,6014,6014,6014,2208,2208,2208,0,0,0,1.58364e+06,1325631,2100180,37.4732,24.4346,49.6461
1145,17175,17189,15,PACKAGE_SCENE,50000000,12208,12208,6014,6014,6014,2208,2208,2208,0,0,0,1.568e+06,1148350,2045312,37.1429,25.0859,50.9033
1146,17190,17204,15,PACKAGE_SCENE,50000000,12208,12208,6014,6014,6014,2208,2208,2208,0,0,0,1.59745e+06,1262441,2066237,38.0048,24.4813,49.6665
1147,17205,17219,15,PACKAGE_SCENE,50000000,12208,12208,6014,6014,6014,2208,2208,2208,0,0,0,1.46849e+06,1332781,1725890,36.0779,30.9939,54.639
1148,17220,17234,15,PACKAGE_SCENE,50000000,12208,12208,6014,6014,6014,2208,2208,2208,0,0,0,1.62285e+06,1237464,2003433,40.3944,31.9575,49.638
1149,17235,17249,15,PACKAGE_SCENE,50000000,12208,12208,6014,6014,6014,2208,2208,2208,0,0,0,1.53416e+06,1265530,1811011,37.3395,32.9596,47.5665
1150,17250,17264,15,PACKAGE_SCENE,50000000,12208,12208,6014,6014,6014,2208,2208,2208,0,0,0,1.54003e+06,1266573,1950707,38.7772,32.8313,51.2743
1151,17265,17279,15,PACKAGE_SCENE,50000000,12208,12208,6014,6014,6014,2208,2208,2208,0,0,0,1.52276e+06,1375509,1764885,36.3285,23.6233,43.5385
1152,17280,17294,15,PACKAGE_SCENE,50000000,12208,12208,6014,6014,6014,2208,2208,2208,0,0,0,1.52244e+06,1125364,1819711,36.8608,26.0595,58.8152
1153,17295,17309,15,PACKAGE_SCENE,50000000,12208,12208,6014,6014,6014,2208,2208,2208,0,0,0,1.55858e+06,1387464,1782122,492.89,32.6908,6876.22
1154,17310,17324,15,PACKAGE_SCENE,50000000,12208,12208,6014,6014,6014,2208,2208,2208,0,0,0,1.60632e+06,1259990,1870053,386.294,31.0174,5268.79
1155,17325,17339,15,PACKAGE_SCENE,50000000,12208,12208,6014,6014,6014,2208,2208,2208,0,0,0,1.61591e+06,1367275,1980381,212.109,32.4105,2636.39
1156,17340,17354,15,PACKAGE_SCENE,50000000,12208,12208,6014,6014,6014,2208,2208,2208,0,0,0,1.58573e+06,1252321,1857207,187.876,30.5626,2300.82
1157,17355,17369,15,PACKAGE_SCENE,50000000,12208,12208,6014,6014,6014,2208,2208,2208,0,0,0,1.56165e+06,1357175,2070947,34.3687,29.6367,41.6487
1158,17370,17384,15,PACKAGE_SCENE,50000000,12208,12208,6014,6014,6014,2208,2208,2208,0,0,0,1.58985e+06,1263426,1901004,177.34,32.4228,2166.53
1159,17385,17399,15,PACKAGE_SCENE,50000000,12208,12208,6014,6014,6014,2208,2208,2208,0,0,0,1.57041e+06,1284375,1937846,148.017,23.7061,1735.46
1160,17400,17414,15,PACKAGE_SCENE,50000000,12208,12208,6014,6014,6014,2208,2208,2208,0,0,0,1.61036e+06,1403807,1918670,161.395,23.1979,1925.61
1161,17415,17429,15,PACKAGE_SCENE,50000000,12208,12208,6014,6014,6014,2208,2208,2208,0,0,0,1.56182e+06,1198029,2033899,112.276,30.5888,1179.9
1162,17430,17444,15,PACKAGE_SCENE,50000000,12208,12208,6014,6014,6014,2208,2208,2208,0,0,0,1.58408e+06,1191621,1984726,114.159,32.3361,1213.44
1163,17445,17459,15,PACKAGE_SCENE,50000000,12208,12208,6014,6014,6014,2208,2208,2208,0,0,0,1.55197e+06,1233179,1886439,37.4677,30.3364,46.2578
1164,17460,17474,15,PACKAGE_SCENE,50000000,12208,12208,6014,6014,6014,2208,2208,2208,0,0,0,1.59708e+06,1300620,1889494,119.994,28.4018,1307.78
1165,17475,17489,15,PACKAGE_SCENE,50000000,12208,12208,6014,6014,6014,2208,2208,2208,0,0,0,1.61307e+06,1286998,2015902,117.272,32.4805,1238.21
1166,17490,17504,15,PACKAGE_SCENE,50000000,12208,12208,6014,6014,6014,2208,2208,2208,0,0,0,1.49711e+06,1244339,1802126,130.712,32.2419,1436.11
1167,17505,17519,15,PACKAGE_SCENE,50000000,12208,12208,6014,6014,6014,2208,2208,2208,0,0,0,1.58945e+06,1281933,1846571,128.502,30.522,1400.41
1168,17520,17534,15,PACKAGE_SCENE,50000000,12208,12208,6014,6014,6014,2208,2208,2208,0,0,0,1.59804e+06,1337406,1866901,113.959,30.3946,1225.54
1169,17535,17549,15,PACKAGE_SCENE,50000000,12208,12208,6014,6014,6014,2208,2208,2208,0,0,0,1.4276e+06,1155609,1926240,33.4369,32.2352,41.7529
1170,17550,17564,15,PACKAGE_SCENE,50000000,12208,12208,6014,6014,6014,2208,2208,2208,0,0,0,1.6131e+06,1359244,1943261,123.631,30.8177,1335.86
1171,17565,17579,15,PACKAGE_SCENE,50000000,12208,12208,6014,6014,6014,2208,2208,2208,0,0,0,1.61547e+06,1415451,1842304,141.522,28.3753,1605.72
1172,17580,17594,15,PACKAGE_SCENE,50000000,12208,12208,6014,6014,6014,2208,2208,2208,0,0,0,1.53648e+06,1400844,1941191,128.191,30.7164,1408.82
1173,17595,17609,15,PACKAGE_SCENE,50000000,12208,12208,6014,6014,6014,2208,2208,2208,0,0,0,1.58245e+06,1290973,1777579,119.983,31.3674,1289.96
1174,17610,17624,15,PACKAGE_SCENE,50000000,12208,12208,6014,6014,6014,2208,2208,2208,0,0,0,1.56133e+06,1210815,1912108,176.426,32.3389,2098.38
1175,17625,17639,15,PACKAGE_SCENE,50000000,12208,12208,6014,6014,6014,2208,2208,2208,0,0,0,1.55354e+06,1246778,1931445,36.9138,30.2655,47.3192
1176,17640,17654,15,PACKAGE_SCENE,50000000,12208,12208,6014,6014,6014,2208,2208,2208,0,0,0,1.60167e+06,1278889,2070541,159.009,32.4707,1792.66
1177,17655,17669,15,PACKAGE_SCENE,50000000,12208,12208,6014,6014,6014,2208,2208,2208,0,0,0,1.52812e+06,1243481,1908110,166.094,32.6195,1931.33
1178,17670,17684,15,PACKAGE_SCENE,50000000,12208,12208,6014,6014,6014,2208,2208,2208,0,0,0,1.52565e+06,1241200,2232236,148.91,31.1418,1712.94
1179,17685,17699,15,PACKAGE_SCENE,50000000,12208,12208,6014,6014,6014,2208,2208,2208,0,0,0,1.4029e+06,1161575,1603661,155.069,23.8863,1818.78
1180,17700,17714,15,PACKAGE_SCENE,50000000,12208,12208,6014,6014,6014,2208,2208,2208,0,0,0,1.60715e+06,1305308,2134844,136.043,31.189,1537.7
1181,17715,17729,15,PACKAGE_SCENE,50000000,12208,12208,6014,6014,6014,2208,2208,2208,0,0,0,1.56304e+06,1220055,1962324,35.1255,32.4696,43.0008
1182,17730,17744,15,PACKAGE_SCENE,50000000,12208,12208,6014,6014,6014,2208,2208,2208,0,0,0,1.47953e+06,1181828,1896435,134.842,32.4489,1527.13
1183,17745,17759,15,PACKAGE_SCENE,50000000,12208,12208,6014,6014,6014,2208,2208,2208,0,0,0,1.58381e+06,1230540,1918611,150.23,30.1996,1711.34
1184,17760,17774,15,PACKAGE_SCENE,50000000,12208,12208,6014,6014,6014,2208,2208,2208,0,0,0,1.53366e+06,1318306,1807158,149.685,32.5457,1657.17
1185,17775,17789,15,PACKAGE_SCENE,50000000,12208,12208,6014,6014,6014,2208,2208,2208,0,0,0,1.46147e+06,1240389,1812006,144.568,27.9077,1652.38
1186,17790,17804,15,PACKAGE_SCENE,50000000,12208,12208,6014,6014,6014,2208,2208,2208,0,0,0,1.59009e+06,1417499,1819728,135.58,32.5951,1523.32
1187,17805,17819,15,PACKAGE_SCENE,50000000,12208,12208,6014,6014,6014,2208,2208,2208,0,0,0,1.46282e+06,1227010,1829453,35.4141,31.7143,40.818
1188,17820,17834,15,PACKAGE_SCENE,50000000,12208,12208,6014,6014,6014,2208,2208,2208,0,0,0,1.53639e+06,1247634,1876583,133.265,28.7377,1472.16
1189,17835,17849,15,PACKAGE_SCENE,50000000,12208,12208,6014,6014,6014,2208,2208,2208,0,0,0,1.54588e+06,1278694,1757656,135.389,31.0039,1527.91
1190,17850,17864,15,PACKAGE_SCENE,50000000,12208,12208,6014,6014,6014,2208,2208,2208,0,0,0,1.60925e+06,1392909,1856074,144.636,32.4181,1593.21
1191,17865,17879,15,PACKAGE_SCENE,50000000,12208,12208,6014,6014,6014,2208,2208,2208,0,0,0,1.59038e+06,1235434,1890456,138.689,32.5072,1574.22
1192,17880,17894,15,PACKAGE_SCENE,50000000,12208,12208,6014,6014,6014,2208,2208,2208,0,0,0,1.5785e+06,1279013,1767172,128.545,30.6096,1419.45
1193,17895,17909,15,PACKAGE_SCENE,50000000,12208,12208,6014,6014,6014,2208,2208,2208,0,0,0,1.5973e+06,1419435,1884311,35.231,32.4323,42.9867
1194,17910,17924,15,PACKAGE_SCENE,50000000,12208,12208,6014,6014,6014,2208,2208,2208,0,0,0,1.60823e+06,1379789,1847185,135.635,30.665,1525.93
1195,17925,17939,15,PACKAGE_SCENE,50000000,12208,12208,6014,6014,6014,2208,2208,2208,0,0,0,1.63341e+06,1250691,1919312,113.414,31.4896,1178.01
1196,17940,17954,15,PACKAGE_SCENE,50000000,12208,12208,6014,6014,6014,2208,2208,2208,0,0,0,1.60144e+06,1292158,1922710,109.478,32.5098,1116.93
1197,17955,17969,15,PACKAGE_SCENE,50000000,12208,12208,6014,6014,6014,2208,2208,2208,0,0,0,1.6542e+06,1439977,2000748,110.74,30.5189,1123.22
1198,17970,17984,15,PACKAGE_SCENE,50000000,12208,12208,6014,6014,6014,2208,2208,2208,0,0,0,1.57577e+06,1339248,1972566,793.048,30.6556,11250.7
1199,17985,17999,15,PACKAGE_SCENE,50000000,12208,12208,6014,6014,6014,2208,2208,2208,0,0,0,1.49461e+06,1146163,1733520,36.824,32.3151,47.8243
1200,18000,18014,15,PACKAGE_SCENE,50000000,12208,12208,6014,6014,6014,2208,2208,2208,0,0,0,1.52761e+06,1257928,1750764,35.2709,32.3336,39.7563
1201,18015,18029,15,PACKAGE_SCENE,50000000,12208,12208,6014,6014,6014,2208,2208,2208,0,0,0,1.60074e+06,1323368,1865276,35.8044,32.3943,42.2508
1202,18030,18044,15,PACKAGE_SCENE,50000000,12208,12208,6014,6014,6014,2208,2208,2208,0,0,0,1.48939e+06,1163722,1758137,36.8156,23.77,56.4729
1203,18045,18059,15,PACKAGE_SCENE,50000000,12208,12208,6014,6014,6014,2208,2208,2208,0,0,0,1.51467e+06,1265566,1718823,45.3016,32.0641,94.702
1204,18060,18074,15,PACKAGE_SCENE,50000000,12208,12208,6014,6014,6014,2208,2208,2208,0,0,0,1.52856e+06,1330616,1837546,35.0895,30.2677,41.9492
1205,18075,18089,15,PACKAGE_SCENE,50000000,12208,12208,6014,6014,6014,2208,2208,2208,0,0,0,1.57568e+06,1361830,1842695,34.0265,29.6625,39.8565
1206,18090,18104,15,PACKAGE_SCENE,50000000,12208,12208,6014,6014,6014,2208,2208,2208,0,0,0,1.62145e+06,1318601,1905114,35.0158,29.3042,47.2977
1207,18105,18119,15,PACKAGE_SCENE,50000000,12208,12208,6014,6014,6014,2208,2208,2208,0,0,0,1.57168e+06,1421404,1895759,35.0173,32.5121,45.4296
1208,18120,18134,15,PACKAGE_SCENE,50000000,12208,12208,6014,6014,6014,2208,2208,2208,0,0,0,1.60727e+06,1271194,2014721,36.2298,30.8475,51.0196
1209,18135,18149,15,PACKAGE_SCENE,50000000,12208,12208,6014,6014,6014,2208,2208,2208,0,0,0,1.51011e+06,1181733,1675231,34.9007,23.3566,42.7652
1210,18150,18164,15,PACKAGE_SCENE,50000000,12208,12208,6014,6014,6014,2208,2208,2208,0,0,0,1.52696e+06,1273799,1745803,35.4984,30.4059,42.9667
1211,18165,18179,15,PACKAGE_SCENE,50000000,12208,12208,6014,6014,6014,2208,2208,2208,0,0,0,1.52322e+06,1272741,1959091,35.4044,32.336,42.2032
1212,18180,18194,15,PACKAGE_SCENE,50000000,12208,12208,6014,6014,6014,2208,2208,2208,0,0,0,1.53772e+06,1191987,1988578,35.9618,23.5303,48.2497
1213,18195,18209,15,PACKAGE_SCENE,50000000,12208,12208,6014,6014,6014,2208,2208,2208,0,0,0,1.50826e+06,1267530,1728740,37.321,32.5697,49.8632
1214,18210,18224,15,PACKAGE_SCENE,50000000,12208,12208,6014,6014,6014,2208,2208,2208,0,0,0,1.55818e+06,1326527,1932389,38.9667,28.2848,90.9818
1215,18225,18239,15,PACKAGE_SCENE,50000000,12208,12208,6014,6014,6014,2208,2208,2208,0,0,0,1.54073e+06,1300261,1791633,37.9609,27.3628,66.1729
1216,18240,18254,15,PACKAGE_SCENE,50000000,12208,12208,6014,6014,6014,2208,2208,2208,0,0,0,1.52595e+06,1360431,1854964,35.4212,32.4487,40.2486
1217,18255,18269,15,PACKAGE_SCENE,50000000,12208,12208,6014,6014,6014,2208,2208,2208,0,0,0,1.51039e+06,1290737,1750038,39.4278,29.5154,61.1717
1218,18270,18284,15,PACKAGE_SCENE,50000000,12208,12208,6014,6014,6014,2208,2208,2208,0,0,0,1.50794e+06,1302012,1743467,35.557,31.837,41.5435
1219,18285,18299,15,PACKAGE_SCENE,50000000,12208,12208,6014,6014,6014,2208,2208,2208,0,0,0,1.57526e+06,1251487,1827481,33.9256,23.6315,43.5734
1220,18300,18314,15,PACKAGE_SCENE,50000000,12208,12208,6014,6014,6014,2208,2208,2208,0,0,0,1.52536e+06,1192792,1861282,33.7071,24.5558,40.6986
1221,18315,18329,15,PACKAGE_SCENE,50000000,12208,12208,6014,6014,6014,2208,2208,2208,0,0,0,1.55606e+06,1253153,1902346,36.3274,30.4017,44.6687
1222,18330,18344,15,PACKAGE_SCENE,50000000,12208,12208,6014,6014,6014,2208,2208,2208,0,0,0,1.55665e+06,1294325,1889108,35.0858,30.6024,46.3633
1223,18345,18359,15,PACKAGE_SCENE,50000000,12208,12208,6014,6014,6014,2208,2208,2208,0,0,0,1.58848e+06,1403070,2093419,35.227,33.2126,42.6362
1224,18360,18374,15,PACKAGE_SCENE,50000000,12208,12208,6014,6014,6014,2208,2208,2208,0,0,0,1.56548e+06,1308431,2180868,35.6201,30.7906,47.8534
1225,18375,18389,15,PACKAGE_SCENE,50000000,12208,12208,5087.8,4751,6014,1929.33,1828,2208,0.0666667,0,1,1.28448e+06,1020870,1745801,35.2651,23.2913,42.5951
1226,18390,18404,15,PACKAGE_SCENE,50000000,12208,12208,4474.73,2961,5865,1890.93,1282,2567,1.13333,0,5,1.33784e+06,556463,2225639,31.1652,21.0736,43.2349
1227,18405,18419,15,PACKAGE_SCENE,50000000,12208,12208,4216.6,2902,5893,1462.87,968,2388,1.4,0,6,1.07379e+06,499505,1623569,27.4519,20.14,40.3544
1228,18420,18434,15,PACKAGE_SCENE,50000000,12208,12208,4711.33,3676,5229,1463,1126,1735,0,0,0,913073,599010,1250613,33.9966,22.519,56.0012
1229,18435,18449,15,PACKAGE_SCENE,50000000,12208,12208,5789.27,3719,6677,1771.47,1155,2090,0.0666667,0,1,1.09654e+06,478241,1438023,34.2265,20.5531,49.0623
1230,18450,18464,15,PACKAGE_SCENE,50000000,12208,12208,2278.13,1700,3719,1410.6,1155,1989,0.133333,0,2,1.23063e+06,614937,2411171,28.3374,20.4829,36.7896
1231,18465,18479,15,PACKAGE_SCENE,50000000,12208,12208,2380.13,2296,2927,2048.73,1989,2437,0.133333,0,2,1.71862e+06,1010485,2361228,34.9901,30.2041,42.9839
1232,18480,18494,15,PACKAGE_SCENE,50000000,12208,12208,2933.53,2927,2941,2444.47,2437,2453,0.333333,0,5,2.13775e+06,1402150,3048741,37.0759,30.7185,48.1907
1233,18495,18509,15,PACKAGE_SCENE,50000000,12208,12208,2941,2941,2941,2453,2453,2453,0,0,0,2.10976e+06,1402646,3252923,36.6726,31.363,42.6971
1234,18510,18524,15,PACKAGE_SCENE,50000000,12208,12208,2941,2941,2941,2453,2453,2453,0,0,0,1.89102e+06,1486054,2921191,40.6596,33.3006,55.9509
1235,18525,18539,15,PACKAGE_SCENE,50000000,12208,12208,2941,2941,2941,2453,2453,2453,0,0,0,2.13046e+06,1224294,3207675,36.7992,32.9329,41.1978
1236,18540,18554,15,PACKAGE_SCENE,50000000,12208,12208,2941,2941,2941,2453,2453,2453,0,0,0,2.05181e+06,1284865,2601558,39.1732,33.0133,53.9042
1237,18555,18569,15,PACKAGE_SCENE,50000000,12208,12208,2941,2941,2941,2453,2453,2453,0,0,0,1.99817e+06,1251825,2672489,41.6731,33.3167,92.2681
1238,18570,18584,15,PACKAGE_SCENE,50000000,12208,12208,2941,2941,2941,2453,2453,2453,0,0,0,2.08988e+06,1582481,2644996,39.4076,33.0537,48.7406
1239,18585,18599,15,PACKAGE_SCENE,50000000,12208,12208,2941,2941,2941,2453,2453,2453,0,0,0,2.11757e+06,1577206,3301897,554.821,32.3337,7773.76
1240,18600,18614,15,PACKAGE_SCENE,50000000,12208,12208,2941,2941,2941,2453,2453,2453,0,0,0,1.94528e+06,1228532,2506569,409.977,32.7585,5596.59
1241,18615,18629,15,PACKAGE_SCENE,50000000,12208,12208,2941,2941,2941,2453,2453,2453,0,0,0,2.19838e+06,1459161,2720614,230.349,31.0438,2899.57
1242,18630,18644,15,PACKAGE_SCENE,50000000,12208,12208,2941,2941,2941,2453,2453,2453,0,0,0,1.93165e+06,1523556,2466040,199.463,32.4148,2483.29
1243,18645,18659,15,PACKAGE_SCENE,50000000,12208,12208,2941,2941,2941,2453,2453,2453,0,0,0,2.02842e+06,1346500,2995133,201.613,32.715,2484.01
1244,18660,18674,15,PACKAGE_SCENE,50000000,12208,12208,2941,2941,2941,2453,2453,2453,0,0,0,1.93609e+06,1402369,2599339,37.7415,32.6596,51.0605
1245,18675,18689,15,PACKAGE_SCENE,50000000,12208,12208,2941,2941,2941,2453,2453,2453,0,0,0,2.1228e+06,1401462,2941934,172.489,32.244,2065.54
1246,18690,18704,15,PACKAGE_SCENE,50000000,12208,12208,2941,2941,2941,2453,2453,2453,0,0,0,2.10773e+06,1455095,2813709,178.918,32.3443,2146.46
1247,18705,18719,15,PACKAGE_SCENE,50000000,12208,12208,2941,2941,2941,2453,2453,2453,0,0,0,2.0014e+06,1221966,2703497,126.863,29.3831,1403.7
1248,18720,18734,15,PACKAGE_SCENE,50000000,12208,12208,2941,2941,2941,2453,2453,2453,0,0,0,2.30468e+06,1649744,3015675,119.976,30.4281,1266.7
1249,18735,18749,15,PACKAGE_SCENE,50000000,12208,12208,2941,2941,2941,2453,2453,2453,0,0,0,2.2222e+06,1410621,3338586,114.85,32.1921,1230.93
1250,18750,18764,15,PACKAGE_SCENE,50000000,12208,12208,2941,2941,2941,2453,2453,2453,0,0,0,1.92873e+06,1420500,2564040,36.9287,32.4502,48.7037
1251,18765,18779,15,PACKAGE_SCENE,50000000,12208,12208,2941,2941,2941,2453,2453,2453,0,0,0,2.03831e+06,1171248,2920836,131.134,30.2536,1414.05
1252,18780,18794,15,PACKAGE_SCENE,50000000,12208,12208,2941,2941,2941,2453,2453,2453,0,0,0,2.05898e+06,1399372,2795990,121.105,32.4638,1267.4
1253,18795,18809,15,PACKAGE_SCENE,50000000,12208,12208,2941,2941,2941,2453,2453,2453,0,0,0,2.28569e+06,1512244,2796246,125.09,32.3355,1334.96
1254,18810,18824,15,PACKAGE_SCENE,50000000,12208,12208,2941,2941,2941,2453,2453,2453,0,0,0,2.13103e+06,1573621,3102154,119.852,30.4716,1263.03
1255,18825,18839,15,PACKAGE_SCENE,50000000,12208,12208,2941,2941,2941,2453,2453,2453,0,0,0,2.31388e+06,1326884,3829757,123.624,32.4817,1313.18
1256,18840,18854,15,PACKAGE_SCENE,50000000,12208,12208,2941,2941,2941,2453,2453,2453,0,0,0,1.92619e+06,1410581,2759897,38.0004,32.2215,48.4126
1257,18855,18869,15,PACKAGE_SCENE,50000000,12208,12208,2941,2941,2941,2453,2453,2453,0,0,0,1.95621e+06,1376576,2937578,133.426,32.1978,1447.78
1258,18870,18884,15,PACKAGE_SCENE,50000000,12208,12208,2941,2941,2941,2453,2453,2453,0,0,0,2.07836e+06,1570030,2929885,134.449,32.4489,1485.98
1259,18885,18899,15,PACKAGE_SCENE,50000000,12208,12208,2941,2941,2941,2453,2453,2453,0,0,0,2.02315e+06,1193143,2614836,118.684,32.4526,1281.53
1260,18900,18914,15,PACKAGE_SCENE,50000000,12208,12208,2941,2941,2941,2453,2453,2453,0,0,0,2.05489e+06,1672901,2632638,183.585,32.3696,2206.19
1261,18915,18929,15,PACKAGE_SCENE,50000000,12208,12208,2941,2941,2941,2453,2453,2453,0,0,0,2.03061e+06,1211628,2899185,151.695,29.0982,1779.28
1262,18930,18944,15,PACKAGE_SCENE,50000000,12208,12208,2941,2941,2941,2453,2453,2453,0,0,0,2.02417e+06,1239325,2887118,35.6316,23.2232,42.0209
1263,18945,18959,15,PACKAGE_SCENE,50000000,12208,12208,2941,2941,2941,2453,2453,2453,0,0,0,1.98087e+06,1481123,2883994,139.16,32.1298,1555.05
1264,18960,18974,15,PACKAGE_SCENE,50000000,12208,12208,2941,2941,2941,2453,2453,2453,0,0,0,2.01895e+06,1470866,2576249,135.312,29.5675,1532.02
1265,18975,18989,15,PACKAGE_SCENE,50000000,12208,12208,2941,2941,2941,2453,2453,2453,0,0,0,2.17388e+06,1400863,2880799,142.079,32.2411,1578.77
1266,18990,19004,15,PACKAGE_SCENE,50000000,12208,12208,2941,2941,2941,2453,2453,2453,0,0,0,1.82002e+06,1263312,2393610,137.311,32.1422,1546.32
1267,19005,19019,15,PACKAGE_SCENE,50000000,12208,12208,2941,2941,2941,2453,2453,2453,0,0,0,2.07673e+06,1364480,3494490,143.549,29.1001,1625.71
1268,19020,19034,15,PACKAGE_SCENE,50000000,12208,12208,2941,2941,2941,2453,2453,2453,0,0,0,2.21266e+06,1273074,3065703,38.1423,32.3376,56.1134
1269,19035,19049,15,PACKAGE_SCENE,50000000,12208,12208,2941,2941,2941,2453,2453,2453,0,0,0,2.13181e+06,1483778,2796853,146.29,30.4254,1663.15
1270,19050,19064,15,PACKAGE_SCENE,50000000,12208,12208,2941,2941,2941,2453,2453,2453,0,0,0,2.06336e+06,1381742,3075845,160.642,32.2743,1762.57
1271,19065,19079,15,PACKAGE_SCENE,50000000,12208,12208,2941,2941,2941,2453,2453,2453,0,0,0,1.94428e+06,1278643,2634339,164.744,32.3513,1841.67
1272,19080,19094,15,PACKAGE_SCENE,50000000,12208,12208,2941,2941,2941,2453,2453,2453,0,0,0,1.86835e+06,1233207,2811940,165.216,32.2679,1909.06
1273,19095,19109,15,PACKAGE_SCENE,50000000,12208,12208,2941,2941,2941,2453,2453,2453,0,0,0,2.03424e+06,1404364,2798674,148.86,30.3066,1714.98
1274,19110,19124,15,PACKAGE_SCENE,50000000,12208,12208,2941,2941,2941,2453,2453,2453,0,0,0,2.33915e+06,1443529,3446967,35.3035,28.0006,46.696
1275,19125,19139,15,PACKAGE_SCENE,50000000,12208,12208,2941,2941,2941,2453,2453,2453,0,0,0,2.23952e+06,1254952,3350022,144.877,31.0838,1605.42
1276,19140,19154,15,PACKAGE_SCENE,50000000,12208,12208,2941,2941,2941,2453,2453,2453,0,0,0,2.12903e+06,1592745,3135849,153.996,30.408,1673.5
1277,19155,19169,15,PACKAGE_SCENE,50000000,12208,12208,2941,2941,2941,2453,2453,2453,0,0,0,2.09675e+06,1328790,2553566,168.439,32.3732,1869.94
1278,19170,19184,15,PACKAGE_SCENE,50000000,12208,12208,2941,2941,2941,2453,2453,2453,0,0,0,1.81539e+06,1393093,2314680,154.822,31.5794,1805.18
1279,19185,19199,15,PACKAGE_SCENE,50000000,12208,12208,2941,2941,2941,2453,2453,2453,0,0,0,2.13233e+06,1605571,3184913,169.693,30.4039,2012.26
1280,19200,19214,15,PACKAGE_SCENE,50000000,12208,12208,2941,2941,2941,2453,2453,2453,0,0,0,2.16461e+06,1161720,3419859,35.8692,27.8728,43.099
1281,19215,19229,15,PACKAGE_SCENE,50000000,12208,12208,2941,2941,2941,2453,2453,2453,0,0,0,1.94241e+06,1096062,2668154,135.597,32.7167,1450.98
1282,19230,19244,15,PACKAGE_SCENE,50000000,12208,12208,2941,2941,2941,2453,2453,2453,0,0,0,2.26608e+06,1599949,3221689,117.142,32.4369,1254.95
1283,19245,19259,15,PACKAGE_SCENE,50000000,12208,12208,2941,2941,2941,2453,2453,2453,0,0,0,2.2708e+06,1299968,3222798,110.692,32.46,1121.73
1284,19260,19274,15,PACKAGE_SCENE,50000000,12208,12208,2941,2941,2941,2453,2453,2453,0,0,0,2.01842e+06,1717159,2329786,655.198,32.2618,9286.98
1285,19275,19289,15,PACKAGE_SCENE,50000000,12208,12208,2941,2941,2941,2453,2453,2453,0,0,0,2.014e+06,1308682,2817074,36.7118,32.9675,44.4271
1286,19290,19304,15,PACKAGE_SCENE,50000000,12208,12208,2941,2941,2941,2453,2453,2453,0,0,0,2.23856e+06,1294421,2981284,37.0918,32.6561,42.729
1287,19305,19319,15,PACKAGE_SCENE,50000000,12208,12208,2941,2941,2941,2453,2453,2453,0,0,0,1.99847e+06,1534552,3107033,36.5802,32.1472,42.2266
1288,19320,19334,15,PACKAGE_SCENE,50000000,12208,12208,2941,2941,2941,2453,2453,2453,0,0,0,2.22817e+06,1430687,3023887,36.5044,32.4115,42.2166
1289,19335,19349,15,PACKAGE_SCENE,50000000,12208,12208,2941,2941,2941,2453,2453,2453,0,0,0,2.32052e+06,1447204,3156311,46.1959,29.9677,86.6707
1290,19350,19364,15,PACKAGE_SCENE,50000000,12208,12208,2941,2941,2941,2453,2453,2453,0,0,0,2.08443e+06,1465752,2865928,38.9613,32.6825,52.5698
1291,19365,19379,15,PACKAGE_SCENE,50000000,12208,12208,2941,2941,2941,2453,2453,2453,0,0,0,2.17214e+06,1527926,3866232,35.5574,30.6191,42.7841
1292,19380,19394,15,PACKAGE_SCENE,50000000,12208,12208,2941,2941,2941,2453,2453,2453,0,0,0,2.14705e+06,1682006,3131213,38.7621,32.646,43.4572
1293,19395,19409,15,PACKAGE_SCENE,50000000,12208,12208,2941,2941,2941,2453,2453,2453,0,0,0,2.13745e+06,1296240,3313914,37.6783,32.9942,43.198
1294,19410,19424,15,PACKAGE_SCENE,50000000,12208,12208,2941,2941,2941,2453,2453,2453,0,0,0,2.00775e+06,1266538,2727067,38.5726,33.1235,46.0018
1295,19425,19439,15,PACKAGE_SCENE,50000000,12208,12208,2528.93,1714,2941,2136.07,1463,2453,0.133333,0,1,1.768e+06,823272,2536455,34.358,20.2275,46.5723
1296,19440,19454,15,PACKAGE_SCENE,50000000,12208,12208,3039.87,1714,4264,1482.53,1297,1835,11.2,0,113,973730,515104,1688915,34.8452,20.8494,73.0781
1297,19455,19469,15,PACKAGE_SCENE,50000000,12208,12208,5111.73,4264,5420,2096.8,1824,2196,4.66667,0,70,1.44453e+06,949888,1892847,36.9113,31.306,60.1693
1298,19470,19484,15,PACKAGE_SCENE,50000000,12208,12208,5440,5440,5440,2213,2213,2213,5.73333,0,86,1.46719e+06,1131009,2100238,37.792,32.2976,72.3366
1299,19485,19499,15,PACKAGE_SCENE,50000000,12208,12208,5440,5440,5440,2213,2213,2213,0,0,0,1.5118e+06,1228603,1870568,35.9017,30.8876,45.7083
1300,19500,19514,15,PACKAGE_SCENE,50000000,12208,12208,5440,5440,5440,2213,2213,2213,0,0,0,1.44193e+06,1145125,1779357,37.2654,32.9274,49.1219
1301,19515,19529,15,PACKAGE_SCENE,50000000,12208,12208,5440,5440,5440,2213,2213,2213,0,0,0,1.46981e+06,1187484,1963426,33.9164,29.8227,47.8281
1302,19530,19544,15,PACKAGE_SCENE,50000000,12208,12208,5440,5440,5440,2213,2213,2213,0,0,0,1.47968e+06,1068917,1831937,34.1917,23.2508,44.4641
1303,19545,19559,15,PACKAGE_SCENE,50000000,12208,12208,5440,5440,5440,2213,2213,2213,0,0,0,1.42979e+06,1213807,1702799,35.147,28.8076,42.7125
1304,19560,19574,15,PACKAGE_SCENE,50000000,12208,12208,5440,5440,5440,2213,2213,2213,0,0,0,1.48228e+06,1198512,1749251,37.5745,32.1183,48.0677
1305,19575,19589,15,PACKAGE_SCENE,50000000,12208,12208,10761.2,10050,10812,2761.8,2761,2765,0.2,0,3,2.03283e+06,1566885,2665853,38.9198,31.8632,48.3524
1306,19590,19604,15,PACKAGE_SCENE,50000000,12208,12208,10812,10812,10812,2761,2761,2761,0,0,0,1.93292e+06,1604557,2663252,38.3611,33.3146,44.6332
1307,19605,19619,15,PACKAGE_SCENE,50000000,12208,12208,10812,10812,10812,2761,2761,2761,0,0,0,1.99369e+06,1757423,2354429,41.778,35.2608,50.8523
1308,19620,19634,15,PACKAGE_SCENE,50000000,12208,12208,10812,10812,10812,2761,2761,2761,0,0,0,1.88191e+06,1528299,2178464,40.87,35.2475,49.1753
1309,19635,19649,15,PACKAGE_SCENE,50000000,12208,12208,10812,10812,10812,2761,2761,2761,0,0,0,1.87283e+06,1571900,2177492,41.7587,35.1511,49.8307
1310,19650,19664,15,PACKAGE_SCENE,50000000,12208,12208,10812,10812,10812,2761,2761,2761,0,0,0,1.9293e+06,1553813,2339637,42.0949,35.3339,51.3656
1311,19665,19679,15,PACKAGE_SCENE,50000000,12208,12208,10812,10812,10812,2761,2761,2761,0,0,0,1.95184e+06,1515268,2364239,43.3901,35.6365,50.7104
1312,19680,19694,15,PACKAGE_SCENE,50000000,12208,12208,10812,10812,10812,2761,2761,2761,0,0,0,1.8606e+06,1569433,2221572,45.164,35.2518,74.6128
1313,19695,19709,15,PACKAGE_SCENE,50000000,12208,12208,10812,10812,10812,2761,2761,2761,0,0,0,2.05843e+06,1780311,2471280,41.8191,35.5733,51.844
1314,19710,19724,15,PACKAGE_SCENE,50000000,12208,12208,10812,10812,10812,2761,2761,2761,0,0,0,1.84985e+06,1562925,2284529,511.252,34.2633,7111.74
1315,19725,19739,15,PACKAGE_SCENE,50000000,12208,12208,10812,10812,10812,2761,2761,2761,0,0,0,2.05664e+06,1526691,2432852,450.785,34.8437,6147.61
1316,19740,19754,15,PACKAGE_SCENE,50000000,12208,12208,10812,10812,10812,2761,2761,2761,0,0,0,1.97058e+06,1610438,2453610,226.669,34.7615,2823.79
1317,19755,19769,15,PACKAGE_SCENE,50000000,12208,12208,10812,10812,10812,2761,2761,2761,0,0,0,2.14096e+06,1777299,2585065,199.625,34.6738,2433.49
1318,19770,19784,15,PACKAGE_SCENE,50000000,12208,12208,10812,10812,10812,2761,2761,2761,0,0,0,1.96907e+06,1587525,2244477,206.414,34.4706,2520.82
1319,19785,19799,15,PACKAGE_SCENE,50000000,12208,12208,10812,10812,10812,2761,2761,2761,0,0,0,1.89873e+06,1491894,2286961,41.7513,33.5954,53.7868
1320,19800,19814,15,PACKAGE_SCENE,50000000,12208,12208,10812,10812,10812,2761,2761,2761,0,0,0,1.89819e+06,1655633,2427842,177.668,34.2635,2092.2
1321,19815,19829,15,PACKAGE_SCENE,50000000,12208,12208,10812,10812,10812,2761,2761,2761,0,0,0,2.00827e+06,1485920,2678785,201.812,34.8735,2373.49
1322,19830,19844,15,PACKAGE_SCENE,50000000,12208,12208,10812,10812,10812,2761,2761,2761,0,0,0,1.93277e+06,1516794,2585666,139.633,33.8155,1549.89
1323,19845,19859,15,PACKAGE_SCENE,50000000,12208,12208,10812,10812,10812,2761,2761,2761,0,0,0,1.96259e+06,1742712,2305783,127.355,34.4345,1355.55
1324,19860,19874,15,PACKAGE_SCENE,50000000,12208,12208,10812,10812,10812,2761,2761,2761,0,0,0,1.87675e+06,1554497,2325650,128.55,25.5461,1344.21
1325,19875,19889,15,PACKAGE_SCENE,50000000,12208,12208,10812,10812,10812,2761,2761,2761,0,0,0,1.95089e+06,1694288,2225078,39.4138,34.645,45.0173
1326,19890,19904,15,PACKAGE_SCENE,50000000,12208,12208,10812,10812,10812,2761,2761,2761,0,0,0,1.97555e+06,1495084,2381259,129.257,32.7329,1356.21
1327,19905,19919,15,PACKAGE_SCENE,50000000,12208,12208,10812,10812,10812,2761,2761,2761,0,0,0,1.942e+06,1504226,2702243,128.21,34.5553,1355.05
1328,19920,19934,15,PACKAGE_SCENE,50000000,12208,12208,10812,10812,10812,2761,2761,2761,0,0,0,1.94217e+06,1590924,2537258,125.359,34.5262,1321.83
1329,19935,19949,15,PACKAGE_SCENE,50000000,12208,12208,10812,10812,10812,2761,2761,2761,0,0,0,1.90285e+06,1512675,2477312,121.678,34.3982,1262.4
1330,19950,19964,15,PACKAGE_SCENE,50000000,12208,12208,10812,10812,10812,2761,2761,2761,0,0,0,1.96786e+06,1601394,2326600,125.298,34.567,1306.11
1331,19965,19979,15,PACKAGE_SCENE,50000000,12208,12208,10812,10812,10812,2761,2761,2761,0,0,0,1.95638e+06,1635953,2666885,38.1572,32.5343,44.2221
1332,19980,19994,15,PACKAGE_SCENE,50000000,12208,12208,10812,10812,10812,2761,2761,2761,0,0,0,2.02406e+06,1597514,2483345,125.741,34.6252,1308.59
1333,19995,20009,15,PACKAGE_SCENE,50000000,12208,12208,10812,10812,10812,2761,2761,2761,0,0,0,1.90234e+06,1496554,2487071,129.935,32.538,1370.95
1334,20010,20024,15,PACKAGE_SCENE,50000000,12208,12208,10812,10812,10812,2761,2761,2761,0,0,0,1.98505e+06,1757969,2385500,132.143,34.7166,1409.25
1335,20025,20039,15,PACKAGE_SCENE,50000000,12208,12208,10812,10812,10812,2761,2761,2761,0,0,0,1.92727e+06,1640070,2363820,183.65,32.3167,2189.6
1336,20040,20054,15,PACKAGE_SCENE,50000000,12208,12208,10812,10812,10812,2761,2761,2761,0,0,0,1.9961e+06,1672853,2400561,152.813,32.8761,1740.25
1337,20055,20069,15,PACKAGE_SCENE,50000000,12208,12208,10812,10812,10812,2761,2761,2761,0,0,0,2.02856e+06,1742746,2646384,39.5479,34.6224,49.0961
1338,20070,20084,15,PACKAGE_SCENE,50000000,12208,12208,10812,10812,10812,2761,2761,2761,0,0,0,1.99922e+06,1519612,2472582,148.532,34.7381,1628.82
1339,20085,20099,15,PACKAGE_SCENE,50000000,12208,12208,10812,10812,10812,2761,2761,2761,0,0,0,2.07664e+06,1605813,2529613,154.569,34.5046,1749.64
1340,20100,20114,15,PACKAGE_SCENE,50000000,12208,12208,10812,10812,10812,2761,2761,2761,0,0,0,2.03502e+06,1579341,2421411,145.41,34.5638,1642.99
1341,20115,20129,15,PACKAGE_SCENE,50000000,12208,12208,10812,10812,10812,2761,2761,2761,0,0,0,1.89832e+06,1592516,2448595,141.371,33.0986,1555.22
1342,20130,20144,15,PACKAGE_SCENE,50000000,12208,12208,10812,10812,10812,2761,2761,2761,0,0,0,1.93883e+06,1549725,2261865,144.79,32.5867,1606.03
1343,20145,20159,15,PACKAGE_SCENE,50000000,12208,12208,10812,10812,10812,2761,2761,2761,0,0,0,1.99004e+06,1649297,2431237,37.444,34.4524,49.9593
1344,20160,20174,15,PACKAGE_SCENE,50000000,12208,12208,10812,10812,10812,2761,2761,2761,0,0,0,2.0911e+06,1451110,2761251,143.243,32.7651,1580.92
1345,20175,20189,15,PACKAGE_SCENE,50000000,12208,12208,10812,10812,10812,2761,2761,2761,0,0,0,1.9374e+06,1684833,2252874,143.445,34.1228,1591.77
1346,20190,20204,15,PACKAGE_SCENE,50000000,12208,12208,10812,10812,10812,2761,2761,2761,0,0,0,1.92375e+06,1562258,2484876,145.354,34.489,1591.8
1347,20205,20219,15,PACKAGE_SCENE,50000000,12208,12208,10812,10812,10812,2761,2761,2761,0,0,0,1.95363e+06,1435161,2247172,146.968,34.3529,1632.06
1348,20220,20234,15,PACKAGE_SCENE,50000000,12208,12208,10812,10812,10812,2761,2761,2761,0,0,0,2.07439e+06,1739022,2495484,147.745,34.8459,1631.06
1349,20235,20249,15,PACKAGE_SCENE,50000000,12208,12208,10812,10812,10812,2761,2761,2761,0,0,0,1.98938e+06,1552982,2554532,39.6114,34.7512,48.5866
1350,20250,20264,15,PACKAGE_SCENE,50000000,12208,12208,10812,10812,10812,2761,2761,2761,0,0,0,1.93166e+06,1688622,2183872,146.192,34.9211,1599.01
1351,20265,20279,15,PACKAGE_SCENE,50000000,12208,12208,10812,10812,10812,2761,2761,2761,0,0,0,1.87838e+06,1616054,2372848,149.91,34.6759,1639.68
1352,20280,20294,15,PACKAGE_SCENE,50000000,12208,12208,10812,10812,10812,2761,2761,2761,0,0,0,2.05252e+06,1541514,2914316,161.265,34.5863,1817.5
1353,20295,20309,15,PACKAGE_SCENE,50000000,12208,12208,10812,10812,10812,2761,2761,2761,0,0,0,1.96377e+06,1549741,2512869,147.895,33.7303,1644.68
1354,20310,20324,15,PACKAGE_SCENE,50000000,12208,12208,10812,10812,10812,2761,2761,2761,0,0,0,1.98741e+06,1488136,2279413,151.767,34.5879,1704.11
1355,20325,20339,15,PACKAGE_SCENE,50000000,12208,12208,10812,10812,10812,2761,2761,2761,0,0,0,1.9669e+06,1699738,2201977,37.7261,34.4263,48.7459
1356,20340,20354,15,PACKAGE_SCENE,50000000,12208,12208,10812,10812,10812,2761,2761,2761,0,0,0,1.90611e+06,1568869,2595698,122.087,34.8245,1225.05
1357,20355,20369,15,PACKAGE_SCENE,50000000,12208,12208,10812,10812,10812,2761,2761,2761,0,0,0,1.97317e+06,1658800,2402862,121.916,34.7149,1249.35
1358,20370,20384,15,PACKAGE_SCENE,50000000,12208,12208,10812,10812,10812,2761,2761,2761,0,0,0,2.08286e+06,1550366,2598120,113.735,34.6432,1149
1359,20385,20399,15,PACKAGE_SCENE,50000000,12208,12208,10812,10812,10812,2761,2761,2761,0,0,0,1.98827e+06,1623705,2411924,671.235,32.6455,9497.29
1360,20400,20414,15,PACKAGE_SCENE,50000000,12208,12208,10812,10812,10812,2761,2761,2761,0,0,0,1.93888e+06,1549956,2515596,40.2552,34.718,44.2063
1361,20415,20429,15,PACKAGE_SCENE,50000000,12208,12208,10812,10812,10812,2761,2761,2761,0,0,0,1.98057e+06,1635638,2477834,40.9579,33.2078,52.9289
1362,20430,20444,15,PACKAGE_SCENE,50000000,12208,12208,10812,10812,10812,2761,2761,2761,0,0,0,2.07778e+06,1770918,2376180,42.1738,33.4099,49.4642
1363,20445,20459,15,PACKAGE_SCENE,50000000,12208,12208,10812,10812,10812,2761,2761,2761,0,0,0,2.00112e+06,1760305,2356997,49.5046,35.5868,100.723
1364,20460,20474,15,PACKAGE_SCENE,50000000,12208,12208,10812,10812,10812,2761,2761,2761,0,0,0,1.98979e+06,1544376,2533007,38.5805,34.8017,45.4292
1365,20475,20489,15,PACKAGE_SCENE,50000000,12208,12208,10812,10812,10812,2761,2761,2761,0,0,0,1.8413e+06,1589612,2272627,41.1892,27.3972,63.5467
1366,20490,20504,15,PACKAGE_SCENE,50000000,12208,12208,10812,10812,10812,2761,2761,2761,0,0,0,2.03733e+06,1870561,2409489,40.0142,34.5715,47.4828
1367,20505,20519,15,PACKAGE_SCENE,50000000,12208,12208,10812,10812,10812,2761,2761,2761,0,0,0,1.95268e+06,1651148,2490466,40.2984,35.2045,44.827
1368,20520,20534,15,PACKAGE_SCENE,50000000,12208,12208,9603.73,6844,10812,2458.93,1716,2761,1.93333,0,27,1.60641e+06,973000,2086903,38.4187,31.6256,46.03
1369,20535,20549,15,PACKAGE_SCENE,50000000,12208,12208,7204.8,6844,7336,1289.8,1122,1716,2.2,0,33,911250,510639,1233815,29.2275,19.9111,48.3086
1370,20550,20564,15,PACKAGE_SCENE,50000000,12208,12208,10178,7336,11261,1392.93,1122,1726,2.26667,0,19,1.22249e+06,523660,1657289,29.4717,20.6347,41.8721
1371,20565,20579,15,PACKAGE_SCENE,50000000,12208,12208,11263.7,11261,11266,1524.13,1448,1599,1.73333,0,26,1.45167e+06,1246037,1802804,30.6697,22.0919,39.564
1372,20580,20594,15,PACKAGE_SCENE,50000000,12208,12208,8432.13,7048,9723,1210.13,1119,1794,1.33333,0,12,955473,611116,1526134,26.833,20.5731,30.8092
1373,20595,20609,15,PACKAGE_SCENE,50000000,12208,12208,8369.67,7048,10305,2189.33,1794,2756,0.333333,0,4,1.34279e+06,858639,1864815,35.37,28.6186,45.8881
1374,20610,20624,15,PACKAGE_SCENE,50000000,12208,12208,10303,10300,10305,2756,2756,2756,0.133333,0,2,1.9619e+06,1704763,2378931,39.7086,35.6351,50.1161
1375,20625,20639,15,PACKAGE_SCENE,50000000,12208,12208,10300,10300,10300,2756,2756,2756,0,0,0,2.06488e+06,1709512,2354006,41.6748,35.6705,60.129
1376,20640,20654,15,PACKAGE_SCENE,50000000,12208,12208,10300,10300,10300,2756,2756,2756,0,0,0,1.95971e+06,1671035,2232962,38.0618,35.5644,45.5149
1377,20655,20669,15,PACKAGE_SCENE,50000000,12208,12208,10300,10300,10300,2756,2756,2756,0,0,0,1.90063e+06,1512608,2222592,41.4114,35.5002,52.5082
1378,20670,20684,15,PACKAGE_SCENE,50000000,12208,12208,10300,10300,10300,2756,2756,2756,0,0,0,1.99106e+06,1647019,2437671,42.4319,36.0246,52.4606
1379,20685,20699,15,PACKAGE_SCENE,50000000,12208,12208,10300,10300,10300,2756,2756,2756,0,0,0,1.96507e+06,1587115,2797618,455.779,35.9993,6243.9
1380,20700,20714,15,PACKAGE_SCENE,50000000,12208,12208,10300,10300,10300,2756,2756,2756,0,0,0,1.99025e+06,1745740,2308626,40.942,35.2708,54.1453
1381,20715,20729,15,PACKAGE_SCENE,50000000,12208,12208,10300,10300,10300,2756,2756,2756,0,0,0,1.98924e+06,1800988,2128359,364.204,34.4859,4878.56
1382,20730,20744,15,PACKAGE_SCENE,50000000,12208,12208,10300,10300,10300,2756,2756,2756,0,0,0,1.94933e+06,1699693,2260692,221.36,32.0198,2751.62
1383,20745,20759,15,PACKAGE_SCENE,50000000,12208,12208,10300,10300,10300,2756,2756,2756,0,0,0,2.00437e+06,1648752,2494552,234.808,35.1723,2948.83
1384,20760,20774,15,PACKAGE_SCENE,50000000,12208,12208,10300,10300,10300,2756,2756,2756,0,0,0,2.04945e+06,1761416,2402998,208.571,35.0326,2544.83
1385,20775,20789,15,PACKAGE_SCENE,50000000,12208,12208,10300,10300,10300,2756,2756,2756,0,0,0,2.00824e+06,1460358,2706467,168.973,34.8246,1991.48
1386,20790,20804,15,PACKAGE_SCENE,50000000,12208,12208,10300,10300,10300,2756,2756,2756,0,0,0,1.9089e+06,1590775,2330352,39.3403,33.8179,46.0565
1387,20805,20819,15,PACKAGE_SCENE,50000000,12208,12208,10300,10300,10300,2756,2756,2756,0,0,0,1.91174e+06,1552332,2188695,182.514,35.0589,2168.01
1388,20820,20834,15,PACKAGE_SCENE,50000000,12208,12208,10300,10300,10300,2756,2756,2756,0,0,0,1.87302e+06,1467513,2311174,129.692,34.7075,1344.24
1389,20835,20849,15,PACKAGE_SCENE,50000000,12208,12208,10300,10300,10300,2756,2756,2756,0,0,0,1.94174e+06,1785149,2145707,137.489,34.8015,1453.39
1390,20850,20864,15,PACKAGE_SCENE,50000000,12208,12208,10300,10300,10300,2756,2756,2756,0,0,0,1.92846e+06,1599842,2184139,131.725,34.7437,1402.09
1391,20865,20879,15,PACKAGE_SCENE,50000000,12208,12208,10300,10300,10300,2756,2756,2756,0,0,0,1.90658e+06,1564155,2295541,127.912,35.023,1360.17
1392,20880,20894,15,PACKAGE_SCENE,50000000,12208,12208,10300,10300,10300,2756,2756,2756,0,0,0,1.99423e+06,1522538,2471120,40.4454,32.5978,47.1145
1393,20895,20909,15,PACKAGE_SCENE,50000000,12208,12208,10300,10300,10300,2756,2756,2756,0,0,0,1.96115e+06,1575787,2367028,130.276,32.8687,1386.35
1394,20910,20924,15,PACKAGE_SCENE,50000000,12208,12208,10300,10300,10300,2756,2756,2756,0,0,0,1.94129e+06,1562684,2297399,133.17,34.9201,1381.13
1395,20925,20939,15,PACKAGE_SCENE,50000000,12208,12208,10300,10300,10300,2756,2756,2756,0,0,0,2.04422e+06,1692708,2429344,133.494,34.7282,1433.19
1396,20940,20954,15,PACKAGE_SCENE,50000000,12208,12208,10300,10300,10300,2756,2756,2756,0,0,0,1.92439e+06,1562487,2211061,131.063,33.06,1370.18
1397,20955,20969,15,PACKAGE_SCENE,50000000,12208,12208,10300,10300,10300,2756,2756,2756,0,0,0,1.92748e+06,1591011,2344304,129.343,33.7604,1362.8
1398,20970,20984,15,PACKAGE_SCENE,50000000,12208,12208,10300,10300,10300,2756,2756,2756,0,0,0,1.98571e+06,1355535,2491693,43.1985,34.977,58.6713
1399,20985,20999,15,PACKAGE_SCENE,50000000,12208,12208,10300,10300,10300,2756,2756,2756,0,0,0,1.98355e+06,1744681,2295320,136.853,34.9752,1458.15
1400,21000,21014,15,PACKAGE_SCENE,50000000,12208,12208,10300,10300,10300,2756,2756,2756,0,0,0,1.91358e+06,1634942,2522881,132.32,35.0653,1387.77
1401,21015,21029,15,PACKAGE_SCENE,50000000,12208,12208,10300,10300,10300,2756,2756,2756,0,0,0,1.95488e+06,1538305,2507226,198.063,33.0876,2379.34
1402,21030,21044,15,PACKAGE_SCENE,50000000,12208,12208,10300,10300,10300,2756,2756,2756,0,0,0,1.9202e+06,1700244,2388274,157.406,34.8538,1796.91
1403,21045,21059,15,PACKAGE_SCENE,50000000,12208,12208,10300,10300,10300,2756,2756,2756,0,0,0,1.8869e+06,1578564,2110150,140.476,34.7355,1549.46
1404,21060,21074,15,PACKAGE_SCENE,50000000,12208,12208,10300,10300,10300,2756,2756,2756,0,0,0,1.95468e+06,1725607,2207452,39.811,33.2231,50.991
1405,21075,21089,15,PACKAGE_SCENE,50000000,12208,12208,10300,10300,10300,2756,2756,2756,0,0,0,1.9686e+06,1630803,2457992,149.418,34.9105,1686.69
1406,21090,21104,15,PACKAGE_SCENE,50000000,12208,12208,10300,10300,10300,2756,2756,2756,0,0,0,2.01363e+06,1797914,2594238,147.719,34.8938,1620.85
1407,21105,21119,15,PACKAGE_SCENE,50000000,12208,12208,10300,10300,10300,2756,2756,2756,0,0,0,2.02208e+06,1637597,2283716,152.552,33.678,1730.11
1408,21120,21134,15,PACKAGE_SCENE,50000000,12208,12208,10300,10300,10300,2756,2756,2756,0,0,0,2.00498e+06,1693223,2367584,145.675,34.9183,1620.02
1409,21135,21149,15,PACKAGE_SCENE,50000000,12208,12208,10300,10300,10300,2756,2756,2756,0,0,0,1.94327e+06,1743239,2189218,148.76,34.9122,1680.11
1410,21150,21164,15,PACKAGE_SCENE,50000000,12208,12208,10300,10300,10300,2756,2756,2756,0,0,0,1.96974e+06,1593761,2416191,40.5059,32.8023,47.0844
1411,21165,21179,15,PACKAGE_SCENE,50000000,12208,12208,10300,10300,10300,2756,2756,2756,0,0,0,1.92009e+06,1571992,2212768,153.338,34.8936,1735.27
1412,21180,21194,15,PACKAGE_SCENE,50000000,12208,12208,10300,10300,10300,2756,2756,2756,0,0,0,1.99678e+06,1729061,2373268,150.293,35.2517,1658.16
1413,21195,21209,15,PACKAGE_SCENE,50000000,12208,12208,10300,10300,10300,2756,2756,2756,0,0,0,1.91768e+06,1559543,2205589,148.766,32.7657,1679.82
1414,21210,21224,15,PACKAGE_SCENE,50000000,12208,12208,10300,10300,10300,2756,2756,2756,0,0,0,2.05307e+06,1754583,2309725,145.126,34.8286,1627.6
1415,21225,21239,15,PACKAGE_SCENE,50000000,12208,12208,10300,10300,10300,2756,2756,2756,0,0,0,2.0178e+06,1452456,2474284,157.23,34.9467,1765.88
1416,21240,21254,15,PACKAGE_SCENE,50000000,12208,12208,10300,10300,10300,2756,2756,2756,0,0,0,1.92433e+06,1666291,2175791,38.7044,34.8213,44.5411
1417,21255,21269,15,PACKAGE_SCENE,50000000,12208,12208,10300,10300,10300,2756,2756,2756,0,0,0,1.99378e+06,1665570,2408157,146.197,34.9994,1625.3
1418,21270,21284,15,PACKAGE_SCENE,50000000,12208,12208,10300,10300,10300,2756,2756,2756,0,0,0,1.95321e+06,1665265,2333914,154.778,34.7577,1731.94
1419,21285,21299,15,PACKAGE_SCENE,50000000,12208,12208,10300,10300,10300,2756,2756,2756,0,0,0,2.02519e+06,1689305,2483895,154.214,34.8893,1718.73
1420,21300,21314,15,PACKAGE_SCENE,50000000,12208,12208,10300,10300,10300,2756,2756,2756,0,0,0,1.89428e+06,1612583,2199312,160.465,35.0859,1769.13
1421,21315,21329,15,PACKAGE_SCENE,50000000,12208,12208,10300,10300,10300,2756,2756,2756,0,0,0,2.0723e+06,1816161,2440830,127.345,34.9737,1326.46
1422,21330,21344,15,PACKAGE_SCENE,50000000,12208,12208,10300,10300,10300,2756,2756,2756,0,0,0,2.07163e+06,1795382,2586086,41.9447,34.9557,52.0592
1423,21345,21359,15,PACKAGE_SCENE,50000000,12208,12208,10300,10300,10300,2756,2756,2756,0,0,0,2.00858e+06,1684092,2337425,121.513,32.9122,1246.33
1424,21360,21374,15,PACKAGE_SCENE,50000000,12208,12208,10300,10300,10300,2756,2756,2756,0,0,0,1.97554e+06,1564887,2247090,118.563,34.8085,1211.14
1425,21375,21389,15,PACKAGE_SCENE,50000000,12208,12208,10300,10300,10300,2756,2756,2756,0,0,0,2.01318e+06,1680614,2326628,700.04,34.9282,9788.79
1426,21390,21404,15,PACKAGE_SCENE,50000000,12208,12208,10300,10300,10300,2756,2756,2756,0,0,0,1.95654e+06,1624112,2233441,40.4046,34.7734,53.7563
1427,21405,21419,15,PACKAGE_SCENE,50000000,12208,12208,10300,10300,10300,2756,2756,2756,0,0,0,2.05804e+06,1726786,2505510,41.7487,34.7035,51.5635
1428,21420,21434,15,PACKAGE_SCENE,50000000,12208,12208,10300,10300,10300,2756,2756,2756,0,0,0,1.98249e+06,1758349,2196473,37.5722,26.2262,48.6916
1429,21435,21449,15,PACKAGE_SCENE,50000000,12208,12208,10300,10300,10300,2756,2756,2756,0,0,0,2.05638e+06,1766538,2697320,39.8855,32.7726,49.5409
1430,21450,21464,15,PACKAGE_SCENE,50000000,12208,12208,10300,10300,10300,2756,2756,2756,0,0,0,1.93146e+06,1576847,2205877,40.7563,34.6786,49.6843
1431,21465,21479,15,PACKAGE_SCENE,50000000,12208,12208,10300,10300,10300,2756,2756,2756,0,0,0,1.87506e+06,1635657,2178653,39.5617,35.1118,53.6281
1432,21480,21494,15,PACKAGE_SCENE,50000000,12208,12208,10300,10300,10300,2756,2756,2756,0,0,0,1.86034e+06,1485358,2371068,41.8144,35.0631,51.0267
1433,21495,21509,15,PACKAGE_SCENE,50000000,12208,12208,10300,10300,10300,2756,2756,2756,0,0,0,2.05158e+06,1711997,2456064,39.8931,34.7205,49.1432
1434,21510,21524,15,PACKAGE_SCENE,50000000,12208,12208,10300,10300,10300,2756,2756,2756,0,0,0,1.94153e+06,1650889,2110467,39.672,35.0403,44.6282
1435,21525,21539,15,PACKAGE_SCENE,50000000,12208,12208,10300,10300,10300,2756,2756,2756,0,0,0,2.01759e+06,1772575,2400525,39.617,34.7829,44.5697
1436,21540,21554,15,PACKAGE_SCENE,50000000,12208,12208,10300,10300,10300,2756,2756,2756,0,0,0,1.86774e+06,1507428,2525119,39.3125,34.8717,54.4259
1437,21555,21569,15,PACKAGE_SCENE,50000000,12208,12208,10300,10300,10300,2756,2756,2756,0,0,0,2.04006e+06,1732571,2616618,38.5314,33.2432,45.1634
1438,21570,21584,15,PACKAGE_SCENE,50000000,12208,12208,10300,10300,10300,2756,2756,2756,0,0,0,1.99408e+06,1611948,2574707,40.0444,35.3325,51.5074
1439,21585,21599,15,PACKAGE_SCENE,50000000,12208,12208,10300,10300,10300,2756,2756,2756,0,0,0,2.03002e+06,1834598,2377020,38.3809,25.8162,49.0639
1440,21600,21614,15,PACKAGE_SCENE,50000000,12208,12208,10300,10300,10300,2756,2756,2756,0,0,0,1.96161e+06,1619545,2179154,40.3391,32.5892,56.23
1441,21615,21629,15,PACKAGE_SCENE,50000000,12208,12208,10300,10300,10300,2756,2756,2756,0,0,0,1.9633e+06,1799442,2342258,37.8043,33.4195,51.3453
1442,21630,21644,15,PACKAGE_SCENE,50000000,12208,12208,10300,10300,10300,2756,2756,2756,0,0,0,1.90839e+06,1653598,2103469,40.6324,34.8074,51.3684
1443,21645,21659,15,PACKAGE_SCENE,50000000,12208,12208,10300,10300,10300,2756,2756,2756,0,0,0,2.01178e+06,1738926,2658615,41.8129,34.7018,65.2775
1444,21660,21674,15,PACKAGE_SCENE,50000000,12208,12208,10300,10300,10300,2756,2756,2756,0,0,0,2.01434e+06,1671718,2468212,40.2922,34.9478,45.6142
1445,21675,21689,15,PACKAGE_SCENE,50000000,12208,12208,10300,10300,10300,2756,2756,2756,0,0,0,2.06477e+06,1508203,2587492,39.2412,34.7371,49.0604
1446,21690,21704,15,PACKAGE_SCENE,50000000,12208,12208,10300,10300,10300,2756,2756,2756,0,0,0,2.01636e+06,1783386,2354468,41.5416,34.9353,58.3396
1447,21705,21719,15,PACKAGE_SCENE,50000000,12208,12208,10300,10300,10300,2756,2756,2756,0,0,0,1.99013e+06,1754171,2353231,41.7867,34.6626,57.9862
1448,21720,21734,15,PACKAGE_SCENE,50000000,12208,12208,10300,10300,10300,2756,2756,2756,0,0,0,2.02063e+06,1679282,2297243,40.6554,34.6739,56.0705
1449,21735,21749,15,PACKAGE_SCENE,50000000,12208,12208,10300,10300,10300,2756,2756,2756,0,0,0,1.91306e+06,1577197,2458750,39.3161,34.721,47.0535
1450,21750,21764,15,PACKAGE_SCENE,50000000,12208,12208,10300,10300,10300,2756,2756,2756,0,0,0,2.01287e+06,1702552,2581980,38.1758,34.1211,44.7332
1451,21765,21779,15,PACKAGE_SCENE,50000000,12208,12208,10300,10300,10300,2756,2756,2756,0,0,0,1.95157e+06,1686208,2132913,39.418,32.4619,48.8058
1452,21780,21794,15,PACKAGE_SCENE,50000000,12208,12208,10300,10300,10300,2756,2756,2756,0,0,0,2.06963e+06,1707899,2558696,40.7504,33.2809,51.5458
1453,21795,21809,15,PACKAGE_SCENE,50000000,12208,12208,10300,10300,10300,2756,2756,2756,0,0,0,1.9585e+06,1641592,2182099,42.6497,34.7145,49.0917
1454,21810,21824,15,PACKAGE_SCENE,50000000,12208,12208,10300,10300,10300,2756,2756,2756,0,0,0,2.0309e+06,1695845,2419960,39.9427,34.658,53.1804
1455,21825,21839,15,PACKAGE_SCENE,50000000,12208,12208,10300,10300,10300,2756,2756,2756,0,0,0,1.88283e+06,1648148,2183076,40.1984,34.6602,47.076
1456,21840,21854,15,PACKAGE_SCENE,50000000,12208,12208,10300,10300,10300,2756,2756,2756,0,0,0,1.87233e+06,1662063,2275201,41.4241,34.4955,49.8439
1457,21855,21869,15,PACKAGE_SCENE,50000000,12208,12208,10300,10300,10300,2756,2756,2756,0,0,0,1.96618e+06,1718531,2248580,40.613,34.5955,49.2603
1458,21870,21884,15,PACKAGE_SCENE,50000000,12208,12208,10300,10300,10300,2756,2756,2756,0,0,0,2.00759e+06,1817354,2292180,39.5946,34.6388,46.9111
1459,21885,21899,15,PACKAGE_SCENE,50000000,12208,12208,10300,10300,10300,2756,2756,2756,0,0,0,2.01261e+06,1739789,2275162,40.6777,34.6984,60.2461
1460,21900,21914,15,PACKAGE_SCENE,50000000,12208,12208,10300,10300,10300,2756,2756,2756,0,0,0,2.02623e+06,1799343,2241462,38.0392,34.7496,47.243
1461,21915,21929,15,PACKAGE_SCENE,50000000,12208,12208,10300,10300,10300,2756,2756,2756,0,0,0,2.03038e+06,1536468,2609193,39.9193,34.5932,50.954
1462,21930,21944,15,PACKAGE_SCENE,50000000,12208,12208,10300,10300,10300,2756,2756,2756,0,0,0,2.02904e+06,1673038,2614259,40.2419,34.7322,49.1565
1463,21945,21959,15,PACKAGE_SCENE,50000000,12208,12208,10300,10300,10300,2756,2756,2756,0,0,0,1.90157e+06,1668850,2426567,38.3039,34.6506,49.4216
1464,21960,21974,15,PACKAGE_SCENE,50000000,12208,12208,10300,10300,10300,2756,2756,2756,0,0,0,2.01681e+06,1591701,2463336,40.9098,34.77,52.8827
1465,21975,21989,15,PACKAGE_SCENE,50000000,12208,12208,10300,10300,10300,2756,2756,2756,0,0,0,2.00417e+06,1651716,2579116,40.1411,34.6882,47.2527
1466,21990,22004,15,PACKAGE_SCENE,50000000,12208,12208,10300,10300,10300,2756,2756,2756,0,0,0,2.03254e+06,1809288,2500957,39.8074,34.9562,44.0322
1467,22005,22019,15,PACKAGE_SCENE,50000000,12208,12208,10300,10300,10300,2756,2756,2756,0,0,0,1.99283e+06,1685385,2334095,36.6165,32.4608,44.072
1468,22020,22034,15,PACKAGE_SCENE,50000000,12208,12208,10300,10300,10300,2756,2756,2756,0,0,0,1.98818e+06,1667400,2415223,36.0983,32.7066,43.9727
1469,22035,22049,15,PACKAGE_SCENE,50000000,12208,12208,10300,10300,10300,2756,2756,2756,0,0,0,1.96605e+06,1681293,2283920,39.399,34.7136,50.7516
1470,22050,22064,15,PACKAGE_SCENE,50000000,12208,12208,10300,10300,10300,2756,2756,2756,0,0,0,2.03408e+06,1642903,2763901,40.9679,32.8073,51.0899
1471,22065,22079,15,PACKAGE_SCENE,50000000,12208,12208,10300,10300,10300,2756,2756,2756,0,0,0,1.96231e+06,1755413,2438952,40.214,34.7282,50.2824
1472,22080,22094,15,PACKAGE_SCENE,50000000,12208,12208,10300,10300,10300,2756,2756,2756,0,0,0,1.99127e+06,1742574,2271708,38.4958,34.6891,49.6008
1473,22095,22109,15,PACKAGE_SCENE,50000000,12208,12208,10300,10300,10300,2756,2756,2756,0,0,0,1.90967e+06,1626257,2157779,38.4365,32.4865,48.2659
1474,22110,22124,15,PACKAGE_SCENE,50000000,12208,12208,10300,10300,10300,2756,2756,2756,0,0,0,1.94629e+06,1762607,2240052,37.6246,33.1759,44.3255
1475,22125,22139,15,PACKAGE_SCENE,50000000,12208,12208,10300,10300,10300,2756,2756,2756,0,0,0,1.98262e+06,1862122,2283519,37.6789,32.7183,47.3328
1476,22140,22154,15,PACKAGE_SCENE,50000000,12208,12208,10300,10300,10300,2756,2756,2756,0,0,0,1.95321e+06,1571913,2212574,39.4809,34.4807,51.2908
1477,22155,22169,15,PACKAGE_SCENE,50000000,12208,12208,10300,10300,10300,2756,2756,2756,0,0,0,2.05433e+06,1651994,2663238,39.2584,34.6423,51.8064
1478,22170,22184,15,PACKAGE_SCENE,50000000,12208,12208,10300,10300,10300,2756,2756,2756,0,0,0,2.05699e+06,1715622,2316147,41.3687,35.0364,47.1288
1479,22185,22199,15,PACKAGE_SCENE,50000000,12208,12208,10300,10300,10300,2756,2756,2756,0,0,0,1.96898e+06,1594766,2531448,37.9389,34.7382,44.2692
1480,22200,22214,15,PACKAGE_SCENE,50000000,12208,12208,10300,10300,10300,2756,2756,2756,0,0,0,1.92989e+06,1667540,2235733,38.8048,34.7992,44.4518
1481,22215,22229,15,PACKAGE_SCENE,50000000,12208,12208,10300,10300,10300,2756,2756,2756,0,0,0,1.95689e+06,1700495,2214211,39.6662,34.6715,47.4498
1482,22230,22244,15,PACKAGE_SCENE,50000000,12208,12208,10300,10300,10300,2756,2756,2756,0,0,0,1.96205e+06,1847690,2233928,39.0732,32.8791,51.1326
1483,22245,22259,15,PACKAGE_SCENE,50000000,12208,12208,10300,10300,10300,2756,2756,2756,0,0,0,2.03638e+06,1708699,2256807,38.7206,34.5575,53.1747
1484,22260,22274,15,PACKAGE_SCENE,50000000,12208,12208,10300,10300,10300,2756,2756,2756,0,0,0,2.01163e+06,1703911,2290131,39.3118,34.7755,50.6482
1485,22275,22289,15,PACKAGE_SCENE,50000000,12208,12208,10300,10300,10300,2756,2756,2756,0,0,0,1.90399e+06,1614093,2155248,41.0561,27.1521,54.6124
1486,22290,22304,15,PACKAGE_SCENE,50000000,12208,12208,10300,10300,10300,2756,2756,2756,0,0,0,1.99734e+06,1672430,2337253,41.3631,34.8943,51.4026
1487,22305,22319,15,PACKAGE_SCENE,50000000,12208,12208,10300,10300,10300,2756,2756,2756,0,0,0,2.04559e+06,1633465,2340542,37.5117,35.0082,44.1315
1488,22320,22334,15,PACKAGE_SCENE,50000000,12208,12208,10300,10300,10300,2756,2756,2756,0,0,0,2.05917e+06,1754684,2470790,39.9784,34.7029,48.8684
1489,22335,22349,15,PACKAGE_SCENE,50000000,12208,12208,10300,10300,10300,2756,2756,2756,0,0,0,2.02052e+06,1512672,2356083,37.9509,34.5822,45.1967
1490,22350,22364,15,PACKAGE_SCENE,50000000,12208,12208,10300,10300,10300,2756,2756,2756,0,0,0,1.95921e+06,1685677,2210794,38.2806,26.7878,49.2198
1491,22365,22379,15,PACKAGE_SCENE,50000000,12208,12208,10300,10300,10300,2756,2756,2756,0,0,0,2.04886e+06,1675737,2394325,40.1473,34.6672,48.8663
1492,22380,22394,15,PACKAGE_SCENE,50000000,12208,12208,10300,10300,10300,2756,2756,2756,0,0,0,1.95312e+06,1544850,2272392,41.6851,34.6204,53.0942
1493,22395,22409,15,PACKAGE_SCENE,50000000,12208,12208,10300,10300,10300,2756,2756,2756,0,0,0,2.02501e+06,1749149,2386736,41.8855,34.8673,53.2124
1494,22410,22424,15,PACKAGE_SCENE,50000000,12208,12208,10300,10300,10300,2756,2756,2756,0,0,0,1.90622e+06,1591899,2286887,40.6984,34.5666,64.7623
1495,22425,22439,15,PACKAGE_SCENE,50000000,12208,12208,10300,10300,10300,2756,2756,2756,0,0,0,1.92987e+06,1652328,2156701,40.569,34.8339,53.1431
1496,22440,22454,15,PACKAGE_SCENE,50000000,12208,12208,10300,10300,10300,2756,2756,2756,0,0,0,2.05425e+06,1725045,2512251,40.3271,34.6623,48.0044
1497,22455,22469,15,PACKAGE_SCENE,50000000,12208,12208,10300,10300,10300,2756,2756,2756,0,0,0,1.93586e+06,1580950,2502996,38.0813,34.6055,44.8251
1498,22470,22484,15,PACKAGE_SCENE,50000000,12208,12208,10300,10300,10300,2756,2756,2756,0,0,0,2.03962e+06,1848319,2378955,41.7735,32.9055,54.4025
1499,22485,22499,15,PACKAGE_SCENE,50000000,12208,12208,10300,10300,10300,2756,2756,2756,0,0,0,1.94487e+06,1658904,2244400,42.0179,34.7188,58
1500,22500,22514,15,PACKAGE_SCENE,50000000,12208,12208,10300,10300,10300,2756,2756,2756,0,0,0,1.93994e+06,1532895,2359581,39.2703,34.596,44.9616
1501,22515,22529,15,PACKAGE_SCENE,50000000,12208,12208,10300,10300,10300,2756,2756,2756,0,0,0,2.02305e+06,1825097,2257788,37.1792,34.662,44.1582
1502,22530,22544,15,PACKAGE_SCENE,50000000,12208,12208,10300,10300,10300,2756,2756,2756,0,0,0,1.98246e+06,1695089,2460711,39.8451,34.7116,51.0373
1503,22545,22559,15,PACKAGE_SCENE,50000000,12208,12208,10300,10300,10300,2756,2756,2756,0,0,0,2.08974e+06,1770645,2457174,40.5079,34.5221,48.1043
1504,22560,22574,15,PACKAGE_SCENE,50000000,12208,12208,10300,10300,10300,2756,2756,2756,0,0,0,2.0655e+06,1879170,2424859,40.5337,34.5254,48.7345
1505,22575,22589,15,PACKAGE_SCENE,50000000,12208,12208,10300,10300,10300,2756,2756,2756,0,0,0,1.98539e+06,1617494,2397444,39.6153,34.7631,44.278
1506,22590,22604,15,PACKAGE_SCENE,50000000,12208,12208,10300,10300,10300,2756,2756,2756,0,0,0,1.99028e+06,1700968,2342862,41.453,34.9682,48.9913
1507,22605,22619,15,PACKAGE_SCENE,50000000,12208,12208,10300,10300,10300,2756,2756,2756,0,0,0,1.9729e+06,1566288,2280879,39.0182,32.8883,44.2234
1508,22620,22634,15,PACKAGE_SCENE,50000000,12208,12208,10300,10300,10300,2756,2756,2756,0,0,0,1.95596e+06,1638590,2228030,38.7254,34.7846,45.3817
1509,22635,22649,15,PACKAGE_SCENE,50000000,12208,12208,10300,10300,10300,2756,2756,2756,0,0,0,2.02388e+06,1711230,2518789,41.0452,32.7085,47.2545
1510,22650,22664,15,PACKAGE_SCENE,50000000,12208,12208,10300,10300,10300,2756,2756,2756,0,0,0,1.9697e+06,1685830,2308388,37.3167,25.6758,51.4143
1511,22665,22679,15,PACKAGE_SCENE,50000000,12208,12208,10300,10300,10300,2756,2756,2756,0,0,0,2.00756e+06,1669613,2296922,40.1893,34.8187,51.1553
1512,22680,22694,15,PACKAGE_SCENE,50000000,12208,12208,10300,10300,10300,2756,2756,2756,0,0,0,1.96321e+06,1711765,2314552,39.9376,33.1902,47.4244
1513,22695,22709,15,PACKAGE_SCENE,50000000,12208,12208,10300,10300,10300,2756,2756,2756,0,0,0,1.98916e+06,1728022,2464003,39.5642,34.6175,48.4336
1514,22710,22724,15,PACKAGE_SCENE,50000000,12208,12208,10300,10300,10300,2756,2756,2756,0,0,0,2.04073e+06,1650020,2336308,40.1165,34.5398,68.3677
1515,22725,22739,15,PACKAGE_SCENE,50000000,12208,12208,10300,10300,10300,2756,2756,2756,0,0,0,1.9552e+06,1768352,2178544,36.5673,27.1835,44.0629
1516,22740,22754,15,PACKAGE_SCENE,50000000,12208,12208,10300,10300,10300,2756,2756,2756,0,0,0,2.03532e+06,1620678,2484033,38.9411,26.168,53.547
1517,22755,22769,15,PACKAGE_SCENE,50000000,12208,12208,10300,10300,10300,2756,2756,2756,0,0,0,1.92764e+06,1704882,2273479,41.3466,34.8653,48.7769
1518,22770,22784,15,PACKAGE_SCENE,50000000,12208,12208,10300,10300,10300,2756,2756,2756,0,0,0,1.99869e+06,1644407,2427851,40.7322,34.6751,44.5123
1519,22785,22799,15,PACKAGE_SCENE,50000000,12208,12208,10300,10300,10300,2756,2756,2756,0,0,0,2.06e+06,1683295,2321014,38.0577,34.8878,44.9562
1520,22800,22814,15,PACKAGE_SCENE,50000000,12208,12208,10300,10300,10300,2756,2756,2756,0,0,0,1.94537e+06,1692648,2346457,40.2097,33.7203,49.0223
1521,22815,22829,15,PACKAGE_SCENE,50000000,12208,12208,10300,10300,10300,2756,2756,2756,0,0,0,1.95106e+06,1527126,2269353,39.5447,34.8322,51.1261
1522,22830,22844,15,PACKAGE_SCENE,50000000,12208,12208,10300,10300,10300,2756,2756,2756,0,0,0,1.91281e+06,1533565,2466244,41.7202,34.6721,51.8273
1523,22845,22859,15,PACKAGE_SCENE,50000000,12208,12208,10300,10300,10300,2756,2756,2756,0,0,0,1.99622e+06,1608927,2226866,39.407,26.1278,51.7666
1524,22860,22874,15,PACKAGE_SCENE,50000000,12208,12208,10300,10300,10300,2756,2756,2756,0,0,0,1.9659e+06,1771536,2293708,41.1015,34.9845,53.5566
1525,22875,22889,15,PACKAGE_SCENE,50000000,12208,12208,10300,10300,10300,2756,2756,2756,0,0,0,1.92132e+06,1658330,2170079,37.4691,26.2913,44.3334
1526,22890,22904,15,PACKAGE_SCENE,50000000,12208,12208,10300,10300,10300,2756,2756,2756,0,0,0,1.95681e+06,1655457,2364888,39.63,34.991,44.8999
1527,22905,22919,15,PACKAGE_SCENE,50000000,12208,12208,10300,10300,10300,2756,2756,2756,0,0,0,1.97496e+06,1442448,2293120,41.6285,34.9163,48.9
1528,22920,22934,15,PACKAGE_SCENE,50000000,12208,12208,10300,10300,10300,2756,2756,2756,0,0,0,1.95633e+06,1579441,2244097,40.3883,35.0038,46.7518
1529,22935,22949,15,PACKAGE_SCENE,50000000,12208,12208,10300,10300,10300,2756,2756,2756,0,0,0,2.01509e+06,1587334,2339034,38.8096,33.2778,44.3706
1530,22950,22964,15,PACKAGE_SCENE,50000000,12208,12208,10300,10300,10300,2756,2756,2756,0,0,0,1.98075e+06,1661671,2241250,40.2385,34.9031,44.9551
1531,22965,22979,15,PACKAGE_SCENE,50000000,12208,12208,10300,10300,10300,2756,2756,2756,0,0,0,2.02325e+06,1581414,2485797,39.7129,34.6889,44.5933
1532,22980,22994,15,PACKAGE_SCENE,50000000,12208,12208,10300,10300,10300,2756,2756,2756,0,0,0,1.86384e+06,1558053,2250888,40.5589,34.7569,50.0487
1533,22995,23009,15,PACKAGE_SCENE,50000000,12208,12208,10300,10300,10300,2756,2756,2756,0,0,0,1.88298e+06,1652533,2403014,40.2189,33.1616,51.6451
1534,23010,23024,15,PACKAGE_SCENE,50000000,12208,12208,10300,10300,10300,2756,2756,2756,0,0,0,2.02646e+06,1596665,2440645,39.9699,32.9822,47.3353
1535,23025,23039,15,PACKAGE_SCENE,50000000,12208,12208,10300,10300,10300,2756,2756,2756,0,0,0,1.86493e+06,1592751,2239486,42.6834,34.6563,65.3056
1536,23040,23054,15,PACKAGE_SCENE,50000000,12208,12208,10300,10300,10300,2756,2756,2756,0,0,0,1.87721e+06,1401063,2140642,39.8356,34.5019,50.8089
1537,23055,23069,15,PACKAGE_SCENE,50000000,12208,12208,10300,10300,10300,2756,2756,2756,0,0,0,1.96886e+06,1659611,2230526,40.8772,34.8582,44.587
1538,23070,23084,15,PACKAGE_SCENE,50000000,12208,12208,10300,10300,10300,2756,2756,2756,0,0,0,1.95045e+06,1621711,2364130,42.1457,34.6809,55.9456
1539,23085,23099,15,PACKAGE_SCENE,50000000,12208,12208,10300,10300,10300,2756,2756,2756,0,0,0,1.93004e+06,1807776,2111880,40.2033,32.7568,49.4061
1540,23100,23114,15,PACKAGE_SCENE,50000000,12208,12208,10300,10300,10300,2756,2756,2756,0,0,0,1.96551e+06,1681713,2679362,39.5495,34.8453,48.8282
1541,23115,23129,15,PACKAGE_SCENE,50000000,12208,12208,10300,10300,10300,2756,2756,2756,0,0,0,1.92401e+06,1629372,2337958,40.9939,34.6495,44.824
1542,23130,23144,15,PACKAGE_SCENE,50000000,12208,12208,10300,10300,10300,2756,2756,2756,0,0,0,1.97859e+06,1680523,2230156,40.2281,34.6314,49.2712
1543,23145,23159,15,PACKAGE_SCENE,50000000,12208,12208,10300,10300,10300,2756,2756,2756,0,0,0,1.98898e+06,1676026,2390385,40.4866,34.6613,45.8173
1544,23160,23174,15,PACKAGE_SCENE,50000000,12208,12208,10300,10300,10300,2756,2756,2756,0,0,0,1.95033e+06,1491247,2297062,39.8805,34.6149,53.1579
1545,23175,23189,15,PACKAGE_SCENE,50000000,12208,12208,10300,10300,10300,2756,2756,2756,0,0,0,2.04694e+06,1726795,2862573,41.3675,34.741,51.5012
1546,23190,23204,15,PACKAGE_SCENE,50000000,12208,12208,10300,10300,10300,2756,2756,2756,0,0,0,1.92756e+06,1672911,2349353,39.4717,34.7145,47.4966
1547,23205,23219,15,PACKAGE_SCENE,50000000,12208,12208,10300,10300,10300,2756,2756,2756,0,0,0,2.03722e+06,1620753,2270183,38.9549,26.2585,56.0227
1548,23220,23234,15,PACKAGE_SCENE,50000000,12208,12208,10300,10300,10300,2756,2756,2756,0,0,0,1.99097e+06,1596103,2295572,40.5929,25.9829,51.5208
1549,23235,23249,15,PACKAGE_SCENE,50000000,12208,12208,10300,10300,10300,2756,2756,2756,0,0,0,1.949e+06,1667265,2341541,38.4956,34.7162,47.349
1550,23250,23264,15,PACKAGE_SCENE,50000000,12208,12208,10300,10300,10300,2756,2756,2756,0,0,0,1.98892e+06,1742927,2219266,40.3115,32.7303,48.9438
1551,23265,23279,15,PACKAGE_SCENE,50000000,12208,12208,10300,10300,10300,2756,2756,2756,0,0,0,1.93917e+06,1632753,2324067,39.7824,34.6847,45.788
1552,23280,23294,15,PACKAGE_SCENE,50000000,12208,12208,10300,10300,10300,2756,2756,2756,0,0,0,1.96186e+06,1626877,2177044,39.2466,33.2741,49.2289
1553,23295,23309,15,PACKAGE_SCENE,50000000,12208,12208,10300,10300,10300,2756,2756,2756,0,0,0,1.92304e+06,1595299,2364125,40.9022,34.8546,47.8409
1554,23310,23324,15,PACKAGE_SCENE,50000000,12208,12208,10300,10300,10300,2756,2756,2756,0,0,0,2.00107e+06,1702970,2253628,38.9208,26.3284,44.2347
1555,23325,23339,15,PACKAGE_SCENE,50000000,12208,12208,10300,10300,10300,2756,2756,2756,0,0,0,2.0728e+06,1762684,2457838,39.9537,33.39,49.5744
1556,23340,23354,15,PACKAGE_SCENE,50000000,12208,12208,10300,10300,10300,2756,2756,2756,0,0,0,1.9126e+06,1681911,2239477,39.9379,34.8071,53.3686
1557,23355,23369,15,PACKAGE_SCENE,50000000,12208,12208,10300,10300,10300,2756,2756,2756,0,0,0,2.05644e+06,1695850,2372997,39.7064,34.5668,47.6446
1558,23370,23384,15,PACKAGE_SCENE,50000000,12208,12208,10300,10300,10300,2756,2756,2756,0,0,0,1.95117e+06,1656003,2273275,42.1648,32.7599,58.1309
1559,23385,23399,15,PACKAGE_SCENE,50000000,12208,12208,10300,10300,10300,2756,2756,2756,0,0,0,1.96443e+06,1651305,2535015,39.3974,34.6382,48.5807
1560,23400,23414,15,PACKAGE_SCENE,50000000,12208,12208,10300,10300,10300,2756,2756,2756,0,0,0,1.99113e+06,1518473,2292326,41.5619,32.5484,53.627
1561,23415,23429,15,PACKAGE_SCENE,50000000,12208,12208,10300,10300,10300,2756,2756,2756,0,0,0,1.90673e+06,1608764,2295513,38.2269,26.6764,44.7904
1562,23430,23444,15,PACKAGE_SCENE,50000000,12208,12208,10300,10300,10300,2756,2756,2756,0,0,0,1.99186e+06,1648686,2347387,39.4503,34.9263,48.6382
1563,23445,23459,15,PACKAGE_SCENE,50000000,12208,12208,10300,10300,10300,2756,2756,2756,0,0,0,2.00547e+06,1622148,2693181,41.3583,34.742,51.3426
1564,23460,23474,15,PACKAGE_SCENE,50000000,12208,12208,10300,10300,10300,2756,2756,2756,0,0,0,2.01289e+06,1757638,2397958,38.921,34.817,46.9871
1565,23475,23489,15,PACKAGE_SCENE,50000000,12208,12208,10300,10300,10300,2756,2756,2756,0,0,0,2.05767e+06,1791653,2315094,40.5468,33.041,53.541
1566,23490,23504,15,PACKAGE_SCENE,50000000,12208,12208,10300,10300,10300,2756,2756,2756,0,0,0,1.93764e+06,1724837,2720324,39.3087,32.5382,45.3076
1567,23505,23519,15,PACKAGE_SCENE,50000000,12208,12208,10300,10300,10300,2756,2756,2756,0,0,0,1.98072e+06,1826213,2198333,39.4536,32.444,45.1429
1568,23520,23534,15,PACKAGE_SCENE,50000000,12208,12208,10300,10300,10300,2756,2756,2756,0,0,0,1.97268e+06,1641594,2336168,40.8226,34.7289,46.9806
1569,23535,23549,15,PACKAGE_SCENE,50000000,12208,12208,10300,10300,10300,2756,2756,2756,0,0,0,1.98294e+06,1626719,2434291,40.21,33.5329,48.7791
1570,23550,23564,15,PACKAGE_SCENE,50000000,12208,12208,10300,10300,10300,2756,2756,2756,0,0,0,1.94333e+06,1639216,2309090,42.1483,34.7748,58.1819
1571,23565,23579,15,PACKAGE_SCENE,50000000,12208,12208,10300,10300,10300,2756,2756,2756,0,0,0,2.07752e+06,1756207,2412848,42.5568,34.9266,53.207
1572,23580,23594,15,PACKAGE_SCENE,50000000,12208,12208,10300,10300,10300,2756,2756,2756,0,0,0,1.86609e+06,1645252,2158705,38.4528,34.8122,48.8447
1573,23595,23609,15,PACKAGE_SCENE,50000000,12208,12208,10300,10300,10300,2756,2756,2756,0,0,0,1.96302e+06,1676231,2253520,40.03,35.126,48.797
1574,23610,23624,15,PACKAGE_SCENE,50000000,12208,12208,10300,10300,10300,2756,2756,2756,0,0,0,1.86865e+06,1642332,2338576,37.9113,34.5949,45.0502
1575,23625,23639,15,PACKAGE_SCENE,50000000,12208,12208,10300,10300,10300,2756,2756,2756,0,0,0,1.93787e+06,1660949,2347356,40.8608,29.3015,52.7413
1576,23640,23654,15,PACKAGE_SCENE,50000000,12208,12208,10300,10300,10300,2756,2756,2756,0,0,0,1.94532e+06,1612135,2204443,42.9048,35.9849,53.4453
1577,23655,23669,15,PACKAGE_SCENE,50000000,12208,12208,10300,10300,10300,2756,2756,2756,0,0,0,1.97418e+06,1606342,2431159,39.5321,34.7225,44.497
1578,23670,23684,15,PACKAGE_SCENE,50000000,12208,12208,10300,10300,10300,2756,2756,2756,0,0,0,2.01622e+06,1516672,2474208,41.418,34.6113,51.2641
1579,23685,23699,15,PACKAGE_SCENE,50000000,12208,12208,10300,10300,10300,2756,2756,2756,0,0,0,1.92007e+06,1579854,2417766,39.8456,32.6217,50.1266
1580,23700,23714,15,PACKAGE_SCENE,50000000,12208,12208,10300,10300,10300,2756,2756,2756,0,0,0,1.91797e+06,1707427,2238347,40.9673,34.7573,53.321
1581,23715,23729,15,PACKAGE_SCENE,50000000,12208,12208,10300,10300,10300,2756,2756,2756,0,0,0,1.98976e+06,1758532,2421345,40.7547,34.7693,51.1074
1582,23730,23744,15,PACKAGE_SCENE,50000000,12208,12208,10300,10300,10300,2756,2756,2756,0,0,0,1.97516e+06,1514306,2240548,37.2898,34.6931,43.8814
1583,23745,23759,15,PACKAGE_SCENE,50000000,12208,12208,10300,10300,10300,2756,2756,2756,0,0,0,1.98376e+06,1626653,2402204,40.882,34.8721,52.5043
1584,23760,23774,15,PACKAGE_SCENE,50000000,12208,12208,10300,10300,10300,2756,2756,2756,0,0,0,1.98402e+06,1778154,2298527,39.914,34.9251,45.1836
1585,23775,23789,15,PACKAGE_SCENE,50000000,12208,12208,10300,10300,10300,2756,2756,2756,0,0,0,1.96444e+06,1720701,2337316,40.1508,31.1589,50.9361
1586,23790,23804,15,PACKAGE_SCENE,50000000,12208,12208,10300,10300,10300,2756,2756,2756,0,0,0,1.94456e+06,1472452,2247878,39.9104,34.708,48.926
1587,23805,23819,15,PACKAGE_SCENE,50000000,12208,12208,10300,10300,10300,2756,2756,2756,0,0,0,1.93821e+06,1640179,2164693,38.2569,32.6702,44.5054
1588,23820,23834,15,PACKAGE_SCENE,50000000,12208,12208,10300,10300,10300,2756,2756,2756,0,0,0,2.03228e+06,1814907,2389281,37.8196,25.8923,44.4738
1589,23835,23849,15,PACKAGE_SCENE,50000000,12208,12208,10300,10300,10300,2756,2756,2756,0,0,0,2.03853e+06,1659008,2387708,40.1633,33.2046,50.5694
1590,23850,23864,15,PACKAGE_SCENE,50000000,12208,12208,10300,10300,10300,2756,2756,2756,0,0,0,1.85807e+06,1615135,2137698,41.0158,33.5978,53.6288
1591,23865,23879,15,PACKAGE_SCENE,50000000,12208,12208,10300,10300,10300,2756,2756,2756,0,0,0,1.97247e+06,1758451,2354265,40.5709,34.7063,47.6049
1592,23880,23894,15,PACKAGE_SCENE,50000000,12208,12208,10300,10300,10300,2756,2756,2756,0,0,0,2.00971e+06,1656188,2425154,40.7609,34.6895,49.6137
1593,23895,23909,15,PACKAGE_SCENE,50000000,12208,12208,10300,10300,10300,2756,2756,2756,0,0,0,2.00391e+06,1779249,2292111,45.7009,34.4662,127.9
1594,23910,23924,15,PACKAGE_SCENE,50000000,12208,12208,10300,10300,10300,2756,2756,2756,0,0,0,1.96841e+06,1686483,2378924,487.749,35.2168,6736.64
1595,23925,23939,15,PACKAGE_SCENE,50000000,12208,12208,10300,10300,10300,2756,2756,2756,0,0,0,1.9506e+06,1701329,2280848,314.419,35.0116,4161.07
1596,23940,23954,15,PACKAGE_SCENE,50000000,12208,12208,10300,10300,10300,2756,2756,2756,0,0,0,1.94816e+06,1631018,2222332,44.7028,34.9412,71.2635
1597,23955,23969,15,PACKAGE_SCENE,50000000,12208,12208,10300,10300,10300,2756,2756,2756,0,0,0,1.9975e+06,1637954,2496220,239.265,35.0556,2991.35
1598,23970,23984,15,PACKAGE_SCENE,50000000,12208,12208,10300,10300,10300,2756,2756,2756,0,0,0,2.00494e+06,1753903,2280603,201.261,34.8844,2450.18
1599,23985,23999,15,PACKAGE_SCENE,50000000,12208,12208,10300,10300,10300,2756,2756,2756,0,0,0,1.89146e+06,1553245,2153720,211.479,36.8979,2558.6
1600,24000,24014,15,PACKAGE_SCENE,50000000,12208,12208,10300,10300,10300,2756,2756,2756,0,0,0,1.98974e+06,1707429,2186615,178.072,34.8675,2088.72
1601,24015,24029,15,PACKAGE_SCENE,50000000,12208,12208,10300,10300,10300,2756,2756,2756,0,0,0,1.88598e+06,1603590,2124606,186.027,34.8456,2234.67
1602,24030,24044,15,PACKAGE_SCENE,50000000,12208,12208,10300,10300,10300,2756,2756,2756,0,0,0,2.00055e+06,1679815,2478909,39.5603,34.9296,53.5769
1603,24045,24059,15,PACKAGE_SCENE,50000000,12208,12208,10300,10300,10300,2756,2756,2756,0,0,0,1.9954e+06,1519807,2296968,131.406,34.9773,1366.45
1604,24060,24074,15,PACKAGE_SCENE,50000000,12208,12208,10300,10300,10300,2756,2756,2756,0,0,0,2.00386e+06,1785069,2386651,134.682,34.6951,1445.01
1605,24075,24089,15,PACKAGE_SCENE,50000000,12208,12208,10300,10300,10300,2756,2756,2756,0,0,0,2.00745e+06,1622760,2370251,133.908,34.6258,1436.02
1606,24090,24104,15,PACKAGE_SCENE,50000000,12208,12208,10300,10300,10300,2756,2756,2756,0,0,0,1.93758e+06,1622260,2366261,131.053,35.2051,1362.2
1607,24105,24119,15,PACKAGE_SCENE,50000000,12208,12208,10300,10300,10300,2756,2756,2756,0,0,0,1.99288e+06,1733730,2346944,127.101,35.0216,1329.62
1608,24120,24134,15,PACKAGE_SCENE,50000000,12208,12208,10300,10300,10300,2756,2756,2756,0,0,0,1.95852e+06,1627371,2225361,39.0523,34.5947,58.2938
1609,24135,24149,15,PACKAGE_SCENE,50000000,12208,12208,10300,10300,10300,2756,2756,2756,0,0,0,1.99129e+06,1692145,2613558,126.648,33.3745,1363.68
1610,24150,24164,15,PACKAGE_SCENE,50000000,12208,12208,10300,10300,10300,2756,2756,2756,0,0,0,2.01326e+06,1662915,2328684,126.46,35.2096,1300.94
1611,24165,24179,15,PACKAGE_SCENE,50000000,12208,12208,10300,10300,10300,2756,2756,2756,0,0,0,1.98951e+06,1768292,2215751,137.952,35.4323,1474.39
1612,24180,24194,15,PACKAGE_SCENE,50000000,12208,12208,10300,10300,10300,2756,2756,2756,0,0,0,1.96422e+06,1705980,2277482,134.133,33.2059,1417.64
1613,24195,24209,15,PACKAGE_SCENE,50000000,12208,12208,10300,10300,10300,2756,2756,2756,0,0,0,2.0244e+06,1741060,2278223,129.641,35.012,1356.72
1614,24210,24224,15,PACKAGE_SCENE,50000000,12208,12208,10300,10300,10300,2756,2756,2756,0,0,0,1.93332e+06,1525990,2295247,38.8696,34.9445,45.067
1615,24225,24239,15,PACKAGE_SCENE,50000000,12208,12208,10300,10300,10300,2756,2756,2756,0,0,0,1.9481e+06,1411470,2437592,127.065,33.6136,1332.32
1616,24240,24254,15,PACKAGE_SCENE,50000000,12208,12208,10300,10300,10300,2756,2756,2756,0,0,0,1.95038e+06,1573400,2430312,197.906,35.8872,2369.5
1617,24255,24269,15,PACKAGE_SCENE,50000000,12208,12208,10300,10300,10300,2756,2756,2756,0,0,0,2.05917e+06,1641139,2539407,166.917,35.0659,1930.43
1618,24270,24284,15,PACKAGE_SCENE,50000000,12208,12208,10300,10300,10300,2756,2756,2756,0,0,0,1.98319e+06,1702923,2275323,162.22,35.5512,1829.14
1619,24285,24299,15,PACKAGE_SCENE,50000000,12208,12208,10300,10300,10300,2756,2756,2756,0,0,0,1.98991e+06,1708131,2247732,165.587,35.2251,1896.89
1620,24300,24314,15,PACKAGE_SCENE,50000000,12208,12208,10300,10300,10300,2756,2756,2756,0,0,0,2.06451e+06,1702162,2647384,41.9581,34.089,49.7043
1621,24315,24329,15,PACKAGE_SCENE,50000000,12208,12208,10300,10300,10300,2756,2756,2756,0,0,0,1.97309e+06,1726083,2259564,154.726,35.0342,1742.08
1622,24330,24344,15,PACKAGE_SCENE,50000000,12208,12208,10300,10300,10300,2756,2756,2756,0,0,0,1.92409e+06,1663669,2226062,154.18,34.8789,1726.97
1623,24345,24359,15,PACKAGE_SCENE,50000000,12208,12208,10300,10300,10300,2756,2756,2756,0,0,0,1.95509e+06,1679748,2316600,151.827,35.002,1693.8
1624,24360,24374,15,PACKAGE_SCENE,50000000,12208,12208,10300,10300,10300,2756,2756,2756,0,0,0,2.03261e+06,1718474,2393000,156.556,34.9832,1757.87
1625,24375,24389,15,PACKAGE_SCENE,50000000,12208,12208,10300,10300,10300,2756,2756,2756,0,0,0,1.94868e+06,1700749,2117790,157.665,33.0539,1766.66
1626,24390,24404,15,PACKAGE_SCENE,50000000,12208,12208,10300,10300,10300,2756,2756,2756,0,0,0,2.02428e+06,1784978,2547202,38.9905,34.9267,50.8046
1627,24405,24419,15,PACKAGE_SCENE,50000000,12208,12208,10300,10300,10300,2756,2756,2756,0,0,0,1.98469e+06,1834525,2224285,149.082,34.8887,1642.06
1628,24420,24434,15,PACKAGE_SCENE,50000000,12208,12208,10300,10300,10300,2756,2756,2756,0,0,0,1.96388e+06,1620369,2185769,152.25,34.8093,1721.82
1629,24435,24449,15,PACKAGE_SCENE,50000000,12208,12208,10300,10300,10300,2756,2756,2756,0,0,0,1.97147e+06,1802515,2218369,150.125,34.906,1686.27
1630,24450,24464,15,PACKAGE_SCENE,50000000,12208,12208,10300,10300,10300,2756,2756,2756,0,0,0,1.97334e+06,1542793,2414536,150.207,34.8185,1670.48
1631,24465,24479,15,PACKAGE_SCENE,50000000,12208,12208,10300,10300,10300,2756,2756,2756,0,0,0,1.97525e+06,1713333,2273799,155.437,31.1598,1724.19
1632,24480,24494,15,PACKAGE_SCENE,50000000,12208,12208,10300,10300,10300,2756,2756,2756,0,0,0,1.96311e+06,1713375,2405543,39.0933,34.5467,48.7963
1633,24495,24509,15,PACKAGE_SCENE,50000000,12208,12208,10300,10300,10300,2756,2756,2756,0,0,0,2.02698e+06,1748186,2287215,148.206,34.8613,1665.49
1634,24510,24524,15,PACKAGE_SCENE,50000000,12208,12208,10300,10300,10300,2756,2756,2756,0,0,0,1.99518e+06,1624737,2419256,149.046,34.8883,1678.39
1635,24525,24539,15,PACKAGE_SCENE,50000000,12208,12208,10300,10300,10300,2756,2756,2756,0,0,0,1.90194e+06,1664911,2313968,146.864,34.9715,1631.82
1636,24540,24554,15,PACKAGE_SCENE,50000000,12208,12208,10300,10300,10300,2756,2756,2756,0,0,0,1.91627e+06,1673512,2165497,125.624,34.9146,1316.17
1637,24555,24569,15,PACKAGE_SCENE,50000000,12208,12208,10300,10300,10300,2756,2756,2756,0,0,0,2.0461e+06,1577709,2422055,114.37,34.8308,1170.32
1638,24570,24584,15,PACKAGE_SCENE,50000000,12208,12208,10300,10300,10300,2756,2756,2756,0,0,0,2.01666e+06,1643684,2350644,39.8559,34.9601,53.2334
1639,24585,24599,15,PACKAGE_SCENE,50000000,12208,12208,10300,10300,10300,2756,2756,2756,0,0,0,1.98746e+06,1636324,2372087,116.85,33.187,1200.81
1640,24600,24614,15,PACKAGE_SCENE,50000000,12208,12208,10300,10300,10300,2756,2756,2756,0,0,0,2.06996e+06,1630106,2486566,313.945,35.0019,4146.68
1641,24615,24629,15,PACKAGE_SCENE,50000000,12208,12208,10300,10300,10300,2756,2756,2756,0,0,0,1.97328e+06,1654825,2376938,39.5851,34.6046,48.8367
1642,24630,24644,15,PACKAGE_SCENE,50000000,12208,12208,10300,10300,10300,2756,2756,2756,0,0,0,1.96883e+06,1663704,2322526,40.1711,34.2863,50.615
1643,24645,24659,15,PACKAGE_SCENE,50000000,12208,12208,10300,10300,10300,2756,2756,2756,0,0,0,1.96145e+06,1626933,2202565,42.2652,34.672,53.6159
1644,24660,24674,15,PACKAGE_SCENE,50000000,12208,12208,10300,10300,10300,2756,2756,2756,0,0,0,1.97909e+06,1698175,2530614,40.4707,34.7056,56.4461
1645,24675,24689,15,PACKAGE_SCENE,50000000,12208,12208,10300,10300,10300,2756,2756,2756,0,0,0,1.9807e+06,1612474,2207925,39.3831,34.6768,48.7915
1646,24690,24704,15,PACKAGE_SCENE,50000000,12208,12208,10300,10300,10300,2756,2756,2756,0,0,0,2.0611e+06,1763331,2701805,40.5253,34.7435,49.0033
1647,24705,24719,15,PACKAGE_SCENE,50000000,12208,12208,10300,10300,10300,2756,2756,2756,0,0,0,1.92851e+06,1659633,2280785,38.039,26.9191,47.0368
1648,24720,24734,15,PACKAGE_SCENE,50000000,12208,12208,10300,10300,10300,2756,2756,2756,0,0,0,1.96272e+06,1719443,2243690,42.8757,34.8575,58.1109
1649,24735,24749,15,PACKAGE_SCENE,50000000,12208,12208,10300,10300,10300,2756,2756,2756,0,0,0,1.98994e+06,1737247,2355499,40.8088,34.8954,49.4599
1650,24750,24764,15,PACKAGE_SCENE,50000000,12208,12208,10300,10300,10300,2756,2756,2756,0,0,0,1.9749e+06,1529896,2401481,42.7826,31.343,53.5095
1651,24765,24779,15,PACKAGE_SCENE,50000000,12208,12208,10300,10300,10300,2756,2756,2756,0,0,0,2.02956e+06,1809715,2293406,41.9792,34.67,51.3613
1652,24780,24794,15,PACKAGE_SCENE,50000000,12208,12208,10300,10300,10300,2756,2756,2756,0,0,0,1.96403e+06,1708036,2204586,40.5173,34.8013,53.415
1653,24795,24809,15,PACKAGE_SCENE,50000000,12208,12208,10300,10300,10300,2756,2756,2756,0,0,0,2.07702e+06,1872160,2313418,39.7899,34.4417,53.5371
1654,24810,24824,15,PACKAGE_SCENE,50000000,12208,12208,10300,10300,10300,2756,2756,2756,0,0,0,2.01554e+06,1683644,2407407,40.1212,34.6082,50.6391
1655,24825,24839,15,PACKAGE_SCENE,50000000,12208,12208,10300,10300,10300,2756,2756,2756,0,0,0,1.99965e+06,1622802,2415008,38.7719,34.5791,44.0376
1656,24840,24854,15,PACKAGE_SCENE,50000000,12208,12208,10300,10300,10300,2756,2756,2756,0,0,0,2.04375e+06,1805771,2447723,39.3213,34.53,49.0577
1657,24855,24869,15,PACKAGE_SCENE,50000000,12208,12208,10300,10300,10300,2756,2756,2756,0,0,0,1.97822e+06,1567525,2361721,40.9976,30.747,49.0498
1658,24870,24884,15,PACKAGE_SCENE,50000000,12208,12208,10300,10300,10300,2756,2756,2756,0,0,0,2.06261e+06,1577888,2620717,40.278,34.6085,47.7083
1659,24885,24899,15,PACKAGE_SCENE,50000000,12208,12208,10300,10300,10300,2756,2756,2756,0,0,0,1.9932e+06,1793071,2407043,40.2065,34.7668,53.1224
1660,24900,24914,15,PACKAGE_SCENE,50000000,12208,12208,10300,10300,10300,2756,2756,2756,0,0,0,1.97618e+06,1594061,2260592,39.1887,33.016,47.2881
1661,24915,24929,15,PACKAGE_SCENE,50000000,12208,12208,10300,10300,10300,2756,2756,2756,0,0,0,1.91412e+06,1609947,2301038,39.936,34.6277,46.8831
1662,24930,24944,15,PACKAGE_SCENE,50000000,12208,12208,10300,10300,10300,2756,2756,2756,0,0,0,1.99198e+06,1580760,2733663,39.5662,34.7381,49.2348
1663,24945,24959,15,PACKAGE_SCENE,50000000,12208,12208,10300,10300,10300,2756,2756,2756,0,0,0,2.0581e+06,1748113,2405664,39.8599,34.8687,50.7707
1664,24960,24974,15,PACKAGE_SCENE,50000000,12208,12208,10300,10300,10300,2756,2756,2756,0,0,0,1.96739e+06,1623998,2270128,38.6849,34.5941,44.0835
1665,24975,24989,15,PACKAGE_SCENE,50000000,12208,12208,10300,10300,10300,2756,2756,2756,0,0,0,1.92343e+06,1558383,2421260,41.248,34.7552,53.099
1666,24990,25004,15,PACKAGE_SCENE,50000000,12208,12208,10300,10300,10300,2756,2756,2756,0,0,0,1.98532e+06,1624249,2395056,39.43,34.5911,44.6675
1667,25005,25019,15,PACKAGE_SCENE,50000000,12208,12208,10300,10300,10300,2756,2756,2756,0,0,0,1.98543e+06,1597488,2444190,41.3161,32.7979,51.6143
1668,25020,25034,15,PACKAGE_SCENE,50000000,12208,12208,10300,10300,10300,2756,2756,2756,0,0,0,1.88642e+06,1664505,2118273,39.0902,34.4778,48.9068
1669,25035,25049,15,PACKAGE_SCENE,50000000,12208,12208,10300,10300,10300,2756,2756,2756,0,0,0,1.89571e+06,1566789,2296805,38.2863,34.8007,49.4011
1670,25050,25064,15,PACKAGE_SCENE,50000000,12208,12208,10300,10300,10300,2756,2756,2756,0,0,0,1.97983e+06,1584092,2307953,43.1003,35.2172,53.5969
1671,25065,25079,15,PACKAGE_SCENE,50000000,12208,12208,10300,10300,10300,2756,2756,2756,0,0,0,1.98183e+06,1684994,2325496,39.9597,34.7081,50.3466
1672,25080,25094,15,PACKAGE_SCENE,50000000,12208,12208,10300,10300,10300,2756,2756,2756,0,0,0,1.97311e+06,1661622,2495408,37.6002,32.6713,45.1926
1673,25095,25109,15,PACKAGE_SCENE,50000000,12208,12208,10300,10300,10300,2756,2756,2756,0,0,0,1.9903e+06,1690858,2409627,39.9712,33.1003,49.7671
1674,25110,25124,15,PACKAGE_SCENE,50000000,12208,12208,10300,10300,10300,2756,2756,2756,0,0,0,1.93618e+06,1555273,2295052,39.8266,34.9208,53.9407
1675,25125,25139,15,PACKAGE_SCENE,50000000,12208,12208,10300,10300,10300,2756,2756,2756,0,0,0,1.97457e+06,1659711,2430553,39.1371,34.6675,43.9817
1676,25140,25154,15,PACKAGE_SCENE,50000000,12208,12208,10300,10300,10300,2756,2756,2756,0,0,0,1.90529e+06,1595704,2250032,37.7733,33.062,51.3379
1677,25155,25169,15,PACKAGE_SCENE,50000000,12208,12208,10300,10300,10300,2756,2756,2756,0,0,0,1.95309e+06,1710257,2341370,41.0632,34.4701,51.561
1678,25170,25184,15,PACKAGE_SCENE,50000000,12208,12208,10300,10300,10300,2756,2756,2756,0,0,0,1.97994e+06,1553316,2420567,40.2212,34.4747,53.5362
1679,25185,25199,15,PACKAGE_SCENE,50000000,12208,12208,10300,10300,10300,2756,2756,2756,0,0,0,2.01298e+06,1731844,2516333,38.0616,32.6394,44.0878
1680,25200,25214,15,PACKAGE_SCENE,50000000,12208,12208,10300,10300,10300,2756,2756,2756,0,0,0,2.02226e+06,1719538,2603733,41.0067,34.7633,53.2795
1681,25215,25229,15,PACKAGE_SCENE,50000000,12208,12208,10300,10300,10300,2756,2756,2756,0,0,0,1.91151e+06,1613594,2190358,40.1856,34.6403,58.936
1682,25230,25244,15,PACKAGE_SCENE,50000000,12208,12208,10300,10300,10300,2756,2756,2756,0,0,0,1.92345e+06,1544510,2240470,41.102,34.7175,50.1052
1683,25245,25259,15,PACKAGE_SCENE,50000000,12208,12208,10300,10300,10300,2756,2756,2756,0,0,0,1.97871e+06,1669848,2590859,41.6777,34.8523,66.0619
1684,25260,25274,15,PACKAGE_SCENE,50000000,12208,12208,10300,10300,10300,2756,2756,2756,0,0,0,2.00455e+06,1595783,2554255,38.4453,25.9928,46.7179
1685,25275,25289,15,PACKAGE_SCENE,50000000,12208,12208,10300,10300,10300,2756,2756,2756,0,0,0,1.96525e+06,1602182,2413733,40.3818,34.6521,61.8197
1686,25290,25304,15,PACKAGE_SCENE,50000000,12208,12208,10300,10300,10300,2756,2756,2756,0,0,0,1.97638e+06,1705094,2227444,40.6367,32.2492,51.1862
1687,25305,25319,15,PACKAGE_SCENE,50000000,12208,12208,10300,10300,10300,2756,2756,2756,0,0,0,2.00541e+06,1740769,2293514,40.8826,34.8575,51.8925
1688,25320,25334,15,PACKAGE_SCENE,50000000,12208,12208,10300,10300,10300,2756,2756,2756,0,0,0,1.95238e+06,1713954,2386045,39.8736,33.3076,57.9495
1689,25335,25349,15,PACKAGE_SCENE,50000000,12208,12208,10300,10300,10300,2756,2756,2756,0,0,0,1.92997e+06,1695635,2250226,40.2656,34.4743,51.84
1690,25350,25364,15,PACKAGE_SCENE,50000000,12208,12208,10300,10300,10300,2756,2756,2756,0,0,0,1.98736e+06,1631160,2351315,39.7455,34.6881,44.8327
1691,25365,25379,15,PACKAGE_SCENE,50000000,12208,12208,10300,10300,10300,2756,2756,2756,0,0,0,2.02319e+06,1777435,2384910,41.9652,34.9226,51.0976
1692,25380,25394,15,PACKAGE_SCENE,50000000,12208,12208,10300,10300,10300,2756,2756,2756,0,0,0,1.96136e+06,1604647,2456735,37.677,34.4755,44.0071
1693,25395,25405,11,PACKAGE_SCENE,50000000,12208,12208,10300,10300,10300,2756,2756,2756,0,0,0,1.84515e+06,1656991,2310914,40.0355,34.8123,53.0993
0,0,14,15,PACKAGE_SCENE,50000000,12208,12208,1305.67,740,1611,330.2,180,421,133.4,31,347,39383.4,0,65771,196.231,15.9649,444.742
1,15,29,15,PACKAGE_SCENE,50000000,12208,12208,1685.33,1188,1734,372.733,330,377,10.1333,0,71,75630.9,46014,110493,274.669,230.64,582.205
2,30,44,15,PACKAGE_SCENE,50000000,12208,12208,1828.53,986,2660,422.667,283,611,84.2,0,239,89141.5,54740,210346,140.572,18.6714,274.085
3,45,59,15,PACKAGE_SCENE,50000000,12208,12208,2225.2,1370,3086,423,247,665,76.9333,3,280,98224.3,25335,180628,52.9641,16.9551,260.509
4,60,74,15,PACKAGE_SCENE,50000000,12208,12208,3075.8,1465,4984,519,388,692,67.7333,1,164,89512.6,28943,157265,22.9901,17.8899,29.7118
5,75,89,15,PACKAGE_SCENE,50000000,12208,12208,3331.93,1439,6170,501.6,348,644,70.9333,3,177,83495,24542,145079,118.533,17.7073,260.689
6,90,104,15,PACKAGE_SCENE,50000000,12208,12208,3518.87,1423,5015,704.667,278,1011,85.3333,0,224,182207,31760,378089,24.4813,18.4424,32.038
7,105,119,15,PACKAGE_SCENE,50000000,12208,12208,4393.8,2580,5950,783.6,456,1303,88.9333,1,170,323171,88527,672019,48.4848,18.8581,275.304
8,120,134,15,PACKAGE_SCENE,50000000,12208,12208,5307.67,3139,7774,1025.87,644,1363,11.4667,0,29,564328,212264,968719,23.6348,18.558,31.5283
9,135,149,15,PACKAGE_SCENE,50000000,12208,12208,5599.73,3403,7553,823.2,514,1143,40.4667,0,74,349989,122443,633125,23.4586,19.2611,39.1198
10,150,164,15,PACKAGE_SCENE,50000000,12208,12208,5179.8,3389,7251,991.267,386,1776,23.7333,0,124,571578,44234,1306851,24.8498,16.8909,32.1874
11,165,179,15,PACKAGE_SCENE,50000000,12208,12208,5449.4,3378,7413,1117.13,607,1584,69.5333,0,166,619677,367261,963203,26.6715,19.0154,32.1347
12,180,194,15,PACKAGE_SCENE,50000000,12208,12208,4564.27,2961,6021,1677.33,1133,2205,4.86667,0,21,1.30128e+06,754131,2026662,29.8488,22.1614,40.5818
13,195,209,15,PACKAGE_SCENE,50000000,12208,12208,4190.67,2902,5893,1324.47,900,2084,2.66667,0,10,1.07947e+06,411999,2048793,27.741,18.8985,40.9468
14,210,224,15,PACKAGE_SCENE,50000000,12208,12208,3349.87,1700,6677,1466.53,1033,2073,7.93333,0,111,1.2546e+06,587613,2370208,28.4614,19.8369,38.463
15,225,239,15,PACKAGE_SCENE,50000000,12208,12208,3951.73,3098,5420,1493.2,1175,1974,8.2,0,74,1.05922e+06,643140,1553935,26.7766,19.2648,31.5353
16,240,254,15,PACKAGE_SCENE,50000000,12208,12208,5421.33,5420,5440,1975.53,1974,1997,5.06667,0,76,1.60496e+06,1265773,1915130,32.1172,25.8478,43.4641
17,255,269,15,PACKAGE_SCENE,50000000,12208,12208,3566.67,1859,5174,1271.4,915,1614,10.8,0,35,1.13421e+06,567617,1865967,28.485,18.6917,39.7254
18,270,284,15,PACKAGE_SCENE,50000000,12208,12208,689.467,461,2508,543.2,461,1262,0.2,0,3,642117,530759,749830,19.7038,16.6478,32.4068
19,285,299,15,PACKAGE_SCENE,50000000,12208,12208,1425.47,461,2508,773.6,461,1262,0,0,0,670143,481787,1135290,20.7003,16.737,28.9365
20,300,314,15,PACKAGE_SCENE,50000000,12208,12208,2905.8,2508,3171,1436,1262,1552,0,0,0,1.11915e+06,837666,1602522,29.1331,20.9196,35.3243
21,315,329,15,PACKAGE_SCENE,50000000,12208,12208,3174,3171,3176,1550.2,1549,1552,0,0,0,1.26689e+06,975630,1502883,29.8908,21.8226,39.1065
22,330,344,15,PACKAGE_SCENE,50000000,12208,12208,3176,3176,3176,1549,1549,1549,0,0,0,1.13678e+06,925026,1500431,30.7974,21.2998,39.0592
23,345,359,15,PACKAGE_SCENE,50000000,12208,12208,3176,3176,3176,1549,1549,1549,0,0,0,1.23585e+06,984316,1469612,31.8155,20.7588,40.1254
24,360,374,15,PACKAGE_SCENE,50000000,12208,12208,3176,3176,3176,1549,1549,1549,0,0,0,1.20183e+06,1015340,1391847,29.5799,21.5739,39.1687
25,375,389,15,PACKAGE_SCENE,50000000,12208,12208,3176,3176,3176,1549,1549,1549,0,0,0,1.14207e+06,884092,1303003,28.6954,20.8023,39.2942
26,390,404,15,PACKAGE_SCENE,50000000,12208,12208,3176,3176,3176,1549,1549,1549,0,0,0,1.21533e+06,1029080,1439972,29.4504,20.6364,39.0437
27,405,419,15,PACKAGE_SCENE,50000000,12208,12208,3173.33,3171,3176,1550.6,1549,1552,0,0,0,1.21514e+06,871494,1466601,29.3378,20.6769,39.0251
28,420,434,15,PACKAGE_SCENE,50000000,12208,12208,3171,3171,3171,1552,1552,1552,0,0,0,1.17977e+06,853743,1486577,29.8536,20.7853,38.9409
29,435,449,15,PACKAGE_SCENE,50000000,12208,12208,3171,3171,3171,1552,1552,1552,0,0,0,1.15051e+06,920299,1369012,29.4062,21.9816,36.6964
30,450,464,15,PACKAGE_SCENE,50000000,12208,12208,3171,3171,3171,1552,1552,1552,0,0,0,1.18825e+06,1017364,1479623,30.3589,21.5671,43.6357
31,465,479,15,PACKAGE_SCENE,50000000,12208,12208,3171,3171,3171,1552,1552,1552,0,0,0,1.18662e+06,930246,1539660,28.2998,21.0721,38.1819
32,480,494,15,PACKAGE_SCENE,50000000,12208,12208,3171,3171,3171,1552,1552,1552,0,0,0,1.16854e+06,954857,1450752,28.5904,20.5571,38.9418
33,495,509,15,PACKAGE_SCENE,50000000,12208,12208,3171,3171,3171,1552,1552,1552,0,0,0,1.14174e+06,894156,1376192,28.2511,21.415,31.0944
34,510,524,15,PACKAGE_SCENE,50000000,12208,12208,3171,3171,3171,1552,1552,1552,0,0,0,1.16473e+06,894324,1475891,28.8395,20.7418,31.2224
35,525,539,15,PACKAGE_SCENE,50000000,12208,12208,4334.4,3171,10300,1722.2,1552,2403,0,0,0,1.33182e+06,1017723,2148879,31.7913,21.4177,40.487
36,540,554,15,PACKAGE_SCENE,50000000,12208,12208,10300,10300,10300,2403,2403,2403,0,0,0,1.90507e+06,1745419,2226110,35.9044,24.7003,43.5366
37,555,569,15,PACKAGE_SCENE,50000000,12208,12208,10300,10300,10300,2403,2403,2403,0,0,0,1.84267e+06,1582090,2338025,36.0555,33.7237,42.9324
38,570,584,15,PACKAGE_SCENE,50000000,12208,12208,10300,10300,10300,2403,2403,2403,0,0,0,1.88484e+06,1668757,2152142,35.6843,33.649,41.375
39,585,599,15,PACKAGE_SCENE,50000000,12208,12208,10300,10300,10300,2403,2403,2403,0,0,0,1.92507e+06,1616705,2233954,37.7999,28.8053,48.6309
40,600,614,15,PACKAGE_SCENE,50000000,12208,12208,10300,10300,10300,2403,2403,2403,0,0,0,1.91171e+06,1654137,2207891,37.1507,33.7544,47.719
41,615,629,15,PACKAGE_SCENE,50000000,12208,12208,10300,10300,10300,2403,2403,2403,0,0,0,1.9351e+06,1583274,2269959,38.8378,33.7478,47.5643
42,630,644,15,PACKAGE_SCENE,50000000,12208,12208,10300,10300,10300,2403,2403,2403,0,0,0,1.96008e+06,1647332,2229744,38.6213,33.6757,52.0745
43,645,659,15,PACKAGE_SCENE,50000000,12208,12208,10300,10300,10300,2403,2403,2403,0,0,0,1.847e+06,1564360,2083989,38.756,33.6274,44.8394
44,660,674,15,PACKAGE_SCENE,50000000,12208,12208,10300,10300,10300,2403,2403,2403,0,0,0,1.81797e+06,1497202,2155426,39.052,32.1792,55.3136
45,675,689,15,PACKAGE_SCENE,50000000,12208,12208,10300,10300,10300,2403,2403,2403,0,0,0,1.92538e+06,1574400,2371596,450.564,34.2185,6149.4
46,690,704,15,PACKAGE_SCENE,50000000,12208,12208,10300,10300,10300,2403,2403,2403,0,0,0,1.97816e+06,1774840,2280714,326.086,35.2774,4303.44
47,705,719,15,PACKAGE_SCENE,50000000,12208,12208,10300,10300,10300,2403,2403,2403,0,0,0,1.90144e+06,1755050,2084476,267.049,31.6083,3446.45
48,720,734,15,PACKAGE_SCENE,50000000,12208,12208,10300,10300,10300,2403,2403,2403,0,0,0,1.86003e+06,1597537,2388310,38.6605,35.8264,58.446
49,735,749,15,PACKAGE_SCENE,50000000,12208,12208,10300,10300,10300,2403,2403,2403,0,0,0,1.95967e+06,1722063,2426240,204.788,26.8663,2509.41
50,750,764,15,PACKAGE_SCENE,50000000,12208,12208,10300,10300,10300,2403,2403,2403,0,0,0,1.91029e+06,1513774,2268398,227.76,35.953,2811.27
51,765,779,15,PACKAGE_SCENE,50000000,12208,12208,10300,10300,10300,2403,2403,2403,0,0,0,1.94907e+06,1631949,2334586,197.073,35.8928,2371.44
52,780,794,15,PACKAGE_SCENE,50000000,12208,12208,10300,10300,10300,2403,2403,2403,0,0,0,1.8602e+06,1669592,2080533,214.559,36.1286,2596.55
53,795,809,15,PACKAGE_SCENE,50000000,12208,12208,10300,10300,10300,2403,2403,2403,0,0,0,1.95267e+06,1511007,2326442,136.815,35.5764,1517.62
54,810,824,15,PACKAGE_SCENE,50000000,12208,12208,10300,10300,10300,2403,2403,2403,0,0,0,2.02271e+06,1579838,2360639,44.579,36.1999,64.5542
55,825,839,15,PACKAGE_SCENE,50000000,12208,12208,10300,10300,10300,2403,2403,2403,0,0,0,1.81315e+06,1653235,1992936,160.56,36.8004,1801.72
56,840,854,15,PACKAGE_SCENE,50000000,12208,12208,10300,10300,10300,2403,2403,2403,0,0,0,1.93104e+06,1604011,2254949,143.714,32.1605,1594.37
57,855,869,15,PACKAGE_SCENE,50000000,12208,12208,10300,10300,10300,2403,2403,2403,0,0,0,1.82707e+06,1493340,2107967,140.511,35.774,1511.67
58,870,884,15,PACKAGE_SCENE,50000000,12208,12208,10300,10300,10300,2403,2403,2403,0,0,0,1.9495e+06,1742304,2303896,135.039,27.1824,1455.24
59,885,899,15,PACKAGE_SCENE,50000000,12208,12208,10300,10300,10300,2403,2403,2403,0,0,0,1.81102e+06,1589494,2093199,147.412,36.2358,1644.47
60,900,914,15,PACKAGE_SCENE,50000000,12208,12208,10300,10300,10300,2403,2403,2403,0,0,0,1.85088e+06,1609517,2097931,40.4872,32.5756,52.0428
61,915,929,15,PACKAGE_SCENE,50000000,12208,12208,10300,10300,10300,2403,2403,2403,0,0,0,1.92315e+06,1556967,2235259,147.796,36.0688,1601.43
62,930,944,15,PACKAGE_SCENE,50000000,12208,12208,10300,10300,10300,2403,2403,2403,0,0,0,1.95953e+06,1667282,2241189,139.336,35.8981,1501.66
63,945,959,15,PACKAGE_SCENE,50000000,12208,12208,10300,10300,10300,2403,2403,2403,0,0,0,1.85793e+06,1602174,2040285,137.538,35.7437,1484.3
64,960,974,15,PACKAGE_SCENE,50000000,12208,12208,10300,10300,10300,2403,2403,2403,0,0,0,1.96716e+06,1690087,2463361,143.271,31.1932,1570.97
65,975,989,15,PACKAGE_SCENE,50000000,12208,12208,10300,10300,10300,2403,2403,2403,0,0,0,1.87197e+06,1548223,2137700,174.224,37.3004,2016.36
66,990,1004,15,PACKAGE_SCENE,50000000,12208,12208,10300,10300,10300,2403,2403,2403,0,0,0,1.86889e+06,1621414,2275559,45.4309,30.9499,74.3676
67,1005,1019,15,PACKAGE_SCENE,50000000,12208,12208,10300,10300,10300,2403,2403,2403,0,0,0,1.86813e+06,1741490,2269442,282.564,35.8875,3638.75
68,1020,1034,15,PACKAGE_SCENE,50000000,12208,12208,10300,10300,10300,2403,2403,2403,0,0,0,1.8796e+06,1650470,2189878,178.177,34.1331,2112.22
69,1035,1049,15,PACKAGE_SCENE,50000000,12208,12208,10300,10300,10300,2403,2403,2403,0,0,0,1.95691e+06,1584108,2511451,175.263,33.713,2044.24
70,1050,1064,15,PACKAGE_SCENE,50000000,12208,12208,10300,10300,10300,2403,2403,2403,0,0,0,1.91096e+06,1554693,2296319,165.464,31.8551,1891.63
71,1065,1079,15,PACKAGE_SCENE,50000000,12208,12208,10300,10300,10300,2403,2403,2403,0,0,0,1.91707e+06,1640995,2267336,38.8922,35.4781,46.4677
72,1080,1094,15,PACKAGE_SCENE,50000000,12208,12208,10300,10300,10300,2403,2403,2403,0,0,0,1.83769e+06,1417842,2065596,154.492,33.395,1745.75
73,1095,1109,15,PACKAGE_SCENE,50000000,12208,12208,10300,10300,10300,2403,2403,2403,0,0,0,1.8826e+06,1513531,2079933,165.281,35.3535,1861.1
74,1110,1124,15,PACKAGE_SCENE,50000000,12208,12208,10300,10300,10300,2403,2403,2403,0,0,0,1.90782e+06,1710682,2324071,173.991,28.0746,2039.94
75,1125,1139,15,PACKAGE_SCENE,50000000,12208,12208,10300,10300,10300,2403,2403,2403,0,0,0,1.95388e+06,1603817,2249509,164.787,35.9706,1874.85
76,1140,1154,15,PACKAGE_SCENE,50000000,12208,12208,10300,10300,10300,2403,2403,2403,0,0,0,1.89152e+06,1615412,2077875,155.197,33.7795,1759.47
77,1155,1169,15,PACKAGE_SCENE,50000000,12208,12208,10300,10300,10300,2403,2403,2403,0,0,0,1.92097e+06,1686780,2132517,42.1328,35.6627,52.6681
78,1170,1184,15,PACKAGE_SCENE,50000000,12208,12208,10300,10300,10300,2403,2403,2403,0,0,0,1.95866e+06,1782920,2261249,175.665,35.0089,1998.62
79,1185,1199,15,PACKAGE_SCENE,50000000,12208,12208,10300,10300,10300,2403,2403,2403,0,0,0,1.81967e+06,1561861,2108726,181.993,35.7944,2103.28
80,1200,1214,15,PACKAGE_SCENE,50000000,12208,12208,10300,10300,10300,2403,2403,2403,0,0,0,1.924e+06,1534536,2225990,173.943,35.2956,1997.93
81,1215,1229,15,PACKAGE_SCENE,50000000,12208,12208,10300,10300,10300,2403,2403,2403,0,0,0,1.85083e+06,1540461,2092841,159.077,35.5293,1797.92
82,1230,1244,15,PACKAGE_SCENE,50000000,12208,12208,10300,10300,10300,2403,2403,2403,0,0,0,1.91959e+06,1683741,2317663,166.009,35.5205,1925.89
83,1245,1259,15,PACKAGE_SCENE,50000000,12208,12208,10300,10300,10300,2403,2403,2403,0,0,0,1.88948e+06,1646923,2168416,40.8892,33.5043,48.3155
84,1260,1274,15,PACKAGE_SCENE,50000000,12208,12208,10300,10300,10300,2403,2403,2403,0,0,0,1.92707e+06,1719754,2144313,168.512,35.4644,1949.36
85,1275,1289,15,PACKAGE_SCENE,50000000,12208,12208,10300,10300,10300,2403,2403,2403,0,0,0,1.93701e+06,1575715,2177031,167.553,35.4375,1841.96
86,1290,1304,15,PACKAGE_SCENE,50000000,12208,12208,10300,10300,10300,2403,2403,2403,0,0,0,1.92175e+06,1610389,2235368,164.87,34.0116,1922.19
87,1305,1319,15,PACKAGE_SCENE,50000000,12208,12208,10300,10300,10300,2403,2403,2403,0,0,0,1.85155e+06,1602995,2154215,149.373,28.5889,1633.2
88,1320,1334,15,PACKAGE_SCENE,50000000,12208,12208,10300,10300,10300,2403,2403,2403,0,0,0,1.85131e+06,1601205,2085408,134.275,36.0422,1418.94
89,1335,1349,15,PACKAGE_SCENE,50000000,12208,12208,10300,10300,10300,2403,2403,2403,0,0,0,1.94734e+06,1511823,2242465,44.0688,27.8882,57.3395
90,1350,1364,15,PACKAGE_SCENE,50000000,12208,12208,10300,10300,10300,2403,2403,2403,0,0,0,1.95093e+06,1521686,2240238,130.794,33.2961,1401.11
91,1365,1379,15,PACKAGE_SCENE,50000000,12208,12208,10300,10300,10300,2403,2403,2403,0,0,0,1.80409e+06,1468793,2009655,408.674,35.6723,5567.39
92,1380,1394,15,PACKAGE_SCENE,50000000,12208,12208,10300,10300,10300,2403,2403,2403,0,0,0,1.8392e+06,1592185,2118323,41.1377,35.1268,50.0351
93,1395,1409,15,PACKAGE_SCENE,50000000,12208,12208,10300,10300,10300,2403,2403,2403,0,0,0,1.87876e+06,1574751,2360701,40.7937,35.6346,49.9936
94,1410,1424,15,PACKAGE_SCENE,50000000,12208,12208,10300,10300,10300,2403,2403,2403,0,0,0,1.95566e+06,1765710,2254685,39.466,29.8007,49.9273
95,1425,1439,15,PACKAGE_SCENE,50000000,12208,12208,10300,10300,10300,2403,2403,2403,0,0,0,1.94982e+06,1669365,2513273,40.6049,35.416,49.3526
96,1440,1454,15,PACKAGE_SCENE,50000000,12208,12208,10300,10300,10300,2403,2403,2403,0,0,0,1.86661e+06,1597226,2100652,39.8982,33.4183,46.4575
97,1455,1469,15,PACKAGE_SCENE,50000000,12208,12208,10300,10300,10300,2403,2403,2403,0,0,0,1.86784e+06,1658418,2239645,38.8558,26.7879,50.9665
98,1470,1484,15,PACKAGE_SCENE,50000000,12208,12208,10300,10300,10300,2403,2403,2403,0,0,0,1.91134e+06,1634684,2396580,41.5534,35.5047,54.1499
99,1485,1499,15,PACKAGE_SCENE,50000000,12208,12208,10300,10300,10300,2403,2403,2403,0,0,0,1.94778e+06,1707290,2301808,39.2575,34.9395,46.3119
100,1500,1514,15,PACKAGE_SCENE,50000000,12208,12208,10300,10300,10300,2403,2403,2403,0,0,0,1.88412e+06,1549220,2155090,39.5501,33.8775,49.5462
101,1515,1529,15,PACKAGE_SCENE,50000000,12208,12208,10300,10300,10300,2403,2403,2403,0,0,0,1.95303e+06,1716517,2441139,39.7579,35.1066,55.4135
102,1530,1544,15,PACKAGE_SCENE,50000000,12208,12208,10300,10300,10300,2403,2403,2403,0,0,0,1.89162e+06,1661427,2248116,38.1563,25.6519,47.5947
103,1545,1559,15,PACKAGE_SCENE,50000000,12208,12208,10300,10300,10300,2403,2403,2403,0,0,0,1.85941e+06,1634292,2168458,39.0525,35.3481,53.7074
104,1560,1574,15,PACKAGE_SCENE,50000000,12208,12208,10300,10300,10300,2403,2403,2403,0,0,0,1.9071e+06,1688135,2302680,40.2757,32.1406,47.9977
105,1575,1589,15,PACKAGE_SCENE,50000000,12208,12208,10300,10300,10300,2403,2403,2403,0,0,0,1.9327e+06,1664778,2181826,42.7028,34.9294,64.4222
106,1590,1604,15,PACKAGE_SCENE,50000000,12208,12208,10300,10300,10300,2403,2403,2403,0,0,0,1.9064e+06,1692932,2166761,40.0896,35.5787,52.6092
107,1605,1619,15,PACKAGE_SCENE,50000000,12208,12208,9740,9100,10300,2254.13,2084,2403,0,0,0,1.69924e+06,1400331,2008874,39.012,25.3929,50.2364
108,1620,1634,15,PACKAGE_SCENE,50000000,12208,12208,9100,9100,9100,2084,2084,2084,0,0,0,1.56109e+06,1342582,1695027,38.5939,24.4806,48.0743
109,1635,1649,15,PACKAGE_SCENE,50000000,12208,12208,9100,9100,9100,2084,2084,2084,0,0,0,1.49064e+06,1280939,1865351,36.2156,33.8083,44.753
110,1650,1664,15,PACKAGE_SCENE,50000000,12208,12208,7315.87,7053,9100,1600.8,1564,2084,0,0,0,1.07039e+06,881074,1472814,32.3685,22.9529,45.238
111,1665,1679,15,PACKAGE_SCENE,50000000,12208,12208,8001,8001,8001,1580,1580,1580,0,0,0,1.21937e+06,717745,1843532,32.3987,23.6899,36.6717
112,1680,1694,15,PACKAGE_SCENE,50000000,12208,12208,10757.7,10270,11315,2230.8,2081,2402,0,0,0,1.77474e+06,1265981,2724346,40.5071,35.3289,58.6024
113,1695,1709,15,PACKAGE_SCENE,50000000,12208,12208,11310.3,11310,11315,2407.6,2402,2408,0,0,0,1.99837e+06,1529729,2374227,41.6742,34.6258,61.4512
114,1710,1724,15,PACKAGE_SCENE,50000000,12208,12208,11310,11310,11310,2408,2408,2408,0,0,0,1.97054e+06,1424246,3198117,38.6778,35.1194,50.6108
115,1725,1739,15,PACKAGE_SCENE,50000000,12208,12208,11310,11310,11310,2408,2408,2408,0,0,0,1.86265e+06,1260248,2642863,42.1739,36.5986,57.4703
116,1740,1754,15,PACKAGE_SCENE,50000000,12208,12208,11310,11310,11310,2408,2408,2408,0,0,0,2.13078e+06,1339669,2955268,41.7616,36.419,56.5688
117,1755,1769,15,PACKAGE_SCENE,50000000,12208,12208,11310,11310,11310,2408,2408,2408,0,0,0,2.00693e+06,1411508,2718897,41.3225,36.6984,51.232
118,1770,1784,15,PACKAGE_SCENE,50000000,12208,12208,11310,11310,11310,2408,2408,2408,0,0,0,1.91964e+06,1337566,2814910,42.3976,34.7368,60.799
119,1785,1799,15,PACKAGE_SCENE,50000000,12208,12208,11310,11310,11310,2408,2408,2408,0,0,0,1.93925e+06,1477040,2777756,41.0334,33.3746,51.0382
120,1800,1814,15,PACKAGE_SCENE,50000000,12208,12208,11310,11310,11310,2408,2408,2408,0,0,0,1.98614e+06,1575156,2559839,504.325,36.7519,6981.6
121,1815,1829,15,PACKAGE_SCENE,50000000,12208,12208,11310,11310,11310,2408,2408,2408,0,0,0,2.06798e+06,1194575,3045042,40.6621,33.9203,59.5967
122,1830,1844,15,PACKAGE_SCENE,50000000,12208,12208,11310,11310,11310,2408,2408,2408,0,0,0,1.79159e+06,1340106,2366022,391.122,36.9053,5251.66
123,1845,1859,15,PACKAGE_SCENE,50000000,12208,12208,11310,11310,11310,2408,2408,2408,0,0,0,2.05693e+06,1458591,2829438,260.217,37.4619,3275.84
124,1860,1874,15,PACKAGE_SCENE,50000000,12208,12208,11310,11310,11310,2408,2408,2408,0,0,0,1.8518e+06,1426446,2265171,219.131,28.6436,2681.58
125,1875,1889,15,PACKAGE_SCENE,50000000,12208,12208,11310,11310,11310,2408,2408,2408,0,0,0,2.00588e+06,1669318,2555015,248.288,37.6216,3100.15
126,1890,1904,15,PACKAGE_SCENE,50000000,12208,12208,11310,11310,11310,2408,2408,2408,0,0,0,2.03829e+06,1342513,2635507,203.195,39.0846,2420.39
127,1905,1919,15,PACKAGE_SCENE,50000000,12208,12208,11310,11310,11310,2408,2408,2408,0,0,0,1.92118e+06,1633666,2746964,42.013,36.9551,59.681
128,1920,1934,15,PACKAGE_SCENE,50000000,12208,12208,11310,11310,11310,2408,2408,2408,0,0,0,1.9251e+06,1355278,2545297,202.624,32.5814,2470.76
129,1935,1949,15,PACKAGE_SCENE,50000000,12208,12208,11310,11310,11310,2408,2408,2408,0,0,0,1.81422e+06,1514844,2429063,149.919,36.8808,1661.37
130,1950,1964,15,PACKAGE_SCENE,50000000,12208,12208,11310,11310,11310,2408,2408,2408,0,0,0,1.82007e+06,1519653,2186752,156.266,36.9379,1732.89
131,1965,1979,15,PACKAGE_SCENE,50000000,12208,12208,11310,11310,11310,2408,2408,2408,0,0,0,1.91959e+06,1429985,2556853,138.453,36.7799,1493.33
132,1980,1994,15,PACKAGE_SCENE,50000000,12208,12208,11310,11310,11310,2408,2408,2408,0,0,0,2.12199e+06,1360798,2703163,139.394,36.5925,1513.87
133,1995,2009,15,PACKAGE_SCENE,50000000,12208,12208,11310,11310,11310,2408,2408,2408,0,0,0,1.82916e+06,1378244,2832462,40.1459,32.2523,50.4674
134,2010,2024,15,PACKAGE_SCENE,50000000,12208,12208,11310,11310,11310,2408,2408,2408,0,0,0,1.93627e+06,1476638,2780672,144.663,37.9167,1572.55
135,2025,2039,15,PACKAGE_SCENE,50000000,12208,12208,11310,11310,11310,2408,2408,2408,0,0,0,1.90894e+06,1232523,2361394,154.374,29.7189,1682.75
136,2040,2054,15,PACKAGE_SCENE,50000000,12208,12208,11310,11310,11310,2408,2408,2408,0,0,0,1.91421e+06,1437410,2641948,138.736,37.3078,1492.44
137,2055,2069,15,PACKAGE_SCENE,50000000,12208,12208,11310,11310,11310,2408,2408,2408,0,0,0,2.00433e+06,1581965,2671719,140.521,36.6459,1500.03
138,2070,2084,15,PACKAGE_SCENE,50000000,12208,12208,11310,11310,11310,2408,2408,2408,0,0,0,1.91304e+06,1434700,2991890,144.64,35.1252,1605.11
139,2085,2099,15,PACKAGE_SCENE,50000000,12208,12208,11310,11310,11310,2408,2408,2408,0,0,0,1.9918e+06,1445318,2828787,41.9687,36.929,54.1466
140,2100,2114,15,PACKAGE_SCENE,50000000,12208,12208,11310,11310,11310,2408,2408,2408,0,0,0,1.88702e+06,1337411,2214389,159.878,37.1727,1788.6
141,2115,2129,15,PACKAGE_SCENE,50000000,12208,12208,11310,11310,11310,2408,2408,2408,0,0,0,2.00815e+06,1420488,2852692,155.749,37.4779,1688.32
142,2130,2144,15,PACKAGE_SCENE,50000000,12208,12208,11310,11310,11310,2408,2408,2408,0,0,0,2.10636e+06,1224948,2732472,234.764,37.2072,2858.11
143,2145,2159,15,PACKAGE_SCENE,50000000,12208,12208,11310,11310,11310,2408,2408,2408,0,0,0,1.95328e+06,1536004,2611354,177.351,34.6571,2079.66
144,2160,2174,15,PACKAGE_SCENE,50000000,12208,12208,11310,11310,11310,2408,2408,2408,0,0,0,2.12598e+06,1435107,2707312,176.159,37.0889,2037.66
145,2175,2189,15,PACKAGE_SCENE,50000000,12208,12208,11310,11310,11310,2408,2408,2408,0,0,0,1.88698e+06,1492693,2341976,43.9011,36.6353,65.071
146,2190,2204,15,PACKAGE_SCENE,50000000,12208,12208,11310,11310,11310,2408,2408,2408,0,0,0,1.96444e+06,1517049,2727982,162.141,36.8258,1866.28
147,2205,2219,15,PACKAGE_SCENE,50000000,12208,12208,11310,11310,11310,2408,2408,2408,0,0,0,1.92386e+06,1362856,2512504,155.33,27.6912,1737.3
148,2220,2234,15,PACKAGE_SCENE,50000000,12208,12208,11310,11310,11310,2408,2408,2408,0,0,0,1.90997e+06,1639582,2426904,175.894,37.364,2027.73
149,2235,2249,15,PACKAGE_SCENE,50000000,12208,12208,11310,11310,11310,2408,2408,2408,0,0,0,1.93448e+06,1243336,2798574,164.568,37.018,1905.79
150,2250,2264,15,PACKAGE_SCENE,50000000,12208,12208,11310,11310,11310,2408,2408,2408,0,0,0,1.91075e+06,1512159,2361082,147.907,34.8052,1681.36
151,2265,2279,15,PACKAGE_SCENE,50000000,12208,12208,11310,11310,11310,2408,2408,2408,0,0,0,2.02525e+06,1763186,2431284,42.5503,37.0515,67.1186
152,2280,2294,15,PACKAGE_SCENE,50000000,12208,12208,11310,11310,11310,2408,2408,2408,0,0,0,2.05556e+06,1511240,2942216,163.512,38.049,1818.31
153,2295,2309,15,PACKAGE_SCENE,50000000,12208,12208,11310,11310,11310,2408,2408,2408,0,0,0,1.88565e+06,1452130,2408102,175.749,31.9215,2048.3
154,2310,2324,15,PACKAGE_SCENE,50000000,12208,12208,11310,11310,11310,2408,2408,2408,0,0,0,1.87831e+06,1242648,2635343,170.837,38.7728,1941.15
155,2325,2339,15,PACKAGE_SCENE,50000000,12208,12208,11310,11310,11310,2408,2408,2408,0,0,0,1.80257e+06,1224256,2515642,162.166,36.723,1831.4
156,2340,2354,15,PACKAGE_SCENE,50000000,12208,12208,11310,11310,11310,2408,2408,2408,0,0,0,1.94669e+06,1419008,2459451,176.282,36.8567,2032.48
157,2355,2369,15,PACKAGE_SCENE,50000000,12208,12208,11310,11310,11310,2408,2408,2408,0,0,0,1.84098e+06,1520145,2200811,46.1881,38.2605,52.5276
158,2370,2384,15,PACKAGE_SCENE,50000000,12208,12208,11310,11310,11310,2408,2408,2408,0,0,0,1.9054e+06,1364364,2515651,187.026,39.4709,2141.6
159,2385,2399,15,PACKAGE_SCENE,50000000,12208,12208,11310,11310,11310,2408,2408,2408,0,0,0,1.87708e+06,1615246,2156531,173.989,37.2767,2016.39
160,2400,2414,15,PACKAGE_SCENE,50000000,12208,12208,11310,11310,11310,2408,2408,2408,0,0,0,1.95648e+06,1491291,2676694,158.057,34.9596,1761.91
161,2415,2429,15,PACKAGE_SCENE,50000000,12208,12208,11310,11310,11310,2408,2408,2408,0,0,0,1.99838e+06,1280918,2647646,164.889,36.8352,1887.78
162,2430,2444,15,PACKAGE_SCENE,50000000,12208,12208,11310,11310,11310,2408,2408,2408,0,0,0,2.03962e+06,1544398,2513562,155.034,38.6572,1692.99
163,2445,2459,15,PACKAGE_SCENE,50000000,12208,12208,11310,11310,11310,2408,2408,2408,0,0,0,1.81043e+06,1408529,2195011,44.6343,36.9122,76.6399
164,2460,2474,15,PACKAGE_SCENE,50000000,12208,12208,11310,11310,11310,2408,2408,2408,0,0,0,2.07236e+06,1383100,2790414,129.401,35.245,1363.72
165,2475,2489,15,PACKAGE_SCENE,50000000,12208,12208,11310,11310,11310,2408,2408,2408,0,0,0,2.03184e+06,1435251,2546462,126.152,36.9074,1271.61
166,2490,2504,15,PACKAGE_SCENE,50000000,12208,12208,11310,11310,11310,2408,2408,2408,0,0,0,1.89463e+06,1289513,2492891,410.684,36.5004,5532.67
167,2505,2519,15,PACKAGE_SCENE,50000000,12208,12208,11310,11310,11310,2408,2408,2408,0,0,0,1.8814e+06,1252830,2338473,43.2773,34.6037,56.366
168,2520,2534,15,PACKAGE_SCENE,50000000,12208,12208,11310,11310,11310,2408,2408,2408,0,0,0,2.00942e+06,1526967,2662536,42.8261,36.5011,52.0862
169,2535,2549,15,PACKAGE_SCENE,50000000,12208,12208,11310,11310,11310,2408,2408,2408,0,0,0,1.75371e+06,1203545,2575477,40.1369,31.9363,47.0948
170,2550,2564,15,PACKAGE_SCENE,50000000,12208,12208,11310,11310,11310,2408,2408,2408,0,0,0,1.89877e+06,1448786,2481185,41.8894,32.4067,56.3797
171,2565,2579,15,PACKAGE_SCENE,50000000,12208,12208,11310,11310,11310,2408,2408,2408,0,0,0,2.00322e+06,1401670,2552573,39.0946,31.8496,48.1886
172,2580,2594,15,PACKAGE_SCENE,50000000,12208,12208,11310,11310,11310,2408,2408,2408,0,0,0,1.73794e+06,1360092,2451352,40.2033,36.3694,48.0024
173,2595,2609,15,PACKAGE_SCENE,50000000,12208,12208,11310,11310,11310,2408,2408,2408,0,0,0,1.935e+06,1627862,2396917,41.1352,36.4849,58.2636
174,2610,2624,15,PACKAGE_SCENE,50000000,12208,12208,11310,11310,11310,2408,2408,2408,0,0,0,2.00788e+06,1249979,2982110,39.5398,36.2241,48.3568
175,2625,2639,15,PACKAGE_SCENE,50000000,12208,12208,11310,11310,11310,2408,2408,2408,0,0,0,1.89138e+06,1435767,2781776,41.6235,36.7505,50.7213
176,2640,2654,15,PACKAGE_SCENE,50000000,12208,12208,11310,11310,11310,2408,2408,2408,0,0,0,1.78003e+06,1268923,2253968,39.9739,35.3079,50.835
177,2655,2669,15,PACKAGE_SCENE,50000000,12208,12208,11310,11310,11310,2408,2408,2408,0,0,0,2.01929e+06,1571846,3035039,44.1623,36.4857,67.6352
178,2670,2684,15,PACKAGE_SCENE,50000000,12208,12208,11310,11310,11310,2408,2408,2408,0,0,0,1.99915e+06,1714318,2478664,40.4783,36.7627,52.6823
179,2685,2699,15,PACKAGE_SCENE,50000000,12208,12208,11310,11310,11310,2408,2408,2408,0,0,0,1.99014e+06,1386319,2661485,43.2603,33.8803,53.0514
180,2700,2714,15,PACKAGE_SCENE,50000000,12208,12208,11310,11310,11310,2408,2408,2408,0,0,0,1.96745e+06,1460604,2541883,42.168,36.7986,56.4838
181,2715,2729,15,PACKAGE_SCENE,50000000,12208,12208,11310,11310,11310,2408,2408,2408,0,0,0,2.17371e+06,1707831,3223722,42.7048,38.5864,52.0376
182,2730,2744,15,PACKAGE_SCENE,50000000,12208,12208,11310,11310,11310,2408,2408,2408,0,0,0,2.04596e+06,1568441,2604189,43.6231,36.6404,56.0177
183,2745,2759,15,PACKAGE_SCENE,50000000,12208,12208,11310,11310,11310,2408,2408,2408,0,0,0,1.95004e+06,1416088,2736062,42.7459,38.4365,52.9377
184,2760,2774,15,PACKAGE_SCENE,50000000,12208,12208,11310,11310,11310,2408,2408,2408,0,0,0,1.92003e+06,1300892,2324440,41.0779,31.1514,57.757
185,2775,2789,15,PACKAGE_SCENE,50000000,12208,12208,11310,11310,11310,2408,2408,2408,0,0,0,2.0001e+06,1467290,2690678,42.732,36.6526,56.5159
186,2790,2804,15,PACKAGE_SCENE,50000000,12208,12208,11310,11310,11310,2408,2408,2408,0,0,0,1.91714e+06,1364395,2327705,47.2603,34.8859,56.3228
187,2805,2819,15,PACKAGE_SCENE,50000000,12208,12208,11310,11310,11310,2408,2408,2408,0,0,0,1.93409e+06,1499856,2584810,41.6966,32.6241,55.4426
188,2820,2834,15,PACKAGE_SCENE,50000000,12208,12208,11310,11310,11310,2408,2408,2408,0,0,0,2.0865e+06,1369050,2765817,41.7189,35.3216,57.5869
189,2835,2849,15,PACKAGE_SCENE,50000000,12208,12208,11310,11310,11310,2408,2408,2408,0,0,0,1.93638e+06,1355717,2686998,39.2246,26.0387,49.4803
190,2850,2864,15,PACKAGE_SCENE,50000000,12208,12208,11310,11310,11310,2408,2408,2408,0,0,0,1.91321e+06,1227837,2612972,37.2679,35.0169,44.5565
191,2865,2879,15,PACKAGE_SCENE,50000000,12208,12208,11310,11310,11310,2408,2408,2408,0,0,0,1.89232e+06,1203996,2658192,40.2067,35.1679,49.4482
192,2880,2894,15,PACKAGE_SCENE,50000000,12208,12208,11310,11310,11310,2408,2408,2408,0,0,0,1.86846e+06,1583222,2327159,39.273,35.3156,58.2501
193,2895,2909,15,PACKAGE_SCENE,50000000,12208,12208,11310,11310,11310,2408,2408,2408,0,0,0,1.9919e+06,1419488,2658342,39.6473,35.3516,49.701
194,2910,2924,15,PACKAGE_SCENE,50000000,12208,12208,11310,11310,11310,2408,2408,2408,0,0,0,2.01872e+06,1333869,2509613,40.2923,35.0478,53.6394
195,2925,2939,15,PACKAGE_SCENE,50000000,12208,12208,11310,11310,11310,2408,2408,2408,0,0,0,1.88438e+06,1466754,2619690,39.0161,35.0951,45.0965
196,2940,2954,15,PACKAGE_SCENE,50000000,12208,12208,11310,11310,11310,2408,2408,2408,0,0,0,1.99676e+06,1438524,2713507,36.9381,33.0559,45.0844
197,2955,2969,15,PACKAGE_SCENE,50000000,12208,12208,11310.3,11310,11315,2407.6,2402,2408,0,0,0,1.96738e+06,1522111,2369880,39.2743,34.9482,49.2213
198,2970,2984,15,PACKAGE_SCENE,50000000,12208,12208,10740.3,7053,11315,2269.93,1564,2402,0,0,0,1.7163e+06,1160300,2316956,39.739,30.0841,46.2247
199,2985,2999,15,PACKAGE_SCENE,50000000,12208,12208,9138.4,6844,11266,1638.47,1073,2403,0.266667,0,1,1.3442e+06,851490,1898070,31.9121,20.3504,43.4221
200,3000,3014,15,PACKAGE_SCENE,50000000,12208,12208,8702.27,6183,10812,1874.6,1168,2461,0.0666667,0,1,1.57496e+06,583462,2788421,32.2428,22.0287,41.197
201,3015,3029,15,PACKAGE_SCENE,50000000,12208,12208,9016,6177,11624,1461.93,992,2341,0.266667,0,2,1.16022e+06,484316,1749738,30.6906,20.4763,41.7262
202,3030,3044,15,PACKAGE_SCENE,50000000,12208,12208,7411.33,4896,9844,1758.67,1169,2320,0.133333,0,2,1.40994e+06,706711,3251827,29.737,19.9159,34.5529
203,3045,3059,15,PACKAGE_SCENE,50000000,12208,12208,6812.8,4624,9207,1005.73,589,1573,0.666667,0,7,599842,192622,1279345,26.0604,18.7697,37.058
204,3060,3074,15,PACKAGE_SCENE,50000000,12208,12208,5458.87,3583,7834,986.267,510,1785,0,0,0,602915,46068,1798280,26.1192,18.9337,31.9047
205,3075,3089,15,PACKAGE_SCENE,50000000,12208,12208,5280.2,3589,5401,647.667,517,839,0,0,0,290804,126910,424453,22.4682,19.0662,31.4811
206,3090,3104,15,PACKAGE_SCENE,50000000,12208,12208,4917.8,3589,5401,612.867,517,643,0,0,0,261936,107510,420012,20.8982,19.0114,25.0812
207,3105,3119,15,PACKAGE_SCENE,50000000,12208,12208,4652.2,3589,5361,549.933,517,749,0,0,0,134521,85004,197756,21.5953,18.646,31.4524
208,3120,3134,15,PACKAGE_SCENE,50000000,12208,12208,6238,5361,6693,663.8,550,760,0,0,0,136806,89395,204733,22.5356,20.0545,30.2653
209,3135,3149,15,PACKAGE_SCENE,50000000,12208,12208,5004.13,3583,6638,493.667,388,629,0,0,0,95316.1,46033,174995,21.6241,17.1753,30.9773
210,3150,3164,15,PACKAGE_SCENE,50000000,12208,12208,4209.6,3583,4306,955.6,388,1043,0,0,0,629500,46227,1055646,24.7294,17.9199,37.4877
211,3165,3179,15,PACKAGE_SCENE,50000000,12208,12208,7021.93,6095,7833,1622.47,1416,1799,0,0,0,1.25854e+06,1047511,1772951,30.929,21.9413,38.0158
212,3180,3194,15,PACKAGE_SCENE,50000000,12208,12208,7834,7834,7834,1757,1757,1757,0,0,0,1.47019e+06,779727,2163581,30.7607,21.914,39.9558
213,3195,3209,15,PACKAGE_SCENE,50000000,12208,12208,7834,7834,7834,1757,1757,1757,0,0,0,1.32855e+06,720631,1784266,29.669,21.6042,32.117
214,3210,3224,15,PACKAGE_SCENE,50000000,12208,12208,7834,7834,7834,1757,1757,1757,0,0,0,1.38163e+06,906149,1933331,31.5602,21.8296,41.9521
215,3225,3239,15,PACKAGE_SCENE,50000000,12208,12208,7834,7834,7834,1757,1757,1757,0,0,0,1.36386e+06,718862,1967263,356.453,23.3002,4861.8
216,3240,3254,15,PACKAGE_SCENE,50000000,12208,12208,7834,7834,7834,1757,1757,1757,0,0,0,1.32059e+06,659536,1981807,317.648,29.9289,4247.17
217,3255,3269,15,PACKAGE_SCENE,50000000,12208,12208,7834,7834,7834,1757,1757,1757,0,0,0,1.29044e+06,856560,1786082,221.247,32.0961,2787.5
218,3270,3284,15,PACKAGE_SCENE,50000000,12208,12208,7834,7834,7834,1757,1757,1757,0,0,0,1.23494e+06,697238,2059108,204.116,32.2876,2530.47
219,3285,3299,15,PACKAGE_SCENE,50000000,12208,12208,7834,7834,7834,1757,1757,1757,0,0,0,1.36014e+06,750476,2013157,33.8699,23.6394,42.8682
220,3300,3314,15,PACKAGE_SCENE,50000000,12208,12208,7834,7834,7834,1757,1757,1757,0,0,0,1.34008e+06,695651,2390822,192.909,30.6991,2377.84
221,3315,3329,15,PACKAGE_SCENE,50000000,12208,12208,7834,7834,7834,1757,1757,1757,0,0,0,1.24068e+06,830467,1726999,169.797,32.3264,2030.79
222,3330,3344,15,PACKAGE_SCENE,50000000,12208,12208,7834,7834,7834,1757,1757,1757,0,0,0,1.39622e+06,1013019,2038330,189.836,22.2192,2329.01
223,3345,3359,15,PACKAGE_SCENE,50000000,12208,12208,7834,7834,7834,1757,1757,1757,0,0,0,1.32972e+06,833348,1851512,113.755,24.129,1215.52
224,3360,3374,15,PACKAGE_SCENE,50000000,12208,12208,7834,7834,7834,1757,1757,1757,0,0,0,1.29712e+06,642522,1876054,108.396,22.0662,1180.05
225,3375,3389,15,PACKAGE_SCENE,50000000,12208,12208,7834,7834,7834,1757,1757,1757,0,0,0,1.2602e+06,797186,1744488,33.3729,22.2619,43.0762
226,3390,3404,15,PACKAGE_SCENE,50000000,12208,12208,7834,7834,7834,1757,1757,1757,0,0,0,1.34409e+06,579049,1861426,115.491,23.5795,1236.97
227,3405,3419,15,PACKAGE_SCENE,50000000,12208,12208,7834,7834,7834,1757,1757,1757,0,0,0,1.26255e+06,712162,1901137,125.387,25.4299,1368.56
228,3420,3434,15,PACKAGE_SCENE,50000000,12208,12208,7834,7834,7834,1757,1757,1757,0,0,0,1.3706e+06,775446,1926449,133.179,33.1503,1446.39
229,3435,3449,15,PACKAGE_SCENE,50000000,12208,12208,7834,7834,7834,1757,1757,1757,0,0,0,1.24189e+06,783821,1886551,127.646,32.8194,1382.61
230,3450,3464,15,PACKAGE_SCENE,50000000,12208,12208,7834,7834,7834,1757,1757,1757,0,0,0,1.2297e+06,778034,1718871,119.684,31.2945,1293.21
231,3465,3479,15,PACKAGE_SCENE,50000000,12208,12208,7834,7834,7834,1757,1757,1757,0,0,0,1.55352e+06,1010761,2145392,33.3656,23.9086,41.9635
232,3480,3494,15,PACKAGE_SCENE,50000000,12208,12208,7834,7834,7834,1757,1757,1757,0,0,0,1.27301e+06,852480,1810202,117.51,31.1541,1238.22
233,3495,3509,15,PACKAGE_SCENE,50000000,12208,12208,7834,7834,7834,1757,1757,1757,0,0,0,1.29905e+06,919662,1904715,133.795,31.0314,1485.77
234,3510,3524,15,PACKAGE_SCENE,50000000,12208,12208,7834,7834,7834,1757,1757,1757,0,0,0,1.38749e+06,580267,2345270,133.053,24.0357,1471.28
235,3525,3539,15,PACKAGE_SCENE,50000000,12208,12208,7834,7834,7834,1757,1757,1757,0,0,0,1.25134e+06,761595,2007877,124.609,22.3925,1340.82
236,3540,3554,15,PACKAGE_SCENE,50000000,12208,12208,7834,7834,7834,1757,1757,1757,0,0,0,1.23883e+06,765806,1990962,176.784,32.1757,2146.49
237,3555,3569,15,PACKAGE_SCENE,50000000,12208,12208,7834,7834,7834,1757,1757,1757,0,0,0,1.3132e+06,796661,2135075,33.2058,23.9245,41.5304
238,3570,3584,15,PACKAGE_SCENE,50000000,12208,12208,7834,7834,7834,1757,1757,1757,0,0,0,1.36773e+06,659164,2047598,146.283,24.274,1700.73
239,3585,3599,15,PACKAGE_SCENE,50000000,12208,12208,7834,7834,7834,1757,1757,1757,0,0,0,1.33152e+06,834331,1993828,138.865,23.4044,1619.68
240,3600,3614,15,PACKAGE_SCENE,50000000,12208,12208,7834,7834,7834,1757,1757,1757,0,0,0,1.30913e+06,803696,1559424,138.658,31.2458,1562.65
241,3615,3629,15,PACKAGE_SCENE,50000000,12208,12208,7834,7834,7834,1757,1757,1757,0,0,0,1.29004e+06,680061,1869658,137.323,23.6822,1557.17
242,3630,3644,15,PACKAGE_SCENE,50000000,12208,12208,7834,7834,7834,1757,1757,1757,0,0,0,1.38794e+06,908410,1812481,131.862,24.0146,1498.43
243,3645,3659,15,PACKAGE_SCENE,50000000,12208,12208,7834,7834,7834,1757,1757,1757,0,0,0,1.19145e+06,708455,1737147,32.2157,23.0759,41.5621
244,3660,3674,15,PACKAGE_SCENE,50000000,12208,12208,7834,7834,7834,1757,1757,1757,0,0,0,1.3311e+06,852126,1811841,138.168,23.7398,1556.56
245,3675,3689,15,PACKAGE_SCENE,50000000,12208,12208,7834,7834,7834,1757,1757,1757,0,0,0,1.27634e+06,710730,1926170,148.766,24.6778,1713.56
246,3690,3704,15,PACKAGE_SCENE,50000000,12208,12208,7834,7834,7834,1757,1757,1757,0,0,0,1.24722e+06,801961,1627156,143.032,23.9733,1642.87
247,3705,3719,15,PACKAGE_SCENE,50000000,12208,12208,7834,7834,7834,1757,1757,1757,0,0,0,1.29909e+06,785154,2087479,127.523,24.4556,1426.78
248,3720,3734,15,PACKAGE_SCENE,50000000,12208,12208,7834,7834,7834,1757,1757,1757,0,0,0,1.3293e+06,828727,1728939,137.389,30.7869,1569.43
249,3735,3749,15,PACKAGE_SCENE,50000000,12208,12208,7834,7834,7834,1757,1757,1757,0,0,0,1.3835e+06,815972,1876821,33.5268,27.2249,38.2674
250,3750,3764,15,PACKAGE_SCENE,50000000,12208,12208,7834,7834,7834,1757,1757,1757,0,0,0,1.34543e+06,822815,1756979,143.634,31.3761,1595.12
251,3765,3779,15,PACKAGE_SCENE,50000000,12208,12208,7834,7834,7834,1757,1757,1757,0,0,0,1.29773e+06,836285,1644665,150.451,22.1743,1766.09
252,3780,3794,15,PACKAGE_SCENE,50000000,12208,12208,7834,7834,7834,1757,1757,1757,0,0,0,1.28326e+06,946535,1751585,137.456,30.1273,1527.63
253,3795,3809,15,PACKAGE_SCENE,50000000,12208,12208,7834,7834,7834,1757,1757,1757,0,0,0,1.3871e+06,727626,2337009,153.11,25.0551,1797.64
254,3810,3824,15,PACKAGE_SCENE,50000000,12208,12208,7834,7834,7834,1757,1757,1757,0,0,0,1.30128e+06,768332,1895389,149.452,31.7625,1742.65
255,3825,3839,15,PACKAGE_SCENE,50000000,12208,12208,7834,7834,7834,1757,1757,1757,0,0,0,1.27316e+06,620085,2021498,35.3642,25.829,42.8519
256,3840,3854,15,PACKAGE_SCENE,50000000,12208,12208,7834,7834,7834,1757,1757,1757,0,0,0,1.25433e+06,947813,1847266,151.226,31.7517,1718.89
257,3855,3869,15,PACKAGE_SCENE,50000000,12208,12208,7834,7834,7834,1757,1757,1757,0,0,0,1.14761e+06,705711,1856801,138.661,23.9524,1592.18
258,3870,3884,15,PACKAGE_SCENE,50000000,12208,12208,7834,7834,7834,1757,1757,1757,0,0,0,1.21338e+06,804280,1632124,101.808,22.7934,1044.71
259,3885,3899,15,PACKAGE_SCENE,50000000,12208,12208,7834,7834,7834,1757,1757,1757,0,0,0,1.21329e+06,596118,1838421,98.0246,23.374,1006.32
260,3900,3914,15,PACKAGE_SCENE,50000000,12208,12208,7834,7834,7834,1757,1757,1757,0,0,0,1.30646e+06,979836,1857707,464.485,30.1301,6457.56
261,3915,3929,15,PACKAGE_SCENE,50000000,12208,12208,7834,7834,7834,1757,1757,1757,0,0,0,1.4482e+06,903412,1858995,33.7812,22.1672,42.5697
262,3930,3944,15,PACKAGE_SCENE,50000000,12208,12208,7834,7834,7834,1757,1757,1757,0,0,0,1.39271e+06,889852,1716735,33.3471,30.5253,40.5294
263,3945,3959,15,PACKAGE_SCENE,50000000,12208,12208,7834,7834,7834,1757,1757,1757,0,0,0,1.26655e+06,821924,2100409,33.0839,23.2739,41.331
264,3960,3974,15,PACKAGE_SCENE,50000000,12208,12208,7834,7834,7834,1757,1757,1757,0,0,0,1.36726e+06,883325,1918988,32.9701,30.2542,42.3217
265,3975,3989,15,PACKAGE_SCENE,50000000,12208,12208,7834,7834,7834,1757,1757,1757,0,0,0,1.39119e+06,726282,1939490,32.814,23.0302,40.9816
266,3990,4004,15,PACKAGE_SCENE,50000000,12208,12208,7834,7834,7834,1757,1757,1757,0,0,0,1.24747e+06,911791,1576700,36.1935,22.7406,51.2871
267,4005,4019,15,PACKAGE_SCENE,50000000,12208,12208,7834,7834,7834,1757,1757,1757,0,0,0,1.42002e+06,1051248,1865941,34.8008,26.4521,41.6022
268,4020,4034,15,PACKAGE_SCENE,50000000,12208,12208,7834,7834,7834,1757,1757,1757,0,0,0,1.29535e+06,796982,1813162,34.921,31.1477,45.2586
269,4035,4049,15,PACKAGE_SCENE,50000000,12208,12208,7834,7834,7834,1757,1757,1757,0,0,0,1.24565e+06,919182,1724037,34.7604,31.3608,38.9644
270,4050,4064,15,PACKAGE_SCENE,50000000,12208,12208,7834,7834,7834,1757,1757,1757,0,0,0,1.20465e+06,757653,1615189,34.9061,29.395,57.2505
0,0,14,15,PACKAGE_SCENE,50000000,12208,12208,1364.07,740,1952,344.8,180,453,146.067,26,347,41354.7,0,70895,268.911,18.015,582.5
1,15,29,15,PACKAGE_SCENE,50000000,12208,12208,1790.47,986,2267,367.133,213,552,83.2,16,173,62717.4,29204,119910,194.268,14.3761,606.723
2,30,44,15,PACKAGE_SCENE,50000000,12208,12208,2468.47,1527,2776,399.867,237,644,71.2667,6,148,59719.4,31904,115959,155.185,19.6253,516.095
3,45,59,15,PACKAGE_SCENE,50000000,12208,12208,2382.93,1468,3090,451.933,299,651,49.4,6,108,77479.3,31660,158652,21.2618,17.9526,26.7835
4,60,74,15,PACKAGE_SCENE,50000000,12208,12208,4749.8,2614,5077,628.267,475,666,37.7333,6,148,85295.6,24946,136409,25.9921,22.729,34.4562
5,75,89,15,PACKAGE_SCENE,50000000,12208,12208,4907.93,4794,5098,619.667,584,661,21,7,99,90915.9,39808,136558,26.7443,23.3391,33.8366
6,90,104,15,PACKAGE_SCENE,50000000,12208,12208,4435,2773,5108,525.933,372,653,27.1333,0,93,84485.6,23919,166089,106.295,22.3871,591.499
7,105,119,15,PACKAGE_SCENE,50000000,12208,12208,3992.87,1804,6199,475,366,587,50.3333,0,145,53138.1,31147,93316,344.355,101.093,605.455
8,120,134,15,PACKAGE_SCENE,50000000,12208,12208,2598.53,2160,2868,568.667,312,675,35.7333,6,124,60160.1,25102,199226,115.092,15.2014,428.173
9,135,149,15,PACKAGE_SCENE,50000000,12208,12208,2562.8,2365,2726,435.533,404,618,1.73333,0,9,131772,86815,178914,17.5049,16.6581,21.5637
10,150,164,15,PACKAGE_SCENE,50000000,12208,12208,2904.13,2756,3109,438.067,405,479,1.6,0,8,147657,97597,188808,17.8729,17.1381,25.6218
11,165,179,15,PACKAGE_SCENE,50000000,12208,12208,3287.8,3116,3431,508.133,467,570,1.46667,0,6,195680,117656,345905,18.0021,17.3099,20.316
12,180,194,15,PACKAGE_SCENE,50000000,12208,12208,3431,3431,3431,527.6,516,539,0,0,0,171893,129535,229517,18.6767,17.5527,26.7912
13,195,209,15,PACKAGE_SCENE,50000000,12208,12208,3431,3431,3431,526.733,516,539,0,0,0,170817,137185,262473,19.2153,17.5712,27.4604
14,210,224,15,PACKAGE_SCENE,50000000,12208,12208,3431,3431,3431,528.267,516,539,0,0,0,175516,127716,244797,18.7765,17.6025,27.4151
15,225,239,15,PACKAGE_SCENE,50000000,12208,12208,3431,3431,3431,526.733,516,539,0,0,0,154615,127595,210860,19.5317,17.8966,28.0048
16,240,254,15,PACKAGE_SCENE,50000000,12208,12208,3431,3431,3431,528.267,516,539,0,0,0,173485,128140,263055,19.3652,17.9692,28.2537
17,255,269,15,PACKAGE_SCENE,50000000,12208,12208,3431,3431,3431,526.733,516,539,0,0,0,172862,118145,227705,20.2007,17.866,27.7827
18,270,284,15,PACKAGE_SCENE,50000000,12208,12208,3431,3431,3431,528.267,516,539,0,0,0,166045,118870,259916,20.0038,18.2603,28.0143
19,285,299,15,PACKAGE_SCENE,50000000,12208,12208,3431,3431,3431,526.733,516,539,0,0,0,159175,119255,200999,18.9245,17.682,27.7298
20,300,314,15,PACKAGE_SCENE,50000000,12208,12208,3431,3431,3431,528.267,516,539,0,0,0,176977,127563,282573,18.007,17.4491,20.1498
21,315,329,15,PACKAGE_SCENE,50000000,12208,12208,3431,3431,3431,526.733,516,539,0,0,0,150449,128006,224363,19.008,17.7469,26.9283
22,330,344,15,PACKAGE_SCENE,50000000,12208,12208,3641.93,3431,3657,555.333,532,587,0.4,0,3,161494,115183,235073,18.3418,17.457,26.62
23,345,359,15,PACKAGE_SCENE,50000000,12208,12208,3844.93,3657,4600,603.533,556,963,8.66667,0,54,185747,118321,358045,20.6546,17.7763,28.4572
24,360,374,15,PACKAGE_SCENE,50000000,12208,12208,3911.27,2299,5908,634.8,421,880,66.5333,1,128,135457,64199,221973,71.8868,18.0117,273.588
25,375,389,15,PACKAGE_SCENE,50000000,12208,12208,4413.73,3064,5950,898.733,405,1302,39.6667,0,188,419590,111461,730369,23.3502,18.6716,33.2956
26,390,404,15,PACKAGE_SCENE,50000000,12208,12208,5482.47,3322,7774,1000.73,659,1358,11.0667,0,46,493057,181172,796552,24.9681,19.3908,37.2737
27,405,419,15,PACKAGE_SCENE,50000000,12208,12208,5432.67,3389,7553,732.4,502,1100,30.2667,0,81,223822,49660,577017,21.8703,18.064,31.2863
28,420,434,15,PACKAGE_SCENE,50000000,12208,12208,5867.07,3389,7413,1358.53,434,1776,30.4667,0,89,905287,79109,1765710,26.8092,18.1812,36.8134
29,435,449,15,PACKAGE_SCENE,50000000,12208,12208,5001.8,3378,7410,1170.2,583,1985,56.3333,0,177,667957,157071,1550111,28.287,19.1989,32.9922
30,450,464,15,PACKAGE_SCENE,50000000,12208,12208,4175.13,2902,5893,1567.27,967,2205,2.8,0,8,1.13272e+06,461550,2330368,30.295,20.4861,38.9819
31,465,479,15,PACKAGE_SCENE,50000000,12208,12208,4508.47,1700,6677,1319.13,911,1815,1.4,0,13,936817,499445,1493598,25.2037,18.7984,32.8874
32,480,494,15,PACKAGE_SCENE,50000000,12208,12208,3547.47,1714,5440,1592.2,1023,2073,24.7333,0,97,1.31356e+06,615613,3099925,27.9722,20.2558,31.8594
33,495,509,15,PACKAGE_SCENE,50000000,12208,12208,2736.6,1859,5174,1034.73,915,1522,4.06667,0,26,826476,491626,1591912,24.9892,18.0786,31.1014
34,510,524,15,PACKAGE_SCENE,50000000,12208,12208,2436.93,1859,3176,1215.4,915,1549,0.466667,0,4,829484,511190,1179774,24.7958,18.0814,36.443
35,525,539,15,PACKAGE_SCENE,50000000,12208,12208,3171.67,3171,3176,1551.6,1549,1552,0,0,0,1.19722e+06,874068,1495895,29.6727,21.1435,39.0335
36,540,554,15,PACKAGE_SCENE,50000000,12208,12208,3171,3171,3171,1552,1552,1552,0,0,0,1.15356e+06,918377,1477987,28.5903,21.2549,30.4118
37,555,569,15,PACKAGE_SCENE,50000000,12208,12208,3171,3171,3171,1552,1552,1552,0,0,0,1.19567e+06,888652,1470687,29.9142,20.5355,39.1243
38,570,584,15,PACKAGE_SCENE,50000000,12208,12208,3171,3171,3171,1552,1552,1552,0,0,0,1.10463e+06,924080,1452728,29.6665,20.2877,39.0448
39,585,599,15,PACKAGE_SCENE,50000000,12208,12208,3171,3171,3171,1552,1552,1552,0,0,0,1.15745e+06,950419,1416414,30.3058,20.788,39.1662
40,600,614,15,PACKAGE_SCENE,50000000,12208,12208,3171,3171,3171,1552,1552,1552,0,0,0,1.16643e+06,994742,1354570,28.3964,20.8311,39.0622
41,615,629,15,PACKAGE_SCENE,50000000,12208,12208,3171,3171,3171,1552,1552,1552,0,0,0,1.15213e+06,828363,1461434,29.0729,20.4448,39.2205
42,630,644,15,PACKAGE_SCENE,50000000,12208,12208,10168.8,8332,10300,2403,2403,2403,0,0,0,1.93993e+06,1707367,2241954,38.6904,33.8911,48.5689
43,645,659,15,PACKAGE_SCENE,50000000,12208,12208,10300,10300,10300,2403,2403,2403,0,0,0,1.83511e+06,1592291,2138307,35.24,32.0297,43.1094
44,660,674,15,PACKAGE_SCENE,50000000,12208,12208,10300,10300,10300,2403,2403,2403,0,0,0,1.86759e+06,1507136,2090164,37.147,33.5755,47.9871
45,675,689,15,PACKAGE_SCENE,50000000,12208,12208,10300,10300,10300,2403,2403,2403,0,0,0,1.83273e+06,1589614,2188346,36.3179,33.642,48.4135
46,690,704,15,PACKAGE_SCENE,50000000,12208,12208,10300,10300,10300,2403,2403,2403,0,0,0,1.90171e+06,1547951,2280956,369.077,24.9328,4992.04
47,705,719,15,PACKAGE_SCENE,50000000,12208,12208,10300,10300,10300,2403,2403,2403,0,0,0,1.86688e+06,1507528,2252635,289.297,33.4064,3787.03
48,720,734,15,PACKAGE_SCENE,50000000,12208,12208,10300,10300,10300,2403,2403,2403,0,0,0,1.75799e+06,1522770,1980276,39.0364,31.5671,52.0451
49,735,749,15,PACKAGE_SCENE,50000000,12208,12208,10300,10300,10300,2403,2403,2403,0,0,0,1.85316e+06,1565659,2223915,199.309,32.2461,2456.25
50,750,764,15,PACKAGE_SCENE,50000000,12208,12208,10300,10300,10300,2403,2403,2403,0,0,0,1.77216e+06,1487782,2206015,206.217,33.3863,2482.65
51,765,779,15,PACKAGE_SCENE,50000000,12208,12208,10300,10300,10300,2403,2403,2403,0,0,0,1.85392e+06,1561555,2058862,190.345,31.3148,2338.9
52,780,794,15,PACKAGE_SCENE,50000000,12208,12208,10300,10300,10300,2403,2403,2403,0,0,0,1.8853e+06,1611392,2487269,166.898,34.1409,1935.41
53,795,809,15,PACKAGE_SCENE,50000000,12208,12208,10300,10300,10300,2403,2403,2403,0,0,0,1.85632e+06,1732052,2089723,204.221,34.1342,2470.88
54,810,824,15,PACKAGE_SCENE,50000000,12208,12208,10300,10300,10300,2403,2403,2403,0,0,0,1.85493e+06,1629007,2163860,42.7843,30.1838,51.1492
55,825,839,15,PACKAGE_SCENE,50000000,12208,12208,10300,10300,10300,2403,2403,2403,0,0,0,1.87381e+06,1564453,2247836,157.607,33.9746,1700.64
56,840,854,15,PACKAGE_SCENE,50000000,12208,12208,10300,10300,10300,2403,2403,2403,0,0,0,1.81148e+06,1583937,2159147,129.535,32.334,1403.15
57,855,869,15,PACKAGE_SCENE,50000000,12208,12208,10300,10300,10300,2403,2403,2403,0,0,0,1.93064e+06,1694509,2247920,122.519,33.9592,1304.39
58,870,884,15,PACKAGE_SCENE,50000000,12208,12208,10300,10300,10300,2403,2403,2403,0,0,0,1.87012e+06,1497373,2096566,113.706,34.1742,1171.96
59,885,899,15,PACKAGE_SCENE,50000000,12208,12208,10300,10300,10300,2403,2403,2403,0,0,0,1.83208e+06,1574393,2195145,117.366,34.2195,1204.45
60,900,914,15,PACKAGE_SCENE,50000000,12208,12208,10300,10300,10300,2403,2403,2403,0,0,0,1.76194e+06,1543769,2068201,38.6169,28.6169,50.0369
61,915,929,15,PACKAGE_SCENE,50000000,12208,12208,10300,10300,10300,2403,2403,2403,0,0,0,1.84092e+06,1573645,2136587,116.666,29.0843,1219.86
62,930,944,15,PACKAGE_SCENE,50000000,12208,12208,10300,10300,10300,2403,2403,2403,0,0,0,1.90858e+06,1510633,2251474,102.945,27.9745,1006.91
63,945,959,15,PACKAGE_SCENE,50000000,12208,12208,10300,10300,10300,2403,2403,2403,0,0,0,1.85362e+06,1555775,2330700,103.976,34.2597,991.968
64,960,974,15,PACKAGE_SCENE,50000000,12208,12208,10300,10300,10300,2403,2403,2403,0,0,0,1.84191e+06,1580152,2097282,98.1821,34.0782,938.891
65,975,989,15,PACKAGE_SCENE,50000000,12208,12208,10300,10300,10300,2403,2403,2403,0,0,0,1.8257e+06,1626876,2187547,100.71,34.0348,951.619
66,990,1004,15,PACKAGE_SCENE,50000000,12208,12208,10300,10300,10300,2403,2403,2403,0,0,0,1.86166e+06,1529549,2131261,37.2528,34.391,44.2559
67,1005,1019,15,PACKAGE_SCENE,50000000,12208,12208,10300,10300,10300,2403,2403,2403,0,0,0,1.82221e+06,1606769,2349227,102.791,29.4366,970.757
68,1020,1034,15,PACKAGE_SCENE,50000000,12208,12208,10300,10300,10300,2403,2403,2403,0,0,0,1.86127e+06,1574529,2267285,175.338,34.3584,2073.67
69,1035,1049,15,PACKAGE_SCENE,50000000,12208,12208,10300,10300,10300,2403,2403,2403,0,0,0,1.86944e+06,1627835,2198638,127.598,34.0734,1382.74
70,1050,1064,15,PACKAGE_SCENE,50000000,12208,12208,10300,10300,10300,2403,2403,2403,0,0,0,1.84922e+06,1531004,2245133,114.122,34.2406,1170.03
71,1065,1079,15,PACKAGE_SCENE,50000000,12208,12208,10300,10300,10300,2403,2403,2403,0,0,0,1.83324e+06,1513671,2170313,112.153,32.3545,1171.46
72,1080,1094,15,PACKAGE_SCENE,50000000,12208,12208,10300,10300,10300,2403,2403,2403,0,0,0,1.79857e+06,1557712,2082427,37.8863,32.3074,44.3864
73,1095,1109,15,PACKAGE_SCENE,50000000,12208,12208,10300,10300,10300,2403,2403,2403,0,0,0,1.90906e+06,1594451,2286108,115.036,31.845,1213.43
74,1110,1124,15,PACKAGE_SCENE,50000000,12208,12208,10300,10300,10300,2450.2,2403,2477,0.133333,0,1,1.87904e+06,1361728,2232969,110.312,34.2235,1132.58
75,1125,1139,15,PACKAGE_SCENE,50000000,12208,12208,10300,10300,10300,2478.8,2477,2480,0,0,0,1.9033e+06,1581110,2226976,108.817,32.363,1132.02
76,1140,1154,15,PACKAGE_SCENE,50000000,12208,12208,10300,10300,10300,2480,2480,2480,0,0,0,1.93904e+06,1736728,2186427,113.779,32.4623,1175.71
77,1155,1169,15,PACKAGE_SCENE,50000000,12208,12208,10300,10300,10300,2480,2480,2480,0,0,0,1.86412e+06,1596926,2037333,117.12,34.2269,1202.74
78,1170,1184,15,PACKAGE_SCENE,50000000,12208,12208,10300,10300,10300,2480,2480,2480,0,0,0,1.86822e+06,1570925,2148925,38.4802,33.1296,50.732
79,1185,1199,15,PACKAGE_SCENE,50000000,12208,12208,10300,10300,10300,2480,2480,2480,0,0,0,1.8823e+06,1637134,2515846,126.414,34.1732,1303.68
80,1200,1214,15,PACKAGE_SCENE,50000000,12208,12208,10300,10300,10300,2480,2480,2480,0,0,0,1.81035e+06,1552641,2269589,150.876,34.2973,1707.72
81,1215,1229,15,PACKAGE_SCENE,50000000,12208,12208,10300,10300,10300,2480,2480,2480,0,0,0,1.86269e+06,1527141,2123627,139.108,34.4194,1520.18
82,1230,1244,15,PACKAGE_SCENE,50000000,12208,12208,10300,10300,10300,2480,2480,2480,0,0,0,1.94265e+06,1597143,2234018,133.076,31.6109,1467.08
83,1245,1259,15,PACKAGE_SCENE,50000000,12208,12208,10300,10300,10300,2480,2480,2480,0,0,0,1.88366e+06,1498693,2640345,143.646,34.4742,1605.02
84,1260,1274,15,PACKAGE_SCENE,50000000,12208,12208,10300,10300,10300,2480,2480,2480,0,0,0,1.89179e+06,1641579,2080320,40.3909,34.2609,49.7002
85,1275,1289,15,PACKAGE_SCENE,50000000,12208,12208,10300,10300,10300,2480,2480,2480,0,0,0,1.81888e+06,1556986,2138730,152.622,34.1337,1770.88
86,1290,1304,15,PACKAGE_SCENE,50000000,12208,12208,10300,10300,10300,2480,2480,2480,0,0,0,1.91695e+06,1670096,2159770,136.088,34.3076,1494.45
87,1305,1319,15,PACKAGE_SCENE,50000000,12208,12208,10300,10300,10300,2480,2480,2480,0,0,0,1.88009e+06,1595481,2136436,134.102,31.9239,1469.02
88,1320,1334,15,PACKAGE_SCENE,50000000,12208,12208,10300,10300,10300,2480,2480,2480,0,0,0,1.87993e+06,1547337,2237179,110.163,34.4583,1101.35
89,1335,1349,15,PACKAGE_SCENE,50000000,12208,12208,10300,10300,10300,2480,2480,2480,0,0,0,1.8944e+06,1535880,2272439,101.423,32.18,995.897
90,1350,1364,15,PACKAGE_SCENE,50000000,12208,12208,10300,10300,10300,2480,2480,2480,0,0,0,1.86771e+06,1623480,2172550,37.9314,32.2572,49.4202
91,1365,1379,15,PACKAGE_SCENE,50000000,12208,12208,10300,10300,10300,2480,2480,2480,0,0,0,1.89709e+06,1638354,2134438,104.722,30.0835,1034.37
92,1380,1394,15,PACKAGE_SCENE,50000000,12208,12208,10300,10300,10300,2480,2480,2480,0,0,0,1.93341e+06,1668350,2199574,288.309,34.0047,3782.36
93,1395,1409,15,PACKAGE_SCENE,50000000,12208,12208,10300,10300,10300,2480,2480,2480,0,0,0,1.89577e+06,1628381,2288296,37.8834,34.1314,44.5617
94,1410,1424,15,PACKAGE_SCENE,50000000,12208,12208,10300,10300,10300,2480,2480,2480,0,0,0,1.81401e+06,1556855,2136943,37.7778,34.0392,48.6044
95,1425,1439,15,PACKAGE_SCENE,50000000,12208,12208,10300,10300,10300,2480,2480,2480,0,0,0,1.93603e+06,1658828,2241868,36.9453,32.4284,43.9522
96,1440,1454,15,PACKAGE_SCENE,50000000,12208,12208,10300,10300,10300,2480,2480,2480,0,0,0,1.9124e+06,1678300,2174742,38.8143,34.8362,48.7259
97,1455,1469,15,PACKAGE_SCENE,50000000,12208,12208,10300,10300,10300,2480,2480,2480,0,0,0,1.88993e+06,1647560,2123777,43.6185,34.6469,57.1627
98,1470,1484,15,PACKAGE_SCENE,50000000,12208,12208,10300,10300,10300,2480,2480,2480,0,0,0,1.89263e+06,1630263,2479299,36.3918,25.2667,45.6323
99,1485,1499,15,PACKAGE_SCENE,50000000,12208,12208,10300,10300,10300,2480,2480,2480,0,0,0,1.84754e+06,1620455,2129769,38.323,32.6407,52.1212
100,1500,1514,15,PACKAGE_SCENE,50000000,12208,12208,9980,9100,10300,2394.4,2159,2480,0.0666667,0,1,1.79836e+06,1427550,2259381,36.8758,30.8369,43.9537
101,1515,1529,15,PACKAGE_SCENE,50000000,12208,12208,9115.93,7053,11315,2116.33,1620,2548,0.2,0,2,1.44881e+06,973166,1897389,33.5712,26.8743,39.821
102,1530,1544,15,PACKAGE_SCENE,50000000,12208,12208,10704.9,8000,12178,2216.8,1484,3083,0.6,0,5,1.60423e+06,1061866,2353871,38.7542,30.2728,53.7475
103,1545,1559,15,PACKAGE_SCENE,50000000,12208,12208,10812.9,8560,11978,2300.07,1803,2779,0.133333,0,2,1.73332e+06,896042,2270092,35.4479,31.8654,42.4609
104,1560,1574,15,PACKAGE_SCENE,50000000,12208,12208,11799,11799,11799,2574,2574,2574,0,0,0,2.3275e+06,1789763,3135729,39.395,35.487,45.5081
105,1575,1589,15,PACKAGE_SCENE,50000000,12208,12208,11799,11799,11799,2573.07,2572,2574,0,0,0,2.23063e+06,1633839,2884633,41.601,35.6504,61.3492
106,1590,1604,15,PACKAGE_SCENE,50000000,12208,12208,11799,11799,11799,2572,2572,2572,0,0,0,2.17203e+06,1581566,3124561,40.3451,34.3506,59.6212
107,1605,1619,15,PACKAGE_SCENE,50000000,12208,12208,11799,11799,11799,2573.87,2572,2574,0,0,0,2.4257e+06,1801759,3308769,38.7577,34.1972,45.2542
108,1620,1634,15,PACKAGE_SCENE,50000000,12208,12208,11799,11799,11799,2574,2574,2574,0,0,0,2.2814e+06,1695250,2858998,38.1355,35.7278,45.3287
109,1635,1649,15,PACKAGE_SCENE,50000000,12208,12208,11799,11799,11799,2574,2574,2574,0,0,0,2.30814e+06,1574529,3014242,40.0235,36.6821,46.7828
110,1650,1664,15,PACKAGE_SCENE,50000000,12208,12208,11799,11799,11799,2574,2574,2574,0,0,0,2.44449e+06,1957334,2850264,43.8221,35.6697,56.0352
111,1665,1679,15,PACKAGE_SCENE,50000000,12208,12208,11799,11799,11799,2574,2574,2574,0,0,0,2.42472e+06,1963334,3218131,484.519,27.7792,6654.16
112,1680,1694,15,PACKAGE_SCENE,50000000,12208,12208,11799,11799,11799,2574,2574,2574,0,0,0,2.44886e+06,1778088,3256438,315.101,33.687,4169.97
113,1695,1709,15,PACKAGE_SCENE,50000000,12208,12208,11799,11799,11799,2574,2574,2574,0,0,0,2.19647e+06,1691447,2813735,228.915,33.6559,2911.76
114,1710,1724,15,PACKAGE_SCENE,50000000,12208,12208,11799,11799,11799,2574,2574,2574,0,0,0,2.37371e+06,1919513,3051713,42.6403,36.2186,64.9892
115,1725,1739,15,PACKAGE_SCENE,50000000,12208,12208,11799,11799,11799,2574,2574,2574,0,0,0,2.49699e+06,2037276,3030220,381.347,35.9599,4996.58
116,1740,1754,15,PACKAGE_SCENE,50000000,12208,12208,11799,11799,11799,2574,2574,2574,0,0,0,2.35191e+06,1622002,2910107,256.39,33.8765,3232.45
117,1755,1769,15,PACKAGE_SCENE,50000000,12208,12208,11799,11799,11799,2574,2574,2574,0,0,0,2.22048e+06,1689973,2643041,192.529,35.7013,2323.14
118,1770,1784,15,PACKAGE_SCENE,50000000,12208,12208,11799,11799,11799,2574,2574,2574,0,0,0,2.32314e+06,1998799,2821790,196.042,36.0231,2339.78
119,1785,1799,15,PACKAGE_SCENE,50000000,12208,12208,11799,11799,11799,2574,2574,2574,0,0,0,2.27741e+06,1683049,2966864,295.924,35.7676,3888.06
120,1800,1814,15,PACKAGE_SCENE,50000000,12208,12208,11799,11799,11799,2574,2574,2574,0,0,0,2.25344e+06,1717250,2742037,47.418,35.7159,170.738
121,1815,1829,15,PACKAGE_SCENE,50000000,12208,12208,11799,11799,11799,2574,2574,2574,0,0,0,2.28568e+06,1632281,3191113,172.016,33.6128,1570.31
122,1830,1844,15,PACKAGE_SCENE,50000000,12208,12208,11799,11799,11799,2574,2574,2574,0,0,0,2.31653e+06,1929114,2649043,207.278,27.4043,2514.98
123,1845,1859,15,PACKAGE_SCENE,50000000,12208,12208,11799,11799,11799,2574,2574,2574,0,0,0,2.25699e+06,1827238,2923824,132.235,35.8003,1428.68
124,1860,1874,15,PACKAGE_SCENE,50000000,12208,12208,11799,11799,11799,2574,2574,2574,0,0,0,2.19022e+06,1640322,2933742,121.637,35.6467,1269.57
125,1875,1889,15,PACKAGE_SCENE,50000000,12208,12208,11799,11799,11799,2574,2574,2574,0,0,0,2.48027e+06,1687081,2996199,130.343,35.5201,1386.03
126,1890,1904,15,PACKAGE_SCENE,50000000,12208,12208,11799,11799,11799,2574,2574,2574,0,0,0,2.27427e+06,1869274,2974629,43.1988,35.7909,98.6267
127,1905,1919,15,PACKAGE_SCENE,50000000,12208,12208,11799,11799,11799,2574,2574,2574,0,0,0,2.48864e+06,2017580,3038358,124.338,33.4742,1284.51
128,1920,1934,15,PACKAGE_SCENE,50000000,12208,12208,11799,11799,11799,2574,2574,2574,0,0,0,2.35182e+06,1600470,3361608,125.395,36.0618,1297.94
129,1935,1949,15,PACKAGE_SCENE,50000000,12208,12208,11799,11799,11799,2574,2574,2574,0,0,0,2.47443e+06,1781564,3389579,128.485,36.1535,1318.25
130,1950,1964,15,PACKAGE_SCENE,50000000,12208,12208,11799,11799,11799,2574,2574,2574,0,0,0,2.21898e+06,1716464,2821319,131.336,35.9143,1361.51
131,1965,1979,15,PACKAGE_SCENE,50000000,12208,12208,11799,11799,11799,2574,2574,2574,0,0,0,2.37672e+06,1728987,3152834,136.371,36.1291,1444.96
132,1980,1994,15,PACKAGE_SCENE,50000000,12208,12208,11799,11799,11799,2574,2574,2574,0,0,0,2.37764e+06,1770740,2896258,43.4731,36.1551,77.9525
133,1995,2009,15,PACKAGE_SCENE,50000000,12208,12208,11799,11799,11799,2574,2574,2574,0,0,0,2.35324e+06,1931040,3306004,198.645,27.4487,2382.03
134,2010,2024,15,PACKAGE_SCENE,50000000,12208,12208,11799,11799,11799,2574,2574,2574,0,0,0,2.19017e+06,1570762,2693689,155.567,35.7925,1738.74
135,2025,2039,15,PACKAGE_SCENE,50000000,12208,12208,11799,11799,11799,2574,2574,2574,0,0,0,2.24765e+06,1585216,2833454,148.685,33.9588,1621.32
136,2040,2054,15,PACKAGE_SCENE,50000000,12208,12208,11799,11799,11799,2574,2574,2574,0,0,0,2.36916e+06,1859640,3083134,144.109,35.8062,1585.67
137,2055,2069,15,PACKAGE_SCENE,50000000,12208,12208,11799,11799,11799,2574,2574,2574,0,0,0,2.34659e+06,1817522,2807335,147.569,35.8981,1649.24
138,2070,2084,15,PACKAGE_SCENE,50000000,12208,12208,11799,11799,11799,2574,2574,2574,0,0,0,2.33769e+06,1800988,2702791,41.932,35.7463,69.2541
139,2085,2099,15,PACKAGE_SCENE,50000000,12208,12208,11799,11799,11799,2574,2574,2574,0,0,0,2.22811e+06,1621917,2651538,145.008,34.0922,1571.64
140,2100,2114,15,PACKAGE_SCENE,50000000,12208,12208,11799,11799,11799,2574,2574,2574,0,0,0,2.34589e+06,1879372,2921634,149.372,27.3894,1638.45
141,2115,2129,15,PACKAGE_SCENE,50000000,12208,12208,11799,11799,11799,2574,2574,2574,0,0,0,2.40708e+06,1658647,3212993,146.646,35.6505,1650.04
142,2130,2144,15,PACKAGE_SCENE,50000000,12208,12208,11799,11799,11799,2574,2574,2574,0,0,0,2.47563e+06,1797625,3986773,140.459,33.7051,1537.1
143,2145,2159,15,PACKAGE_SCENE,50000000,12208,12208,11799,11799,11799,2574,2574,2574,0,0,0,2.21608e+06,1569297,2743843,140.577,26.8452,1561.8
144,2160,2174,15,PACKAGE_SCENE,50000000,12208,12208,11799,11799,11799,2574,2574,2574,0,0,0,2.31555e+06,2018956,3135525,41.0176,33.8294,54.5691
145,2175,2189,15,PACKAGE_SCENE,50000000,12208,12208,11799,11799,11799,2574,2574,2574,0,0,0,2.23564e+06,1644566,2816071,146.397,35.7547,1567.12
146,2190,2204,15,PACKAGE_SCENE,50000000,12208,12208,11799,11799,11799,2574,2574,2574,0,0,0,2.20805e+06,1415833,2992661,148.569,35.5882,1657.7
147,2205,2219,15,PACKAGE_SCENE,50000000,12208,12208,11799,11799,11799,2574,2574,2574,0,0,0,2.32188e+06,1804907,3109250,146.511,33.7821,1599.49
148,2220,2234,15,PACKAGE_SCENE,50000000,12208,12208,11799,11799,11799,2574,2574,2574,0,0,0,2.24343e+06,1509936,2816963,147.584,35.7094,1648.57
149,2235,2249,15,PACKAGE_SCENE,50000000,12208,12208,11799,11799,11799,2574,2574,2574,0,0,0,2.26399e+06,1664474,2744660,143.311,32.8582,1606.65
150,2250,2264,15,PACKAGE_SCENE,50000000,12208,12208,11799,11799,11799,2574,2574,2574,0,0,0,2.32961e+06,1619362,3585726,44.3879,35.9784,66.9522
151,2265,2279,15,PACKAGE_SCENE,50000000,12208,12208,11799,11799,11799,2574,2574,2574,0,0,0,2.31293e+06,1610809,3048209,169.779,33.8369,1930.19
152,2280,2294,15,PACKAGE_SCENE,50000000,12208,12208,11799,11799,11799,2574,2574,2574,0,0,0,2.42294e+06,1936783,2989620,151.643,35.7081,1684.13
153,2295,2309,15,PACKAGE_SCENE,50000000,12208,12208,11799,11799,11799,2574,2574,2574,0,0,0,2.36467e+06,1693269,3050516,120.447,34.1759,1250.24
154,2310,2324,15,PACKAGE_SCENE,50000000,12208,12208,11799,11799,11799,2574,2574,2574,0,0,0,2.26124e+06,1782268,2880089,112.787,35.8593,1121.62
155,2325,2339,15,PACKAGE_SCENE,50000000,12208,12208,11799,11799,11799,2574,2574,2574,0,0,0,2.45921e+06,1891521,3010672,113.441,36.0472,1128.86
156,2340,2354,15,PACKAGE_SCENE,50000000,12208,12208,11799,11799,11799,2574,2574,2574,0,0,0,2.39752e+06,1616342,3603977,42.5988,35.9432,60.6084
157,2355,2369,15,PACKAGE_SCENE,50000000,12208,12208,11799,11799,11799,2574,2574,2574,0,0,0,2.37187e+06,1655056,2925897,329.764,27.4286,4396.2
158,2370,2384,15,PACKAGE_SCENE,50000000,12208,12208,11799,11799,11799,2574,2574,2574,0,0,0,2.20957e+06,1503704,3142561,41.6282,36.1801,51.4196
159,2385,2399,15,PACKAGE_SCENE,50000000,12208,12208,11799,11799,11799,2574,2574,2574,0,0,0,2.38254e+06,1727902,3072706,44.4006,28.2182,87.1475
160,2400,2414,15,PACKAGE_SCENE,50000000,12208,12208,11799,11799,11799,2574,2574,2574,0,0,0,2.27979e+06,1773424,2914999,40.8793,35.7496,46.5064
161,2415,2429,15,PACKAGE_SCENE,50000000,12208,12208,11799,11799,11799,2574,2574,2574,0,0,0,2.42558e+06,1923223,2971593,41.1831,35.8801,52.5515
162,2430,2444,15,PACKAGE_SCENE,50000000,12208,12208,11799,11799,11799,2574,2574,2574,0,0,0,2.32114e+06,1726072,2683417,41.4358,26.6038,50.3598
163,2445,2459,15,PACKAGE_SCENE,50000000,12208,12208,11799,11799,11799,2574,2574,2574,0,0,0,2.37164e+06,1769407,3321538,40.7893,35.7722,45.5016
164,2460,2474,15,PACKAGE_SCENE,50000000,12208,12208,11799,11799,11799,2574,2574,2574,0,0,0,2.41182e+06,1711813,3200699,38.4532,35.8992,50.9866
165,2475,2489,15,PACKAGE_SCENE,50000000,12208,12208,11799,11799,11799,2574,2574,2574,0,0,0,2.35613e+06,1712137,2810861,40.0897,35.6513,50.102
166,2490,2504,15,PACKAGE_SCENE,50000000,12208,12208,11799,11799,11799,2574,2574,2574,0,0,0,2.29314e+06,1750418,3132257,38.237,35.5414,45.4193
167,2505,2519,15,PACKAGE_SCENE,50000000,12208,12208,11301.3,9134,11799,2391.6,1739,2574,0,0,0,2.11959e+06,1175320,2875404,36.2953,26.8689,45.8744
168,2520,2534,15,PACKAGE_SCENE,50000000,12208,12208,9943.33,9120,11169,2135.87,1739,2502,0.0666667,0,1,1.58675e+06,1198479,1987387,37.801,29.7218,51.345
169,2535,2549,15,PACKAGE_SCENE,50000000,12208,12208,12024.9,11169,12086,2773.6,2502,2793,0,0,0,2.44745e+06,2043675,2804173,40.2522,34.616,50.5666
170,2550,2564,15,PACKAGE_SCENE,50000000,12208,12208,12097.2,12086,12098,2806.07,2793,2807,0,0,0,2.32002e+06,1997832,2786418,41.6749,36.1337,55.6579
171,2565,2579,15,PACKAGE_SCENE,50000000,12208,12208,12098,12098,12098,2807,2807,2807,0,0,0,2.35845e+06,1990528,3190019,39.1776,36.4122,45.836
172,2580,2594,15,PACKAGE_SCENE,50000000,12208,12208,12098,12098,12098,2807,2807,2807,0,0,0,2.35201e+06,1934048,2887145,42.0407,36.3637,55.0692
173,2595,2609,15,PACKAGE_SCENE,50000000,12208,12208,12098,12098,12098,2807,2807,2807,0,0,0,2.30564e+06,1961704,2854989,42.6454,33.3871,50.3389
174,2610,2624,15,PACKAGE_SCENE,50000000,12208,12208,12098,12098,12098,2807,2807,2807,0,0,0,2.33932e+06,1927924,2759629,41.9784,36.2488,47.6142
175,2625,2639,15,PACKAGE_SCENE,50000000,12208,12208,12098,12098,12098,2807,2807,2807,0,0,0,2.32016e+06,1817008,2945795,495.158,38.0603,6781.45
176,2640,2654,15,PACKAGE_SCENE,50000000,12208,12208,12098,12098,12098,2807,2807,2807,0,0,0,2.40125e+06,1926884,3078829,41.351,36.5313,48.6379
177,2655,2669,15,PACKAGE_SCENE,50000000,12208,12208,12098,12098,12098,2807,2807,2807,0,0,0,2.36196e+06,2014145,2805859,330.105,36.2419,4325.47
178,2670,2684,15,PACKAGE_SCENE,50000000,12208,12208,12098,12098,12098,2807,2807,2807,0,0,0,2.31517e+06,1939914,2868947,259.607,36.4833,3299.73
179,2685,2699,15,PACKAGE_SCENE,50000000,12208,12208,12098,12098,12098,2807,2807,2807,0,0,0,2.49541e+06,2199045,2959616,261.711,36.3956,3322.79
180,2700,2714,15,PACKAGE_SCENE,50000000,12208,12208,12098,12098,12098,2807,2807,2807,0,0,0,2.35369e+06,2055924,2687911,228.987,35.9012,2811.84
181,2715,2729,15,PACKAGE_SCENE,50000000,12208,12208,12098,12098,12098,2807,2807,2807,0,0,0,2.51746e+06,2040638,3000542,183.385,36.0683,2168.68
182,2730,2744,15,PACKAGE_SCENE,50000000,12208,12208,12098,12098,12098,2807,2807,2807,0,0,0,2.27365e+06,1945263,2748789,40.2743,33.9265,45.4529
183,2745,2759,15,PACKAGE_SCENE,50000000,12208,12208,12098,12098,12098,2807,2807,2807,0,0,0,2.35742e+06,1955900,2894161,223.741,36.1551,2739.32
184,2760,2774,15,PACKAGE_SCENE,50000000,12208,12208,12098,12098,12098,2807,2807,2807,0,0,0,2.32813e+06,1917901,2770534,130.423,35.9171,1366.07
185,2775,2789,15,PACKAGE_SCENE,50000000,12208,12208,12098,12098,12098,2807,2807,2807,0,0,0,2.48611e+06,2028336,2949193,128.896,35.9908,1326.6
186,2790,2804,15,PACKAGE_SCENE,50000000,12208,12208,12098,12098,12098,2807,2807,2807,0,0,0,2.34125e+06,2039914,2985710,125.492,35.7764,1293.52
187,2805,2819,15,PACKAGE_SCENE,50000000,12208,12208,12098,12098,12098,2807,2807,2807,0,0,0,2.3954e+06,2027089,2820291,129.933,36.1849,1367.04
188,2820,2834,15,PACKAGE_SCENE,50000000,12208,12208,12098,12098,12098,2807,2807,2807,0,0,0,2.43724e+06,1876067,3279189,42.1953,35.9756,50.357
189,2835,2849,15,PACKAGE_SCENE,50000000,12208,12208,12098,12098,12098,2807,2807,2807,0,0,0,2.46598e+06,1992936,2870034,136.164,35.8441,1477.28
190,2850,2864,15,PACKAGE_SCENE,50000000,12208,12208,12098,12098,12098,2807,2807,2807,0,0,0,2.38238e+06,1927453,2796365,151.691,39.6532,1567.39
191,2865,2879,15,PACKAGE_SCENE,50000000,12208,12208,12098,12098,12098,2807,2807,2807,0,0,0,2.49322e+06,2149211,3108841,178.854,36.1714,2018.36
192,2880,2894,15,PACKAGE_SCENE,50000000,12208,12208,12098,12098,12098,2807,2807,2807,0,0,0,2.50687e+06,2072827,3215832,204.065,44.6153,2315.52
193,2895,2909,15,PACKAGE_SCENE,50000000,12208,12208,12098,12098,12098,2807,2807,2807,0,0,0,2.42173e+06,2008388,2856068,195.569,34.1291,2228.99
194,2910,2924,15,PACKAGE_SCENE,50000000,12208,12208,12098,12098,12098,2807,2807,2807,0,0,0,2.45751e+06,2129546,3033287,42.385,35.926,52.3691
195,2925,2939,15,PACKAGE_SCENE,50000000,12208,12208,12098,12098,12098,2807,2807,2807,0,0,0,2.38599e+06,2026881,2799728,143.992,36.9455,1512.06
196,2940,2954,15,PACKAGE_SCENE,50000000,12208,12208,12098,12098,12098,2807,2807,2807,0,0,0,2.43699e+06,1837739,2925929,145.931,36.2356,1540.7
197,2955,2969,15,PACKAGE_SCENE,50000000,12208,12208,12098,12098,12098,2807,2807,2807,0,0,0,2.39301e+06,2071791,2806421,219.747,34.7574,2671.56
198,2970,2984,15,PACKAGE_SCENE,50000000,12208,12208,12098,12098,12098,2807,2807,2807,0,0,0,2.41526e+06,2018281,2962344,249.688,36.0474,3074.98
199,2985,2999,15,PACKAGE_SCENE,50000000,12208,12208,12098,12098,12098,2807,2807,2807,0,0,0,2.4385e+06,1954343,3060966,164.411,36.2032,1860.34
200,3000,3014,15,PACKAGE_SCENE,50000000,12208,12208,12098,12098,12098,2807,2807,2807,0,0,0,2.45505e+06,2044815,2956326,40.3543,36.1532,50.8332
201,3015,3029,15,PACKAGE_SCENE,50000000,12208,12208,12098,12098,12098,2807,2807,2807,0,0,0,2.36129e+06,1967085,3201100,212.094,36.8574,2399.74
202,3030,3044,15,PACKAGE_SCENE,50000000,12208,12208,12098,12098,12098,2807,2807,2807,0,0,0,2.47889e+06,1878673,2981932,181.336,36.0937,2142.12
203,3045,3059,15,PACKAGE_SCENE,50000000,12208,12208,12098,12098,12098,2807,2807,2807,0,0,0,2.40234e+06,2072321,2798797,139.772,34.7002,1522.65
204,3060,3074,15,PACKAGE_SCENE,50000000,12208,12208,12098,12098,12098,2807,2807,2807,0,0,0,2.35199e+06,2045524,2784812,148.693,35.8754,1617.71
205,3075,3089,15,PACKAGE_SCENE,50000000,12208,12208,12098,12098,12098,2807,2807,2807,0,0,0,2.41194e+06,2098206,2844756,149.147,35.7416,1652.87
206,3090,3104,15,PACKAGE_SCENE,50000000,12208,12208,12098,12098,12098,2807,2807,2807,0,0,0,2.44904e+06,2057460,2737055,42.9797,34.2574,60.9544
207,3105,3119,15,PACKAGE_SCENE,50000000,12208,12208,12098,12098,12098,2807,2807,2807,0,0,0,2.30318e+06,1961915,2783191,153.544,35.9955,1654.5
208,3120,3134,15,PACKAGE_SCENE,50000000,12208,12208,12098,12098,12098,2807,2807,2807,0,0,0,2.47779e+06,1872803,2859068,149.407,35.9019,1659.19
209,3135,3149,15,PACKAGE_SCENE,50000000,12208,12208,12098,12098,12098,2807,2807,2807,0,0,0,2.34514e+06,1924934,2718803,138.934,34.4188,1521.37
210,3150,3164,15,PACKAGE_SCENE,50000000,12208,12208,12098,12098,12098,2807,2807,2807,0,0,0,2.36862e+06,1867134,2965483,147.142,36.0496,1587.51
211,3165,3179,15,PACKAGE_SCENE,50000000,12208,12208,12098,12098,12098,2807,2807,2807,0,0,0,2.48939e+06,2038816,3051519,154.324,35.5449,1717.77
212,3180,3194,15,PACKAGE_SCENE,50000000,12208,12208,12098,12098,12098,2807,2807,2807,0,0,0,2.50352e+06,2089329,2814674,38.2314,33.9602,49.7122
213,3195,3209,15,PACKAGE_SCENE,50000000,12208,12208,12098,12098,12098,2807,2807,2807,0,0,0,2.51229e+06,2149583,3033986,142.928,36.0085,1559.02
214,3210,3224,15,PACKAGE_SCENE,50000000,12208,12208,12098,12098,12098,2807,2807,2807,0,0,0,2.43131e+06,1956049,2776168,147.083,36.1533,1602.26
215,3225,3239,15,PACKAGE_SCENE,50000000,12208,12208,12098,12098,12098,2807,2807,2807,0,0,0,2.27441e+06,1956971,2857333,145.597,36.0714,1569.39
216,3240,3254,15,PACKAGE_SCENE,50000000,12208,12208,12098,12098,12098,2807,2807,2807,0,0,0,2.40856e+06,2023135,3136640,138.961,35.9517,1531.19
217,3255,3269,15,PACKAGE_SCENE,50000000,12208,12208,12098,12098,12098,2807,2807,2807,0,0,0,2.47759e+06,2101672,3386968,128.288,36.0487,1326.18
218,3270,3284,15,PACKAGE_SCENE,50000000,12208,12208,12098,12098,12098,2807,2807,2807,0,0,0,2.30424e+06,1939838,2708040,43.5635,36.0479,55.0993
219,3285,3299,15,PACKAGE_SCENE,50000000,12208,12208,12098,12098,12098,2807,2807,2807,0,0,0,2.29136e+06,1928791,2694744,133.829,35.8268,1413.19
220,3300,3314,15,PACKAGE_SCENE,50000000,12208,12208,12098,12098,12098,2807,2807,2807,0,0,0,2.39147e+06,1909655,2984284,120.558,27.0683,1211.5
221,3315,3329,15,PACKAGE_SCENE,50000000,12208,12208,12098,12098,12098,2807,2807,2807,0,0,0,2.33461e+06,2123382,2815729,441.43,36.0477,5991.3
222,3330,3344,15,PACKAGE_SCENE,50000000,12208,12208,12098,12098,12098,2807,2807,2807,0,0,0,2.40439e+06,1948607,2673570,46.8148,36.5498,58.9775
223,3345,3359,15,PACKAGE_SCENE,50000000,12208,12208,12098,12098,12098,2807,2807,2807,0,0,0,2.42548e+06,2091183,2861541,44.9214,36.0767,57.8326
224,3360,3374,15,PACKAGE_SCENE,50000000,12208,12208,12098,12098,12098,2807,2807,2807,0,0,0,2.30534e+06,1912303,2966141,47.8326,38.5861,61.444
225,3375,3389,15,PACKAGE_SCENE,50000000,12208,12208,12098,12098,12098,2807,2807,2807,0,0,0,2.3398e+06,1838589,2740871,44.5149,28.1791,58.9252
226,3390,3404,15,PACKAGE_SCENE,50000000,12208,12208,12098,12098,12098,2807,2807,2807,0,0,0,2.39816e+06,2148173,2643834,46.5109,39.2956,57.5117
227,3405,3419,15,PACKAGE_SCENE,50000000,12208,12208,12098,12098,12098,2807,2807,2807,0,0,0,2.48754e+06,1944870,3015328,49.0227,37.1152,72.6896
228,3420,3434,15,PACKAGE_SCENE,50000000,12208,12208,12098,12098,12098,2807,2807,2807,0,0,0,2.40004e+06,1764262,2910011,44.1207,35.8771,53.4046
229,3435,3449,15,PACKAGE_SCENE,50000000,12208,12208,12098,12098,12098,2807,2807,2807,0,0,0,2.28201e+06,1858983,2742699,42.2863,35.7426,50.9817
230,3450,3464,15,PACKAGE_SCENE,50000000,12208,12208,12098,12098,12098,2807,2807,2807,0,0,0,2.31953e+06,1969069,2929147,47.4727,35.8784,61.4197
231,3465,3479,15,PACKAGE_SCENE,50000000,12208,12208,12098,12098,12098,2807,2807,2807,0,0,0,2.35512e+06,2014771,2819846,42.1546,35.8787,64.1603
232,3480,3494,15,PACKAGE_SCENE,50000000,12208,12208,12098,12098,12098,2807,2807,2807,0,0,0,2.34534e+06,2033011,2676179,41.2583,35.5075,50.3358
233,3495,3509,15,PACKAGE_SCENE,50000000,12208,12208,12098,12098,12098,2807,2807,2807,0,0,0,2.31943e+06,1884957,2781360,42.1794,35.7868,52.2152
234,3510,3524,15,PACKAGE_SCENE,50000000,12208,12208,12098,12098,12098,2807,2807,2807,0,0,0,2.38378e+06,1994320,2959373,40.3201,35.9186,50.1101
235,3525,3539,15,PACKAGE_SCENE,50000000,12208,12208,12098,12098,12098,2807,2807,2807,0,0,0,2.35337e+06,1952134,2653952,41.0174,35.8693,50.076
236,3540,3554,15,PACKAGE_SCENE,50000000,12208,12208,12098,12098,12098,2807,2807,2807,0,0,0,2.38973e+06,1988399,2867165,41.6774,35.8222,54.281
237,3555,3569,15,PACKAGE_SCENE,50000000,12208,12208,12098,12098,12098,2807,2807,2807,0,0,0,2.36012e+06,1851510,2935043,41.3964,33.7303,54.3203
238,3570,3584,15,PACKAGE_SCENE,50000000,12208,12208,12098,12098,12098,2807,2807,2807,0,0,0,2.50596e+06,1831861,2886940,42.9436,36.0679,47.1419
239,3585,3599,15,PACKAGE_SCENE,50000000,12208,12208,12098,12098,12098,2807,2807,2807,0,0,0,2.47529e+06,2122651,3002821,41.6256,35.7765,51.6953
240,3600,3614,15,PACKAGE_SCENE,50000000,12208,12208,12098,12098,12098,2807,2807,2807,0,0,0,2.32188e+06,2047868,2611602,44.1756,36.1095,56.3204
241,3615,3629,15,PACKAGE_SCENE,50000000,12208,12208,12098,12098,12098,2807,2807,2807,0,0,0,2.33449e+06,1878527,2846051,45.4594,35.6834,61.9701
242,3630,3644,15,PACKAGE_SCENE,50000000,12208,12208,12098,12098,12098,2807,2807,2807,0,0,0,2.41128e+06,1910465,2867320,41.969,35.9583,56.6085
243,3645,3659,15,PACKAGE_SCENE,50000000,12208,12208,12098,12098,12098,2807,2807,2807,0,0,0,2.49402e+06,1920870,3206376,41.214,33.9286,66.5083
244,3660,3674,15,PACKAGE_SCENE,50000000,12208,12208,12098,12098,12098,2807,2807,2807,0,0,0,2.49583e+06,2032341,3017531,42.9232,35.8629,50.4111
245,3675,3689,15,PACKAGE_SCENE,50000000,12208,12208,12098,12098,12098,2807,2807,2807,0,0,0,2.34204e+06,1871677,2927451,42.3674,35.7152,53.8858
246,3690,3704,15,PACKAGE_SCENE,50000000,12208,12208,12098,12098,12098,2807,2807,2807,0,0,0,2.4881e+06,2040638,2824129,43.2248,34.2545,50.5217
247,3705,3719,15,PACKAGE_SCENE,50000000,12208,12208,12098,12098,12098,2807,2807,2807,0,0,0,2.35991e+06,2055116,2814768,39.5857,35.6995,46.0304
248,3720,3734,15,PACKAGE_SCENE,50000000,12208,12208,12098,12098,12098,2807,2807,2807,0,0,0,2.31925e+06,1796633,2685140,37.8347,35.8871,47.5498
249,3735,3749,15,PACKAGE_SCENE,50000000,12208,12208,12098,12098,12098,2807,2807,2807,0,0,0,2.50413e+06,1982164,3066724,41.0175,35.6644,47.5577
250,3750,3764,15,PACKAGE_SCENE,50000000,12208,12208,12098,12098,12098,2807,2807,2807,0,0,0,2.43014e+06,2054768,2905583,41.6814,35.9161,49.8979
251,3765,3779,15,PACKAGE_SCENE,50000000,12208,12208,12098,12098,12098,2807,2807,2807,0,0,0,2.32974e+06,1840023,2803526,42.1422,33.802,50.4743
252,3780,3794,15,PACKAGE_SCENE,50000000,12208,12208,12098,12098,12098,2807,2807,2807,0,0,0,2.30112e+06,2007270,2782369,41.3696,35.9314,52.4724
253,3795,3809,15,PACKAGE_SCENE,50000000,12208,12208,12098,12098,12098,2807,2807,2807,0,0,0,2.36187e+06,2077923,2660919,38.8049,35.7161,53.2211
254,3810,3824,15,PACKAGE_SCENE,50000000,12208,12208,12098,12098,12098,2807,2807,2807,0,0,0,2.44096e+06,1837286,2958622,41.5491,35.719,54.68
255,3825,3839,15,PACKAGE_SCENE,50000000,12208,12208,12098,12098,12098,2807,2807,2807,0,0,0,2.37739e+06,2029292,3105989,42.6098,35.8596,51.9981
256,3840,3854,15,PACKAGE_SCENE,50000000,12208,12208,12098,12098,12098,2807,2807,2807,0,0,0,2.35682e+06,2004905,2678873,41.591,35.94,55.5067
257,3855,3869,15,PACKAGE_SCENE,50000000,12208,12208,12098,12098,12098,2807,2807,2807,0,0,0,2.39088e+06,1929036,2614563,40.4189,35.699,68.6349
258,3870,3884,15,PACKAGE_SCENE,50000000,12208,12208,12098,12098,12098,2807,2807,2807,0,0,0,2.36434e+06,1933179,2753008,40.9041,35.7994,48.4397
259,3885,3899,15,PACKAGE_SCENE,50000000,12208,12208,12098,12098,12098,2807,2807,2807,0,0,0,2.35288e+06,1887781,2965943,40.0106,33.6649,49.7409
260,3900,3914,15,PACKAGE_SCENE,50000000,12208,12208,12098,12098,12098,2807,2807,2807,0,0,0,2.40451e+06,2061154,2779473,40.0933,35.382,53.2557
261,3915,3929,15,PACKAGE_SCENE,50000000,12208,12208,12098,12098,12098,2807,2807,2807,0,0,0,2.34067e+06,1869614,2847120,40.823,35.7641,50.1424
262,3930,3944,15,PACKAGE_SCENE,50000000,12208,12208,12098,12098,12098,2807,2807,2807,0,0,0,2.42216e+06,2054220,3142425,40.4916,35.7229,52.076
263,3945,3959,15,PACKAGE_SCENE,50000000,12208,12208,12098,12098,12098,2807,2807,2807,0,0,0,2.33637e+06,1873711,2669446,42.4178,35.8405,49.7748
264,3960,3974,15,PACKAGE_SCENE,50000000,12208,12208,12098,12098,12098,2807,2807,2807,0,0,0,2.33484e+06,1876900,2657134,40.8414,35.6905,54.8017
265,3975,3989,15,PACKAGE_SCENE,50000000,12208,12208,12098,12098,12098,2807,2807,2807,0,0,0,2.36789e+06,1879786,3007050,47.8811,35.9042,64.1265
266,3990,4004,15,PACKAGE_SCENE,50000000,12208,12208,12098,12098,12098,2807,2807,2807,0,0,0,2.33406e+06,1959894,2771246,41.5018,26.5775,51.1242
267,4005,4019,15,PACKAGE_SCENE,50000000,12208,12208,12098,12098,12098,2807,2807,2807,0,0,0,2.41348e+06,2094990,3024160,42.3469,35.9709,52.5545
268,4020,4034,15,PACKAGE_SCENE,50000000,12208,12208,12098,12098,12098,2807,2807,2807,0,0,0,2.50239e+06,1982184,2886388,41.7676,35.0475,55.4801
269,4035,4049,15,PACKAGE_SCENE,50000000,12208,12208,12098,12098,12098,2807,2807,2807,0,0,0,2.19509e+06,1862057,2513939,43.1175,35.6569,56.0259
270,4050,4064,15,PACKAGE_SCENE,50000000,12208,12208,12098,12098,12098,2807,2807,2807,0,0,0,2.40288e+06,2092753,2804291,42.1394,35.8705,55.0302
271,4065,4079,15,PACKAGE_SCENE,50000000,12208,12208,12098,12098,12098,2807,2807,2807,0,0,0,2.39896e+06,1924877,2881676,41.7526,36.0401,50.5541
272,4080,4094,15,PACKAGE_SCENE,50000000,12208,12208,12098,12098,12098,2807,2807,2807,0,0,0,2.39558e+06,2009382,3278127,40.3726,34.7204,49.7354
273,4095,4109,15,PACKAGE_SCENE,50000000,12208,12208,12098,12098,12098,2807,2807,2807,0,0,0,2.26734e+06,1892964,2952721,41.4323,35.9348,45.9268
274,4110,4124,15,PACKAGE_SCENE,50000000,12208,12208,12098,12098,12098,2807,2807,2807,0,0,0,2.46301e+06,1961960,2758348,41.4104,36.077,46.023
275,4125,4139,15,PACKAGE_SCENE,50000000,12208,12208,12098,12098,12098,2807,2807,2807,0,0,0,2.4402e+06,1982191,3267103,40.9556,35.9215,49.9383
276,4140,4154,15,PACKAGE_SCENE,50000000,12208,12208,12098,12098,12098,2807,2807,2807,0,0,0,2.36951e+06,1841041,2897448,42.3159,36.0679,56.7157
277,4155,4169,15,PACKAGE_SCENE,50000000,12208,12208,12098,12098,12098,2807,2807,2807,0,0,0,2.55251e+06,2036652,3046390,43.598,35.8391,61.402
278,4170,4184,15,PACKAGE_SCENE,50000000,12208,12208,12098,12098,12098,2807,2807,2807,0,0,0,2.51229e+06,1765560,3049884,43.5472,33.8618,61.3343
279,4185,4199,15,PACKAGE_SCENE,50000000,12208,12208,12098,12098,12098,2807,2807,2807,0,0,0,2.55501e+06,2181915,3084979,45.2661,35.8874,58.8983
280,4200,4214,15,PACKAGE_SCENE,50000000,12208,12208,12098,12098,12098,2807,2807,2807,0,0,0,2.40863e+06,1856632,3174026,39.8118,35.7332,45.7819
281,4215,4229,15,PACKAGE_SCENE,50000000,12208,12208,12098,12098,12098,2807,2807,2807,0,0,0,2.5213e+06,1949174,3018777,40.2285,35.7847,51.828
282,4230,4244,15,PACKAGE_SCENE,50000000,12208,12208,12098,12098,12098,2807,2807,2807,0,0,0,2.5152e+06,2164802,3125861,43.2779,36.09,52.6471
283,4245,4259,15,PACKAGE_SCENE,50000000,12208,12208,12098,12098,12098,2807,2807,2807,0,0,0,2.27753e+06,1736676,3000823,41.6557,33.8029,49.7167
284,4260,4274,15,PACKAGE_SCENE,50000000,12208,12208,12098,12098,12098,2807,2807,2807,0,0,0,2.32466e+06,1909279,2793190,41.4275,33.8748,54.424
285,4275,4289,15,PACKAGE_SCENE,50000000,12208,12208,12098,12098,12098,2807,2807,2807,0,0,0,2.39974e+06,2048264,2946832,39.0069,33.947,45.3378
286,4290,4304,15,PACKAGE_SCENE,50000000,12208,12208,12098,12098,12098,2807,2807,2807,0,0,0,2.49943e+06,2132619,2915152,44.8055,37.5982,57.3769
287,4305,4319,15,PACKAGE_SCENE,50000000,12208,12208,12098,12098,12098,2807,2807,2807,0,0,0,2.43428e+06,1937766,2947865,41.2515,36.7077,50.7536
288,4320,4334,15,PACKAGE_SCENE,50000000,12208,12208,12098,12098,12098,2807,2807,2807,0,0,0,2.39685e+06,2022333,2745469,43.1881,36.7649,56.5746
289,4335,4349,15,PACKAGE_SCENE,50000000,12208,12208,12098,12098,12098,2807,2807,2807,0,0,0,2.46618e+06,2098980,2699844,43.7468,36.789,58.1247
290,4350,4364,15,PACKAGE_SCENE,50000000,12208,12208,12098,12098,12098,2807,2807,2807,0,0,0,2.4562e+06,1901616,3187814,42.3205,36.614,54.085
291,4365,4379,15,PACKAGE_SCENE,50000000,12208,12208,12098,12098,12098,2807,2807,2807,0,0,0,2.36288e+06,1894959,2823836,43.6266,36.8005,55.5779
292,4380,4394,15,PACKAGE_SCENE,50000000,12208,12208,12098,12098,12098,2807,2807,2807,0,0,0,2.48892e+06,1982606,2843229,43.2255,36.9058,63.4252
293,4395,4409,15,PACKAGE_SCENE,50000000,12208,12208,12098,12098,12098,2807,2807,2807,0,0,0,2.45807e+06,2039210,2956829,43.6818,36.8245,56.4384
294,4410,4424,15,PACKAGE_SCENE,50000000,12208,12208,12098,12098,12098,2807,2807,2807,0,0,0,2.40355e+06,2094295,2767281,43.1115,34.5844,53.3684
295,4425,4439,15,PACKAGE_SCENE,50000000,12208,12208,12098,12098,12098,2807,2807,2807,0,0,0,2.37582e+06,2056690,3026877,42.9373,36.7305,53.7885
296,4440,4454,15,PACKAGE_SCENE,50000000,12208,12208,12098,12098,12098,2807,2807,2807,0,0,0,2.37158e+06,1919094,2853535,42.3826,36.9297,53.2342
297,4455,4469,15,PACKAGE_SCENE,50000000,12208,12208,12098,12098,12098,2807,2807,2807,0,0,0,2.45689e+06,1936506,3154053,44.4769,36.8177,53.4999
298,4470,4484,15,PACKAGE_SCENE,50000000,12208,12208,12098,12098,12098,2807,2807,2807,0,0,0,2.34926e+06,1848670,2960262,45.4064,36.7615,55.6696
299,4485,4499,15,PACKAGE_SCENE,50000000,12208,12208,12098,12098,12098,2807,2807,2807,0,0,0,2.4174e+06,1803804,2759567,44.5655,34.2457,56.6132
300,4500,4514,15,PACKAGE_SCENE,50000000,12208,12208,12098,12098,12098,2807,2807,2807,0,0,0,2.36384e+06,2024624,2938065,43.8843,36.9239,56.2764
301,4515,4529,15,PACKAGE_SCENE,50000000,12208,12208,12098,12098,12098,2807,2807,2807,0,0,0,2.40764e+06,2185988,2622716,46.5266,36.7041,54.4673
302,4530,4544,15,PACKAGE_SCENE,50000000,12208,12208,12098,12098,12098,2807,2807,2807,0,0,0,2.48302e+06,2056455,2738213,47.3874,37.8982,57.1657
303,4545,4559,15,PACKAGE_SCENE,50000000,12208,12208,12098,12098,12098,2807,2807,2807,0,0,0,2.42042e+06,2037522,3291107,51.4399,36.0603,68.5528
304,4560,4574,15,PACKAGE_SCENE,50000000,12208,12208,12098,12098,12098,2807,2807,2807,0,0,0,2.43828e+06,2122564,2804757,46.2156,35.8449,64.2827
305,4575,4589,15,PACKAGE_SCENE,50000000,12208,12208,12098,12098,12098,2807,2807,2807,0,0,0,2.34067e+06,1964722,2791116,42.8256,36.929,47.1788
306,4590,4604,15,PACKAGE_SCENE,50000000,12208,12208,12098,12098,12098,2807,2807,2807,0,0,0,2.45721e+06,2135042,2860112,43.7982,36.6361,56.6716
307,4605,4619,15,PACKAGE_SCENE,50000000,12208,12208,12098,12098,12098,2807,2807,2807,0,0,0,2.39309e+06,2007767,2797238,42.9934,36.5281,54.2403
308,4620,4634,15,PACKAGE_SCENE,50000000,12208,12208,12098,12098,12098,2807,2807,2807,0,0,0,2.37236e+06,1972429,2965319,39.897,34.9008,47.2445
309,4635,4649,15,PACKAGE_SCENE,50000000,12208,12208,12098,12098,12098,2807,2807,2807,0,0,0,2.48632e+06,2010012,3202612,39.7252,35.8024,46.4849
310,4650,4664,15,PACKAGE_SCENE,50000000,12208,12208,12098,12098,12098,2807,2807,2807,0,0,0,2.32389e+06,1834519,2811111,40.9968,35.5674,45.1613
311,4665,4679,15,PACKAGE_SCENE,50000000,12208,12208,12098,12098,12098,2807,2807,2807,0,0,0,2.41422e+06,2107692,2965053,39.4355,35.8476,52.2732
312,4680,4694,15,PACKAGE_SCENE,50000000,12208,12208,12098,12098,12098,2807,2807,2807,0,0,0,2.53314e+06,2004830,3073576,39.2381,35.7405,49.3613
313,4695,4709,15,PACKAGE_SCENE,50000000,12208,12208,12098,12098,12098,2807,2807,2807,0,0,0,2.34218e+06,1834984,2899574,40.997,35.8464,50.1885
314,4710,4724,15,PACKAGE_SCENE,50000000,12208,12208,12098,12098,12098,2807,2807,2807,0,0,0,2.31892e+06,1993688,2642349,42.2886,35.5923,54.3628
315,4725,4739,15,PACKAGE_SCENE,50000000,12208,12208,12098,12098,12098,2807,2807,2807,0,0,0,2.44921e+06,1862419,2911260,40.1062,35.753,45.4497
316,4740,4754,15,PACKAGE_SCENE,50000000,12208,12208,12098,12098,12098,2807,2807,2807,0,0,0,2.54222e+06,2006925,2860077,42.318,33.91,50.3526
317,4755,4769,15,PACKAGE_SCENE,50000000,12208,12208,12098,12098,12098,2807,2807,2807,0,0,0,2.29513e+06,1936396,2866842,40.7401,35.7643,58.7443
318,4770,4784,15,PACKAGE_SCENE,50000000,12208,12208,12098,12098,12098,2807,2807,2807,0,0,0,2.31311e+06,1865502,2750587,40.4671,35.8368,45.3512
319,4785,4799,15,PACKAGE_SCENE,50000000,12208,12208,12098,12098,12098,2807,2807,2807,0,0,0,2.46014e+06,1935114,2923674,40.8512,35.7079,49.6921
320,4800,4814,15,PACKAGE_SCENE,50000000,12208,12208,12098,12098,12098,2807,2807,2807,0,0,0,2.36155e+06,1934943,2872524,42.4242,35.7348,54.6189
321,4815,4829,15,PACKAGE_SCENE,50000000,12208,12208,12098,12098,12098,2807,2807,2807,0,0,0,2.32114e+06,2099387,2697531,39.4907,35.8135,49.9766
322,4830,4844,15,PACKAGE_SCENE,50000000,12208,12208,12098,12098,12098,2807,2807,2807,0,0,0,2.38976e+06,1920198,2955395,38.4942,33.4718,45.3688
323,4845,4859,15,PACKAGE_SCENE,50000000,12208,12208,12098,12098,12098,2807,2807,2807,0,0,0,2.38036e+06,1988334,2623345,40.7031,35.368,47.7645
324,4860,4874,15,PACKAGE_SCENE,50000000,12208,12208,12098,12098,12098,2807,2807,2807,0,0,0,2.43962e+06,2052069,3037489,49.1387,37.1474,65.6856
325,4875,4889,15,PACKAGE_SCENE,50000000,12208,12208,12098,12098,12098,2807,2807,2807,0,0,0,2.37137e+06,2045922,2744957,45.832,35.2268,57.6485
326,4890,4904,15,PACKAGE_SCENE,50000000,12208,12208,12098,12098,12098,2807,2807,2807,0,0,0,2.51603e+06,2085785,2903126,43.137,28.6429,54.778
327,4905,4919,15,PACKAGE_SCENE,50000000,12208,12208,12098,12098,12098,2807,2807,2807,0,0,0,2.48431e+06,2164797,2812195,42.588,36.0953,51.7965
328,4920,4934,15,PACKAGE_SCENE,50000000,12208,12208,12098,12098,12098,2807,2807,2807,0,0,0,2.3902e+06,1969240,3060545,42.8197,36.1755,49.0185
329,4935,4949,15,PACKAGE_SCENE,50000000,12208,12208,12098,12098,12098,2807,2807,2807,0,0,0,2.28178e+06,2012190,2477738,41.1801,35.8305,52.4699
330,4950,4964,15,PACKAGE_SCENE,50000000,12208,12208,12098,12098,12098,2807,2807,2807,0,0,0,2.3881e+06,1858672,2853666,42.0803,36.1846,51.4145
331,4965,4979,15,PACKAGE_SCENE,50000000,12208,12208,12098,12098,12098,2807,2807,2807,0,0,0,2.25626e+06,1909723,2737328,43.7639,35.8824,51.6672
332,4980,4994,15,PACKAGE_SCENE,50000000,12208,12208,12098,12098,12098,2807,2807,2807,0,0,0,2.50667e+06,2234244,2942677,43.7443,36.0994,56.2349
333,4995,5009,15,PACKAGE_SCENE,50000000,12208,12208,12098,12098,12098,2807,2807,2807,0,0,0,2.39088e+06,1983851,2781022,49.0038,35.9114,67.5944
334,5010,5024,15,PACKAGE_SCENE,50000000,12208,12208,12098,12098,12098,2807,2807,2807,0,0,0,2.39104e+06,1987083,2802413,46.8306,36.8912,55.7212
335,5025,5039,15,PACKAGE_SCENE,50000000,12208,12208,12098,12098,12098,2807,2807,2807,0,0,0,2.40732e+06,1877233,2966858,45.0464,36.1079,54.0664
336,5040,5054,15,PACKAGE_SCENE,50000000,12208,12208,12098,12098,12098,2807,2807,2807,0,0,0,2.4406e+06,1861095,3474759,43.1315,35.9705,58.8082
337,5055,5069,15,PACKAGE_SCENE,50000000,12208,12208,12098,12098,12098,2807,2807,2807,0,0,0,2.34516e+06,2046686,2637302,43.5273,36.0521,58.8122
338,5070,5084,15,PACKAGE_SCENE,50000000,12208,12208,12098,12098,12098,2807,2807,2807,0,0,0,2.43302e+06,1940244,2724671,42.65,35.7288,50.5405
339,5085,5099,15,PACKAGE_SCENE,50000000,12208,12208,12098,12098,12098,2807,2807,2807,0,0,0,2.42678e+06,2079764,2967509,40.1027,35.7371,45.3167
340,5100,5114,15,PACKAGE_SCENE,50000000,12208,12208,11181.5,9091,12098,2542.4,1982,2807,0.2,0,3,1.9894e+06,1411407,2418093,38.1038,24.7017,52.9646
341,5115,5129,15,PACKAGE_SCENE,50000000,12208,12208,10858.9,9060,12099,2131.8,1388,2616,0.733333,0,4,1.81558e+06,1071323,2790754,34.4633,23.3919,46.8904
342,5130,5144,15,PACKAGE_SCENE,50000000,12208,12208,11785,11785,11785,2616,2616,2616,0,0,0,1.96075e+06,1813441,2219473,37.927,35.0535,44.7632
343,5145,5159,15,PACKAGE_SCENE,50000000,12208,12208,11785,11785,11785,2616,2616,2616,0,0,0,1.99622e+06,1830567,2216295,37.7882,35.0795,44.4652
344,5160,5174,15,PACKAGE_SCENE,50000000,12208,12208,11785,11785,11785,2616,2616,2616,0,0,0,1.97724e+06,1851102,2128064,41.5205,35.1375,47.9955
345,5175,5189,15,PACKAGE_SCENE,50000000,12208,12208,11785,11785,11785,2616,2616,2616,0,0,0,2.03731e+06,1709039,2362537,515.747,32.9869,7135.88
346,5190,5204,15,PACKAGE_SCENE,50000000,12208,12208,11785,11785,11785,2616,2616,2616,0,0,0,2.04301e+06,1629772,2353862,41.2948,35.497,45.0309
347,5205,5219,15,PACKAGE_SCENE,50000000,12208,12208,11785,11785,11785,2616,2616,2616,0,0,0,1.90977e+06,1645135,2107732,341.147,35.6997,4492.81
348,5220,5234,15,PACKAGE_SCENE,50000000,12208,12208,11785,11785,11785,2616,2616,2616,0,0,0,2.01217e+06,1760091,2260832,252.716,30.2924,3229.33
349,5235,5249,15,PACKAGE_SCENE,50000000,12208,12208,11785,11785,11785,2616,2616,2616,0,0,0,2.07744e+06,1725269,2503702,263.845,33.9704,3333.89
350,5250,5264,15,PACKAGE_SCENE,50000000,12208,12208,11785,11785,11785,2616,2616,2616,0,0,0,1.98105e+06,1673288,2392002,222.515,33.3918,2778.03
351,5265,5279,15,PACKAGE_SCENE,50000000,12208,12208,11785,11785,11785,2616,2616,2616,0,0,0,2.08671e+06,1828719,2504755,173.37,35.3626,2018.75
352,5280,5294,15,PACKAGE_SCENE,50000000,12208,12208,11785,11785,11785,2616,2616,2616,0,0,0,2.04296e+06,1764806,2301671,44.4012,36.0807,58.1179
353,5295,5309,15,PACKAGE_SCENE,50000000,12208,12208,11785,11785,11785,2616,2616,2616,0,0,0,2.04437e+06,1790807,2404260,203.61,28.6544,2486.15
354,5310,5324,15,PACKAGE_SCENE,50000000,12208,12208,11785,11785,11785,2616,2616,2616,0,0,0,2.04612e+06,1764084,2378193,125.123,30.336,1287.21
355,5325,5339,15,PACKAGE_SCENE,50000000,12208,12208,11785,11785,11785,2616,2616,2616,0,0,0,2.00275e+06,1734660,2333367,138.697,35.5411,1425.33
356,5340,5354,15,PACKAGE_SCENE,50000000,12208,12208,11785,11785,11785,2616,2616,2616,0,0,0,1.99649e+06,1668377,2333048,151.662,37.7647,1622.26
357,5355,5369,15,PACKAGE_SCENE,50000000,12208,12208,11785,11785,11785,2616,2616,2616,0,0,0,1.94605e+06,1683594,2305813,138.959,35.6613,1442.77
358,5370,5384,15,PACKAGE_SCENE,50000000,12208,12208,11785,11785,11785,2616,2616,2616,0,0,0,2.08077e+06,1893632,2322833,38.8967,35.3824,51.5848
359,5385,5399,15,PACKAGE_SCENE,50000000,12208,12208,11785,11785,11785,2616,2616,2616,0,0,0,1.9982e+06,1808190,2321346,117.676,35.4511,1203.36
360,5400,5414,15,PACKAGE_SCENE,50000000,12208,12208,11785,11785,11785,2616,2616,2616,0,0,0,2.00767e+06,1619994,2277185,185.963,36.0624,2109.93
361,5415,5429,15,PACKAGE_SCENE,50000000,12208,12208,11785,11785,11785,2616,2616,2616,0,0,0,2.03228e+06,1762752,2452855,162.698,35.6662,1808.96
362,5430,5444,15,PACKAGE_SCENE,50000000,12208,12208,11785,11785,11785,2616,2616,2616,0,0,0,2.07618e+06,1714161,2527689,126.99,26.6658,1314.11
363,5445,5459,15,PACKAGE_SCENE,50000000,12208,12208,11785,11785,11785,2616,2616,2616,0,0,0,1.97252e+06,1658993,2202270,124.607,28.3572,1278.36
364,5460,5474,15,PACKAGE_SCENE,50000000,12208,12208,11785,11785,11785,2616,2616,2616,0,0,0,1.9709e+06,1744777,2334544,40.2817,33.9121,49.6835
365,5475,5489,15,PACKAGE_SCENE,50000000,12208,12208,11785,11785,11785,2616,2616,2616,0,0,0,1.97397e+06,1729283,2327648,126.035,35.4144,1315.75
366,5490,5504,15,PACKAGE_SCENE,50000000,12208,12208,11785,11785,11785,2616,2616,2616,0,0,0,1.9942e+06,1745064,2294442,134.326,35.9669,1374.3
367,5505,5519,15,PACKAGE_SCENE,50000000,12208,12208,11785,11785,11785,2616,2616,2616,0,0,0,1.94976e+06,1611422,2208987,212.627,29.0997,2600.74
368,5520,5534,15,PACKAGE_SCENE,50000000,12208,12208,11785,11785,11785,2616,2616,2616,0,0,0,2.06655e+06,1888336,2544330,157.708,33.8711,1796.28
369,5535,5549,15,PACKAGE_SCENE,50000000,12208,12208,11785,11785,11785,2616,2616,2616,0,0,0,2.02905e+06,1690130,2313631,143.752,35.5456,1586.69
370,5550,5564,15,PACKAGE_SCENE,50000000,12208,12208,11785,11785,11785,2616,2616,2616,0,0,0,1.96983e+06,1782135,2351228,39.8362,35.6024,45.4232
371,5565,5579,15,PACKAGE_SCENE,50000000,12208,12208,11785,11785,11785,2616,2616,2616,0,0,0,1.93677e+06,1749008,2239708,146.956,35.6164,1632.21
372,5580,5594,15,PACKAGE_SCENE,50000000,12208,12208,11785,11785,11785,2616,2616,2616,0,0,0,2.05846e+06,1747604,2556170,157.231,33.8346,1786.56
373,5595,5609,15,PACKAGE_SCENE,50000000,12208,12208,11785,11785,11785,2616,2616,2616,0,0,0,2.02162e+06,1795420,2285589,153.76,35.5849,1708.4
374,5610,5624,15,PACKAGE_SCENE,50000000,12208,12208,11785,11785,11785,2616,2616,2616,0,0,0,1.96103e+06,1814238,2164275,161.702,35.5189,1853.85
375,5625,5639,15,PACKAGE_SCENE,50000000,12208,12208,11785,11785,11785,2616,2616,2616,0,0,0,2.05482e+06,1766197,2480007,145.806,35.472,1616.23
376,5640,5654,15,PACKAGE_SCENE,50000000,12208,12208,11785,11785,11785,2616,2616,2616,0,0,0,1.98411e+06,1753256,2550207,40.7708,35.3789,45.6976
377,5655,5669,15,PACKAGE_SCENE,50000000,12208,12208,11785,11785,11785,2616,2616,2616,0,0,0,2.03812e+06,1872966,2201961,144.493,35.4975,1545.33
378,5670,5684,15,PACKAGE_SCENE,50000000,12208,12208,11785,11785,11785,2616,2616,2616,0,0,0,1.98321e+06,1639321,2353528,156.352,35.7678,1694.16
379,5685,5699,15,PACKAGE_SCENE,50000000,12208,12208,11785,11785,11785,2616,2616,2616,0,0,0,2.06545e+06,1671242,2429436,177.439,35.5537,2080.58
380,5700,5714,15,PACKAGE_SCENE,50000000,12208,12208,11785,11785,11785,2616,2616,2616,0,0,0,2.01224e+06,1784880,2221090,164.799,31.4211,1843.61
381,5715,5729,15,PACKAGE_SCENE,50000000,12208,12208,11785,11785,11785,2616,2616,2616,0,0,0,2.03702e+06,1798619,2520345,159.126,35.5171,1801.41
382,5730,5744,15,PACKAGE_SCENE,50000000,12208,12208,11785,11785,11785,2616,2616,2616,0,0,0,2.0712e+06,1704419,2516112,45.1508,35.7332,58.8425
383,5745,5759,15,PACKAGE_SCENE,50000000,12208,12208,11785,11785,11785,2616,2616,2616,0,0,0,2.02221e+06,1801842,2305558,177.013,26.577,2127.18
384,5760,5774,15,PACKAGE_SCENE,50000000,12208,12208,11785,11785,11785,2616,2616,2616,0,0,0,2.02659e+06,1637779,2572474,146.422,35.2786,1645.15
385,5775,5789,15,PACKAGE_SCENE,50000000,12208,12208,11785,11785,11785,2616,2616,2616,0,0,0,2.09048e+06,1846922,2246563,143.1,35.4585,1584.17
386,5790,5804,15,PACKAGE_SCENE,50000000,12208,12208,11785,11785,11785,2616,2616,2616,0,0,0,1.96076e+06,1733635,2194431,148.098,33.6418,1650.59
387,5805,5819,15,PACKAGE_SCENE,50000000,12208,12208,11785,11785,11785,2616,2616,2616,0,0,0,2.00081e+06,1684190,2410412,121.775,35.309,1245.05
388,5820,5834,15,PACKAGE_SCENE,50000000,12208,12208,11785,11785,11785,2616,2616,2616,0,0,0,2.09454e+06,1747940,2436174,42.1896,35.3085,49.626
389,5835,5849,15,PACKAGE_SCENE,50000000,12208,12208,11785,11785,11785,2616,2616,2616,0,0,0,1.98236e+06,1639582,2268362,118.976,35.4554,1231.3
390,5850,5864,15,PACKAGE_SCENE,50000000,12208,12208,11785,11785,11785,2616,2616,2616,0,0,0,2.02472e+06,1635411,2243885,117.68,35.5856,1145.27
391,5865,5879,15,PACKAGE_SCENE,50000000,12208,12208,11785,11785,11785,2616,2616,2616,0,0,0,2.06423e+06,1779374,2484306,755.374,35.2168,10652.9
392,5880,5894,15,PACKAGE_SCENE,50000000,12208,12208,11785,11785,11785,2616,2616,2616,0,0,0,1.97455e+06,1730941,2181306,39.2205,33.511,45.1589
393,5895,5909,15,PACKAGE_SCENE,50000000,12208,12208,11785,11785,11785,2616,2616,2616,0,0,0,1.9479e+06,1607106,2370164,38.083,33.255,45.1156
394,5910,5924,15,PACKAGE_SCENE,50000000,12208,12208,11785,11785,11785,2616,2616,2616,0,0,0,2.04983e+06,1767696,2345125,39.2717,35.207,54.3261
395,5925,5939,15,PACKAGE_SCENE,50000000,12208,12208,11785,11785,11785,2616,2616,2616,0,0,0,2.0556e+06,1780993,2483362,39.805,35.5852,45.3689
396,5940,5954,15,PACKAGE_SCENE,50000000,12208,12208,11785,11785,11785,2616,2616,2616,0,0,0,1.97604e+06,1725751,2291466,44.6174,36.1412,69.1393
397,5955,5969,15,PACKAGE_SCENE,50000000,12208,12208,11785,11785,11785,2616,2616,2616,0,0,0,2.04719e+06,1774280,2444965,39.8213,28.5449,46.3074
398,5970,5984,15,PACKAGE_SCENE,50000000,12208,12208,11785,11785,11785,2616,2616,2616,0,0,0,1.95049e+06,1764912,2265000,42.55,35.7058,55.1812
399,5985,5999,15,PACKAGE_SCENE,50000000,12208,12208,11785,11785,11785,2616,2616,2616,0,0,0,2.01907e+06,1779843,2259103,41.2132,35.609,52.0131
400,6000,6014,15,PACKAGE_SCENE,50000000,12208,12208,11785,11785,11785,2616,2616,2616,0,0,0,2.03413e+06,1751275,2192570,40.6963,33.147,52.1266
401,6015,6029,15,PACKAGE_SCENE,50000000,12208,12208,11785,11785,11785,2616,2616,2616,0,0,0,2.10266e+06,1915657,2421097,39.7965,35.6321,47.3971
402,6030,6044,15,PACKAGE_SCENE,50000000,12208,12208,11785,11785,11785,2616,2616,2616,0,0,0,1.93651e+06,1644335,2046094,41.4617,35.2441,51.8684
403,6045,6059,15,PACKAGE_SCENE,50000000,12208,12208,11785,11785,11785,2616,2616,2616,0,0,0,2.05557e+06,1783303,2392955,39.045,35.486,45.3063
404,6060,6074,15,PACKAGE_SCENE,50000000,12208,12208,11785,11785,11785,2616,2616,2616,0,0,0,2.00264e+06,1693019,2310085,40.98,35.4213,50.3545
405,6075,6089,15,PACKAGE_SCENE,50000000,12208,12208,11785,11785,11785,2616,2616,2616,0,0,0,2.0841e+06,1811535,2335111,40.5583,35.4467,45.5064
406,6090,6104,15,PACKAGE_SCENE,50000000,12208,12208,11785,11785,11785,2616,2616,2616,0,0,0,2.05309e+06,1599574,2343445,38.5299,35.512,45.0085
407,6105,6119,15,PACKAGE_SCENE,50000000,12208,12208,11785,11785,11785,2616,2616,2616,0,0,0,1.97984e+06,1679112,2441487,40.6277,35.3109,54.1587
408,6120,6134,15,PACKAGE_SCENE,50000000,12208,12208,11785,11785,11785,2616,2616,2616,0,0,0,2.00017e+06,1692203,2324462,37.8133,33.7405,51.5117
409,6135,6149,15,PACKAGE_SCENE,50000000,12208,12208,11785,11785,11785,2616,2616,2616,0,0,0,2.06834e+06,1714937,2390120,39.616,35.171,47.6469
410,6150,6164,15,PACKAGE_SCENE,50000000,12208,12208,11785,11785,11785,2616,2616,2616,0,0,0,1.94416e+06,1732705,2264131,39.7286,35.1167,46.8254
411,6165,6179,15,PACKAGE_SCENE,50000000,12208,12208,11785,11785,11785,2616,2616,2616,0,0,0,2.00146e+06,1653260,2390254,39.0757,35.4036,45.2057
412,6180,6194,15,PACKAGE_SCENE,50000000,12208,12208,11785,11785,11785,2616,2616,2616,0,0,0,1.94823e+06,1786229,2138586,40.2466,35.4531,58.9683
413,6195,6209,15,PACKAGE_SCENE,50000000,12208,12208,11785,11785,11785,2616,2616,2616,0,0,0,2.05127e+06,1743684,2295349,41.5857,35.3809,58.7708
414,6210,6224,15,PACKAGE_SCENE,50000000,12208,12208,11785,11785,11785,2616,2616,2616,0,0,0,2.07522e+06,1789684,2433329,40.3192,33.486,58.9245
415,6225,6239,15,PACKAGE_SCENE,50000000,12208,12208,11785,11785,11785,2616,2616,2616,0,0,0,2.05696e+06,1724563,2269383,39.5649,35.2473,52.2916
416,6240,6254,15,PACKAGE_SCENE,50000000,12208,12208,11785,11785,11785,2616,2616,2616,0,0,0,2.06459e+06,1820014,2339089,39.5544,35.4073,45.1911
417,6255,6269,15,PACKAGE_SCENE,50000000,12208,12208,11785,11785,11785,2616,2616,2616,0,0,0,1.95462e+06,1691989,2254310,39.4124,29.6596,53.8022
418,6270,6284,15,PACKAGE_SCENE,50000000,12208,12208,11785,11785,11785,2616,2616,2616,0,0,0,1.95382e+06,1685554,2380191,39.4467,35.5409,47.5192
419,6285,6299,15,PACKAGE_SCENE,50000000,12208,12208,11785,11785,11785,2616,2616,2616,0,0,0,2.09505e+06,1648811,2494674,40.6221,35.2335,50.0034
420,6300,6314,15,PACKAGE_SCENE,50000000,12208,12208,11785,11785,11785,2616,2616,2616,0,0,0,1.95437e+06,1679496,2374483,41.6183,35.4683,53.7375
421,6315,6329,15,PACKAGE_SCENE,50000000,12208,12208,11785,11785,11785,2616,2616,2616,0,0,0,2.05191e+06,1842936,2348970,38.869,35.2361,49.5266
422,6330,6344,15,PACKAGE_SCENE,50000000,12208,12208,11785,11785,11785,2616,2616,2616,0,0,0,2.0823e+06,1750274,2374635,39.6741,35.2521,49.6672
423,6345,6359,15,PACKAGE_SCENE,50000000,12208,12208,11785,11785,11785,2616,2616,2616,0,0,0,2.07205e+06,1753265,2345715,37.8552,35.0671,44.7955
424,6360,6374,15,PACKAGE_SCENE,50000000,12208,12208,11785,11785,11785,2616,2616,2616,0,0,0,2.03273e+06,1826131,2374472,40.0278,33.3279,53.6652
425,6375,6389,15,PACKAGE_SCENE,50000000,12208,12208,11785,11785,11785,2616,2616,2616,0,0,0,1.98972e+06,1719778,2244162,41.0122,33.7243,51.6879
426,6390,6404,15,PACKAGE_SCENE,50000000,12208,12208,11785,11785,11785,2616,2616,2616,0,0,0,1.99672e+06,1641104,2262479,38.9173,35.309,44.6842
427,6405,6419,15,PACKAGE_SCENE,50000000,12208,12208,11785,11785,11785,2616,2616,2616,0,0,0,2.02222e+06,1693342,2391182,41.4935,35.4633,57.3087
428,6420,6434,15,PACKAGE_SCENE,50000000,12208,12208,11785,11785,11785,2616,2616,2616,0,0,0,2.04062e+06,1706167,2409869,36.7063,35.1692,42.9031
429,6435,6449,15,PACKAGE_SCENE,50000000,12208,12208,11785,11785,11785,2616,2616,2616,0,0,0,1.90273e+06,1710275,2180856,40.4799,29.9364,49.3492
430,6450,6464,15,PACKAGE_SCENE,50000000,12208,12208,11785,11785,11785,2616,2616,2616,0,0,0,2.09808e+06,1769361,2401655,37.8856,33.6283,51.9854
431,6465,6479,15,PACKAGE_SCENE,50000000,12208,12208,11785,11785,11785,2616,2616,2616,0,0,0,1.99528e+06,1670626,2371097,39.3986,35.4743,46.8845
432,6480,6494,15,PACKAGE_SCENE,50000000,12208,12208,11785,11785,11785,2616,2616,2616,0,0,0,1.9534e+06,1654795,2296676,37.6872,35.2065,44.4676
433,6495,6509,15,PACKAGE_SCENE,50000000,12208,12208,11785,11785,11785,2616,2616,2616,0,0,0,2.00621e+06,1695489,2515535,40.2167,35.4817,55.321
434,6510,6524,15,PACKAGE_SCENE,50000000,12208,12208,11785,11785,11785,2616,2616,2616,0,0,0,2.02502e+06,1813991,2441243,39.5138,35.5074,49.1481
435,6525,6534,10,PACKAGE_SCENE,50000000,12208,12208,11785,11785,11785,2616,2616,2616,0,0,0,2.00857e+06,1818402,2183954,40.1093,35.3836,55.6462
