batch_index,first_frame,last_frame,frames,scene_type,sphere_count,total_blocks,pool_slots,avg_numVisible,min_numVisible,max_numVisible,avg_numFiltered,min_numFiltered,max_numFiltered,avg_numRequests,min_numRequests,max_numRequests,avg_activeCount,min_activeCount,max_activeCount,avg_frame_ms,min_frame_ms,max_frame_ms
0,0,14,15,PACKAGE_SCENE,500000000,122071,32768,5247.27,2903,6371,744.267,370,988,492.333,130,738,21398.1,0,66790,376.595,92.1408,1079.27
1,15,29,15,PACKAGE_SCENE,500000000,122071,32768,4407.47,2370,5868,1196.4,525,1783,361.733,95,884,445625,3917,1070850,1344.22,74.5619,8149.9
2,30,44,15,PACKAGE_SCENE,500000000,122071,32768,3122.93,2401,4054,1252.87,991,1534,18.8667,8,37,755815,447648,1123117,33.8646,26.2159,41.8147
3,45,59,15,PACKAGE_SCENE,500000000,122071,32768,2463.93,1392,4525,1312.73,935,1680,41,2,232,969888,649292,1196676,52.1094,26.1116,174.752
4,60,74,15,PACKAGE_SCENE,500000000,122071,32768,2566.6,2200,2786,1659.67,1470,1843,7.46667,2,15,1.476e+06,1155916,2072209,36.7538,27.2738,47.9556
5,75,89,15,PACKAGE_SCENE,500000000,122071,32768,2744.67,2699,2809,1744.47,1662,1837,6.06667,1,12,1.5364e+06,1051369,2331700,37.4279,28.4782,46.4701
6,90,104,15,PACKAGE_SCENE,500000000,122071,32768,2641.8,2343,2794,1694.27,1542,1771,2.86667,0,6,1.37158e+06,824002,1989039,37.1595,27.6007,52.8591
7,105,119,15,PACKAGE_SCENE,500000000,122071,32768,1791.47,1362,2275,1190.07,932,1496,0.933333,0,6,1.16671e+06,822743,1534464,32.0054,25.2724,45.8236
8,120,134,15,PACKAGE_SCENE,500000000,122071,32768,1705.93,900,3237,1170.73,741,2011,33.6667,0,157,942799,441833,1452321,44.7541,24.7943,103.535
9,135,149,15,PACKAGE_SCENE,500000000,122071,32768,1325.67,1071,1582,1078.2,870,1267,0.533333,0,2,1.03307e+06,748335,1285382,30.4969,25.6374,35.6044
10,150,164,15,PACKAGE_SCENE,500000000,122071,32768,1732.93,1620,1777,1376.4,1297,1419,0.533333,0,2,1.24476e+06,946073,1415532,33.3894,26.5578,43.4061
11,165,179,15,PACKAGE_SCENE,500000000,122071,32768,1754.67,1724,1790,1379.13,1355,1410,1.6,0,7,1.21244e+06,922285,1689742,34.1446,26.5127,42.7448
12,180,194,15,PACKAGE_SCENE,500000000,122071,32768,1609.93,1373,1757,1267.93,1094,1375,0.866667,0,4,1.19734e+06,738869,1716966,33.0868,26.3486,44.4403
13,195,209,15,PACKAGE_SCENE,500000000,122071,32768,1102.87,901,1319,883.4,721,1056,1.8,0,25,825483,456594,1088504,28.7989,25.1387,35.8297
14,210,224,15,PACKAGE_SCENE,500000000,122071,32768,2464.47,1483,3517,1620.27,1151,2306,76.9333,0,379,1.09424e+06,763530,1656629,71.0122,29.12,253.448
15,225,239,15,PACKAGE_SCENE,500000000,122071,32768,3269.6,2898,3387,2056.73,1908,2248,12.0667,0,39,1.48242e+06,1179738,1950217,40.7164,29.2938,97.3052
16,240,254,15,PACKAGE_SCENE,500000000,122071,32768,3363.07,3253,3416,2099.2,2031,2241,13.3333,2,34,1.43642e+06,1142823,1674116,37.6602,29.0563,47.1944
17,255,269,15,PACKAGE_SCENE,500000000,122071,32768,2965.6,2448,3388,1900,1614,2140,12,1,32,1.38114e+06,1095602,1781239,34.7741,27.2948,45.8703
18,270,284,15,PACKAGE_SCENE,500000000,122071,32768,2338.13,1755,4071,1455.87,1154,1991,10.3333,0,57,1.0888e+06,669644,1460134,34.5928,26.0573,62.401
19,285,299,15,PACKAGE_SCENE,500000000,122071,32768,3058.93,2225,4202,1316.47,945,1932,16.8667,3,59,880605,464754,1227607,39.0609,28.0098,69.9365
20,300,314,15,PACKAGE_SCENE,500000000,122071,32768,3944.8,3215,4437,1619.8,1386,1823,4.26667,2,9,1.24417e+06,1093096,1532214,35.5077,28.0411,46.2355
21,315,329,15,PACKAGE_SCENE,500000000,122071,32768,4406.2,4381,4429,1791.33,1766,1813,10.4,1,19,1.21722e+06,977475,1718940,33.9282,28.204,45.0596
22,330,344,15,PACKAGE_SCENE,500000000,122071,32768,4422.33,4333,4484,1801.07,1741,1845,4.8,0,9,1.27779e+06,1094162,1546373,35.8897,27.9054,46.2849
23,345,359,15,PACKAGE_SCENE,500000000,122071,32768,3497.2,2729,4280,1485.13,1177,1738,2.26667,0,7,1.09637e+06,733580,1434356,34.7585,26.3642,41.4729
24,360,374,15,PACKAGE_SCENE,500000000,122071,32768,3550.93,2209,4854,1353.6,924,1783,344.333,0,1161,706899,49969,994207,179.219,26.1502,554.559
25,375,389,15,PACKAGE_SCENE,500000000,122071,32768,4263,4243,4450,1423.2,1418,1474,28.8,0,204,1.19769e+06,1005683,1580443,48.5751,27.7861,134.001
26,390,404,15,PACKAGE_SCENE,500000000,122071,32768,4243,4243,4243,1418,1418,1418,0,0,0,1.16857e+06,675627,2029866,34.4362,27.3805,40.203
27,405,419,15,PACKAGE_SCENE,500000000,122071,32768,4243,4243,4243,1418,1418,1418,0,0,0,1.29158e+06,665097,1895013,34.8194,27.5386,42.2334
28,420,434,15,PACKAGE_SCENE,500000000,122071,32768,4243,4243,4243,1418,1418,1418,0,0,0,1.20893e+06,607835,1593565,35.5309,27.3764,43.5198
29,435,449,15,PACKAGE_SCENE,500000000,122071,32768,4243,4243,4243,1418,1418,1418,0,0,0,1.28212e+06,587999,1749914,35.2136,27.3114,48.1627
30,450,464,15,PACKAGE_SCENE,500000000,122071,32768,4243,4243,4243,1418,1418,1418,0,0,0,1.28201e+06,685691,1884296,33.7732,27.2786,43.4415
31,465,479,15,PACKAGE_SCENE,500000000,122071,32768,4243,4243,4243,1418,1418,1418,0,0,0,1.27766e+06,578682,1821686,35.6102,27.6849,42.2134
32,480,494,15,PACKAGE_SCENE,500000000,122071,32768,4243,4243,4243,1418,1418,1418,0,0,0,1.24024e+06,704621,1600550,35.554,27.4616,43.442
33,495,509,15,PACKAGE_SCENE,500000000,122071,32768,4243,4243,4243,1418,1418,1418,0,0,0,1.18978e+06,814056,1745873,36.7758,27.2132,57.2416
34,510,524,15,PACKAGE_SCENE,500000000,122071,32768,4243,4243,4243,1418,1418,1418,0,0,0,1.1382e+06,761290,1432508,34.584,27.2182,45.4683
35,525,539,15,PACKAGE_SCENE,500000000,122071,32768,4243,4243,4243,1418,1418,1418,0,0,0,1.39813e+06,1051585,1817598,34.6435,27.4277,42.13
36,540,554,15,PACKAGE_SCENE,500000000,122071,32768,4243,4243,4243,1418,1418,1418,0,0,0,1.20779e+06,569338,1498968,33.9982,27.4886,39.6441
37,555,569,15,PACKAGE_SCENE,500000000,122071,32768,4243,4243,4243,1418,1418,1418,0,0,0,1.37365e+06,948911,1731689,32.3224,27.4774,36.6898
38,570,584,15,PACKAGE_SCENE,500000000,122071,32768,4243,4243,4243,1418,1418,1418,0,0,0,1.36855e+06,873588,1905909,37.1782,27.4899,45.8056
39,585,599,15,PACKAGE_SCENE,500000000,122071,32768,4243,4243,4243,1418,1418,1418,0,0,0,1.17738e+06,502319,1790277,34.1377,27.3444,42.1915
40,600,614,15,PACKAGE_SCENE,500000000,122071,32768,4243,4243,4243,1418,1418,1418,0,0,0,1.32177e+06,1021367,1656832,32.8469,27.4314,36.7673
41,615,629,15,PACKAGE_SCENE,500000000,122071,32768,4243,4243,4243,1418,1418,1418,0,0,0,1.25499e+06,559466,1926197,35.1778,27.5487,40.2467
42,630,644,15,PACKAGE_SCENE,500000000,122071,32768,4243,4243,4243,1418,1418,1418,0,0,0,1.13969e+06,570210,1797284,33.7092,27.57,45.9934
43,645,659,15,PACKAGE_SCENE,500000000,122071,32768,4243,4243,4243,1418,1418,1418,0,0,0,1.3233e+06,596478,2105318,35.4161,27.9534,37.8654
44,660,674,15,PACKAGE_SCENE,500000000,122071,32768,4243,4243,4243,1418,1418,1418,0,0,0,1.30406e+06,656186,2008510,33.6883,27.4239,37.0083
45,675,689,15,PACKAGE_SCENE,500000000,122071,32768,4243,4243,4243,1418,1418,1418,0,0,0,1.25737e+06,679051,2041284,36.1644,27.325,47.4197
46,690,704,15,PACKAGE_SCENE,500000000,122071,32768,4243,4243,4243,1418,1418,1418,0,0,0,1.20774e+06,518272,1676839,35.4243,27.4702,45.592
47,705,719,15,PACKAGE_SCENE,500000000,122071,32768,4243,4243,4243,1418,1418,1418,0,0,0,1.38416e+06,862808,1956416,36.6599,31.445,43.5542
48,720,734,15,PACKAGE_SCENE,500000000,122071,32768,4243,4243,4243,1418,1418,1418,0,0,0,1.15608e+06,665329,1998516,35.491,27.3443,43.7122
49,735,749,15,PACKAGE_SCENE,500000000,122071,32768,4243,4243,4243,1418,1418,1418,0,0,0,1.39872e+06,806936,2037125,33.0269,27.4024,36.9551
50,750,764,15,PACKAGE_SCENE,500000000,122071,32768,4243,4243,4243,1418,1418,1418,0,0,0,1.15788e+06,554077,1672786,37.1573,27.6639,49.0803
51,765,779,15,PACKAGE_SCENE,500000000,122071,32768,4243,4243,4243,1418,1418,1418,0,0,0,1.32857e+06,897498,1884841,33.9942,27.4443,43.7188
52,780,794,15,PACKAGE_SCENE,500000000,122071,32768,4243,4243,4243,1418,1418,1418,0,0,0,1.35237e+06,550612,2003910,36.1165,31.3848,40.9289
53,795,809,15,PACKAGE_SCENE,500000000,122071,32768,4243,4243,4243,1418,1418,1418,0,0,0,1.25382e+06,723216,1645692,35.7042,27.4288,43.1879
54,810,824,15,PACKAGE_SCENE,500000000,122071,32768,4243,4243,4243,1418,1418,1418,0,0,0,1.26854e+06,595797,2027003,36.2496,27.8258,45.8223
55,825,839,15,PACKAGE_SCENE,500000000,122071,32768,4243,4243,4243,1418,1418,1418,0,0,0,1.21986e+06,574500,1803902,37.1581,27.9619,47.3732
56,840,854,15,PACKAGE_SCENE,500000000,122071,32768,4243,4243,4243,1418,1418,1418,0,0,0,1.28668e+06,798470,1845974,34.7578,27.4734,43.6011
57,855,869,15,PACKAGE_SCENE,500000000,122071,32768,4243,4243,4243,1418,1418,1418,0,0,0,1.39668e+06,944664,2145612,36.9149,27.4987,45.6063
58,870,884,15,PACKAGE_SCENE,500000000,122071,32768,4243,4243,4243,1418,1418,1418,0,0,0,1.31289e+06,936547,1732867,36.845,34.6599,41.887
59,885,899,15,PACKAGE_SCENE,500000000,122071,32768,4243,4243,4243,1418,1418,1418,0,0,0,1.44347e+06,1091193,1990900,35.6008,27.523,37.2464
60,900,914,15,PACKAGE_SCENE,500000000,122071,32768,4243,4243,4243,1418,1418,1418,0,0,0,1.45707e+06,934700,1853179,35.6168,27.631,46.0576
61,915,929,15,PACKAGE_SCENE,500000000,122071,32768,4243,4243,4243,1418,1418,1418,0,0,0,1.32703e+06,958039,1785930,35.2665,27.4752,46.0566
62,930,944,15,PACKAGE_SCENE,500000000,122071,32768,4243,4243,4243,1418,1418,1418,0,0,0,1.4518e+06,1008930,2230978,34.9726,27.2934,46.0683
63,945,959,15,PACKAGE_SCENE,500000000,122071,32768,4243,4243,4243,1418,1418,1418,0,0,0,1.27194e+06,874703,2213083,34.4133,27.4737,40.1439
64,960,974,15,PACKAGE_SCENE,500000000,122071,32768,4243,4243,4243,1418,1418,1418,0,0,0,1.21373e+06,803270,1604196,34.5136,27.2415,42.0161
65,975,989,15,PACKAGE_SCENE,500000000,122071,32768,4243,4243,4243,1418,1418,1418,0,0,0,1.38166e+06,504103,2108662,33.6945,27.3455,44.2631
66,990,1004,15,PACKAGE_SCENE,500000000,122071,32768,4243,4243,4243,1418,1418,1418,0,0,0,1.08126e+06,584051,1548670,35.6038,32.652,40.0892
67,1005,1019,15,PACKAGE_SCENE,500000000,122071,32768,4243,4243,4243,1418,1418,1418,0,0,0,1.19837e+06,524023,2141493,34.9889,27.3492,38.3668
68,1020,1034,15,PACKAGE_SCENE,500000000,122071,32768,4243,4243,4243,1418,1418,1418,0,0,0,1.44917e+06,605989,2158178,35.9869,32.8058,41.9224
69,1035,1049,15,PACKAGE_SCENE,500000000,122071,32768,4243,4243,4243,1418,1418,1418,0,0,0,1.31084e+06,561660,1883541,34.2905,27.3233,40.7634
70,1050,1064,15,PACKAGE_SCENE,500000000,122071,32768,4243,4243,4243,1418,1418,1418,0,0,0,1.23035e+06,677571,1802635,37.158,27.4275,46.1514
71,1065,1079,15,PACKAGE_SCENE,500000000,122071,32768,4243,4243,4243,1418,1418,1418,0,0,0,1.29565e+06,560197,1747068,33.7415,27.4501,37.7193
72,1080,1094,15,PACKAGE_SCENE,500000000,122071,32768,4243,4243,4243,1418,1418,1418,0,0,0,1.47585e+06,774720,2074153,33.2881,27.6092,42.0871
73,1095,1109,15,PACKAGE_SCENE,500000000,122071,32768,4243,4243,4243,1418,1418,1418,0,0,0,1.29072e+06,601618,1831363,36.3283,27.8339,46.0104
74,1110,1124,15,PACKAGE_SCENE,500000000,122071,32768,4243,4243,4243,1418,1418,1418,0,0,0,1.25925e+06,631496,1780211,35.842,27.3405,45.9601
75,1125,1139,15,PACKAGE_SCENE,500000000,122071,32768,4243,4243,4243,1418,1418,1418,0,0,0,1.30668e+06,737099,1809834,36.1416,27.6554,43.4346
76,1140,1154,15,PACKAGE_SCENE,500000000,122071,32768,4243,4243,4243,1418,1418,1418,0,0,0,1.32034e+06,549322,2063142,34.5056,27.7458,45.87
77,1155,1169,15,PACKAGE_SCENE,500000000,122071,32768,4243,4243,4243,1418,1418,1418,0,0,0,1.20899e+06,566549,2376072,36.1924,27.7462,48.0914
78,1170,1184,15,PACKAGE_SCENE,500000000,122071,32768,4243,4243,4243,1418,1418,1418,0,0,0,1.28228e+06,702089,1779280,36.2163,28.0897,45.8334
79,1185,1199,15,PACKAGE_SCENE,500000000,122071,32768,4243,4243,4243,1418,1418,1418,0,0,0,1.23362e+06,573974,1810674,32.7089,27.4045,38.5003
80,1200,1214,15,PACKAGE_SCENE,500000000,122071,32768,4243,4243,4243,1418,1418,1418,0,0,0,1.36454e+06,957880,1952508,36.2908,27.6992,46.0282
81,1215,1229,15,PACKAGE_SCENE,500000000,122071,32768,4243,4243,4243,1418,1418,1418,0,0,0,1.16289e+06,639482,1588304,34.0176,27.4336,37.2083
82,1230,1244,15,PACKAGE_SCENE,500000000,122071,32768,4243,4243,4243,1418,1418,1418,0,0,0,1.37759e+06,799463,1910483,36.5467,33.1032,43.2435
83,1245,1259,15,PACKAGE_SCENE,500000000,122071,32768,4243,4243,4243,1418,1418,1418,0,0,0,1.32254e+06,648638,2015483,34.546,27.6468,36.9604
84,1260,1274,15,PACKAGE_SCENE,500000000,122071,32768,4243,4243,4243,1418,1418,1418,0,0,0,1.17332e+06,518370,1565860,35.5407,27.1856,37.7168
85,1275,1289,15,PACKAGE_SCENE,500000000,122071,32768,4243,4243,4243,1418,1418,1418,0,0,0,1.37653e+06,788141,1919116,36.4228,32.9081,46.1445
86,1290,1304,15,PACKAGE_SCENE,500000000,122071,32768,4243,4243,4243,1418,1418,1418,0,0,0,1.26809e+06,862696,1631099,35.1434,27.6726,43.4614
87,1305,1319,15,PACKAGE_SCENE,500000000,122071,32768,4243,4243,4243,1418,1418,1418,0,0,0,1.44105e+06,706220,1905838,35.9593,27.404,46.0328
88,1320,1334,15,PACKAGE_SCENE,500000000,122071,32768,4243,4243,4243,1418,1418,1418,0,0,0,1.36978e+06,704312,1770323,35.38,27.6494,43.2436
89,1335,1349,15,PACKAGE_SCENE,500000000,122071,32768,4243,4243,4243,1418,1418,1418,0,0,0,1.40701e+06,1088603,1951170,35.2197,27.4935,45.9729
90,1350,1364,15,PACKAGE_SCENE,500000000,122071,32768,4243,4243,4243,1418,1418,1418,0,0,0,1.18711e+06,574617,2111074,35.0467,27.5794,37.3027
91,1365,1379,15,PACKAGE_SCENE,500000000,122071,32768,4243,4243,4243,1418,1418,1418,0,0,0,1.33326e+06,876477,2044179,34.5228,27.3546,43.3926
92,1380,1394,15,PACKAGE_SCENE,500000000,122071,32768,4243,4243,4243,1418,1418,1418,0,0,0,1.37625e+06,1005579,1968647,34.6426,27.4455,43.6246
93,1395,1409,15,PACKAGE_SCENE,500000000,122071,32768,4243,4243,4243,1418,1418,1418,0,0,0,1.30224e+06,576150,2162146,35.1828,27.5688,42.1096
94,1410,1424,15,PACKAGE_SCENE,500000000,122071,32768,4243,4243,4243,1418,1418,1418,0,0,0,1.20912e+06,612532,1641871,34.2675,27.3546,42.5297
95,1425,1439,15,PACKAGE_SCENE,500000000,122071,32768,4243,4243,4243,1418,1418,1418,0,0,0,1.28026e+06,569622,1801274,33.933,27.4411,37.9476
96,1440,1454,15,PACKAGE_SCENE,500000000,122071,32768,4243,4243,4243,1418,1418,1418,0,0,0,1.4353e+06,797708,1831811,35.5391,27.5507,42.2751
97,1455,1469,15,PACKAGE_SCENE,500000000,122071,32768,4243,4243,4243,1418,1418,1418,0,0,0,1.2141e+06,487063,1810591,33.6838,27.2786,45.8452
98,1470,1484,15,PACKAGE_SCENE,500000000,122071,32768,4243,4243,4243,1418,1418,1418,0,0,0,1.27358e+06,668347,1717257,33.6578,27.5984,41.961
99,1485,1499,15,PACKAGE_SCENE,500000000,122071,32768,4243,4243,4243,1418,1418,1418,0,0,0,1.34941e+06,824943,2013768,35.3473,27.6715,43.546
100,1500,1514,15,PACKAGE_SCENE,500000000,122071,32768,4243,4243,4243,1418,1418,1418,0,0,0,1.22489e+06,797436,2017966,35.6893,27.4419,51.8313
101,1515,1529,15,PACKAGE_SCENE,500000000,122071,32768,4243,4243,4243,1418,1418,1418,0,0,0,1.34837e+06,1027444,2201953,34.143,27.4118,39.9856
102,1530,1544,15,PACKAGE_SCENE,500000000,122071,32768,4243,4243,4243,1418,1418,1418,0,0,0,1.33744e+06,1006303,1793029,35.7541,27.3853,43.5014
103,1545,1559,15,PACKAGE_SCENE,500000000,122071,32768,4243,4243,4243,1418,1418,1418,0,0,0,1.34028e+06,852188,2033607,33.8891,27.5437,36.9722
104,1560,1574,15,PACKAGE_SCENE,500000000,122071,32768,4243,4243,4243,1418,1418,1418,0,0,0,1.31974e+06,1022701,1939175,33.0776,27.3354,37.0118
105,1575,1589,15,PACKAGE_SCENE,500000000,122071,32768,4243,4243,4243,1418,1418,1418,0,0,0,1.28221e+06,819035,1801437,34.8957,27.4316,45.8208
106,1590,1604,15,PACKAGE_SCENE,500000000,122071,32768,4243,4243,4243,1418,1418,1418,0,0,0,1.45899e+06,1053426,2032669,34.4233,27.578,38.2009
107,1605,1619,15,PACKAGE_SCENE,500000000,122071,32768,4243,4243,4243,1418,1418,1418,0,0,0,1.29624e+06,829190,2116865,37.7201,27.5868,48.819
108,1620,1634,15,PACKAGE_SCENE,500000000,122071,32768,4243,4243,4243,1418,1418,1418,0,0,0,1.36104e+06,567459,1936045,34.2396,27.5904,40.2375
109,1635,1649,15,PACKAGE_SCENE,500000000,122071,32768,4243,4243,4243,1418,1418,1418,0,0,0,1.36098e+06,648036,1903611,35.6822,33.0122,37.0644
110,1650,1664,15,PACKAGE_SCENE,500000000,122071,32768,4243,4243,4243,1418,1418,1418,0,0,0,1.32893e+06,642971,1815333,35.8253,27.8078,43.4969
111,1665,1679,15,PACKAGE_SCENE,500000000,122071,32768,4243,4243,4243,1418,1418,1418,0,0,0,1.29886e+06,944152,1643780,38.2056,31.2891,46.8302
112,1680,1694,15,PACKAGE_SCENE,500000000,122071,32768,4243,4243,4243,1418,1418,1418,0,0,0,1.34316e+06,875151,1821263,37.4479,27.6076,46.2781
113,1695,1709,15,PACKAGE_SCENE,500000000,122071,32768,4243,4243,4243,1418,1418,1418,0,0,0,1.41186e+06,699138,1908693,35.2802,27.5567,42.3543
114,1710,1724,15,PACKAGE_SCENE,500000000,122071,32768,4243,4243,4243,1418,1418,1418,0,0,0,1.4336e+06,829693,1992879,35.7316,27.5451,46.0111
115,1725,1739,15,PACKAGE_SCENE,500000000,122071,32768,4243,4243,4243,1418,1418,1418,0,0,0,1.41759e+06,935955,2073443,36.1574,27.5391,45.9976
116,1740,1754,15,PACKAGE_SCENE,500000000,122071,32768,4243,4243,4243,1418,1418,1418,0,0,0,1.28752e+06,713501,1877548,36.4423,28.0169,45.9772
117,1755,1769,15,PACKAGE_SCENE,500000000,122071,32768,4243,4243,4243,1418,1418,1418,0,0,0,1.2286e+06,692432,1935772,35.9047,27.9656,43.4423
118,1770,1784,15,PACKAGE_SCENE,500000000,122071,32768,4243,4243,4243,1418,1418,1418,0,0,0,1.22861e+06,748232,1685782,41.8842,28.315,103.735
119,1785,1799,15,PACKAGE_SCENE,500000000,122071,32768,4243,4243,4243,1418,1418,1418,0,0,0,1.23398e+06,673299,1870672,36.393,27.9334,37.396
120,1800,1814,15,PACKAGE_SCENE,500000000,122071,32768,4243,4243,4243,1418,1418,1418,0,0,0,1.38882e+06,787016,1940413,37.3296,28.7638,47.9567
121,1815,1829,15,PACKAGE_SCENE,500000000,122071,32768,4243,4243,4243,1418,1418,1418,0,0,0,1.26999e+06,684501,2127262,35.6715,27.416,46.321
122,1830,1844,15,PACKAGE_SCENE,500000000,122071,32768,4243,4243,4243,1418,1418,1418,0,0,0,1.29517e+06,888601,1913173,35.1481,27.4294,42.0255
123,1845,1859,15,PACKAGE_SCENE,500000000,122071,32768,4243,4243,4243,1418,1418,1418,0,0,0,1.28297e+06,578527,1723745,35.6347,27.6257,46.0109
124,1860,1874,15,PACKAGE_SCENE,500000000,122071,32768,9871.2,4243,24020,1664.73,1418,2281,29.4,0,299,1.31029e+06,563662,1859898,51.5717,27.7249,232.537
125,1875,1889,15,PACKAGE_SCENE,500000000,122071,32768,24020,24020,24020,2268,2268,2268,0,0,0,1.17301e+06,798038,1524639,42.9065,38.2465,53.3318
126,1890,1904,15,PACKAGE_SCENE,500000000,122071,32768,24020,24020,24020,2262.13,2234,2268,0.6,0,5,1.08051e+06,480734,1584445,39.7969,34.564,47.8369
127,1905,1919,15,PACKAGE_SCENE,500000000,122071,32768,24020,24020,24020,2268,2268,2268,0,0,0,1.2686e+06,561888,1789904,39.9996,36.2229,45.7239
128,1920,1934,15,PACKAGE_SCENE,500000000,122071,32768,24020,24020,24020,2268,2268,2268,0,0,0,1.14413e+06,583428,1651018,40.5041,29.6925,57.08
129,1935,1949,15,PACKAGE_SCENE,500000000,122071,32768,24020,24020,24020,2268,2268,2268,0,0,0,1.30372e+06,905835,1567210,41.2097,36.9554,46.463
130,1950,1964,15,PACKAGE_SCENE,500000000,122071,32768,24020,24020,24020,2268,2268,2268,0,0,0,1.2196e+06,655127,1568517,39.8992,29.442,47.7478
131,1965,1979,15,PACKAGE_SCENE,500000000,122071,32768,24020,24020,24020,2268,2268,2268,0,0,0,1.16305e+06,663188,1590864,41.9658,37.2115,52.875
132,1980,1994,15,PACKAGE_SCENE,500000000,122071,32768,24020,24020,24020,2268,2268,2268,0,0,0,1.24149e+06,596747,1884018,41.9893,29.5288,60.3588
133,1995,2009,15,PACKAGE_SCENE,500000000,122071,32768,24020,24020,24020,2268,2268,2268,0,0,0,1.24294e+06,664488,1757806,42.6541,37.0879,53.5102
134,2010,2024,15,PACKAGE_SCENE,500000000,122071,32768,24020,24020,24020,2268,2268,2268,0,0,0,1.16773e+06,631874,1560982,42.3698,31.0986,55.3337
135,2025,2039,15,PACKAGE_SCENE,500000000,122071,32768,24020,24020,24020,2268,2268,2268,0,0,0,1.33548e+06,666871,1788645,41.763,30.5303,52.1281
136,2040,2054,15,PACKAGE_SCENE,500000000,122071,32768,24020,24020,24020,2268,2268,2268,0,0,0,1.42728e+06,965573,1764344,41.4222,38.3843,46.6407
137,2055,2069,15,PACKAGE_SCENE,500000000,122071,32768,24020,24020,24020,2268,2268,2268,0,0,0,1.20414e+06,493437,1804236,42.7381,37.2273,56.2669
138,2070,2084,15,PACKAGE_SCENE,500000000,122071,32768,24020,24020,24020,2268,2268,2268,0,0,0,1.16982e+06,520679,1653576,43.5675,37.2316,52.3783
139,2085,2099,15,PACKAGE_SCENE,500000000,122071,32768,24020,24020,24020,2268,2268,2268,0,0,0,1.2032e+06,616857,1720066,40.6817,36.1559,47.9791
140,2100,2114,15,PACKAGE_SCENE,500000000,122071,32768,24020,24020,24020,2268,2268,2268,0,0,0,1.28245e+06,990126,1744773,43.0412,36.8076,55.4263
141,2115,2129,15,PACKAGE_SCENE,500000000,122071,32768,24020,24020,24020,2268,2268,2268,0,0,0,1.27264e+06,842377,1743667,51.1905,30.5081,171.237
142,2130,2144,15,PACKAGE_SCENE,500000000,122071,32768,25984.7,23125,29081,2422.2,2268,2648,36.7333,0,388,1.45702e+06,947458,1869701,65.0248,35.5728,303.16
143,2145,2159,15,PACKAGE_SCENE,500000000,122071,32768,32014.7,5120,69445,2760.67,1228,5424,424,16,1378,1.14339e+06,535875,2367095,308.958,30.7633,917.031
144,2160,2174,15,PACKAGE_SCENE,500000000,122071,32768,44391.3,19204,86637,3669,1714,6208,243.067,0,697,1.53676e+06,482680,3110000,203.163,40.0302,546.608
145,2175,2189,15,PACKAGE_SCENE,500000000,122071,32768,36182,36182,36182,3219,3219,3219,0,0,0,1.26808e+06,909488,1826105,44.8305,42.0367,51.0522
146,2190,2204,15,PACKAGE_SCENE,500000000,122071,32768,36182,36182,36182,3219,3219,3219,0,0,0,1.36652e+06,777386,1893234,48.0552,42.1238,64.1731
147,2205,2219,15,PACKAGE_SCENE,500000000,122071,32768,36182,36182,36182,3219,3219,3219,0,0,0,1.45349e+06,1012464,1927216,47.9123,41.9121,58.4498
148,2220,2234,15,PACKAGE_SCENE,500000000,122071,32768,36182,36182,36182,3219,3219,3219,0,0,0,1.36859e+06,923118,1984209,46.7487,42.3337,53.3741
149,2235,2249,15,PACKAGE_SCENE,500000000,122071,32768,36182,36182,36182,3219.6,3219,3227,0,0,0,1.32559e+06,874266,1757011,46.2528,40.7385,51.6418
150,2250,2264,15,PACKAGE_SCENE,500000000,122071,32768,36182,36182,36182,3306.33,3239,3406,0.0666667,0,1,1.36643e+06,819356,2219682,51.3866,39.9461,65.9714
151,2265,2279,15,PACKAGE_SCENE,500000000,122071,32768,36182,36182,36182,3595,3432,3792,0.333333,0,1,1.40938e+06,887632,2228758,48.1124,35.7616,59.666
152,2280,2294,15,PACKAGE_SCENE,500000000,122071,32768,36182,36182,36182,3628.53,3566,3792,0,0,0,1.48959e+06,891295,2118668,48.659,42.8085,59.6819
153,2295,2309,15,PACKAGE_SCENE,500000000,122071,32768,36182,36182,36182,3796.67,3716,3813,0,0,0,1.32571e+06,746958,1747485,49.9162,43.6574,59.6701
154,2310,2324,15,PACKAGE_SCENE,500000000,122071,32768,36182,36182,36182,3836.4,3813,3840,0.0666667,0,1,1.45311e+06,869430,1826522,51.728,43.4613,61.9313
155,2325,2339,15,PACKAGE_SCENE,500000000,122071,32768,36182,36182,36182,3840,3840,3840,0,0,0,1.56354e+06,1137184,1777068,52.0006,43.653,62.1193
156,2340,2354,15,PACKAGE_SCENE,500000000,122071,32768,36182,36182,36182,3840,3840,3840,0,0,0,1.48531e+06,1049991,2307593,51.076,43.2572,67.3745
157,2355,2369,15,PACKAGE_SCENE,500000000,122071,32768,36182,36182,36182,3840,3840,3840,0,0,0,1.41552e+06,844085,2082354,49.8507,43.5917,62.0774
158,2370,2384,15,PACKAGE_SCENE,500000000,122071,32768,36182,36182,36182,3840,3840,3840,0,0,0,1.4491e+06,910916,2152447,50.6147,43.2704,60.7781
159,2385,2399,15,PACKAGE_SCENE,500000000,122071,32768,36182,36182,36182,3840,3840,3840,0,0,0,1.46973e+06,762766,2220852,52.4536,43.4308,61.996
160,2400,2414,15,PACKAGE_SCENE,500000000,122071,32768,36182,36182,36182,3840,3840,3840,0,0,0,1.43001e+06,988513,2019603,73.2917,43.9593,344.361
161,2415,2429,15,PACKAGE_SCENE,500000000,122071,32768,36182,36182,36182,3840,3840,3840,0,0,0,1.56535e+06,1075219,2303224,889.577,44.003,12483.6
162,2430,2444,15,PACKAGE_SCENE,500000000,122071,32768,36182,36182,36182,3840,3840,3840,0,0,0,1.29206e+06,785505,2082604,482.71,43.73,6469.04
163,2445,2459,15,PACKAGE_SCENE,500000000,122071,32768,36182,36182,36182,3840,3840,3840,0,0,0,1.59578e+06,912905,2302440,337.366,43.7927,4348.37
164,2460,2474,15,PACKAGE_SCENE,500000000,122071,32768,36182,36182,36182,3840,3840,3840,0,0,0,1.66589e+06,1114371,2492509,54.0293,44.448,66.4915
165,2475,2489,15,PACKAGE_SCENE,500000000,122071,32768,36182,36182,36182,3840,3840,3840,0,0,0,1.72923e+06,1022774,2384183,266.189,43.7521,3278.1
166,2490,2504,15,PACKAGE_SCENE,500000000,122071,32768,36182,36182,36182,3840,3840,3840,0,0,0,1.69568e+06,1101653,2519510,264.427,41.8621,3203.4
167,2505,2519,15,PACKAGE_SCENE,500000000,122071,32768,36182,36182,36182,3840,3840,3840,0,0,0,1.5096e+06,823913,2246157,222.253,43.8769,2615.93
168,2520,2534,15,PACKAGE_SCENE,500000000,122071,32768,36182,36182,36182,3840,3840,3840,0,0,0,1.55739e+06,1204149,2018475,249.31,44.1095,2932.5
169,2535,2549,15,PACKAGE_SCENE,500000000,122071,32768,36182,36182,36182,3840,3840,3840,0,0,0,1.27653e+06,765829,1885403,162.632,43.6322,1737.18
170,2550,2564,15,PACKAGE_SCENE,500000000,122071,32768,36182,36182,36182,3840,3840,3840,0,0,0,1.6248e+06,989507,2261630,51.9489,43.7406,70.2043
171,2565,2579,15,PACKAGE_SCENE,500000000,122071,32768,36182,36182,36182,3840,3840,3840,0,0,0,1.61444e+06,1183035,2058527,167.916,43.8575,1753.42
172,2580,2594,15,PACKAGE_SCENE,500000000,122071,32768,36182,36182,36182,3840,3840,3840,0,0,0,1.57016e+06,887516,2698723,178.444,43.6879,1940.79
173,2595,2609,15,PACKAGE_SCENE,500000000,122071,32768,36182,36182,36182,3840,3840,3840,0,0,0,1.73024e+06,876573,2521694,161.365,43.5935,1672.77
174,2610,2624,15,PACKAGE_SCENE,500000000,122071,32768,36182,36182,36182,3840,3840,3840,0,0,0,1.50634e+06,1074283,2199235,159.728,43.417,1649.21
175,2625,2639,15,PACKAGE_SCENE,500000000,122071,32768,36182,36182,36182,3840,3840,3840,0,0,0,1.60056e+06,860288,2225595,154.343,43.7813,1613.17
176,2640,2654,15,PACKAGE_SCENE,500000000,122071,32768,36182,36182,36182,3840,3840,3840,0,0,0,1.41693e+06,702088,1991431,52.4896,43.8452,67.5534
177,2655,2669,15,PACKAGE_SCENE,500000000,122071,32768,36182,36182,36182,3840,3840,3840,0,0,0,1.37164e+06,1032384,1802852,158.186,42.0784,1653.27
178,2670,2684,15,PACKAGE_SCENE,500000000,122071,32768,36182,36182,36182,3840,3840,3840,0,0,0,1.45643e+06,938377,2275256,156.42,43.93,1610.73
179,2685,2699,15,PACKAGE_SCENE,500000000,122071,32768,36182,36182,36182,3840,3840,3840,0,0,0,1.48094e+06,893720,2216803,165.269,43.7624,1722.05
180,2700,2714,15,PACKAGE_SCENE,500000000,122071,32768,36182,36182,36182,3840,3840,3840,0,0,0,1.45865e+06,1094369,1888729,155.793,43.5061,1600.85
181,2715,2729,15,PACKAGE_SCENE,500000000,122071,32768,36182,36182,36182,3840,3840,3840,0,0,0,1.45226e+06,904990,2515220,152.339,43.7517,1609.76
182,2730,2744,15,PACKAGE_SCENE,500000000,122071,32768,36182,36182,36182,3840,3840,3840,0,0,0,1.38444e+06,1004606,1739932,55.0011,43.7273,67.1161
183,2745,2759,15,PACKAGE_SCENE,500000000,122071,32768,36182,36182,36182,3840,3840,3840,0,0,0,1.40804e+06,962395,1972014,252.025,42.6743,3048.53
184,2760,2774,15,PACKAGE_SCENE,500000000,122071,32768,36182,36182,36182,3840,3840,3840,0,0,0,1.46114e+06,822059,2291901,194.786,43.9162,2167.75
185,2775,2789,15,PACKAGE_SCENE,500000000,122071,32768,36182,36182,36182,3840,3840,3840,0,0,0,1.64325e+06,1150692,2137713,182.755,43.6268,2016.26
186,2790,2804,15,PACKAGE_SCENE,500000000,122071,32768,36182,36182,36182,3840,3840,3840,0,0,0,1.72708e+06,1253893,2422847,171.572,41.5553,1893.24
187,2805,2819,15,PACKAGE_SCENE,500000000,122071,32768,36182,36182,36182,3840,3840,3840,0,0,0,1.56507e+06,1048185,2143182,181.093,43.7026,1994.6
188,2820,2834,15,PACKAGE_SCENE,500000000,122071,32768,36182,36182,36182,3840,3840,3840,0,0,0,1.71677e+06,1231509,2225040,50.1639,43.6426,71.1386
189,2835,2849,15,PACKAGE_SCENE,500000000,122071,32768,36182,36182,36182,3840,3840,3840,0,0,0,1.67394e+06,1062592,2401396,179.564,44.8708,1963.17
190,2850,2864,15,PACKAGE_SCENE,500000000,122071,32768,36182,36182,36182,3840,3840,3840,0,0,0,1.44437e+06,879953,2061746,179.593,43.7526,1978.43
191,2865,2879,15,PACKAGE_SCENE,500000000,122071,32768,36182,36182,36182,3840,3840,3840,0,0,0,1.49208e+06,966996,2086371,186.179,43.7174,2044.3
192,2880,2894,15,PACKAGE_SCENE,500000000,122071,32768,36182,36182,36182,3840,3840,3840,0,0,0,1.44811e+06,940388,2117612,159.748,43.8218,1685.03
193,2895,2909,15,PACKAGE_SCENE,500000000,122071,32768,36182,36182,36182,3840,3840,3840,0,0,0,1.77648e+06,889365,2804306,159.141,43.5217,1660.63
194,2910,2924,15,PACKAGE_SCENE,500000000,122071,32768,36182,36182,36182,3840,3840,3840,0,0,0,1.40456e+06,874588,2075572,51.5667,41.4577,66.6962
195,2925,2939,15,PACKAGE_SCENE,500000000,122071,32768,36182,36182,36182,3840,3840,3840,0,0,0,1.63208e+06,891608,2445682,162.545,42.0752,1674.23
196,2940,2954,15,PACKAGE_SCENE,500000000,122071,32768,36182,36182,36182,3840,3840,3840,0,0,0,1.48051e+06,916298,2233266,160.479,43.4855,1686.44
197,2955,2969,15,PACKAGE_SCENE,500000000,122071,32768,36182,36182,36182,3840,3840,3840,0,0,0,1.4592e+06,969226,2099841,161.977,43.772,1679.71
198,2970,2984,15,PACKAGE_SCENE,500000000,122071,32768,36182,36182,36182,3840,3840,3840,0,0,0,1.55164e+06,860476,2420980,155.789,43.7069,1628.32
199,2985,2999,15,PACKAGE_SCENE,500000000,122071,32768,36182,36182,36182,3840,3840,3840,0,0,0,1.59129e+06,1029918,2282436,159.223,44.486,1652.73
200,3000,3014,15,PACKAGE_SCENE,500000000,122071,32768,36182,36182,36182,3840,3840,3840,0,0,0,1.31054e+06,833288,1979701,53.2062,41.9981,69.1602
201,3015,3029,15,PACKAGE_SCENE,500000000,122071,32768,36182,36182,36182,3840,3840,3840,0,0,0,1.44001e+06,820643,2228103,159.112,42.6902,1654.27
202,3030,3044,15,PACKAGE_SCENE,500000000,122071,32768,36182,36182,36182,3840,3840,3840,0,0,0,1.3151e+06,1059249,1887445,159.669,43.6701,1649.8
203,3045,3059,15,PACKAGE_SCENE,500000000,122071,32768,36182,36182,36182,3840,3840,3840,0,0,0,1.37895e+06,871348,2300609,130.679,43.8762,1236.81
204,3060,3074,15,PACKAGE_SCENE,500000000,122071,32768,36182,36182,36182,3840,3840,3840,0,0,0,1.53804e+06,769345,2563413,124.93,43.6499,1130.48
205,3075,3089,15,PACKAGE_SCENE,500000000,122071,32768,36182,36182,36182,3840,3840,3840,0,0,0,1.7633e+06,1175968,2481255,123.685,43.541,1135.78
206,3090,3104,15,PACKAGE_SCENE,500000000,122071,32768,36182,36182,36182,3840,3840,3840,0,0,0,1.58556e+06,858185,2519905,49.778,43.7123,62.3284
207,3105,3119,15,PACKAGE_SCENE,500000000,122071,32768,36182,36182,36182,3840,3840,3840,0,0,0,1.54726e+06,1139033,1887124,603.802,43.387,8344.01
208,3120,3134,15,PACKAGE_SCENE,500000000,122071,32768,36182,36182,36182,3840,3840,3840,0,0,0,1.67009e+06,959930,2535020,49.689,43.4785,62.1034
209,3135,3149,15,PACKAGE_SCENE,500000000,122071,32768,36182,36182,36182,3840,3840,3840,0,0,0,1.51019e+06,839102,2253697,52.9729,43.6948,76.4501
210,3150,3164,15,PACKAGE_SCENE,500000000,122071,32768,36182,36182,36182,3840,3840,3840,0,0,0,1.47694e+06,827886,2143400,52.7333,43.6532,67.6533
211,3165,3179,15,PACKAGE_SCENE,500000000,122071,32768,36182,36182,36182,3840,3840,3840,0,0,0,1.52817e+06,1098635,1951643,51.8002,41.8737,66.9046
212,3180,3194,15,PACKAGE_SCENE,500000000,122071,32768,36182,36182,36182,3840,3840,3840,0,0,0,1.5721e+06,973022,1915437,47.2137,41.7862,57.3273
213,3195,3209,15,PACKAGE_SCENE,500000000,122071,32768,36182,36182,36182,3840,3840,3840,0,0,0,1.65782e+06,1146365,2411335,51.8189,43.6192,73.8062
214,3210,3224,15,PACKAGE_SCENE,500000000,122071,32768,36182,36182,36182,3840,3840,3840,0,0,0,1.39075e+06,1005085,2039324,51.9892,43.439,59.9951
215,3225,3239,15,PACKAGE_SCENE,500000000,122071,32768,36182,36182,36182,3840,3840,3840,0,0,0,1.48705e+06,946713,2086675,52.5761,43.6057,61.636
216,3240,3254,15,PACKAGE_SCENE,500000000,122071,32768,36182,36182,36182,3840,3840,3840,0,0,0,1.4278e+06,835324,2081105,51.4643,43.4644,67.0062
217,3255,3269,15,PACKAGE_SCENE,500000000,122071,32768,36182,36182,36182,3840,3840,3840,0,0,0,1.47002e+06,967697,2037014,53.2826,43.6326,67.2174
218,3270,3284,15,PACKAGE_SCENE,500000000,122071,32768,36182,36182,36182,3840,3840,3840,0,0,0,1.46928e+06,1184493,1762577,50.3385,43.567,59.8666
219,3285,3299,15,PACKAGE_SCENE,500000000,122071,32768,36182,36182,36182,3840,3840,3840,0,0,0,1.5525e+06,1046410,2154966,50.6628,43.6056,62.1629
220,3300,3314,15,PACKAGE_SCENE,500000000,122071,32768,36182,36182,36182,3840,3840,3840,0,0,0,1.43067e+06,801717,2753483,50.0254,43.3855,59.668
221,3315,3329,15,PACKAGE_SCENE,500000000,122071,32768,36182,36182,36182,3840,3840,3840,0,0,0,1.54826e+06,809993,2535032,51.5903,43.4865,62.1197
222,3330,3344,15,PACKAGE_SCENE,500000000,122071,32768,36182,36182,36182,3840,3840,3840,0,0,0,1.51166e+06,825678,2019349,52.4076,43.4621,66.8794
223,3345,3359,15,PACKAGE_SCENE,500000000,122071,32768,36182,36182,36182,3840,3840,3840,0,0,0,1.5359e+06,882541,1979004,49.5508,43.3774,57.7277
224,3360,3374,15,PACKAGE_SCENE,500000000,122071,32768,36182,36182,36182,3840,3840,3840,0,0,0,1.66639e+06,909917,2281735,51.7231,43.5131,67.6553
225,3375,3389,15,PACKAGE_SCENE,500000000,122071,32768,36182,36182,36182,3840,3840,3840,0,0,0,1.57304e+06,1084941,2082538,52.5005,43.6712,58.2706
226,3390,3404,15,PACKAGE_SCENE,500000000,122071,32768,36182,36182,36182,3840,3840,3840,0,0,0,1.48363e+06,872242,2141982,53.0482,43.6352,60.1442
227,3405,3419,15,PACKAGE_SCENE,500000000,122071,32768,36182,36182,36182,3840,3840,3840,0,0,0,1.51821e+06,1059127,2298107,52.5573,43.628,59.697
228,3420,3434,15,PACKAGE_SCENE,500000000,122071,32768,36182,36182,36182,3840,3840,3840,0,0,0,1.624e+06,952476,2465994,52.4704,43.4253,61.8989
229,3435,3449,15,PACKAGE_SCENE,500000000,122071,32768,36182,36182,36182,3840,3840,3840,0,0,0,1.42209e+06,737297,1895310,48.5488,43.532,53.0091
230,3450,3464,15,PACKAGE_SCENE,500000000,122071,32768,36182,36182,36182,3840,3840,3840,0,0,0,1.49321e+06,842312,2266408,52.0827,41.4156,59.7075
231,3465,3479,15,PACKAGE_SCENE,500000000,122071,32768,36182,36182,36182,3840,3840,3840,0,0,0,1.55787e+06,772896,2472320,52.141,43.3595,73.7259
232,3480,3494,15,PACKAGE_SCENE,500000000,122071,32768,36182,36182,36182,3840,3840,3840,0,0,0,1.36375e+06,856939,1945543,51.7229,43.4608,61.8029
233,3495,3509,15,PACKAGE_SCENE,500000000,122071,32768,36182,36182,36182,3840,3840,3840,0,0,0,1.62392e+06,839228,2106122,52.9127,43.457,61.895
234,3510,3524,15,PACKAGE_SCENE,500000000,122071,32768,36182,36182,36182,3840,3840,3840,0,0,0,1.45518e+06,1067011,2014920,49.0636,43.4202,53.373
235,3525,3539,15,PACKAGE_SCENE,500000000,122071,32768,36182,36182,36182,3840,3840,3840,0,0,0,1.46616e+06,921135,2047076,52.023,43.3636,60.2078
236,3540,3554,15,PACKAGE_SCENE,500000000,122071,32768,36182,36182,36182,3840,3840,3840,0,0,0,1.58461e+06,1210996,2230302,49.1113,43.4199,59.6866
237,3555,3569,15,PACKAGE_SCENE,500000000,122071,32768,36182,36182,36182,3840,3840,3840,0,0,0,1.58735e+06,846884,2278906,51.4914,43.6722,60.064
238,3570,3584,15,PACKAGE_SCENE,500000000,122071,32768,36182,36182,36182,3840,3840,3840,0,0,0,1.49178e+06,911303,2032118,52.6869,43.5959,67.0674
239,3585,3599,15,PACKAGE_SCENE,500000000,122071,32768,36182,36182,36182,3840,3840,3840,0,0,0,1.75379e+06,932456,2351418,51.2472,43.4234,61.0069
240,3600,3614,15,PACKAGE_SCENE,500000000,122071,32768,36182,36182,36182,3840,3840,3840,0,0,0,1.6864e+06,859887,2325816,50.1803,41.6299,74.2404
241,3615,3629,15,PACKAGE_SCENE,500000000,122071,32768,36182,36182,36182,3840,3840,3840,0,0,0,1.60339e+06,916643,2229889,50.335,43.7859,58.0644
242,3630,3644,15,PACKAGE_SCENE,500000000,122071,32768,36182,36182,36182,3840,3840,3840,0,0,0,1.46729e+06,889303,1977115,49.2601,43.4241,57.4402
243,3645,3659,15,PACKAGE_SCENE,500000000,122071,32768,36182,36182,36182,3840,3840,3840,0,0,0,1.59273e+06,978997,2160404,53.285,43.6991,66.8888
244,3660,3674,15,PACKAGE_SCENE,500000000,122071,32768,36182,36182,36182,3840,3840,3840,0,0,0,1.35983e+06,938911,2438468,51.6364,43.4787,62.1245
245,3675,3689,15,PACKAGE_SCENE,500000000,122071,32768,36182,36182,36182,3840,3840,3840,0,0,0,1.64331e+06,1078331,2065716,49.4112,43.5298,59.7074
246,3690,3704,15,PACKAGE_SCENE,500000000,122071,32768,36182,36182,36182,3840,3840,3840,0,0,0,1.54095e+06,1305309,1877384,49.0893,43.4733,60.5535
247,3705,3719,15,PACKAGE_SCENE,500000000,122071,32768,36182,36182,36182,3840,3840,3840,0,0,0,1.50087e+06,1064770,2013286,51.3656,43.2938,59.7766
248,3720,3734,15,PACKAGE_SCENE,500000000,122071,32768,36182,36182,36182,3840,3840,3840,0,0,0,1.59062e+06,881810,2273080,51.7125,41.9084,62.2345
249,3735,3749,15,PACKAGE_SCENE,500000000,122071,32768,36182,36182,36182,3840,3840,3840,0,0,0,1.49363e+06,827830,2144650,55.635,43.9776,68.2102
250,3750,3764,15,PACKAGE_SCENE,500000000,122071,32768,36182,36182,36182,3840,3840,3840,0,0,0,1.54065e+06,896813,2118377,51.9226,43.7975,62.3709
251,3765,3779,15,PACKAGE_SCENE,500000000,122071,32768,36182,36182,36182,3840,3840,3840,0,0,0,1.70105e+06,1127441,2314534,49.9868,41.4887,62.891
252,3780,3794,15,PACKAGE_SCENE,500000000,122071,32768,36182,36182,36182,3840,3840,3840,0,0,0,1.4407e+06,861622,2067096,49.9355,42.9456,60.6184
253,3795,3809,15,PACKAGE_SCENE,500000000,122071,32768,36182,36182,36182,3840,3840,3840,0,0,0,1.58024e+06,936896,2238171,68.0807,45.5098,241.438
254,3810,3824,15,PACKAGE_SCENE,500000000,122071,32768,36182,36182,36182,3840,3840,3840,0,0,0,1.62517e+06,1184865,2086800,58.0461,43.7624,120.499
255,3825,3839,15,PACKAGE_SCENE,500000000,122071,32768,36182,36182,36182,3840,3840,3840,0,0,0,1.4981e+06,901246,2183502,51.2493,43.5281,61.5239
256,3840,3854,15,PACKAGE_SCENE,500000000,122071,32768,36182,36182,36182,3840,3840,3840,0,0,0,1.58806e+06,981159,2337626,53.0655,44.6091,67.2579
257,3855,3869,15,PACKAGE_SCENE,500000000,122071,32768,36182,36182,36182,3840,3840,3840,0,0,0,1.57859e+06,967775,1956344,53.7443,45.0098,71.3267
258,3870,3884,15,PACKAGE_SCENE,500000000,122071,32768,35632.5,28260,36182,3776.47,3091,3840,0.8,0,11,1.44888e+06,1085100,1943112,50.3778,40.3756,57.9529
259,3885,3899,15,PACKAGE_SCENE,500000000,122071,32768,28260,28260,28260,3091,3091,3091,0,0,0,1.58836e+06,989337,2284784,50.3552,42.5226,59.3845
260,3900,3914,15,PACKAGE_SCENE,500000000,122071,32768,22826.4,19204,28260,2449.6,2022,3091,0.266667,0,4,1.11624e+06,597691,2078702,42.6893,30.0669,53.0821
261,3915,3929,15,PACKAGE_SCENE,500000000,122071,32768,48341.1,19204,69474,4497.27,2022,6425,17.7333,0,171,1.91681e+06,589028,3055783,74.142,30.2282,170.939
262,3930,3944,15,PACKAGE_SCENE,500000000,122071,32768,85440.5,69474,86581,7287.4,6425,7349,7.33333,0,110,3.28367e+06,2918414,3658466,93.0518,79.7878,142.19
263,3945,3959,15,PACKAGE_SCENE,500000000,122071,32768,86637,86637,86637,7396,7396,7396,6.33333,0,95,3.08205e+06,2705897,3569840,92.5316,80.636,128.369
264,3960,3974,15,PACKAGE_SCENE,500000000,122071,32768,86637,86637,86637,7396,7396,7396,0,0,0,3.35953e+06,2784752,3869661,92.0471,81.5047,104.78
265,3975,3989,15,PACKAGE_SCENE,500000000,122071,32768,86637,86637,86637,7396,7396,7396,0,0,0,3.20177e+06,2826323,3655534,979.281,81.8469,13415.8
266,3990,4004,15,PACKAGE_SCENE,500000000,122071,32768,86637,86637,86637,7396,7396,7396,0,0,0,3.37379e+06,2804568,4330201,89.4507,77.9738,113.556
267,4005,4019,15,PACKAGE_SCENE,500000000,122071,32768,86637,86637,86637,7396,7396,7396,0,0,0,3.19826e+06,2833830,3534435,730.542,85.6886,9648.66
268,4020,4034,15,PACKAGE_SCENE,500000000,122071,32768,86637,86637,86637,7396,7396,7396,0,0,0,3.2217e+06,2823738,3690916,498.494,77.9655,6215.86
269,4035,4049,15,PACKAGE_SCENE,500000000,122071,32768,86637,86637,86637,7396,7396,7396,0,0,0,3.33534e+06,2935774,3715353,469.379,80.0991,5789.12
270,4050,4064,15,PACKAGE_SCENE,500000000,122071,32768,86637,86637,86637,7396,7396,7396,0,0,0,3.20879e+06,2784013,3493309,460.416,78.4398,5661.04
271,4065,4079,15,PACKAGE_SCENE,500000000,122071,32768,86637,86637,86637,7396,7396,7396,0,0,0,3.27814e+06,2544648,3917907,89.0463,76.9505,100.573
272,4080,4094,15,PACKAGE_SCENE,500000000,122071,32768,86637,86637,86637,7396,7396,7396,0,0,0,3.0084e+06,2642916,3409109,370.378,76.916,4322.95
273,4095,4109,15,PACKAGE_SCENE,500000000,122071,32768,86637,86637,86637,7396,7396,7396,0,0,0,3.3753e+06,2802005,3707526,392.799,76.8536,4669.83
274,4110,4124,15,PACKAGE_SCENE,500000000,122071,32768,86637,86637,86637,7396,7396,7396,0,0,0,3.21067e+06,2731250,3756199,266.658,78.2819,2754.19
275,4125,4139,15,PACKAGE_SCENE,500000000,122071,32768,86637,86637,86637,7396,7396,7396,0,0,0,3.2616e+06,2936439,3653877,270.529,78.5856,2809.76
276,4140,4154,15,PACKAGE_SCENE,500000000,122071,32768,86637,86637,86637,7396,7396,7396,0,0,0,3.15564e+06,2920036,3698466,269.563,82.6162,2787.33
277,4155,4169,15,PACKAGE_SCENE,500000000,122071,32768,86637,86637,86637,7396,7396,7396,0,0,0,3.22922e+06,2681396,3692626,88.4679,77.3921,102.188
278,4170,4184,15,PACKAGE_SCENE,500000000,122071,32768,86637,86637,86637,7396,7396,7396,0,0,0,3.19232e+06,2794644,3598530,267.718,76.9984,2742.93
279,4185,4199,15,PACKAGE_SCENE,500000000,122071,32768,86637,86637,86637,7396,7396,7396,0,0,0,3.21023e+06,2768055,3917403,286.138,78.5107,3024.83
280,4200,4214,15,PACKAGE_SCENE,500000000,122071,32768,86637,86637,86637,7396,7396,7396,0,0,0,3.23276e+06,2807432,3765674,386.687,87.6844,4358.83
281,4215,4229,15,PACKAGE_SCENE,500000000,122071,32768,86637,86637,86637,7396,7396,7396,0,0,0,3.31454e+06,2962277,3831273,304.131,82.9934,3220.25
282,4230,4244,15,PACKAGE_SCENE,500000000,122071,32768,86637,86637,86637,7396,7396,7396,0,0,0,3.16571e+06,2923828,3470453,286.71,82.6795,3084.95
283,4245,4259,15,PACKAGE_SCENE,500000000,122071,32768,86637,86637,86637,7396,7396,7396,0,0,0,3.23401e+06,2900032,3699053,89.8491,78.1833,107.869
284,4260,4274,15,PACKAGE_SCENE,500000000,122071,32768,86637,86637,86637,7396,7396,7396,0,0,0,3.20693e+06,2645652,3935100,541.34,76.5385,6860.14
285,4275,4289,15,PACKAGE_SCENE,500000000,122071,32768,86637,86637,86637,7396,7396,7396,0,0,0,3.26988e+06,2511067,3814880,496.656,76.3998,6127.11
286,4290,4304,15,PACKAGE_SCENE,500000000,122071,32768,86637,86637,86637,7396,7396,7396,0,0,0,3.2297e+06,2475411,3679533,283.572,78.0502,2944.23
287,4305,4319,15,PACKAGE_SCENE,500000000,122071,32768,86637,86637,86637,7396,7396,7396,0,0,0,3.07853e+06,2592056,3592261,600.614,83.8156,7606.02
288,4320,4334,15,PACKAGE_SCENE,500000000,122071,32768,86637,86637,86637,7396,7396,7396,0,0,0,3.28859e+06,2684162,3812573,539.894,75.8664,6843.72
289,4335,4349,15,PACKAGE_SCENE,500000000,122071,32768,86637,86637,86637,7396,7396,7396,0,0,0,3.28361e+06,2901459,3621326,88.4279,77.4136,99.4622
290,4350,4364,15,PACKAGE_SCENE,500000000,122071,32768,86637,86637,86637,7396,7396,7396,0,0,0,3.26777e+06,2613824,3793161,329.052,76.926,3648.12
291,4365,4379,15,PACKAGE_SCENE,500000000,122071,32768,86637,86637,86637,7396,7396,7396,0,0,0,3.1414e+06,2673641,3793288,353.617,77.6462,4014.25
292,4380,4394,15,PACKAGE_SCENE,500000000,122071,32768,86637,86637,86637,7396,7396,7396,0,0,0,3.21319e+06,2828183,3483771,339.692,83.6783,3804.72
293,4395,4409,15,PACKAGE_SCENE,500000000,122071,32768,86637,86637,86637,7396,7396,7396,0,0,0,3.24918e+06,2871871,3737564,318.678,85.1154,3494.46
294,4410,4424,15,PACKAGE_SCENE,500000000,122071,32768,86637,86637,86637,7396,7396,7396,0,0,0,3.24471e+06,2591276,3678809,304.856,78.1643,3342.83
295,4425,4439,15,PACKAGE_SCENE,500000000,122071,32768,86637,86637,86637,7396,7396,7396,0,0,0,3.22712e+06,2946094,3772369,90.8387,82.7182,103.182
296,4440,4454,15,PACKAGE_SCENE,500000000,122071,32768,86637,86637,86637,7396,7396,7396,0,0,0,3.21411e+06,2721256,3672946,318.361,78.447,3520.82
297,4455,4469,15,PACKAGE_SCENE,500000000,122071,32768,86637,86637,86637,7396,7396,7396,0,0,0,3.13045e+06,2543541,3630840,314.908,77.8609,3455.11
298,4470,4484,15,PACKAGE_SCENE,500000000,122071,32768,86637,86637,86637,7396,7396,7396,0,0,0,3.03187e+06,2519951,3505485,315.79,76.1497,3425.03
299,4485,4499,15,PACKAGE_SCENE,500000000,122071,32768,86637,86637,86637,7396,7396,7396,0,0,0,3.21957e+06,2736823,3722250,340.404,78.601,3855.35
300,4500,4514,15,PACKAGE_SCENE,500000000,122071,32768,86637,86637,86637,7396,7396,7396,0,0,0,3.15223e+06,2643467,3756114,368.939,77.9412,4314.34
301,4515,4529,15,PACKAGE_SCENE,500000000,122071,32768,86637,86637,86637,7396,7396,7396,0,0,0,3.20908e+06,2730341,3614841,91.7278,77.09,101.552
302,4530,4544,15,PACKAGE_SCENE,500000000,122071,32768,86637,86637,86637,7396,7396,7396,0,0,0,3.08125e+06,2780410,3602787,335.146,78.4958,3753.19
303,4545,4559,15,PACKAGE_SCENE,500000000,122071,32768,86637,86637,86637,7396,7396,7396,0,0,0,3.14982e+06,2774140,3504673,326.742,76.6909,3648.99
304,4560,4574,15,PACKAGE_SCENE,500000000,122071,32768,86637,86637,86637,7396,7396,7396,0,0,0,3.10809e+06,2705262,3470769,313.083,82.6252,3416.71
305,4575,4589,15,PACKAGE_SCENE,500000000,122071,32768,86637,86637,86637,7396,7396,7396,0,0,0,3.21697e+06,2901594,3547415,317.521,79.3687,3505.86
306,4590,4604,15,PACKAGE_SCENE,500000000,122071,32768,86637,86637,86637,7396,7396,7396,0,0,0,3.29768e+06,2700531,3891670,312.449,76.3128,3457.25
307,4605,4619,15,PACKAGE_SCENE,500000000,122071,32768,86637,86637,86637,7396,7396,7396,0,0,0,3.08592e+06,2720993,3472875,90.4702,77.9643,109.417
308,4620,4634,15,PACKAGE_SCENE,500000000,122071,32768,86637,86637,86637,7396,7396,7396,0,0,0,3.22856e+06,2596191,3635288,267.032,76.3759,2769.29
309,4635,4649,15,PACKAGE_SCENE,500000000,122071,32768,86637,86637,86637,7396,7396,7396,0,0,0,3.3402e+06,2949853,3727410,252.034,82.6555,2534.77
310,4650,4664,15,PACKAGE_SCENE,500000000,122071,32768,86637,86637,86637,7396,7396,7396,0,0,0,3.17516e+06,2837158,3719193,250.792,77.6456,2451.54
311,4665,4679,15,PACKAGE_SCENE,500000000,122071,32768,86637,86637,86637,7396,7396,7396,0,0,0,3.37309e+06,2814702,3848370,1673.53,82.5642,23848.3
312,4680,4694,15,PACKAGE_SCENE,500000000,122071,32768,86637,86637,86637,7396,7396,7396,0,0,0,3.10425e+06,2680141,3466143,90.4302,78.2096,103.173
313,4695,4709,15,PACKAGE_SCENE,500000000,122071,32768,86637,86637,86637,7396,7396,7396,0,0,0,3.2131e+06,2622434,3942367,89.5864,82.454,98.0093
314,4710,4724,15,PACKAGE_SCENE,500000000,122071,32768,86637,86637,86637,7396,7396,7396,0,0,0,3.26303e+06,2995127,3607447,88.1732,78.452,98.6588
315,4725,4739,15,PACKAGE_SCENE,500000000,122071,32768,86637,86637,86637,7396,7396,7396,0,0,0,3.1989e+06,2542489,3658363,89.6836,84.0907,101.378
316,4740,4754,15,PACKAGE_SCENE,500000000,122071,32768,86637,86637,86637,7396,7396,7396,0,0,0,3.03122e+06,2424965,3486964,88.1937,79.0739,95.8854
317,4755,4769,15,PACKAGE_SCENE,500000000,122071,32768,86637,86637,86637,7396,7396,7396,0,0,0,3.14922e+06,2858309,3629747,108.625,78.1375,239.931
318,4770,4784,15,PACKAGE_SCENE,500000000,122071,32768,86637,86637,86637,7396,7396,7396,0,0,0,3.28682e+06,2877364,3668231,86.5861,78.5366,99.238
319,4785,4799,15,PACKAGE_SCENE,500000000,122071,32768,86637,86637,86637,7396,7396,7396,0,0,0,3.37542e+06,2980726,3686179,85.7811,78.0556,99.6277
320,4800,4814,15,PACKAGE_SCENE,500000000,122071,32768,86637,86637,86637,7396,7396,7396,0,0,0,3.1211e+06,2647825,3679466,88.8204,76.3339,109.086
321,4815,4829,15,PACKAGE_SCENE,500000000,122071,32768,86637,86637,86637,7396,7396,7396,0,0,0,3.2256e+06,2606741,3853320,89.7348,77.645,109.358
322,4830,4844,15,PACKAGE_SCENE,500000000,122071,32768,86637,86637,86637,7396,7396,7396,0,0,0,3.14359e+06,2775065,3515284,86.0869,77.5677,98.4309
323,4845,4859,15,PACKAGE_SCENE,500000000,122071,32768,86637,86637,86637,7396,7396,7396,0,0,0,3.27844e+06,2502240,3960741,89.6358,82.6938,101.419
324,4860,4874,15,PACKAGE_SCENE,500000000,122071,32768,86637,86637,86637,7396,7396,7396,0,0,0,3.18516e+06,2715595,3625488,88.5694,77.8785,101.191
325,4875,4889,15,PACKAGE_SCENE,500000000,122071,32768,86637,86637,86637,7396,7396,7396,0,0,0,3.38849e+06,3017519,3883885,85.9731,78.161,94.2633
326,4890,4904,15,PACKAGE_SCENE,500000000,122071,32768,86637,86637,86637,7396,7396,7396,0,0,0,3.09823e+06,2644550,3451978,86.4119,77.8227,95.6682
327,4905,4919,15,PACKAGE_SCENE,500000000,122071,32768,86637,86637,86637,7396,7396,7396,0,0,0,3.20606e+06,2854290,3648467,89.5218,76.3208,109.569
328,4920,4934,15,PACKAGE_SCENE,500000000,122071,32768,86637,86637,86637,7396,7396,7396,0,0,0,3.32743e+06,2795209,3792489,87.5251,78.2117,102.465
329,4935,4949,15,PACKAGE_SCENE,500000000,122071,32768,86637,86637,86637,7396,7396,7396,0,0,0,3.13921e+06,2875177,3680475,88.6069,78.8166,101.481
330,4950,4964,15,PACKAGE_SCENE,500000000,122071,32768,86637,86637,86637,7396,7396,7396,0,0,0,3.23281e+06,2682739,3731355,88.8882,78.5675,101.861
331,4965,4979,15,PACKAGE_SCENE,500000000,122071,32768,86637,86637,86637,7396,7396,7396,0,0,0,3.22525e+06,2616805,3852409,89.058,83.7356,100.749
332,4980,4994,15,PACKAGE_SCENE,500000000,122071,32768,86637,86637,86637,7396,7396,7396,0,0,0,3.2694e+06,2987168,3595754,87.1823,75.5597,99.1791
333,4995,5009,15,PACKAGE_SCENE,500000000,122071,32768,86637,86637,86637,7396,7396,7396,0,0,0,3.27579e+06,2760343,3761726,86.3968,77.9086,98.6745
334,5010,5024,15,PACKAGE_SCENE,500000000,122071,32768,86637,86637,86637,7396,7396,7396,0,0,0,3.28918e+06,2843004,3801367,88.6154,82.2617,98.7736
335,5025,5039,15,PACKAGE_SCENE,500000000,122071,32768,86637,86637,86637,7396,7396,7396,0,0,0,3.21357e+06,2748812,3846300,91.3759,82.6338,127.472
336,5040,5054,15,PACKAGE_SCENE,500000000,122071,32768,86637,86637,86637,7396,7396,7396,0,0,0,3.23756e+06,2758119,3858296,87.4308,77.8157,100.829
337,5055,5069,15,PACKAGE_SCENE,500000000,122071,32768,86637,86637,86637,7396,7396,7396,0,0,0,3.24118e+06,2943382,3840179,86.2803,77.7841,102.475
338,5070,5084,15,PACKAGE_SCENE,500000000,122071,32768,51896.3,5120,69445,4543.33,1344,6359,8.06667,0,71,1.82434e+06,664351,2918787,61.6634,29.8231,120.524
339,5085,5099,15,PACKAGE_SCENE,500000000,122071,32768,7660.6,5120,10169,2017,1344,2628,0.133333,0,1,1.08659e+06,425654,1665470,36.3609,25.9052,49.0038
340,5100,5114,15,PACKAGE_SCENE,500000000,122071,32768,52984.7,36495,62242,3793.6,2873,4290,0,0,0,1.34294e+06,853687,1964952,51.9826,40.3166,59.5876
341,5115,5129,15,PACKAGE_SCENE,500000000,122071,32768,62231,62231,62231,4301,4301,4301,0,0,0,1.6088e+06,1056768,2427453,55.5056,45.7893,66.7858
342,5130,5144,15,PACKAGE_SCENE,500000000,122071,32768,62231,62231,62231,4301,4301,4301,0,0,0,1.61417e+06,1342179,2206346,53.8876,45.8202,68.8953
343,5145,5159,15,PACKAGE_SCENE,500000000,122071,32768,62231,62231,62231,4301,4301,4301,0,0,0,1.63003e+06,1204745,2280006,54.763,46.1203,73.8663
344,5160,5174,15,PACKAGE_SCENE,500000000,122071,32768,62231,62231,62231,4301,4301,4301,0,0,0,1.67325e+06,1307339,2282940,558.48,45.1106,7588.02
345,5175,5189,15,PACKAGE_SCENE,500000000,122071,32768,62231,62231,62231,4301,4301,4301,0,0,0,1.55164e+06,1208111,2331713,429.939,46.2837,5644.46
346,5190,5204,15,PACKAGE_SCENE,500000000,122071,32768,62231,62231,62231,4301,4301,4301,0,0,0,1.63918e+06,1208064,2216895,285.752,44.1262,3522.65
347,5205,5219,15,PACKAGE_SCENE,500000000,122071,32768,62231,62231,62231,4301,4301,4301,0,0,0,1.67017e+06,1259020,2059265,266.109,45.9726,3223.21
348,5220,5234,15,PACKAGE_SCENE,500000000,122071,32768,62231,62231,62231,4301,4301,4301,0,0,0,1.69585e+06,1336979,2415304,53.3286,46.2132,64.373
349,5235,5249,15,PACKAGE_SCENE,500000000,122071,32768,62231,62231,62231,4301,4301,4301,0,0,0,1.55576e+06,1165928,2200057,255.757,45.8434,3051.01
350,5250,5264,15,PACKAGE_SCENE,500000000,122071,32768,62231,62231,62231,4301,4301,4301,0,0,0,1.6418e+06,1214863,2144948,236.582,45.9988,2730.97
351,5265,5279,15,PACKAGE_SCENE,500000000,122071,32768,62231,62231,62231,4301,4301,4301,0,0,0,1.62079e+06,1189481,2341763,257.613,45.898,3089
352,5280,5294,15,PACKAGE_SCENE,500000000,122071,32768,62231,62231,62231,4301,4301,4301,0,0,0,1.58027e+06,1203568,2223463,223.803,46.1337,2548.34
353,5295,5309,15,PACKAGE_SCENE,500000000,122071,32768,62231,62231,62231,4301,4301,4301,0,0,0,1.67929e+06,1152630,2327639,204.281,45.9153,2295.32
354,5310,5324,15,PACKAGE_SCENE,500000000,122071,32768,62231,62231,62231,4301,4301,4301,0,0,0,1.6656e+06,1145148,2161150,54.9772,46.0815,65.3821
355,5325,5339,15,PACKAGE_SCENE,500000000,122071,32768,62231,62231,62231,4301,4301,4301,0,0,0,1.49849e+06,1177513,1845967,1152.94,47.2571,16346.3
356,5340,5354,15,PACKAGE_SCENE,500000000,122071,32768,62231,62231,62231,4301,4301,4301,0,0,0,1.61945e+06,1010026,2076676,184.595,46.2078,2013.74
357,5355,5369,15,PACKAGE_SCENE,500000000,122071,32768,62231,62231,62231,4301,4301,4301,0,0,0,1.61762e+06,1114753,2264271,191.413,46.2339,2061.83
358,5370,5384,15,PACKAGE_SCENE,500000000,122071,32768,62231,62231,62231,4301,4301,4301,0,0,0,1.64854e+06,1296971,2113267,184.19,53.0588,1948.87
359,5385,5399,15,PACKAGE_SCENE,500000000,122071,32768,62231,62231,62231,4301,4301,4301,0,0,0,1.62103e+06,1138972,2478911,564.894,51.467,7666.33
360,5400,5414,15,PACKAGE_SCENE,500000000,122071,32768,62231,62231,62231,4301,4301,4301,0,0,0,1.60533e+06,1094097,2203157,54.3762,45.9267,67.5612
361,5415,5429,15,PACKAGE_SCENE,500000000,122071,32768,62231,62231,62231,4301,4301,4301,0,0,0,1.67342e+06,1144758,2311443,187.972,45.8603,2040.72
362,5430,5444,15,PACKAGE_SCENE,500000000,122071,32768,62231,62231,62231,4301,4301,4301,0,0,0,1.64838e+06,1265362,2067918,215.682,43.8455,2407.94
363,5445,5459,15,PACKAGE_SCENE,500000000,122071,32768,62231,62231,62231,4301,4301,4301,0,0,0,1.63476e+06,1317997,2106392,171.573,45.862,1783.61
364,5460,5474,15,PACKAGE_SCENE,500000000,122071,32768,62231,62231,62231,4301,4301,4301,0,0,0,1.58909e+06,1240872,2043612,322.803,45.7261,4048.48
365,5475,5489,15,PACKAGE_SCENE,500000000,122071,32768,62231,62231,62231,4301,4301,4301,0,0,0,1.51881e+06,1167263,1849263,280.682,44.763,3413.66
366,5490,5504,15,PACKAGE_SCENE,500000000,122071,32768,62231,62231,62231,4301,4301,4301,0,0,0,1.60563e+06,1296569,2053012,53.4049,46.4942,62.6777
367,5505,5519,15,PACKAGE_SCENE,500000000,122071,32768,62231,62231,62231,4301,4301,4301,0,0,0,1.59541e+06,1195901,2031137,213.693,45.9453,2398.63
368,5520,5534,15,PACKAGE_SCENE,500000000,122071,32768,62231,62231,62231,4301,4301,4301,0,0,0,1.60399e+06,1209296,2242815,201.664,46.1663,2205.6
369,5535,5549,15,PACKAGE_SCENE,500000000,122071,32768,62231,62231,62231,4301,4301,4301,0,0,0,1.67517e+06,1300746,2242253,201.088,47.3508,2226.18
370,5550,5564,15,PACKAGE_SCENE,500000000,122071,32768,62231,62231,62231,4301,4301,4301,0,0,0,1.66024e+06,1214348,2074219,193.114,46.3732,2127.98
371,5565,5579,15,PACKAGE_SCENE,500000000,122071,32768,62231,62231,62231,4301,4301,4301,0,0,0,1.71608e+06,1144807,2084872,195.371,46.1961,2156.29
372,5580,5594,15,PACKAGE_SCENE,500000000,122071,32768,62231,62231,62231,4301,4301,4301,0,0,0,1.79452e+06,1381875,2076531,54.7472,45.7676,69.1295
373,5595,5609,15,PACKAGE_SCENE,500000000,122071,32768,62231,62231,62231,4301,4301,4301,0,0,0,1.65607e+06,1183585,2613464,208.964,46.7445,2321.19
374,5610,5624,15,PACKAGE_SCENE,500000000,122071,32768,62231,62231,62231,4301,4301,4301,0,0,0,1.61819e+06,1246144,2148437,212.355,45.8197,2399.77
375,5625,5639,15,PACKAGE_SCENE,500000000,122071,32768,62231,62231,62231,4301,4301,4301,0,0,0,1.56717e+06,1234919,2030764,219.501,44.3566,2472.84
376,5640,5654,15,PACKAGE_SCENE,500000000,122071,32768,62231,62231,62231,4301,4301,4301,0,0,0,1.59908e+06,1159981,2248773,203.54,45.6667,2240.56
377,5655,5669,15,PACKAGE_SCENE,500000000,122071,32768,62231,62231,62231,4301,4301,4301,0,0,0,1.51906e+06,1129139,2005616,203.667,45.9873,2273.01
378,5670,5684,15,PACKAGE_SCENE,500000000,122071,32768,62231,62231,62231,4301,4301,4301,0,0,0,1.78238e+06,1276219,2339835,55.5074,46.3382,70.4782
379,5685,5699,15,PACKAGE_SCENE,500000000,122071,32768,62231,62231,62231,4301,4301,4301,0,0,0,1.52876e+06,972867,1838671,213.809,46.1198,2355.32
380,5700,5714,15,PACKAGE_SCENE,500000000,122071,32768,62231,62231,62231,4301,4301,4301,0,0,0,1.6749e+06,1302849,2233263,209.166,46.6127,2374.19
381,5715,5729,15,PACKAGE_SCENE,500000000,122071,32768,62231,62231,62231,4301,4301,4301,0,0,0,1.6071e+06,1138363,2321534,218.628,46.0601,2521.2
382,5730,5744,15,PACKAGE_SCENE,500000000,122071,32768,62231,62231,62231,4301,4301,4301,0,0,0,1.6252e+06,1284702,2361937,215.395,45.8071,2435.6
383,5745,5759,15,PACKAGE_SCENE,500000000,122071,32768,62231,62231,62231,4301,4301,4301,0,0,0,1.66239e+06,1109585,2226661,209.634,47.976,2342.97
384,5760,5774,15,PACKAGE_SCENE,500000000,122071,32768,62231,62231,62231,4301,4301,4301,0,0,0,1.54789e+06,993006,2026338,52.6073,43.9568,62.1123
385,5775,5789,15,PACKAGE_SCENE,500000000,122071,32768,62231,62231,62231,4301,4301,4301,0,0,0,1.61405e+06,1279171,2036416,212.86,46.3299,2267.02
386,5790,5804,15,PACKAGE_SCENE,500000000,122071,32768,62231,62231,62231,4301,4301,4301,0,0,0,1.73139e+06,1224337,2298588,180.541,52.0163,1908.36
387,5805,5819,15,PACKAGE_SCENE,500000000,122071,32768,62231,62231,62231,4301,4301,4301,0,0,0,1.63223e+06,1307983,1982341,166.121,44.1986,1671.86
388,5820,5834,15,PACKAGE_SCENE,500000000,122071,32768,62231,62231,62231,4301,4301,4301,0,0,0,1.50462e+06,1150332,1917144,173.476,45.8194,1817.11
389,5835,5849,15,PACKAGE_SCENE,500000000,122071,32768,62231,62231,62231,4301,4301,4301,0,0,0,1.62373e+06,1191176,2157911,3056.22,46.1461,45070.6
390,5850,5864,15,PACKAGE_SCENE,500000000,122071,32768,62231,62231,62231,4301,4301,4301,0,0,0,1.72251e+06,1234251,2168723,52.8145,45.7852,62.0159
391,5865,5879,15,PACKAGE_SCENE,500000000,122071,32768,62231,62231,62231,4301,4301,4301,0,0,0,1.59972e+06,1173850,2126339,56.276,45.8832,71.5253
392,5880,5894,15,PACKAGE_SCENE,500000000,122071,32768,62231,62231,62231,4301,4301,4301,0,0,0,1.57094e+06,987633,2390308,54.0461,45.8124,62.8474
393,5895,5909,15,PACKAGE_SCENE,500000000,122071,32768,62231,62231,62231,4301,4301,4301,0,0,0,1.61747e+06,1231230,2173034,55.1627,51.0633,64.8556
394,5910,5924,15,PACKAGE_SCENE,500000000,122071,32768,62231,62231,62231,4301,4301,4301,0,0,0,1.66729e+06,1292369,2569791,57.6236,45.7372,69.5193
395,5925,5939,15,PACKAGE_SCENE,500000000,122071,32768,62231,62231,62231,4301,4301,4301,0,0,0,1.65651e+06,1143784,2255377,55.977,45.9125,68.9078
396,5940,5954,15,PACKAGE_SCENE,500000000,122071,32768,62231,62231,62231,4301,4301,4301,0,0,0,1.60346e+06,1016867,2343896,55.6702,45.6236,67.2314
397,5955,5969,15,PACKAGE_SCENE,500000000,122071,32768,62231,62231,62231,4301,4301,4301,0,0,0,1.56579e+06,1170755,2168687,54.262,45.6238,71.6589
398,5970,5984,15,PACKAGE_SCENE,500000000,122071,32768,62231,62231,62231,4301,4301,4301,0,0,0,1.56601e+06,1055818,2049002,58.639,51.1465,70.7948
399,5985,5999,15,PACKAGE_SCENE,500000000,122071,32768,62231,62231,62231,4301,4301,4301,0,0,0,1.56539e+06,1187467,2295915,71.1234,46.4115,130.249
400,6000,6014,15,PACKAGE_SCENE,500000000,122071,32768,62231,62231,62231,4301,4301,4301,0,0,0,1.73352e+06,1210056,2278844,53.6701,46.1932,71.3165
401,6015,6029,15,PACKAGE_SCENE,500000000,122071,32768,62231,62231,62231,4301,4301,4301,0,0,0,1.54804e+06,1021467,1928056,57.3991,46.9152,69.107
402,6030,6044,15,PACKAGE_SCENE,500000000,122071,32768,62231,62231,62231,4301,4301,4301,0,0,0,1.58047e+06,1157469,1957515,54.3912,46.2337,68.0891
403,6045,6059,15,PACKAGE_SCENE,500000000,122071,32768,62231,62231,62231,4301,4301,4301,0,0,0,1.69213e+06,1023067,2176089,58.1013,48.0015,66.7146
404,6060,6074,15,PACKAGE_SCENE,500000000,122071,32768,62231,62231,62231,4301,4301,4301,0,0,0,1.66171e+06,1139988,2202529,59.9528,54.8598,70.9049
405,6075,6089,15,PACKAGE_SCENE,500000000,122071,32768,62231,62231,62231,4301,4301,4301,0,0,0,1.6888e+06,1285137,2290365,56.9598,47.1737,82.9588
406,6090,6104,15,PACKAGE_SCENE,500000000,122071,32768,62231,62231,62231,4301,4301,4301,0,0,0,1.63964e+06,1140383,2244448,59.4782,47.0338,71.8135
407,6105,6119,15,PACKAGE_SCENE,500000000,122071,32768,62231,62231,62231,4301,4301,4301,0,0,0,1.58878e+06,1311521,2184240,59.3996,48.2297,74.2358
408,6120,6134,15,PACKAGE_SCENE,500000000,122071,32768,62231,62231,62231,4301,4301,4301,0,0,0,1.53058e+06,1169435,1786948,56.7526,47.2584,71.393
409,6135,6149,15,PACKAGE_SCENE,500000000,122071,32768,62231,62231,62231,4301,4301,4301,0,0,0,1.5362e+06,1212571,2215475,59.05,53.7405,69.5088
410,6150,6164,15,PACKAGE_SCENE,500000000,122071,32768,62231,62231,62231,4301,4301,4301,0,0,0,1.74274e+06,1297039,2191941,54.4952,46.6731,63.2342
411,6165,6179,15,PACKAGE_SCENE,500000000,122071,32768,62231,62231,62231,4301,4301,4301,0,0,0,1.75671e+06,1308565,2137758,55.9184,48.0394,63.7967
412,6180,6194,15,PACKAGE_SCENE,500000000,122071,32768,62231,62231,62231,4301,4301,4301,0,0,0,1.56807e+06,1174198,1928837,56.9232,47.3759,65.9221
413,6195,6209,15,PACKAGE_SCENE,500000000,122071,32768,62231,62231,62231,4301,4301,4301,0,0,0,1.6707e+06,1235996,2248778,56.01,47.2026,71.7049
414,6210,6224,15,PACKAGE_SCENE,500000000,122071,32768,62231,62231,62231,4301,4301,4301,0,0,0,1.66348e+06,1208613,2077638,56.3905,45.2624,63.9993
415,6225,6239,15,PACKAGE_SCENE,500000000,122071,32768,62231,62231,62231,4301,4301,4301,0,0,0,1.75001e+06,1313041,2312859,56.4478,46.9279,63.5856
416,6240,6254,15,PACKAGE_SCENE,500000000,122071,32768,62231,62231,62231,4301,4301,4301,0,0,0,1.46308e+06,1207993,1889103,55.6914,46.4846,65.996
417,6255,6269,15,PACKAGE_SCENE,500000000,122071,32768,62231,62231,62231,4301,4301,4301,0,0,0,1.56293e+06,1225082,2203510,60.4298,47.0346,117.389
418,6270,6273,4,PACKAGE_SCENE,500000000,122071,32768,62231,62231,62231,4301,4301,4301,0,0,0,1.58411e+06,1324528,1952469,59.5798,54.9664,63.393
0,0,14,15,PACKAGE_SCENE,500000000,122071,32768,4913.47,2922,6371,695.8,370,993,456.067,110,738,25034.9,0,94996,516.23,66.4171,2530.02
1,15,29,15,PACKAGE_SCENE,500000000,122071,32768,4798.47,2890,5885,844.067,377,1182,391.6,35,599,112290,3430,269776,280.986,149.4,590.411
2,30,44,15,PACKAGE_SCENE,500000000,122071,32768,4312.47,2872,4755,1627.2,1133,1774,102.267,61,225,941716,572230,1134023,83.1027,59.6307,136.178
3,45,59,15,PACKAGE_SCENE,500000000,122071,32768,4323.47,3443,4736,1649.27,1390,1815,59.4,19,131,987536,780884,1139940,60.7553,33.2427,104.307
4,60,74,15,PACKAGE_SCENE,500000000,122071,32768,3157.53,2397,4408,1245.8,998,1618,16,5,40,813611,570230,1367967,32.9945,27.3645,50.0121
5,75,89,15,PACKAGE_SCENE,500000000,122071,32768,2201.4,1392,4478,1241.07,935,1713,20.9333,0,83,1.06754e+06,664600,1433466,41.8176,27.2137,71.6787
6,90,104,15,PACKAGE_SCENE,500000000,122071,32768,2534.53,2106,2782,1641,1388,1786,2.66667,0,10,1.38536e+06,777487,1768836,39.0976,29.7174,49.3679
7,105,119,15,PACKAGE_SCENE,500000000,122071,32768,2744.73,2703,2797,1730.13,1685,1777,2.66667,0,8,1.59801e+06,827096,2144638,39.8971,28.9534,51.3589
8,120,134,15,PACKAGE_SCENE,500000000,122071,32768,2582,2174,2794,1660.47,1453,1777,3.33333,0,12,1.34681e+06,933549,2005567,43.8702,33.6707,52.2568
9,135,149,15,PACKAGE_SCENE,500000000,122071,32768,2003.67,1362,3243,1274.6,911,2108,19.5333,0,135,1.07168e+06,667265,1327524,46.5529,30.4757,100.905
10,150,164,15,PACKAGE_SCENE,500000000,122071,32768,1271.53,920,2705,994.867,748,1884,7,0,66,886757,568759,1678055,34.2226,26.5948,65.0309
11,165,179,15,PACKAGE_SCENE,500000000,122071,32768,1556.93,1303,1753,1248.8,1051,1420,0.666667,0,2,1.18718e+06,924769,1407141,33.1949,27.1662,47.3488
12,180,194,15,PACKAGE_SCENE,500000000,122071,32768,1747.53,1727,1772,1379.87,1347,1417,1,0,3,1.19941e+06,876431,1809623,36.5418,27.1046,50.8318
13,195,209,15,PACKAGE_SCENE,500000000,122071,32768,1742.67,1658,1799,1362.27,1302,1414,1,0,3,1.22212e+06,922129,1609653,34.0921,28.0134,37.4377
14,210,224,15,PACKAGE_SCENE,500000000,122071,32768,1326.33,1069,1616,1064.87,862,1288,0.533333,0,5,1.01756e+06,580026,1406500,31.5812,26.6425,42.7291
15,225,239,15,PACKAGE_SCENE,500000000,122071,32768,1692.53,893,3572,1165.47,714,2144,62.2667,0,310,837471,491257,1452775,59.6347,25.4057,200.028
16,240,254,15,PACKAGE_SCENE,500000000,122071,32768,2859.8,2275,3387,1839,1530,2064,11.8667,2,29,1.35399e+06,914223,1636747,38.5392,29.6319,48.4653
17,255,269,15,PACKAGE_SCENE,500000000,122071,32768,3352.27,3253,3419,2116.4,2021,2220,12.4,2,33,1.39852e+06,1113206,1962291,38.2774,32.3005,42.5398
18,270,284,15,PACKAGE_SCENE,500000000,122071,32768,3327.27,3098,3421,2074.27,1942,2218,13.8667,1,37,1.45784e+06,1157834,2078400,38.8231,30.7785,51.4014
19,285,299,15,PACKAGE_SCENE,500000000,122071,32768,2399.87,1828,2977,1569.53,1166,1897,6.13333,0,15,1.18624e+06,629772,1665013,37.2538,28.1487,46.0096
20,300,314,15,PACKAGE_SCENE,500000000,122071,32768,3155,1755,4249,1527.53,1022,1953,17.8667,0,41,1.00184e+06,487974,1531701,38.8837,27.7865,58.3348
21,315,329,15,PACKAGE_SCENE,500000000,122071,32768,3264.47,2422,4040,1378.2,1048,1633,2.46667,0,10,1.00359e+06,567096,1466806,37.5587,29.1672,48.6285
22,330,344,15,PACKAGE_SCENE,500000000,122071,32768,4380.67,4159,4445,1777.93,1650,1851,6.06667,1,15,1.20943e+06,1042214,1438733,40.6556,33.1628,60.775
23,345,359,15,PACKAGE_SCENE,500000000,122071,32768,4427.87,4376,4473,1805,1760,1864,6.26667,1,15,1.17356e+06,893770,1506149,39.5373,31.6935,55.0481
24,360,374,15,PACKAGE_SCENE,500000000,122071,32768,3713.53,2864,4401,1559.93,1213,1801,1.53333,0,6,1.13614e+06,887303,1391481,37.0567,27.5723,47.7082
25,375,389,15,PACKAGE_SCENE,500000000,122071,32768,3261.8,2209,4529,1275.53,924,1809,196.8,0,1001,724689,7196,1017944,117.187,28.2523,544.811
26,390,404,15,PACKAGE_SCENE,500000000,122071,32768,4059.93,3001,4500,1367.6,1058,1507,183.133,28,323,889274,672125,1549592,100.28,32.7787,163.168
27,405,419,15,PACKAGE_SCENE,500000000,122071,32768,6242.33,2243,11998,1253.53,756,2051,447.8,7,1167,475015,575,952302,234.868,27.2278,570.852
28,420,434,15,PACKAGE_SCENE,500000000,122071,32768,5203.2,16,12027,813.133,16,1506,468.133,0,1016,56163.3,0,223200,272.987,14.1212,676.702
29,435,449,15,PACKAGE_SCENE,500000000,122071,32768,16,16,16,16,16,16,0,0,0,1296.67,725,1852,16.0846,14.1599,18.1139
30,450,464,15,PACKAGE_SCENE,500000000,122071,32768,16,16,16,16,16,16,0,0,0,1767.67,1678,1852,15.8714,13.9893,18.7384
31,465,479,15,PACKAGE_SCENE,500000000,122071,32768,16,16,16,16,16,16,0,0,0,1714.73,1630,1786,16.1995,14.4843,20.0963
32,480,494,15,PACKAGE_SCENE,500000000,122071,32768,16,16,16,16,16,16,0,0,0,1724.4,1664,1832,16.138,14.0892,19.2755
33,495,509,15,PACKAGE_SCENE,500000000,122071,32768,16,16,16,16,16,16,0,0,0,1630.8,1532,1696,15.8369,14.0522,18.6381
34,510,524,15,PACKAGE_SCENE,500000000,122071,32768,16,16,16,16,16,16,0,0,0,1644.53,1492,1819,15.4989,14.0744,24.9132
35,525,539,15,PACKAGE_SCENE,500000000,122071,32768,16,16,16,16,16,16,0,0,0,1552.93,1407,1798,15.2821,14.0757,16.9267
36,540,554,15,PACKAGE_SCENE,500000000,122071,32768,16,16,16,16,16,16,0,0,0,1490,1421,1547,15.1019,13.8355,16.4913
37,555,569,15,PACKAGE_SCENE,500000000,122071,32768,16,16,16,16,16,16,0,0,0,1523.2,1436,1598,14.9748,13.9675,16.0079
38,570,584,15,PACKAGE_SCENE,500000000,122071,32768,16,16,16,16,16,16,0,0,0,1579.47,1493,1670,15.1841,13.8656,16.4945
39,585,599,15,PACKAGE_SCENE,500000000,122071,32768,16,16,16,16,16,16,0,0,0,1216.87,499,1750,15.1281,13.8546,16.95
40,600,614,15,PACKAGE_SCENE,500000000,122071,32768,8.66667,6,16,8.66667,6,16,0,0,0,1239.53,1032,1615,15.0521,13.5874,16.461
41,615,629,15,PACKAGE_SCENE,500000000,122071,32768,0.4,0,6,0.4,0,6,0,0,0,74.5333,0,1118,2.82614,1.2033,15.0727
42,630,644,15,PACKAGE_SCENE,500000000,122071,32768,0,0,0,0,0,0,0,0,0,0,0,0,1.90423,1.1673,3.1162
43,645,659,15,PACKAGE_SCENE,500000000,122071,32768,0,0,0,0,0,0,0,0,0,0,0,0,1.77947,1.0851,2.8843
44,660,674,15,PACKAGE_SCENE,500000000,122071,32768,0,0,0,0,0,0,0,0,0,0,0,0,1.78405,1.0615,3.4445
45,675,689,15,PACKAGE_SCENE,500000000,122071,32768,0,0,0,0,0,0,0,0,0,0,0,0,1.73817,1.1354,3.4545
46,690,704,15,PACKAGE_SCENE,500000000,122071,32768,0,0,0,0,0,0,0,0,0,0,0,0,1.64777,1.1276,2.7887
47,705,719,15,PACKAGE_SCENE,500000000,122071,32768,0,0,0,0,0,0,0,0,0,0,0,0,1.6693,1.0843,2.971
48,720,734,15,PACKAGE_SCENE,500000000,122071,32768,0,0,0,0,0,0,0,0,0,0,0,0,1.71889,1.0637,3.0486
49,735,749,15,PACKAGE_SCENE,500000000,122071,32768,0,0,0,0,0,0,0,0,0,0,0,0,1.85666,1.0458,3.3974
50,750,764,15,PACKAGE_SCENE,500000000,122071,32768,0,0,0,0,0,0,0,0,0,0,0,0,1.82289,1.0773,5.0633
51,765,779,15,PACKAGE_SCENE,500000000,122071,32768,0,0,0,0,0,0,0,0,0,0,0,0,1.68269,1.0959,3.3654
52,780,794,15,PACKAGE_SCENE,500000000,122071,32768,0,0,0,0,0,0,0,0,0,0,0,0,1.42839,1.0634,2.0639
53,795,809,15,PACKAGE_SCENE,500000000,122071,32768,0,0,0,0,0,0,0,0,0,0,0,0,1.93815,1.1932,3.4701
54,810,824,15,PACKAGE_SCENE,500000000,122071,32768,0,0,0,0,0,0,0,0,0,0,0,0,2.05717,1.2505,3.4487
55,825,839,15,PACKAGE_SCENE,500000000,122071,32768,0,0,0,0,0,0,0,0,0,0,0,0,1.77858,1.1063,3.2273
56,840,854,15,PACKAGE_SCENE,500000000,122071,32768,0,0,0,0,0,0,0,0,0,0,0,0,1.91771,1.1178,3.4006
57,855,869,15,PACKAGE_SCENE,500000000,122071,32768,0,0,0,0,0,0,0,0,0,0,0,0,1.69596,1.1221,3.1807
58,870,884,15,PACKAGE_SCENE,500000000,122071,32768,0,0,0,0,0,0,0,0,0,0,0,0,1.69763,1.074,2.9032
59,885,899,15,PACKAGE_SCENE,500000000,122071,32768,0,0,0,0,0,0,0,0,0,0,0,0,1.74684,1.1302,2.8006
60,900,914,15,PACKAGE_SCENE,500000000,122071,32768,0,0,0,0,0,0,0,0,0,0,0,0,1.58811,1.1474,2.5542
61,915,929,15,PACKAGE_SCENE,500000000,122071,32768,0,0,0,0,0,0,0,0,0,0,0,0,1.87384,1.0544,2.9003
62,930,944,15,PACKAGE_SCENE,500000000,122071,32768,0,0,0,0,0,0,0,0,0,0,0,0,1.78021,1.0439,2.956
63,945,959,15,PACKAGE_SCENE,500000000,122071,32768,0,0,0,0,0,0,0,0,0,0,0,0,1.79889,1.1622,2.9449
64,960,974,15,PACKAGE_SCENE,500000000,122071,32768,0,0,0,0,0,0,0,0,0,0,0,0,1.65865,1.0614,2.6948
65,975,989,15,PACKAGE_SCENE,500000000,122071,32768,0,0,0,0,0,0,0,0,0,0,0,0,1.59695,1.1087,2.4701
66,990,1004,15,PACKAGE_SCENE,500000000,122071,32768,0,0,0,0,0,0,0,0,0,0,0,0,1.65694,1.1787,3.3816
67,1005,1019,15,PACKAGE_SCENE,500000000,122071,32768,0,0,0,0,0,0,0,0,0,0,0,0,1.83474,1.0302,2.8599
68,1020,1034,15,PACKAGE_SCENE,500000000,122071,32768,0,0,0,0,0,0,0,0,0,0,0,0,1.95909,1.0448,3.2596
69,1035,1049,15,PACKAGE_SCENE,500000000,122071,32768,0,0,0,0,0,0,0,0,0,0,0,0,1.75327,1.1075,2.6589
70,1050,1064,15,PACKAGE_SCENE,500000000,122071,32768,0,0,0,0,0,0,0,0,0,0,0,0,1.75659,1.1739,3.6613
71,1065,1079,15,PACKAGE_SCENE,500000000,122071,32768,0,0,0,0,0,0,0,0,0,0,0,0,1.67494,1.0936,2.5246
72,1080,1094,15,PACKAGE_SCENE,500000000,122071,32768,0,0,0,0,0,0,0,0,0,0,0,0,1.46153,1.1864,2.405
73,1095,1109,15,PACKAGE_SCENE,500000000,122071,32768,0,0,0,0,0,0,0,0,0,0,0,0,1.79133,1.0836,3.3551
74,1110,1124,15,PACKAGE_SCENE,500000000,122071,32768,0,0,0,0,0,0,0,0,0,0,0,0,1.86711,1.0549,3.2519
75,1125,1139,15,PACKAGE_SCENE,500000000,122071,32768,0,0,0,0,0,0,0,0,0,0,0,0,1.67469,1.0919,3.2672
76,1140,1154,15,PACKAGE_SCENE,500000000,122071,32768,0,0,0,0,0,0,0,0,0,0,0,0,1.68567,1.1453,3.4058
77,1155,1169,15,PACKAGE_SCENE,500000000,122071,32768,0,0,0,0,0,0,0,0,0,0,0,0,1.60983,1.1637,2.4586
78,1170,1184,15,PACKAGE_SCENE,500000000,122071,32768,0,0,0,0,0,0,0,0,0,0,0,0,1.62798,1.1606,2.4724
79,1185,1199,15,PACKAGE_SCENE,500000000,122071,32768,0,0,0,0,0,0,0,0,0,0,0,0,1.76767,1.0581,2.9926
80,1200,1214,15,PACKAGE_SCENE,500000000,122071,32768,0,0,0,0,0,0,0,0,0,0,0,0,1.92096,1.1295,4.5107
81,1215,1229,15,PACKAGE_SCENE,500000000,122071,32768,0,0,0,0,0,0,0,0,0,0,0,0,1.71344,1.1106,3.3593
82,1230,1244,15,PACKAGE_SCENE,500000000,122071,32768,0,0,0,0,0,0,0,0,0,0,0,0,1.92806,1.0486,3.477
83,1245,1259,15,PACKAGE_SCENE,500000000,122071,32768,0,0,0,0,0,0,0,0,0,0,0,0,1.60162,1.1094,3.5188
84,1260,1274,15,PACKAGE_SCENE,500000000,122071,32768,0,0,0,0,0,0,0,0,0,0,0,0,1.67435,1.13,2.8782
85,1275,1289,15,PACKAGE_SCENE,500000000,122071,32768,0,0,0,0,0,0,0,0,0,0,0,0,1.79108,1.1225,3.3843
86,1290,1304,15,PACKAGE_SCENE,500000000,122071,32768,0,0,0,0,0,0,0,0,0,0,0,0,1.90111,0.9797,3.4062
87,1305,1319,15,PACKAGE_SCENE,500000000,122071,32768,0,0,0,0,0,0,0,0,0,0,0,0,2.08583,1.1124,3.4844
88,1320,1334,15,PACKAGE_SCENE,500000000,122071,32768,0,0,0,0,0,0,0,0,0,0,0,0,1.81176,1.1412,2.9183
89,1335,1349,15,PACKAGE_SCENE,500000000,122071,32768,0,0,0,0,0,0,0,0,0,0,0,0,1.81557,1.1582,4.162
90,1350,1364,15,PACKAGE_SCENE,500000000,122071,32768,0,0,0,0,0,0,0,0,0,0,0,0,1.75585,1.0616,4.6375
91,1365,1379,15,PACKAGE_SCENE,500000000,122071,32768,0,0,0,0,0,0,0,0,0,0,0,0,1.63079,1.176,3.2698
92,1380,1394,15,PACKAGE_SCENE,500000000,122071,32768,0,0,0,0,0,0,0,0,0,0,0,0,3.18081,1.8517,6.1434
93,1395,1409,15,PACKAGE_SCENE,500000000,122071,32768,0,0,0,0,0,0,0,0,0,0,0,0,2.72277,2.1491,4.5313
94,1410,1424,15,PACKAGE_SCENE,500000000,122071,32768,0,0,0,0,0,0,0,0,0,0,0,0,2.54293,1.7148,3.5616
95,1425,1439,15,PACKAGE_SCENE,500000000,122071,32768,0,0,0,0,0,0,0,0,0,0,0,0,1.89661,1.0631,3.3568
96,1440,1454,15,PACKAGE_SCENE,500000000,122071,32768,0,0,0,0,0,0,0,0,0,0,0,0,2.43066,1.3603,4.1326
97,1455,1469,15,PACKAGE_SCENE,500000000,122071,32768,0,0,0,0,0,0,0,0,0,0,0,0,2.98166,1.0297,12.7714
98,1470,1484,15,PACKAGE_SCENE,500000000,122071,32768,0,0,0,0,0,0,0,0,0,0,0,0,1.62828,1.0436,3.2387
99,1485,1499,15,PACKAGE_SCENE,500000000,122071,32768,0,0,0,0,0,0,0,0,0,0,0,0,1.93521,1.3035,3.8015
100,1500,1514,15,PACKAGE_SCENE,500000000,122071,32768,0,0,0,0,0,0,0,0,0,0,0,0,2.19473,1.2569,3.3027
101,1515,1529,15,PACKAGE_SCENE,500000000,122071,32768,0,0,0,0,0,0,0,0,0,0,0,0,2.66959,1.3551,9.3415
102,1530,1544,15,PACKAGE_SCENE,500000000,122071,32768,0,0,0,0,0,0,0,0,0,0,0,0,1.88815,1.0456,2.7793
103,1545,1559,15,PACKAGE_SCENE,500000000,122071,32768,0,0,0,0,0,0,0,0,0,0,0,0,1.76999,1.1752,2.9526
104,1560,1574,15,PACKAGE_SCENE,500000000,122071,32768,0,0,0,0,0,0,0,0,0,0,0,0,1.58736,1.1375,3.2195
105,1575,1589,15,PACKAGE_SCENE,500000000,122071,32768,0,0,0,0,0,0,0,0,0,0,0,0,1.71281,1.0568,3.6506
106,1590,1604,15,PACKAGE_SCENE,500000000,122071,32768,0,0,0,0,0,0,0,0,0,0,0,0,1.61919,1.1101,3.7622
107,1605,1619,15,PACKAGE_SCENE,500000000,122071,32768,0,0,0,0,0,0,0,0,0,0,0,0,1.86798,1.0814,3.358
108,1620,1634,15,PACKAGE_SCENE,500000000,122071,32768,0,0,0,0,0,0,0,0,0,0,0,0,1.58723,1.081,2.695
109,1635,1649,15,PACKAGE_SCENE,500000000,122071,32768,0,0,0,0,0,0,0,0,0,0,0,0,1.61166,1.1341,3.4437
110,1650,1664,15,PACKAGE_SCENE,500000000,122071,32768,0,0,0,0,0,0,0,0,0,0,0,0,1.6737,1.1354,2.74
111,1665,1679,15,PACKAGE_SCENE,500000000,122071,32768,0,0,0,0,0,0,0,0,0,0,0,0,1.67835,1.0752,2.8471
112,1680,1694,15,PACKAGE_SCENE,500000000,122071,32768,0,0,0,0,0,0,0,0,0,0,0,0,1.73079,1.0998,2.9865
113,1695,1709,15,PACKAGE_SCENE,500000000,122071,32768,0,0,0,0,0,0,0,0,0,0,0,0,1.60933,1.1411,2.877
114,1710,1724,15,PACKAGE_SCENE,500000000,122071,32768,0,0,0,0,0,0,0,0,0,0,0,0,1.75623,1.028,2.9771
115,1725,1739,15,PACKAGE_SCENE,500000000,122071,32768,0,0,0,0,0,0,0,0,0,0,0,0,1.72903,1.0665,2.8915
116,1740,1754,15,PACKAGE_SCENE,500000000,122071,32768,0,0,0,0,0,0,0,0,0,0,0,0,1.69974,1.0596,3.7018
117,1755,1769,15,PACKAGE_SCENE,500000000,122071,32768,0,0,0,0,0,0,0,0,0,0,0,0,1.71827,1.0844,3.374
118,1770,1784,15,PACKAGE_SCENE,500000000,122071,32768,0,0,0,0,0,0,0,0,0,0,0,0,1.95581,0.9911,4.9747
119,1785,1799,15,PACKAGE_SCENE,500000000,122071,32768,0,0,0,0,0,0,0,0,0,0,0,0,1.65637,1.0979,2.826
120,1800,1814,15,PACKAGE_SCENE,500000000,122071,32768,0,0,0,0,0,0,0,0,0,0,0,0,1.80697,1.1486,3.6047
121,1815,1829,15,PACKAGE_SCENE,500000000,122071,32768,0,0,0,0,0,0,0,0,0,0,0,0,1.96943,1.1052,3.5062
122,1830,1844,15,PACKAGE_SCENE,500000000,122071,32768,0,0,0,0,0,0,0,0,0,0,0,0,2.14389,1.1039,5.8773
123,1845,1859,15,PACKAGE_SCENE,500000000,122071,32768,0,0,0,0,0,0,0,0,0,0,0,0,1.8708,1.0577,3.7987
124,1860,1874,15,PACKAGE_SCENE,500000000,122071,32768,0,0,0,0,0,0,0,0,0,0,0,0,1.81056,1.0798,3.4932
125,1875,1889,15,PACKAGE_SCENE,500000000,122071,32768,0,0,0,0,0,0,0,0,0,0,0,0,1.62245,1.0688,3.052
126,1890,1904,15,PACKAGE_SCENE,500000000,122071,32768,0,0,0,0,0,0,0,0,0,0,0,0,1.79723,1.1396,2.9305
127,1905,1919,15,PACKAGE_SCENE,500000000,122071,32768,0,0,0,0,0,0,0,0,0,0,0,0,1.54483,1.1348,2.3035
128,1920,1934,15,PACKAGE_SCENE,500000000,122071,32768,0,0,0,0,0,0,0,0,0,0,0,0,1.66783,1.0505,2.9385
129,1935,1949,15,PACKAGE_SCENE,500000000,122071,32768,0,0,0,0,0,0,0,0,0,0,0,0,1.82639,1.0748,2.9349
130,1950,1964,15,PACKAGE_SCENE,500000000,122071,32768,0,0,0,0,0,0,0,0,0,0,0,0,1.71779,1.0267,2.9447
131,1965,1979,15,PACKAGE_SCENE,500000000,122071,32768,0,0,0,0,0,0,0,0,0,0,0,0,1.69197,1.1139,2.992
132,1980,1994,15,PACKAGE_SCENE,500000000,122071,32768,0,0,0,0,0,0,0,0,0,0,0,0,1.61013,1.084,2.55
133,1995,2009,15,PACKAGE_SCENE,500000000,122071,32768,0,0,0,0,0,0,0,0,0,0,0,0,1.63795,1.2263,3.6471
134,2010,2024,15,PACKAGE_SCENE,500000000,122071,32768,0,0,0,0,0,0,0,0,0,0,0,0,1.74368,1.1456,3.2199
135,2025,2039,15,PACKAGE_SCENE,500000000,122071,32768,0,0,0,0,0,0,0,0,0,0,0,0,1.67414,1.1029,3.0918
136,2040,2054,15,PACKAGE_SCENE,500000000,122071,32768,0,0,0,0,0,0,0,0,0,0,0,0,1.71629,1.1104,3.4889
137,2055,2069,15,PACKAGE_SCENE,500000000,122071,32768,0,0,0,0,0,0,0,0,0,0,0,0,1.56345,1.176,2.8124
138,2070,2084,15,PACKAGE_SCENE,500000000,122071,32768,0,0,0,0,0,0,0,0,0,0,0,0,1.83975,1.0862,2.8317
139,2085,2099,15,PACKAGE_SCENE,500000000,122071,32768,0,0,0,0,0,0,0,0,0,0,0,0,1.77972,1.1326,3.4002
140,2100,2114,15,PACKAGE_SCENE,500000000,122071,32768,0,0,0,0,0,0,0,0,0,0,0,0,1.8961,1.0567,3.712
141,2115,2129,15,PACKAGE_SCENE,500000000,122071,32768,0,0,0,0,0,0,0,0,0,0,0,0,1.81927,1.1458,3.2447
142,2130,2144,15,PACKAGE_SCENE,500000000,122071,32768,0,0,0,0,0,0,0,0,0,0,0,0,1.70326,1.0836,3.1615
143,2145,2159,15,PACKAGE_SCENE,500000000,122071,32768,0,0,0,0,0,0,0,0,0,0,0,0,1.81766,1.0804,3.608
144,2160,2174,15,PACKAGE_SCENE,500000000,122071,32768,0,0,0,0,0,0,0,0,0,0,0,0,1.48379,1.0952,2.3182
145,2175,2189,15,PACKAGE_SCENE,500000000,122071,32768,0,0,0,0,0,0,0,0,0,0,0,0,1.88561,1.1322,3.6291
146,2190,2204,15,PACKAGE_SCENE,500000000,122071,32768,0,0,0,0,0,0,0,0,0,0,0,0,1.80712,1.0324,3.1675
147,2205,2219,15,PACKAGE_SCENE,500000000,122071,32768,0,0,0,0,0,0,0,0,0,0,0,0,1.75895,1.1351,3.5501
148,2220,2234,15,PACKAGE_SCENE,500000000,122071,32768,0,0,0,0,0,0,0,0,0,0,0,0,1.68769,1.1334,2.5843
149,2235,2249,15,PACKAGE_SCENE,500000000,122071,32768,0,0,0,0,0,0,0,0,0,0,0,0,1.58003,1.0796,2.2614
150,2250,2264,15,PACKAGE_SCENE,500000000,122071,32768,0,0,0,0,0,0,0,0,0,0,0,0,1.70059,1.0516,2.63
151,2265,2279,15,PACKAGE_SCENE,500000000,122071,32768,0,0,0,0,0,0,0,0,0,0,0,0,1.82939,1.1044,3.4678
152,2280,2294,15,PACKAGE_SCENE,500000000,122071,32768,0,0,0,0,0,0,0,0,0,0,0,0,1.79697,1.1174,3.0101
153,2295,2309,15,PACKAGE_SCENE,500000000,122071,32768,0,0,0,0,0,0,0,0,0,0,0,0,1.69436,1.1014,2.7437
154,2310,2324,15,PACKAGE_SCENE,500000000,122071,32768,0,0,0,0,0,0,0,0,0,0,0,0,1.73015,1.0594,2.6441
155,2325,2339,15,PACKAGE_SCENE,500000000,122071,32768,0,0,0,0,0,0,0,0,0,0,0,0,1.65669,1.0645,2.756
156,2340,2354,15,PACKAGE_SCENE,500000000,122071,32768,0,0,0,0,0,0,0,0,0,0,0,0,1.59088,1.1194,2.4787
157,2355,2369,15,PACKAGE_SCENE,500000000,122071,32768,0,0,0,0,0,0,0,0,0,0,0,0,1.87663,1.0994,3.9397
158,2370,2384,15,PACKAGE_SCENE,500000000,122071,32768,0,0,0,0,0,0,0,0,0,0,0,0,1.99267,1.0103,2.8671
159,2385,2399,15,PACKAGE_SCENE,500000000,122071,32768,0,0,0,0,0,0,0,0,0,0,0,0,1.84099,1.0609,2.9702
160,2400,2414,15,PACKAGE_SCENE,500000000,122071,32768,0,0,0,0,0,0,0,0,0,0,0,0,2.19676,1.1124,3.8502
161,2415,2429,15,PACKAGE_SCENE,500000000,122071,32768,0,0,0,0,0,0,0,0,0,0,0,0,2.42265,1.0608,8.7109
162,2430,2444,15,PACKAGE_SCENE,500000000,122071,32768,0,0,0,0,0,0,0,0,0,0,0,0,2.71721,1.1261,12.1418
163,2445,2459,15,PACKAGE_SCENE,500000000,122071,32768,0,0,0,0,0,0,0,0,0,0,0,0,1.54981,1.0746,3.1634
164,2460,2474,15,PACKAGE_SCENE,500000000,122071,32768,0,0,0,0,0,0,0,0,0,0,0,0,2.75642,1.203,7.454
165,2475,2489,15,PACKAGE_SCENE,500000000,122071,32768,0,0,0,0,0,0,0,0,0,0,0,0,1.7862,1.0819,3.0861
166,2490,2504,15,PACKAGE_SCENE,500000000,122071,32768,0,0,0,0,0,0,0,0,0,0,0,0,2.35561,1.1861,11.1964
167,2505,2519,15,PACKAGE_SCENE,500000000,122071,32768,0,0,0,0,0,0,0,0,0,0,0,0,1.79433,1.0526,3.2771
168,2520,2534,15,PACKAGE_SCENE,500000000,122071,32768,0,0,0,0,0,0,0,0,0,0,0,0,2.44414,1.0658,10.727
169,2535,2549,15,PACKAGE_SCENE,500000000,122071,32768,0,0,0,0,0,0,0,0,0,0,0,0,1.82005,1.0516,2.9573
170,2550,2564,15,PACKAGE_SCENE,500000000,122071,32768,0,0,0,0,0,0,0,0,0,0,0,0,2.88595,1.4159,11.2034
171,2565,2579,15,PACKAGE_SCENE,500000000,122071,32768,0,0,0,0,0,0,0,0,0,0,0,0,1.3899,1.0947,2.5229
172,2580,2594,15,PACKAGE_SCENE,500000000,122071,32768,0,0,0,0,0,0,0,0,0,0,0,0,2.92053,1.0453,6.934
173,2595,2609,15,PACKAGE_SCENE,500000000,122071,32768,0,0,0,0,0,0,0,0,0,0,0,0,2.80217,1.1792,9.2022
174,2610,2624,15,PACKAGE_SCENE,500000000,122071,32768,0,0,0,0,0,0,0,0,0,0,0,0,1.61733,1.0709,3.1061
175,2625,2639,15,PACKAGE_SCENE,500000000,122071,32768,0,0,0,0,0,0,0,0,0,0,0,0,1.80422,1.1419,2.8985
176,2640,2654,15,PACKAGE_SCENE,500000000,122071,32768,0,0,0,0,0,0,0,0,0,0,0,0,2.42485,1.1391,8.6019
177,2655,2669,15,PACKAGE_SCENE,500000000,122071,32768,0,0,0,0,0,0,0,0,0,0,0,0,2.65583,1.1546,12.0714
178,2670,2684,15,PACKAGE_SCENE,500000000,122071,32768,0,0,0,0,0,0,0,0,0,0,0,0,1.83269,1.0639,3.3716
179,2685,2699,15,PACKAGE_SCENE,500000000,122071,32768,0,0,0,0,0,0,0,0,0,0,0,0,1.99475,1.0569,4.1677
180,2700,2714,15,PACKAGE_SCENE,500000000,122071,32768,0,0,0,0,0,0,0,0,0,0,0,0,2.37373,1.1265,5.909
181,2715,2729,15,PACKAGE_SCENE,500000000,122071,32768,0,0,0,0,0,0,0,0,0,0,0,0,1.81221,1.0194,3.531
182,2730,2744,15,PACKAGE_SCENE,500000000,122071,32768,0,0,0,0,0,0,0,0,0,0,0,0,2.3813,1.1248,7.1712
183,2745,2759,15,PACKAGE_SCENE,500000000,122071,32768,0,0,0,0,0,0,0,0,0,0,0,0,2.55133,1.1428,10.7236
184,2760,2774,15,PACKAGE_SCENE,500000000,122071,32768,0,0,0,0,0,0,0,0,0,0,0,0,1.80709,1.125,3.1688
185,2775,2789,15,PACKAGE_SCENE,500000000,122071,32768,0,0,0,0,0,0,0,0,0,0,0,0,2.4456,1.0509,12.7359
186,2790,2804,15,PACKAGE_SCENE,500000000,122071,32768,0,0,0,0,0,0,0,0,0,0,0,0,2.01967,1.209,3.6177
187,2805,2819,15,PACKAGE_SCENE,500000000,122071,32768,0,0,0,0,0,0,0,0,0,0,0,0,2.64925,1.0879,12.764
188,2820,2834,15,PACKAGE_SCENE,500000000,122071,32768,0,0,0,0,0,0,0,0,0,0,0,0,1.72215,1.0912,3.6321
189,2835,2849,15,PACKAGE_SCENE,500000000,122071,32768,0,0,0,0,0,0,0,0,0,0,0,0,2.68829,1.0271,6.5054
190,2850,2864,15,PACKAGE_SCENE,500000000,122071,32768,0,0,0,0,0,0,0,0,0,0,0,0,1.81347,1.0426,3.2566
191,2865,2879,15,PACKAGE_SCENE,500000000,122071,32768,0,0,0,0,0,0,0,0,0,0,0,0,2.39644,1.0877,11.0107
192,2880,2894,15,PACKAGE_SCENE,500000000,122071,32768,0,0,0,0,0,0,0,0,0,0,0,0,1.84941,1.3048,3.644
193,2895,2909,15,PACKAGE_SCENE,500000000,122071,32768,0,0,0,0,0,0,0,0,0,0,0,0,2.83507,1.0552,5.8928
194,2910,2924,15,PACKAGE_SCENE,500000000,122071,32768,0,0,0,0,0,0,0,0,0,0,0,0,1.76839,0.9981,3.7708
195,2925,2939,15,PACKAGE_SCENE,500000000,122071,32768,0,0,0,0,0,0,0,0,0,0,0,0,2.52522,1.1276,8.5241
196,2940,2954,15,PACKAGE_SCENE,500000000,122071,32768,0,0,0,0,0,0,0,0,0,0,0,0,2.73329,1.0289,14.6614
197,2955,2969,15,PACKAGE_SCENE,500000000,122071,32768,0,0,0,0,0,0,0,0,0,0,0,0,1.66793,1.1865,2.8231
198,2970,2984,15,PACKAGE_SCENE,500000000,122071,32768,0,0,0,0,0,0,0,0,0,0,0,0,2.69953,1.1913,12.1483
199,2985,2999,15,PACKAGE_SCENE,500000000,122071,32768,0,0,0,0,0,0,0,0,0,0,0,0,1.67443,1.0892,3.3184
200,3000,3014,15,PACKAGE_SCENE,500000000,122071,32768,0,0,0,0,0,0,0,0,0,0,0,0,1.97254,1.0709,3.8112
201,3015,3029,15,PACKAGE_SCENE,500000000,122071,32768,0,0,0,0,0,0,0,0,0,0,0,0,2.43973,1.0454,4.5663
202,3030,3044,15,PACKAGE_SCENE,500000000,122071,32768,0,0,0,0,0,0,0,0,0,0,0,0,2.66587,1.2404,10.9671
203,3045,3059,15,PACKAGE_SCENE,500000000,122071,32768,0,0,0,0,0,0,0,0,0,0,0,0,2.13489,1.1677,3.4872
204,3060,3074,15,PACKAGE_SCENE,500000000,122071,32768,0,0,0,0,0,0,0,0,0,0,0,0,2.28972,1.1439,10.2722
205,3075,3089,15,PACKAGE_SCENE,500000000,122071,32768,0,0,0,0,0,0,0,0,0,0,0,0,1.75729,1.1313,3.5758
206,3090,3104,15,PACKAGE_SCENE,500000000,122071,32768,0,0,0,0,0,0,0,0,0,0,0,0,1.94673,1.1078,3.959
207,3105,3119,15,PACKAGE_SCENE,500000000,122071,32768,0,0,0,0,0,0,0,0,0,0,0,0,2.35784,1.043,6.4492
208,3120,3134,15,PACKAGE_SCENE,500000000,122071,32768,0,0,0,0,0,0,0,0,0,0,0,0,2.02673,1.1529,3.0994
209,3135,3149,15,PACKAGE_SCENE,500000000,122071,32768,0,0,0,0,0,0,0,0,0,0,0,0,2.37882,1.1198,7.9283
210,3150,3164,15,PACKAGE_SCENE,500000000,122071,32768,0,0,0,0,0,0,0,0,0,0,0,0,2.45507,1.1012,13.2061
211,3165,3179,15,PACKAGE_SCENE,500000000,122071,32768,0,0,0,0,0,0,0,0,0,0,0,0,1.76433,1.1173,4.0268
212,3180,3194,15,PACKAGE_SCENE,500000000,122071,32768,0,0,0,0,0,0,0,0,0,0,0,0,2.65339,1.1615,8.021
213,3195,3209,15,PACKAGE_SCENE,500000000,122071,32768,0,0,0,0,0,0,0,0,0,0,0,0,1.57099,1.0623,2.6605
214,3210,3224,15,PACKAGE_SCENE,500000000,122071,32768,0,0,0,0,0,0,0,0,0,0,0,0,2.66485,1.1749,7.8501
215,3225,3239,15,PACKAGE_SCENE,500000000,122071,32768,0,0,0,0,0,0,0,0,0,0,0,0,1.71608,1.1014,2.8565
216,3240,3254,15,PACKAGE_SCENE,500000000,122071,32768,0,0,0,0,0,0,0,0,0,0,0,0,2.65603,1.0752,8.4138
217,3255,3269,15,PACKAGE_SCENE,500000000,122071,32768,0,0,0,0,0,0,0,0,0,0,0,0,1.77043,1.0751,3.7331
218,3270,3284,15,PACKAGE_SCENE,500000000,122071,32768,0,0,0,0,0,0,0,0,0,0,0,0,2.88475,1.1244,12.786
219,3285,3299,15,PACKAGE_SCENE,500000000,122071,32768,0,0,0,0,0,0,0,0,0,0,0,0,2.48745,1.0982,11.3946
220,3300,3314,15,PACKAGE_SCENE,500000000,122071,32768,0,0,0,0,0,0,0,0,0,0,0,0,1.6859,1.1338,3.1333
221,3315,3329,15,PACKAGE_SCENE,500000000,122071,32768,0,0,0,0,0,0,0,0,0,0,0,0,2.53753,1.1397,11.6543
222,3330,3344,15,PACKAGE_SCENE,500000000,122071,32768,0,0,0,0,0,0,0,0,0,0,0,0,1.9467,1.0954,3.7804
223,3345,3359,15,PACKAGE_SCENE,500000000,122071,32768,0,0,0,0,0,0,0,0,0,0,0,0,2.71786,1.3124,9.6482
224,3360,3374,15,PACKAGE_SCENE,500000000,122071,32768,0,0,0,0,0,0,0,0,0,0,0,0,1.70275,1.1144,2.8499
225,3375,3389,15,PACKAGE_SCENE,500000000,122071,32768,0,0,0,0,0,0,0,0,0,0,0,0,2.49746,1.1782,11.4362
226,3390,3404,15,PACKAGE_SCENE,500000000,122071,32768,0,0,0,0,0,0,0,0,0,0,0,0,1.70483,1.0929,3.7165
227,3405,3419,15,PACKAGE_SCENE,500000000,122071,32768,0,0,0,0,0,0,0,0,0,0,0,0,3.11266,1.4747,12.4591
228,3420,3434,15,PACKAGE_SCENE,500000000,122071,32768,0,0,0,0,0,0,0,0,0,0,0,0,1.67507,1.0287,2.5657
229,3435,3449,15,PACKAGE_SCENE,500000000,122071,32768,0,0,0,0,0,0,0,0,0,0,0,0,2.82005,1.1478,6.6421
230,3450,3464,15,PACKAGE_SCENE,500000000,122071,32768,0,0,0,0,0,0,0,0,0,0,0,0,1.69776,1.1558,3.1569
231,3465,3479,15,PACKAGE_SCENE,500000000,122071,32768,0,0,0,0,0,0,0,0,0,0,0,0,3.11901,1.1425,10.6396
232,3480,3494,15,PACKAGE_SCENE,500000000,122071,32768,0,0,0,0,0,0,0,0,0,0,0,0,2.06743,1.1159,3.8969
233,3495,3509,15,PACKAGE_SCENE,500000000,122071,32768,0,0,0,0,0,0,0,0,0,0,0,0,2.60291,1.3504,8.5133
234,3510,3524,15,PACKAGE_SCENE,500000000,122071,32768,0,0,0,0,0,0,0,0,0,0,0,0,2.47427,1.0562,9.6904
235,3525,3539,15,PACKAGE_SCENE,500000000,122071,32768,0,0,0,0,0,0,0,0,0,0,0,0,1.82867,1.0966,3.5363
236,3540,3554,15,PACKAGE_SCENE,500000000,122071,32768,0,0,0,0,0,0,0,0,0,0,0,0,2.03508,1.0593,3.2209
237,3555,3569,15,PACKAGE_SCENE,500000000,122071,32768,0,0,0,0,0,0,0,0,0,0,0,0,2.34151,1.1054,6.4203
238,3570,3584,15,PACKAGE_SCENE,500000000,122071,32768,0,0,0,0,0,0,0,0,0,0,0,0,2.50438,1.1938,10.6533
239,3585,3599,15,PACKAGE_SCENE,500000000,122071,32768,0,0,0,0,0,0,0,0,0,0,0,0,1.85677,1.0994,3.9651
240,3600,3614,15,PACKAGE_SCENE,500000000,122071,32768,0,0,0,0,0,0,0,0,0,0,0,0,2.39325,1.1009,11.1321
241,3615,3629,15,PACKAGE_SCENE,500000000,122071,32768,0,0,0,0,0,0,0,0,0,0,0,0,1.83989,1.2166,3.3766
242,3630,3644,15,PACKAGE_SCENE,500000000,122071,32768,0,0,0,0,0,0,0,0,0,0,0,0,2.41937,1.1055,9.9349
243,3645,3659,15,PACKAGE_SCENE,500000000,122071,32768,0,0,0,0,0,0,0,0,0,0,0,0,1.83074,1.225,3.0583
244,3660,3674,15,PACKAGE_SCENE,500000000,122071,32768,0,0,0,0,0,0,0,0,0,0,0,0,2.18667,1.0747,4.4654
245,3675,3689,15,PACKAGE_SCENE,500000000,122071,32768,0,0,0,0,0,0,0,0,0,0,0,0,2.3974,1.1452,7.7722
246,3690,3704,15,PACKAGE_SCENE,500000000,122071,32768,0,0,0,0,0,0,0,0,0,0,0,0,2.46689,1.1802,12.8915
247,3705,3719,15,PACKAGE_SCENE,500000000,122071,32768,0,0,0,0,0,0,0,0,0,0,0,0,1.93254,1.1529,3.1399
248,3720,3734,15,PACKAGE_SCENE,500000000,122071,32768,0,0,0,0,0,0,0,0,0,0,0,0,2.80089,1.0596,8.0122
249,3735,3749,15,PACKAGE_SCENE,500000000,122071,32768,0,0,0,0,0,0,0,0,0,0,0,0,1.82647,1.0709,2.9657
250,3750,3764,15,PACKAGE_SCENE,500000000,122071,32768,0,0,0,0,0,0,0,0,0,0,0,0,2.62918,1.1475,13.2479
251,3765,3779,15,PACKAGE_SCENE,500000000,122071,32768,0,0,0,0,0,0,0,0,0,0,0,0,2.64057,1.0717,10.7906
252,3780,3794,15,PACKAGE_SCENE,500000000,122071,32768,0,0,0,0,0,0,0,0,0,0,0,0,1.69717,1.085,3.2191
253,3795,3809,15,PACKAGE_SCENE,500000000,122071,32768,0,0,0,0,0,0,0,0,0,0,0,0,1.95717,1.1036,3.3399
254,3810,3824,15,PACKAGE_SCENE,500000000,122071,32768,0,0,0,0,0,0,0,0,0,0,0,0,2.36523,1.0537,5.7518
255,3825,3839,15,PACKAGE_SCENE,500000000,122071,32768,0,0,0,0,0,0,0,0,0,0,0,0,2.58795,1.1027,9.9009
256,3840,3854,15,PACKAGE_SCENE,500000000,122071,32768,0,0,0,0,0,0,0,0,0,0,0,0,1.73773,1.1458,2.7902
257,3855,3869,15,PACKAGE_SCENE,500000000,122071,32768,0,0,0,0,0,0,0,0,0,0,0,0,2.5206,1.1695,11.724
258,3870,3884,15,PACKAGE_SCENE,500000000,122071,32768,0,0,0,0,0,0,0,0,0,0,0,0,1.68436,1.2353,2.8193
259,3885,3899,15,PACKAGE_SCENE,500000000,122071,32768,0,0,0,0,0,0,0,0,0,0,0,0,2.68205,1.0731,12.1382
260,3900,3914,15,PACKAGE_SCENE,500000000,122071,32768,0,0,0,0,0,0,0,0,0,0,0,0,1.78646,1.0453,3.4597
261,3915,3929,15,PACKAGE_SCENE,500000000,122071,32768,0,0,0,0,0,0,0,0,0,0,0,0,2.00589,1.2302,3.7508
262,3930,3944,15,PACKAGE_SCENE,500000000,122071,32768,0,0,0,0,0,0,0,0,0,0,0,0,2.72128,1.0825,5.0893
263,3945,3959,15,PACKAGE_SCENE,500000000,122071,32768,0,0,0,0,0,0,0,0,0,0,0,0,2.38978,1.053,11.0386
264,3960,3974,15,PACKAGE_SCENE,500000000,122071,32768,0,0,0,0,0,0,0,0,0,0,0,0,1.65568,1.0485,2.7008
265,3975,3989,15,PACKAGE_SCENE,500000000,122071,32768,0,0,0,0,0,0,0,0,0,0,0,0,2.09879,1.0822,3.8257
266,3990,4004,15,PACKAGE_SCENE,500000000,122071,32768,0,0,0,0,0,0,0,0,0,0,0,0,2.40834,1.072,7.9813
267,4005,4019,15,PACKAGE_SCENE,500000000,122071,32768,0,0,0,0,0,0,0,0,0,0,0,0,2.61983,1.1004,10.7413
268,4020,4034,15,PACKAGE_SCENE,500000000,122071,32768,0,0,0,0,0,0,0,0,0,0,0,0,1.69872,1.0884,3.0701
269,4035,4049,15,PACKAGE_SCENE,500000000,122071,32768,0,0,0,0,0,0,0,0,0,0,0,0,2.30513,1.1155,11.4242
270,4050,4064,15,PACKAGE_SCENE,500000000,122071,32768,0,0,0,0,0,0,0,0,0,0,0,0,1.81597,1.0623,3.1152
271,4065,4079,15,PACKAGE_SCENE,500000000,122071,32768,0,0,0,0,0,0,0,0,0,0,0,0,2.45841,1.2017,10.3523
272,4080,4094,15,PACKAGE_SCENE,500000000,122071,32768,0,0,0,0,0,0,0,0,0,0,0,0,1.82675,1.1353,3.2316
273,4095,4109,15,PACKAGE_SCENE,500000000,122071,32768,0,0,0,0,0,0,0,0,0,0,0,0,2.50683,1.0541,10.6363
274,4110,4124,15,PACKAGE_SCENE,500000000,122071,32768,0,0,0,0,0,0,0,0,0,0,0,0,1.81307,1.0672,2.9398
275,4125,4139,15,PACKAGE_SCENE,500000000,122071,32768,0,0,0,0,0,0,0,0,0,0,0,0,2.52513,1.0885,11.6947
276,4140,4154,15,PACKAGE_SCENE,500000000,122071,32768,0,0,0,0,0,0,0,0,0,0,0,0,1.96009,1.0329,4.0817
277,4155,4169,15,PACKAGE_SCENE,500000000,122071,32768,0,0,0,0,0,0,0,0,0,0,0,0,2.53384,1.0815,9.8478
278,4170,4184,15,PACKAGE_SCENE,500000000,122071,32768,0,0,0,0,0,0,0,0,0,0,0,0,2.74716,1.053,13.8285
279,4185,4199,15,PACKAGE_SCENE,500000000,122071,32768,0,0,0,0,0,0,0,0,0,0,0,0,1.92548,1.2567,3.6536
280,4200,4214,15,PACKAGE_SCENE,500000000,122071,32768,0,0,0,0,0,0,0,0,0,0,0,0,2.54496,1.1678,11.6512
281,4215,4229,15,PACKAGE_SCENE,500000000,122071,32768,0,0,0,0,0,0,0,0,0,0,0,0,2.30059,1.1174,3.4895
282,4230,4244,15,PACKAGE_SCENE,500000000,122071,32768,0,0,0,0,0,0,0,0,0,0,0,0,2.75866,1.0477,9.5138
283,4245,4259,15,PACKAGE_SCENE,500000000,122071,32768,0,0,0,0,0,0,0,0,0,0,0,0,1.68587,1.1206,3.1246
284,4260,4274,15,PACKAGE_SCENE,500000000,122071,32768,0,0,0,0,0,0,0,0,0,0,0,0,2.65021,1.0778,9.7997
285,4275,4289,15,PACKAGE_SCENE,500000000,122071,32768,0,0,0,0,0,0,0,0,0,0,0,0,1.67033,1.1469,3.281
286,4290,4304,15,PACKAGE_SCENE,500000000,122071,32768,0,0,0,0,0,0,0,0,0,0,0,0,2.68817,1.1291,12.3611
287,4305,4319,15,PACKAGE_SCENE,500000000,122071,32768,0,0,0,0,0,0,0,0,0,0,0,0,1.77509,1.1263,2.8972
288,4320,4334,15,PACKAGE_SCENE,500000000,122071,32768,0,0,0,0,0,0,0,0,0,0,0,0,2.35536,1.0617,10.7905
289,4335,4349,15,PACKAGE_SCENE,500000000,122071,32768,0,0,0,0,0,0,0,0,0,0,0,0,1.70933,1.151,3.1219
290,4350,4364,15,PACKAGE_SCENE,500000000,122071,32768,0,0,0,0,0,0,0,0,0,0,0,0,2.35061,1.1378,10.9135
291,4365,4379,15,PACKAGE_SCENE,500000000,122071,32768,0,0,0,0,0,0,0,0,0,0,0,0,2.7723,1.6235,5.4013
292,4380,4394,15,PACKAGE_SCENE,500000000,122071,32768,0,0,0,0,0,0,0,0,0,0,0,0,2.27539,1.1009,6.5471
293,4395,4409,15,PACKAGE_SCENE,500000000,122071,32768,0,0,0,0,0,0,0,0,0,0,0,0,2.6086,1.0963,12.2521
294,4410,4424,15,PACKAGE_SCENE,500000000,122071,32768,0,0,0,0,0,0,0,0,0,0,0,0,1.80667,1.1847,3.2017
295,4425,4439,15,PACKAGE_SCENE,500000000,122071,32768,0,0,0,0,0,0,0,0,0,0,0,0,2.5254,1.077,12.3633
296,4440,4454,15,PACKAGE_SCENE,500000000,122071,32768,0,0,0,0,0,0,0,0,0,0,0,0,1.88034,1.0842,3.3244
297,4455,4469,15,PACKAGE_SCENE,500000000,122071,32768,0,0,0,0,0,0,0,0,0,0,0,0,2.55538,1.082,11.4048
298,4470,4484,15,PACKAGE_SCENE,500000000,122071,32768,0,0,0,0,0,0,0,0,0,0,0,0,1.98523,1.0611,2.8309
299,4485,4499,15,PACKAGE_SCENE,500000000,122071,32768,0,0,0,0,0,0,0,0,0,0,0,0,2.36152,1.1139,10.3816
300,4500,4514,15,PACKAGE_SCENE,500000000,122071,32768,0,0,0,0,0,0,0,0,0,0,0,0,1.97382,1.0473,3.8945
301,4515,4529,15,PACKAGE_SCENE,500000000,122071,32768,0,0,0,0,0,0,0,0,0,0,0,0,2.35308,1.1158,10.7034
302,4530,4544,15,PACKAGE_SCENE,500000000,122071,32768,0,0,0,0,0,0,0,0,0,0,0,0,1.75127,1.0567,3.3124
303,4545,4559,15,PACKAGE_SCENE,500000000,122071,32768,0,0,0,0,0,0,0,0,0,0,0,0,2.72236,1.268,5.9387
304,4560,4574,15,PACKAGE_SCENE,500000000,122071,32768,0,0,0,0,0,0,0,0,0,0,0,0,1.66021,1.1342,2.8209
305,4575,4589,15,PACKAGE_SCENE,500000000,122071,32768,0,0,0,0,0,0,0,0,0,0,0,0,1.92752,1.1202,4.2817
306,4590,4604,15,PACKAGE_SCENE,500000000,122071,32768,0,0,0,0,0,0,0,0,0,0,0,0,2.10056,1.1245,3.3973
307,4605,4619,15,PACKAGE_SCENE,500000000,122071,32768,0,0,0,0,0,0,0,0,0,0,0,0,1.83657,1.0674,3.1965
308,4620,4634,15,PACKAGE_SCENE,500000000,122071,32768,0,0,0,0,0,0,0,0,0,0,0,0,1.61955,1.0671,3.2938
309,4635,4649,15,PACKAGE_SCENE,500000000,122071,32768,0,0,0,0,0,0,0,0,0,0,0,0,1.72891,1.1328,2.9585
310,4650,4664,15,PACKAGE_SCENE,500000000,122071,32768,0,0,0,0,0,0,0,0,0,0,0,0,1.61103,1.1191,2.2485
311,4665,4679,15,PACKAGE_SCENE,500000000,122071,32768,0,0,0,0,0,0,0,0,0,0,0,0,1.69229,1.1523,2.5186
312,4680,4694,15,PACKAGE_SCENE,500000000,122071,32768,0,0,0,0,0,0,0,0,0,0,0,0,2.245,1.1136,3.356
313,4695,4709,15,PACKAGE_SCENE,500000000,122071,32768,0,0,0,0,0,0,0,0,0,0,0,0,1.92291,1.0795,3.1336
314,4710,4724,15,PACKAGE_SCENE,500000000,122071,32768,0,0,0,0,0,0,0,0,0,0,0,0,1.9338,1.0404,3.7045
315,4725,4739,15,PACKAGE_SCENE,500000000,122071,32768,0,0,0,0,0,0,0,0,0,0,0,0,1.79433,1.0446,3.4123
316,4740,4754,15,PACKAGE_SCENE,500000000,122071,32768,0,0,0,0,0,0,0,0,0,0,0,0,2.11165,1.3181,2.9857
317,4755,4769,15,PACKAGE_SCENE,500000000,122071,32768,0,0,0,0,0,0,0,0,0,0,0,0,1.72233,1.1259,2.837
318,4770,4784,15,PACKAGE_SCENE,500000000,122071,32768,0,0,0,0,0,0,0,0,0,0,0,0,1.68378,1.0267,2.5545
319,4785,4799,15,PACKAGE_SCENE,500000000,122071,32768,0,0,0,0,0,0,0,0,0,0,0,0,1.75741,1.1165,2.9377
320,4800,4814,15,PACKAGE_SCENE,500000000,122071,32768,0,0,0,0,0,0,0,0,0,0,0,0,1.73704,1.078,2.7757
321,4815,4829,15,PACKAGE_SCENE,500000000,122071,32768,0,0,0,0,0,0,0,0,0,0,0,0,1.91983,1.1878,3.7602
322,4830,4844,15,PACKAGE_SCENE,500000000,122071,32768,0,0,0,0,0,0,0,0,0,0,0,0,2.22579,1.3728,3.4661
323,4845,4859,15,PACKAGE_SCENE,500000000,122071,32768,0,0,0,0,0,0,0,0,0,0,0,0,4.57212,1.5533,37.0432
324,4860,4874,15,PACKAGE_SCENE,500000000,122071,32768,4.66667,0,5,4.66667,0,5,0,0,0,131.4,0,1021,17.9236,3.2668,53.7297
325,4875,4889,15,PACKAGE_SCENE,500000000,122071,32768,5,5,5,5,5,5,0,0,0,0.933333,0,14,15.5204,14.2776,16.6869
326,4890,4904,15,PACKAGE_SCENE,500000000,122071,32768,5,5,5,5,5,5,0,0,0,959.267,270,1109,15.0074,13.8803,16.574
327,4905,4919,15,PACKAGE_SCENE,500000000,122071,32768,5,5,5,5,5,5,0,0,0,1055.07,1014,1093,14.7395,13.7813,15.9459
328,4920,4934,15,PACKAGE_SCENE,500000000,122071,32768,5,5,5,5,5,5,0,0,0,1066,1021,1121,15.5995,13.8044,23.5267
329,4935,4949,15,PACKAGE_SCENE,500000000,122071,32768,5,5,5,5,5,5,0,0,0,987.267,883,1090,14.9159,13.7518,16.1769
330,4950,4964,15,PACKAGE_SCENE,500000000,122071,32768,5,5,5,5,5,5,0,0,0,1045,916,1113,15.13,13.896,16.3817
331,4965,4979,15,PACKAGE_SCENE,500000000,122071,32768,5,5,5,5,5,5,0,0,0,1093.4,1013,1162,14.9931,13.6034,16.4197
332,4980,4994,15,PACKAGE_SCENE,500000000,122071,32768,5,5,5,5,5,5,0,0,0,1064.73,986,1132,14.8802,13.8623,16.2316
333,4995,5009,15,PACKAGE_SCENE,500000000,122071,32768,5,5,5,5,5,5,0,0,0,1007.33,520,1088,14.9015,13.67,16.6607
334,5010,5024,15,PACKAGE_SCENE,500000000,122071,32768,5,5,5,5,5,5,0,0,0,12.1333,0,178,14.8239,13.8689,16.07
335,5025,5039,15,PACKAGE_SCENE,500000000,122071,32768,7.6,5,18,7.6,5,18,0,0,0,639.6,0,4953,15.0217,13.6986,17.3809
336,5040,5054,15,PACKAGE_SCENE,500000000,122071,32768,131.267,0,515,129.067,0,488,1.2,0,10,71703.1,0,292749,12.5441,1.0691,38.4055
337,5055,5069,15,PACKAGE_SCENE,500000000,122071,32768,0,0,0,0,0,0,0,0,0,0,0,0,2.25467,1.1242,4.0704
338,5070,5084,15,PACKAGE_SCENE,500000000,122071,32768,0,0,0,0,0,0,0,0,0,0,0,0,2.06916,1.1051,3.7966
339,5085,5099,15,PACKAGE_SCENE,500000000,122071,32768,0,0,0,0,0,0,0,0,0,0,0,0,2.11632,1.2696,3.3126
340,5100,5114,15,PACKAGE_SCENE,500000000,122071,32768,0,0,0,0,0,0,0,0,0,0,0,0,2.26309,1.3168,4.0247
341,5115,5129,15,PACKAGE_SCENE,500000000,122071,32768,0,0,0,0,0,0,0,0,0,0,0,0,1.98935,1.1568,3.7395
342,5130,5144,15,PACKAGE_SCENE,500000000,122071,32768,0,0,0,0,0,0,0,0,0,0,0,0,2.10013,1.1063,3.536
343,5145,5159,15,PACKAGE_SCENE,500000000,122071,32768,0,0,0,0,0,0,0,0,0,0,0,0,2.00123,1.0685,3.1557
344,5160,5174,15,PACKAGE_SCENE,500000000,122071,32768,0,0,0,0,0,0,0,0,0,0,0,0,2.23046,1.6183,3.3248
345,5175,5189,15,PACKAGE_SCENE,500000000,122071,32768,0,0,0,0,0,0,0,0,0,0,0,0,2.22775,1.1017,3.4747
346,5190,5204,15,PACKAGE_SCENE,500000000,122071,32768,0,0,0,0,0,0,0,0,0,0,0,0,2.51933,1.7306,4.4191
347,5205,5219,15,PACKAGE_SCENE,500000000,122071,32768,0,0,0,0,0,0,0,0,0,0,0,0,2.09588,1.0773,3.9853
348,5220,5234,15,PACKAGE_SCENE,500000000,122071,32768,0,0,0,0,0,0,0,0,0,0,0,0,2.28905,1.0568,4.4667
349,5235,5249,15,PACKAGE_SCENE,500000000,122071,32768,0,0,0,0,0,0,0,0,0,0,0,0,2.12573,1.0474,3.4754
350,5250,5264,15,PACKAGE_SCENE,500000000,122071,32768,0,0,0,0,0,0,0,0,0,0,0,0,2.25941,1.5478,3.6743
351,5265,5279,15,PACKAGE_SCENE,500000000,122071,32768,0,0,0,0,0,0,0,0,0,0,0,0,1.9009,1.0798,3.8965
352,5280,5294,15,PACKAGE_SCENE,500000000,122071,32768,0,0,0,0,0,0,0,0,0,0,0,0,2.1221,1.2446,3.5854
353,5295,5309,15,PACKAGE_SCENE,500000000,122071,32768,0,0,0,0,0,0,0,0,0,0,0,0,2.89984,1.2017,4.9998
354,5310,5324,15,PACKAGE_SCENE,500000000,122071,32768,0,0,0,0,0,0,0,0,0,0,0,0,5.44472,1.9311,18.31
355,5325,5339,15,PACKAGE_SCENE,500000000,122071,32768,0,0,0,0,0,0,0,0,0,0,0,0,7.16075,1.4642,22.5219
356,5340,5354,15,PACKAGE_SCENE,500000000,122071,32768,0,0,0,0,0,0,0,0,0,0,0,0,4.03543,2.0784,5.5852
357,5355,5369,15,PACKAGE_SCENE,500000000,122071,32768,0,0,0,0,0,0,0,0,0,0,0,0,3.1207,1.8372,4.4138
358,5370,5384,15,PACKAGE_SCENE,500000000,122071,32768,0,0,0,0,0,0,0,0,0,0,0,0,2.82747,1.9258,4.8547
359,5385,5399,15,PACKAGE_SCENE,500000000,122071,32768,0,0,0,0,0,0,0,0,0,0,0,0,2.6997,1.7579,4.1153
360,5400,5414,15,PACKAGE_SCENE,500000000,122071,32768,0,0,0,0,0,0,0,0,0,0,0,0,3.48815,1.6907,6.1167
361,5415,5429,15,PACKAGE_SCENE,500000000,122071,32768,0,0,0,0,0,0,0,0,0,0,0,0,2.29657,1.1225,4.9969
362,5430,5444,15,PACKAGE_SCENE,500000000,122071,32768,0,0,0,0,0,0,0,0,0,0,0,0,2.64359,1.7766,4.5003
363,5445,5459,15,PACKAGE_SCENE,500000000,122071,32768,0,0,0,0,0,0,0,0,0,0,0,0,2.77295,1.7191,6.4605
364,5460,5474,15,PACKAGE_SCENE,500000000,122071,32768,0,0,0,0,0,0,0,0,0,0,0,0,2.75081,1.3918,6.2873
365,5475,5489,15,PACKAGE_SCENE,500000000,122071,32768,0,0,0,0,0,0,0,0,0,0,0,0,2.38884,1.093,3.3898
366,5490,5504,15,PACKAGE_SCENE,500000000,122071,32768,0,0,0,0,0,0,0,0,0,0,0,0,2.39213,1.121,5.1126
367,5505,5519,15,PACKAGE_SCENE,500000000,122071,32768,0,0,0,0,0,0,0,0,0,0,0,0,2.28552,1.394,3.901
368,5520,5534,15,PACKAGE_SCENE,500000000,122071,32768,0,0,0,0,0,0,0,0,0,0,0,0,2.58783,1.5636,6.9948
369,5535,5549,15,PACKAGE_SCENE,500000000,122071,32768,0,0,0,0,0,0,0,0,0,0,0,0,2.49339,1.2489,4.1236
370,5550,5564,15,PACKAGE_SCENE,500000000,122071,32768,0,0,0,0,0,0,0,0,0,0,0,0,2.51279,1.2744,5.7096
371,5565,5579,15,PACKAGE_SCENE,500000000,122071,32768,0,0,0,0,0,0,0,0,0,0,0,0,2.79053,1.2159,8.0377
372,5580,5594,15,PACKAGE_SCENE,500000000,122071,32768,0,0,0,0,0,0,0,0,0,0,0,0,7.48775,2.0113,26.5066
373,5595,5609,15,PACKAGE_SCENE,500000000,122071,32768,0,0,0,0,0,0,0,0,0,0,0,0,2.91323,1.1052,6.1494
374,5610,5624,15,PACKAGE_SCENE,500000000,122071,32768,0,0,0,0,0,0,0,0,0,0,0,0,3.73978,1.674,6.1084
375,5625,5639,15,PACKAGE_SCENE,500000000,122071,32768,0,0,0,0,0,0,0,0,0,0,0,0,4.40373,1.9266,13.1362
376,5640,5654,15,PACKAGE_SCENE,500000000,122071,32768,0,0,0,0,0,0,0,0,0,0,0,0,8.79443,1.1212,56.4711
377,5655,5669,15,PACKAGE_SCENE,500000000,122071,32768,0,0,0,0,0,0,0,0,0,0,0,0,2.73728,1.1135,4.6267
378,5670,5684,15,PACKAGE_SCENE,500000000,122071,32768,0,0,0,0,0,0,0,0,0,0,0,0,3.19613,1.1098,17.9743
379,5685,5699,15,PACKAGE_SCENE,500000000,122071,32768,0,0,0,0,0,0,0,0,0,0,0,0,2.49072,1.0615,5.0029
380,5700,5714,15,PACKAGE_SCENE,500000000,122071,32768,0,0,0,0,0,0,0,0,0,0,0,0,2.11112,1.1005,3.2761
381,5715,5729,15,PACKAGE_SCENE,500000000,122071,32768,0,0,0,0,0,0,0,0,0,0,0,0,2.33092,1.0726,3.9822
382,5730,5744,15,PACKAGE_SCENE,500000000,122071,32768,0,0,0,0,0,0,0,0,0,0,0,0,2.07434,1.2123,3.4326
383,5745,5759,15,PACKAGE_SCENE,500000000,122071,32768,0,0,0,0,0,0,0,0,0,0,0,0,2.93503,1.2112,15.3147
384,5760,5774,15,PACKAGE_SCENE,500000000,122071,32768,0,0,0,0,0,0,0,0,0,0,0,0,2.80644,1.1946,5.2335
385,5775,5789,15,PACKAGE_SCENE,500000000,122071,32768,0,0,0,0,0,0,0,0,0,0,0,0,1.92097,1.2361,2.9606
386,5790,5804,15,PACKAGE_SCENE,500000000,122071,32768,0,0,0,0,0,0,0,0,0,0,0,0,2.58553,1.0752,4.1258
387,5805,5819,15,PACKAGE_SCENE,500000000,122071,32768,0,0,0,0,0,0,0,0,0,0,0,0,1.89096,1.1462,3.0369
388,5820,5834,15,PACKAGE_SCENE,500000000,122071,32768,0,0,0,0,0,0,0,0,0,0,0,0,2.69618,1.3292,4.9581
389,5835,5849,15,PACKAGE_SCENE,500000000,122071,32768,0,0,0,0,0,0,0,0,0,0,0,0,3.15663,1.943,5.6652
390,5850,5864,15,PACKAGE_SCENE,500000000,122071,32768,0,0,0,0,0,0,0,0,0,0,0,0,2.39325,1.2758,4.1371
391,5865,5879,15,PACKAGE_SCENE,500000000,122071,32768,0,0,0,0,0,0,0,0,0,0,0,0,2.83583,1.2279,7.5215
392,5880,5894,15,PACKAGE_SCENE,500000000,122071,32768,0,0,0,0,0,0,0,0,0,0,0,0,2.07266,1.3106,3.4473
393,5895,5909,15,PACKAGE_SCENE,500000000,122071,32768,0,0,0,0,0,0,0,0,0,0,0,0,2.20102,1.1783,5.3772
394,5910,5924,15,PACKAGE_SCENE,500000000,122071,32768,0,0,0,0,0,0,0,0,0,0,0,0,2.07172,1.0184,3.8275
395,5925,5939,15,PACKAGE_SCENE,500000000,122071,32768,0,0,0,0,0,0,0,0,0,0,0,0,2.40104,1.1543,4.6014
396,5940,5954,15,PACKAGE_SCENE,500000000,122071,32768,0,0,0,0,0,0,0,0,0,0,0,0,2.38373,1.113,3.9553
397,5955,5969,15,PACKAGE_SCENE,500000000,122071,32768,0,0,0,0,0,0,0,0,0,0,0,0,2.02985,1.1525,3.922
398,5970,5984,15,PACKAGE_SCENE,500000000,122071,32768,0,0,0,0,0,0,0,0,0,0,0,0,3.18753,1.3274,4.6864
399,5985,5999,15,PACKAGE_SCENE,500000000,122071,32768,0,0,0,0,0,0,0,0,0,0,0,0,1.82173,1.1903,3.1865
400,6000,6014,15,PACKAGE_SCENE,500000000,122071,32768,0,0,0,0,0,0,0,0,0,0,0,0,3.09214,1.2304,17.7192
401,6015,6029,15,PACKAGE_SCENE,500000000,122071,32768,30.1333,0,235,30.1333,0,235,0.6,0,6,11858.5,0,145063,12.4057,1.6472,27.2534
402,6030,6044,15,PACKAGE_SCENE,500000000,122071,32768,1917.13,553,2644,1190.8,535,1552,129.467,7,645,783565,192332,1051951,87.8782,28.3778,283.987
403,6045,6059,15,PACKAGE_SCENE,500000000,122071,32768,2576.53,2389,2655,1509.73,1391,1565,86.4667,23,146,1.02607e+06,877200,1155772,65.2358,32.887,88.1477
404,6060,6074,15,PACKAGE_SCENE,500000000,122071,32768,1940.27,1656,2322,1167.13,988,1387,9.6,2,25,851850,552150,1229275,32.9225,27.6767,40.117
405,6075,6089,15,PACKAGE_SCENE,500000000,122071,32768,1499.13,1455,1622,920.667,901,993,2.4,0,10,634972,454607,826865,29.2511,24.9255,37.7711
406,6090,6104,15,PACKAGE_SCENE,500000000,122071,32768,1455,1455,1455,901,901,901,0,0,0,657728,461220,864765,30.4813,25.0169,38.458
407,6105,6119,15,PACKAGE_SCENE,500000000,122071,32768,1455,1455,1455,901,901,901,0,0,0,670117,496712,881094,30.8517,25.3375,36.8823
408,6120,6134,15,PACKAGE_SCENE,500000000,122071,32768,1455,1455,1455,901,901,901,0,0,0,592989,417137,825083,28.9869,24.9387,42.8256
409,6135,6149,15,PACKAGE_SCENE,500000000,122071,32768,1455,1455,1455,901,901,901,0,0,0,623910,507250,746962,31.5258,25.7551,39.4201
410,6150,6164,15,PACKAGE_SCENE,500000000,122071,32768,1455,1455,1455,901,901,901,0,0,0,674647,486279,831925,29.733,24.9746,35.574
411,6165,6179,15,PACKAGE_SCENE,500000000,122071,32768,1455,1455,1455,901,901,901,0,0,0,651396,552472,777137,31.9735,25.211,37.9102
412,6180,6194,15,PACKAGE_SCENE,500000000,122071,32768,1455,1455,1455,901,901,901,0,0,0,625127,434595,863287,30.49,25.5339,36.6757
413,6195,6209,15,PACKAGE_SCENE,500000000,122071,32768,1455,1455,1455,901,901,901,0,0,0,618862,405671,756134,31.3941,25.0658,38.6305
414,6210,6224,15,PACKAGE_SCENE,500000000,122071,32768,1455,1455,1455,901,901,901,0,0,0,630460,469855,861065,30.7866,24.7424,37.6651
415,6225,6239,15,PACKAGE_SCENE,500000000,122071,32768,12811.3,1455,48887,1792.07,901,4077,87.9333,0,802,999734,467014,2092864,83.7187,25.1263,434.659
416,6240,6254,15,PACKAGE_SCENE,500000000,122071,32768,48334.3,47229,48887,4074,4068,4077,0,0,0,1.98254e+06,1783121,2241291,66.3488,50.6237,84.6892
417,6255,6269,15,PACKAGE_SCENE,500000000,122071,32768,48665.9,47229,48887,4075.8,4068,4077,0,0,0,1.90898e+06,1679878,2170333,66.3678,53.5043,81.3464
418,6270,6284,15,PACKAGE_SCENE,500000000,122071,32768,48887,48887,48887,4077,4077,4077,0,0,0,1.96176e+06,1779009,2258799,63.851,53.9662,74.9442
419,6285,6299,15,PACKAGE_SCENE,500000000,122071,32768,48887,48887,48887,4077,4077,4077,0,0,0,1.97104e+06,1647103,2289393,60.9602,52.5403,75.6258
420,6300,6314,15,PACKAGE_SCENE,500000000,122071,32768,48887,48887,48887,4077,4077,4077,0,0,0,1.94112e+06,1648314,2181864,62.737,52.9744,83.0739
421,6315,6329,15,PACKAGE_SCENE,500000000,122071,32768,48887,48887,48887,4959.6,4874,5000,15.6667,0,204,2.20322e+06,1980984,2490632,71.2708,56.5997,161.265
422,6330,6344,15,PACKAGE_SCENE,500000000,122071,32768,48887,48887,48887,5139,5082,5253,3.93333,0,43,2.22245e+06,1778655,2534468,67.9013,59.7071,82.5822
423,6345,6359,15,PACKAGE_SCENE,500000000,122071,32768,48887,48887,48887,5253,5253,5253,0,0,0,2.35101e+06,1885134,2744262,68.0188,56.6957,78.0841
424,6360,6374,15,PACKAGE_SCENE,500000000,122071,32768,48887,48887,48887,5253,5253,5253,0,0,0,2.27267e+06,1952472,2632119,70.8016,61.5961,83.164
425,6375,6389,15,PACKAGE_SCENE,500000000,122071,32768,48887,48887,48887,5253,5253,5253,0,0,0,2.24059e+06,2005479,2765265,68.2381,61.7286,87.3494
426,6390,6404,15,PACKAGE_SCENE,500000000,122071,32768,48887,48887,48887,5253,5253,5253,0,0,0,2.39257e+06,2038018,3018882,75.8972,63.0911,91.9512
427,6405,6419,15,PACKAGE_SCENE,500000000,122071,32768,48887,48887,48887,5253,5253,5253,0,0,0,2.2784e+06,1894736,2819082,64.6835,58.1236,74.7872
428,6420,6434,15,PACKAGE_SCENE,500000000,122071,32768,48887,48887,48887,5253,5253,5253,0,0,0,2.21082e+06,1866672,2532548,60.8846,55.2656,69.8045
429,6435,6449,15,PACKAGE_SCENE,500000000,122071,32768,48887,48887,48887,5253,5253,5253,0,0,0,2.35906e+06,1990188,2993514,64.962,56.7178,78.9829
430,6450,6464,15,PACKAGE_SCENE,500000000,122071,32768,48887,48887,48887,5253,5253,5253,0,0,0,2.19574e+06,1971382,2552299,63.3681,57.0444,74.4442
431,6465,6479,15,PACKAGE_SCENE,500000000,122071,32768,48887,48887,48887,5253,5253,5253,0,0,0,2.26886e+06,1980551,2612191,65.3942,58.0176,77.1211
432,6480,6494,15,PACKAGE_SCENE,500000000,122071,32768,48887,48887,48887,5253,5253,5253,0,0,0,2.29909e+06,2056096,2706921,62.1216,58.3908,68.2387
433,6495,6509,15,PACKAGE_SCENE,500000000,122071,32768,48887,48887,48887,5253,5253,5253,0,0,0,2.25322e+06,1987893,2645560,63.044,54.358,74.9236
434,6510,6524,15,PACKAGE_SCENE,500000000,122071,32768,48887,48887,48887,5253,5253,5253,0,0,0,2.32341e+06,1899302,2706983,63.3537,51.7717,81.847
435,6525,6539,15,PACKAGE_SCENE,500000000,122071,32768,54074.6,37793,80419,5657.27,3565,8247,371.267,0,1911,2.54295e+06,1896921,3887582,273.409,58.8278,1001.68
436,6540,6554,15,PACKAGE_SCENE,500000000,122071,32768,52039.1,27433,79670,5799.67,3660,8090,852.133,240,2203,2.04853e+06,619422,3599742,481.005,218.901,987.243
437,6555,6569,15,PACKAGE_SCENE,500000000,122071,32768,60476.6,21709,90558,8422.2,3496,14943,947.067,227,5332,2.44014e+06,1182679,4210351,514,187.391,2005.91
438,6570,6584,15,PACKAGE_SCENE,500000000,122071,32768,28122.9,16042,37183,2613.4,1212,6245,453,0,1185,529960,34990,2690550,283.045,55.4725,546.251
439,6585,6599,15,PACKAGE_SCENE,500000000,122071,32768,35638,35638,35638,2634,2634,2634,1.2,0,18,240151,134488,373175,43.788,37.3139,50.3152
440,6600,6614,15,PACKAGE_SCENE,500000000,122071,32768,30927.8,29215,35638,2267.47,2106,2634,84.9333,0,833,248870,86894,483175,81.9248,29.1819,514.038
441,6615,6629,15,PACKAGE_SCENE,500000000,122071,32768,29215,29215,29215,2126,2126,2126,0,0,0,266957,131048,357123,42.183,29.6607,57.8432
442,6630,6644,15,PACKAGE_SCENE,500000000,122071,32768,29215,29215,29215,2126,2126,2126,0,0,0,328762,166800,431093,41.4246,29.5664,49.0006
443,6645,6659,15,PACKAGE_SCENE,500000000,122071,32768,29215,29215,29215,2126,2126,2126,0,0,0,315651,186969,444300,60.2777,31.444,335.808
444,6660,6674,15,PACKAGE_SCENE,500000000,122071,32768,29215,29215,29215,2126,2126,2126,0,0,0,319529,126711,416669,643.612,38.9701,8967.25
445,6675,6689,15,PACKAGE_SCENE,500000000,122071,32768,29215,29215,29215,2126,2126,2126,0,0,0,284401,125828,430276,348.621,31.8749,4654.28
446,6690,6704,15,PACKAGE_SCENE,500000000,122071,32768,29215,29215,29215,2126,2126,2126,0,0,0,298260,129148,445407,254.243,29.9488,3252.88
447,6705,6719,15,PACKAGE_SCENE,500000000,122071,32768,29215,29215,29215,2126,2126,2126,0,0,0,331510,186949,436930,41.519,36.8851,61.397
448,6720,6734,15,PACKAGE_SCENE,500000000,122071,32768,29215,29215,29215,2126,2126,2126,0,0,0,292905,147342,472375,219.408,33.2139,2686.26
449,6735,6749,15,PACKAGE_SCENE,500000000,122071,32768,29215,29215,29215,2126,2126,2126,0,0,0,262854,149447,430392,220.464,29.6437,2706.99
450,6750,6764,15,PACKAGE_SCENE,500000000,122071,32768,29215,29215,29215,2126,2126,2126,0,0,0,289911,127674,510447,186.048,36.6278,2211.5
451,6765,6779,15,PACKAGE_SCENE,500000000,122071,32768,29215,29215,29215,2126,2126,2126,0,0,0,323657,171263,470819,185.869,33.0558,2208.41
452,6780,6794,15,PACKAGE_SCENE,500000000,122071,32768,29215,29215,29215,2126,2126,2126,0,0,0,290875,144478,477625,139.976,36.5165,1524.6
453,6795,6809,15,PACKAGE_SCENE,500000000,122071,32768,29215,29215,29215,2126,2126,2126,0,0,0,241280,111075,358050,44.0072,38.4725,52.2195
454,6810,6824,15,PACKAGE_SCENE,500000000,122071,32768,29215,29215,29215,2126,2126,2126,0,0,0,281231,132162,512292,140.035,32.8174,1530.46
455,6825,6839,15,PACKAGE_SCENE,500000000,122071,32768,29215,29215,29215,2126,2126,2126,0,0,0,278352,144856,455079,128.963,29.507,1365.9
456,6840,6854,15,PACKAGE_SCENE,500000000,122071,32768,29215,29215,29215,2126,2126,2126,0,0,0,294145,132645,499786,168.97,36.8248,1915.62
457,6855,6869,15,PACKAGE_SCENE,500000000,122071,32768,29215,29215,29215,2126,2126,2126,0,0,0,290711,137908,467297,160.285,38.5987,1739.84
458,6870,6884,15,PACKAGE_SCENE,500000000,122071,32768,29215,29215,29215,2126,2126,2126,0,0,0,291241,127232,480286,147.434,36.7854,1639.33
459,6885,6899,15,PACKAGE_SCENE,500000000,122071,32768,29215,29215,29215,2126,2126,2126,0,0,0,333206,122448,502317,38.7623,29.9246,52.6429
460,6900,6914,15,PACKAGE_SCENE,500000000,122071,32768,29215,29215,29215,2126,2126,2126,0,0,0,305295,169090,444929,129.007,29.6084,1356.94
461,6915,6929,15,PACKAGE_SCENE,500000000,122071,32768,29215,29215,29215,2126,2126,2126,0,0,0,267608,124486,438119,149.674,30.8947,1613.85
462,6930,6944,15,PACKAGE_SCENE,500000000,122071,32768,29215,29215,29215,2126,2126,2126,0,0,0,277407,162342,395918,208.761,36.8385,2497.03
463,6945,6959,15,PACKAGE_SCENE,500000000,122071,32768,29215,29215,29215,2126,2126,2126,0,0,0,227931,117082,429392,163.181,40.3659,1792.4
464,6960,6974,15,PACKAGE_SCENE,500000000,122071,32768,29215,29215,29215,2126,2126,2126,0,0,0,286259,132796,547636,46.766,39.0776,57.0078
465,6975,6989,15,PACKAGE_SCENE,500000000,122071,32768,29215,29215,29215,2126,2126,2126,0,0,0,256698,163315,358813,168.316,42.5492,1852.87
466,6990,7004,15,PACKAGE_SCENE,500000000,122071,32768,29215,29215,29215,2126,2126,2126,0,0,0,252468,142334,388259,233.106,31.1247,2867.8
467,7005,7019,15,PACKAGE_SCENE,500000000,122071,32768,29215,29215,29215,2126,2126,2126,0,0,0,298184,146182,500909,191.959,31.0506,2256.06
468,7020,7034,15,PACKAGE_SCENE,500000000,122071,32768,29215,29215,29215,2126,2126,2126,0,0,0,332050,208423,550548,197.957,40.4984,2276.57
469,7035,7049,15,PACKAGE_SCENE,500000000,122071,32768,29215,29215,29215,2126,2126,2126,0,0,0,306769,136611,441512,180.898,40.2543,2062.39
470,7050,7064,15,PACKAGE_SCENE,500000000,122071,32768,29215,29215,29215,2126,2126,2126,0,0,0,302961,142323,486034,44.0435,38.6305,56.5755
471,7065,7079,15,PACKAGE_SCENE,500000000,122071,32768,29215,29215,29215,2126,2126,2126,0,0,0,289055,127298,422532,182.707,40.5138,2089.93
472,7080,7094,15,PACKAGE_SCENE,500000000,122071,32768,29215,29215,29215,2126,2126,2126,0,0,0,311365,152114,508432,190.127,39.0132,2175.37
473,7095,7109,15,PACKAGE_SCENE,500000000,122071,32768,29215,29215,29215,2126,2126,2126,0,0,0,283962,137640,461126,207.622,33.6814,2472.15
474,7110,7124,15,PACKAGE_SCENE,500000000,122071,32768,29215,29215,29215,2126,2126,2126,0,0,0,348084,232402,469298,181.979,31.4557,2080.02
475,7125,7139,15,PACKAGE_SCENE,500000000,122071,32768,29215,29215,29215,2126,2126,2126,0,0,0,301064,169839,421187,175.348,33.7072,2002.68
476,7140,7154,15,PACKAGE_SCENE,500000000,122071,32768,29215,29215,29215,2126,2126,2126,0,0,0,281647,137154,402413,44.4037,35.2091,54.167
477,7155,7169,15,PACKAGE_SCENE,500000000,122071,32768,29215,29215,29215,2126,2126,2126,0,0,0,263112,162728,460422,194.346,41.1556,2155.34
478,7170,7184,15,PACKAGE_SCENE,500000000,122071,32768,29215,29215,29215,2126,2126,2126,0,0,0,294883,119192,427506,204.93,39.1411,2420.78
479,7185,7199,15,PACKAGE_SCENE,500000000,122071,32768,29215,29215,29215,2126,2126,2126,0,0,0,305672,164684,464777,209.368,39.4274,2465.68
480,7200,7214,15,PACKAGE_SCENE,500000000,122071,32768,29215,29215,29215,2126,2126,2126,0,0,0,273401,124221,440611,183.856,29.3656,2156.13
481,7215,7229,15,PACKAGE_SCENE,500000000,122071,32768,29215,29215,29215,2126,2126,2126,0,0,0,335202,156602,467106,151.613,29.8436,1704.5
482,7230,7244,15,PACKAGE_SCENE,500000000,122071,32768,29215,29215,29215,2126,2126,2126,0,0,0,312899,161926,527500,41.3617,38.7367,48.4271
483,7245,7259,15,PACKAGE_SCENE,500000000,122071,32768,29215,29215,29215,2126,2126,2126,0,0,0,288939,151708,395469,174.873,30.6768,2011.72
484,7260,7274,15,PACKAGE_SCENE,500000000,122071,32768,29215,29215,29215,2126,2126,2126,0,0,0,309132,146318,461594,171.744,32.448,1992.53
485,7275,7289,15,PACKAGE_SCENE,500000000,122071,32768,29215,29215,29215,2126,2126,2126,0,0,0,306464,165148,421449,185.912,31.4779,2207.21
486,7290,7304,15,PACKAGE_SCENE,500000000,122071,32768,29215,29215,29215,2126,2126,2126,0,0,0,285415,164026,421321,154.346,30.5336,1706.02
487,7305,7319,15,PACKAGE_SCENE,500000000,122071,32768,29215,29215,29215,2126,2126,2126,0,0,0,328737,212060,530736,124.469,29.5717,1280.81
488,7320,7334,15,PACKAGE_SCENE,500000000,122071,32768,29215,29215,29215,2126,2126,2126,0,0,0,296827,130389,431378,39.3453,29.97,48.3087
489,7335,7349,15,PACKAGE_SCENE,500000000,122071,32768,29215,29215,29215,2126,2126,2126,0,0,0,269105,125381,456658,112.487,38.8349,1111.52
490,7350,7364,15,PACKAGE_SCENE,500000000,122071,32768,29215,29215,29215,2126,2126,2126,0,0,0,261142,97870,529369,1948.53,38.8749,28581.8
491,7365,7379,15,PACKAGE_SCENE,500000000,122071,32768,29215,29215,29215,2126,2126,2126,0,0,0,282304,142217,498026,41.5035,32.0062,48.7738
492,7380,7394,15,PACKAGE_SCENE,500000000,122071,32768,29215,29215,29215,2126,2126,2126,0,0,0,305347,132006,492341,37.8932,29.9021,47.6413
493,7395,7409,15,PACKAGE_SCENE,500000000,122071,32768,29215,29215,29215,2126,2126,2126,0,0,0,252043,164575,423713,41.5203,36.4158,49.1255
494,7410,7424,15,PACKAGE_SCENE,500000000,122071,32768,29215,29215,29215,2126,2126,2126,0,0,0,258900,127436,502169,42.3535,36.8859,53.4092
495,7425,7439,15,PACKAGE_SCENE,500000000,122071,32768,29215,29215,29215,2126,2126,2126,0,0,0,298944,139483,460773,48.84,36.9946,89.9974
496,7440,7454,15,PACKAGE_SCENE,500000000,122071,32768,29215,29215,29215,2126,2126,2126,0,0,0,294299,131537,413385,39.1136,32.379,46.6312
497,7455,7469,15,PACKAGE_SCENE,500000000,122071,32768,29215,29215,29215,2126,2126,2126,0,0,0,286991,127078,419377,40.3717,36.4931,48.3364
498,7470,7484,15,PACKAGE_SCENE,500000000,122071,32768,29215,29215,29215,2126,2126,2126,0,0,0,281416,132419,402103,39.9635,36.2626,48.9429
499,7485,7499,15,PACKAGE_SCENE,500000000,122071,32768,29215,29215,29215,2126,2126,2126,0,0,0,308974,121867,452095,39.8682,36.4593,50.1213
500,7500,7514,15,PACKAGE_SCENE,500000000,122071,32768,29215,29215,29215,2126,2126,2126,0,0,0,282639,138677,470614,40.3255,29.8284,49.8589
501,7515,7529,15,PACKAGE_SCENE,500000000,122071,32768,29215,29215,29215,2126,2126,2126,0,0,0,287480,165683,418316,41.4225,36.1405,52.2252
502,7530,7544,15,PACKAGE_SCENE,500000000,122071,32768,29215,29215,29215,2126,2126,2126,0,0,0,273672,147683,370477,41.1023,36.3891,52.2767
503,7545,7559,15,PACKAGE_SCENE,500000000,122071,32768,29215,29215,29215,2126,2126,2126,0,0,0,292943,133785,417971,39.3223,29.8265,47.785
504,7560,7574,15,PACKAGE_SCENE,500000000,122071,32768,29215,29215,29215,2126,2126,2126,0,0,0,308142,182128,459513,41.0734,38.3614,47.7789
505,7575,7589,15,PACKAGE_SCENE,500000000,122071,32768,29215,29215,29215,2126,2126,2126,0,0,0,289962,163799,407220,40.0853,36.3146,47.7755
506,7590,7604,15,PACKAGE_SCENE,500000000,122071,32768,29215,29215,29215,2126,2126,2126,0,0,0,326964,131420,454805,40.6174,38.2704,47.8614
507,7605,7619,15,PACKAGE_SCENE,500000000,122071,32768,29215,29215,29215,2126,2126,2126,0,0,0,256852,143858,387582,39.2554,32.2331,48.1821
508,7620,7634,15,PACKAGE_SCENE,500000000,122071,32768,29215,29215,29215,2126,2126,2126,0,0,0,296688,165308,409626,41.7683,36.3508,56.7271
509,7635,7649,15,PACKAGE_SCENE,500000000,122071,32768,29215,29215,29215,2126,2126,2126,0,0,0,314742,153025,477042,39.5023,37.3628,48.1226
510,7650,7664,15,PACKAGE_SCENE,500000000,122071,32768,29215,29215,29215,2126,2126,2126,0,0,0,269495,131794,480943,41.318,29.6565,62.2407
511,7665,7679,15,PACKAGE_SCENE,500000000,122071,32768,29215,29215,29215,2126,2126,2126,0,0,0,271171,127032,459497,39.9747,31.7822,46.1462
512,7680,7694,15,PACKAGE_SCENE,500000000,122071,32768,29215,29215,29215,2126,2126,2126,0,0,0,314192,142796,500695,49.1177,32.6323,77.6839
513,7695,7709,15,PACKAGE_SCENE,500000000,122071,32768,29215,29215,29215,2126,2126,2126,0,0,0,293629,105802,459748,42.6439,35.9169,50.9086
514,7710,7724,15,PACKAGE_SCENE,500000000,122071,32768,29215,29215,29215,2126,2126,2126,0,0,0,291194,131546,460741,39.7458,29.7816,53.2857
515,7725,7739,15,PACKAGE_SCENE,500000000,122071,32768,31356,29215,35638,2294.53,2126,2634,0,0,0,320834,143608,448720,44.1683,36.3338,68.0865
516,7740,7754,15,PACKAGE_SCENE,500000000,122071,32768,30645.4,16042,35638,2166.33,1223,2634,22,0,135,210502,61254,450740,208.768,38.6928,550.931
517,7755,7769,15,PACKAGE_SCENE,500000000,122071,32768,28187.7,16056,37183,4625.47,1197,6245,1.73333,0,26,1.91799e+06,147162,2823249,83.7635,45.4479,359.231
518,7770,7784,15,PACKAGE_SCENE,500000000,122071,32768,37183,37183,37183,6245,6245,6245,0,0,0,2.80442e+06,2564234,3177163,80.9526,70.1449,91.3084
519,7785,7799,15,PACKAGE_SCENE,500000000,122071,32768,37183,37183,37183,6245,6245,6245,0,0,0,2.61675e+06,2239713,2967041,77.0272,64.8747,87.0446
520,7800,7814,15,PACKAGE_SCENE,500000000,122071,32768,37183,37183,37183,6245,6245,6245,0,0,0,2.60389e+06,2122506,3144087,96.5741,67.4047,373.916
521,7815,7829,15,PACKAGE_SCENE,500000000,122071,32768,37183,37183,37183,6245,6245,6245,0,0,0,2.72187e+06,2105648,3022908,2538.47,73.1594,36916.9
522,7830,7844,15,PACKAGE_SCENE,500000000,122071,32768,37183,37183,37183,6245,6245,6245,0,0,0,2.77435e+06,2413738,3288935,75.7194,67.7741,89.3855
523,7845,7859,15,PACKAGE_SCENE,500000000,122071,32768,37183,37183,37183,6245,6245,6245,0,0,0,2.63084e+06,1973920,3030269,615.003,68.216,8079.29
524,7860,7874,15,PACKAGE_SCENE,500000000,122071,32768,37183,37183,37183,6245,6245,6245,0,0,0,2.53089e+06,2087047,3018714,441.978,65.0298,5534.83
525,7875,7889,15,PACKAGE_SCENE,500000000,122071,32768,37183,37183,37183,6245,6245,6245,0,0,0,2.72559e+06,2117042,3093064,388.483,66.0256,4771.03
526,7890,7904,15,PACKAGE_SCENE,500000000,122071,32768,37183,37183,37183,6245,6245,6245,0,0,0,2.77339e+06,2355584,3152480,368.205,65.6949,4446.24
527,7905,7919,15,PACKAGE_SCENE,500000000,122071,32768,37183,37183,37183,6245,6245,6245,0,0,0,2.69384e+06,2112688,3087657,333.132,69.4145,3885.12
528,7920,7934,15,PACKAGE_SCENE,500000000,122071,32768,37183,37183,37183,6245,6245,6245,0,0,0,2.80983e+06,2364000,3224959,76.6337,66.086,98.8179
529,7935,7949,15,PACKAGE_SCENE,500000000,122071,32768,37183,37183,37183,6245,6245,6245,0,0,0,2.67552e+06,2160965,3192692,345.856,69.306,4079.91
530,7950,7964,15,PACKAGE_SCENE,500000000,122071,32768,37183,37183,37183,6245,6245,6245,0,0,0,2.84991e+06,2516108,3234795,244.254,66.3295,2570.48
531,7965,7979,15,PACKAGE_SCENE,500000000,122071,32768,37183,37183,37183,6245,6245,6245,0,0,0,2.74307e+06,2235277,3324855,229.864,65.4537,2362.88
532,7980,7994,15,PACKAGE_SCENE,500000000,122071,32768,37183,37183,37183,6245,6245,6245,0,0,0,2.69786e+06,2133035,3153534,265.251,66.1171,2887.79
533,7995,8009,15,PACKAGE_SCENE,500000000,122071,32768,37183,37183,37183,6245,6245,6245,0,0,0,2.71969e+06,2333077,3314857,299.229,67.5161,3396.49
534,8010,8024,15,PACKAGE_SCENE,500000000,122071,32768,37183,37183,37183,6245,6245,6245,0,0,0,2.61169e+06,2132744,3144247,80.7806,68.8864,113.021
535,8025,8039,15,PACKAGE_SCENE,500000000,122071,32768,37183,37183,37183,6245,6245,6245,0,0,0,2.65528e+06,2252502,3117066,394.203,66.0774,4861.85
536,8040,8054,15,PACKAGE_SCENE,500000000,122071,32768,37183,37183,37183,6245,6245,6245,0,0,0,2.78106e+06,2280192,3454871,244.333,67.3616,2562.84
537,8055,8069,15,PACKAGE_SCENE,500000000,122071,32768,37183,37183,37183,6245,6245,6245,0,0,0,2.71913e+06,2211421,3152901,240.116,72.1343,2485.59
538,8070,8084,15,PACKAGE_SCENE,500000000,122071,32768,37183,37183,37183,6245,6245,6245,0,0,0,2.65974e+06,2205002,2972553,355.779,67.8483,4265.29
539,8085,8099,15,PACKAGE_SCENE,500000000,122071,32768,37183,37183,37183,6245,6245,6245,0,0,0,2.65746e+06,2182681,3120302,239.088,65.582,2484.67
540,8100,8114,15,PACKAGE_SCENE,500000000,122071,32768,37183,37183,37183,6245,6245,6245,0,0,0,2.78622e+06,2390207,3174221,80.2498,65.1435,92.5866
541,8115,8129,15,PACKAGE_SCENE,500000000,122071,32768,37183,37183,37183,6245,6245,6245,0,0,0,2.69846e+06,2110489,3160714,298.428,67.3428,3371.42
542,8130,8144,15,PACKAGE_SCENE,500000000,122071,32768,37183,37183,37183,6245,6245,6245,0,0,0,2.68075e+06,2034448,3357708,242.658,67.3786,2537.9
543,8145,8159,15,PACKAGE_SCENE,500000000,122071,32768,37183,37183,37183,6245,6245,6245,0,0,0,2.70464e+06,2348716,3181941,365.697,68.0916,4397.52
544,8160,8174,15,PACKAGE_SCENE,500000000,122071,32768,37183,37183,37183,6245,6245,6245,0,0,0,2.70796e+06,2187607,2921189,289.67,67.7697,3262.76
545,8175,8189,15,PACKAGE_SCENE,500000000,122071,32768,37183,37183,37183,6245,6245,6245,0,0,0,2.66806e+06,2127620,2991607,277.518,67.5547,3059.02
546,8190,8204,15,PACKAGE_SCENE,500000000,122071,32768,37183,37183,37183,6245,6245,6245,0,0,0,2.76235e+06,2167658,3295796,76.5458,67.6208,94.8239
547,8205,8219,15,PACKAGE_SCENE,500000000,122071,32768,37183,37183,37183,6245,6245,6245,0,0,0,2.74576e+06,2456754,3115825,273.75,67.5901,3062.11
548,8220,8234,15,PACKAGE_SCENE,500000000,122071,32768,37183,37183,37183,6245,6245,6245,0,0,0,2.67858e+06,2373389,3101195,274.03,67.6149,2974.69
549,8235,8249,15,PACKAGE_SCENE,500000000,122071,32768,37183,37183,37183,6245,6245,6245,0,0,0,2.70689e+06,2278694,3130013,276.827,67.2402,3034.31
550,8250,8264,15,PACKAGE_SCENE,500000000,122071,32768,37183,37183,37183,6245,6245,6245,0,0,0,2.67505e+06,2271433,3024971,273.456,67.8528,3008.69
551,8265,8279,15,PACKAGE_SCENE,500000000,122071,32768,37183,37183,37183,6245,6245,6245,0,0,0,2.74902e+06,2395572,3316006,276.312,68.3814,3055.32
552,8280,8294,15,PACKAGE_SCENE,500000000,122071,32768,37183,37183,37183,6245,6245,6245,0,0,0,2.80081e+06,2368592,3117769,77.6085,65.2568,88.5214
553,8295,8309,15,PACKAGE_SCENE,500000000,122071,32768,37183,37183,37183,6245,6245,6245,0,0,0,2.64568e+06,2313449,2976931,276.047,71.1141,3035.1
554,8310,8324,15,PACKAGE_SCENE,500000000,122071,32768,37183,37183,37183,6245,6245,6245,0,0,0,2.78051e+06,2188274,3271273,276.506,65.7362,3061.39
555,8325,8339,15,PACKAGE_SCENE,500000000,122071,32768,37183,37183,37183,6245,6245,6245,0,0,0,2.62114e+06,2116324,3128897,276.92,67.1889,3043.38
556,8340,8354,15,PACKAGE_SCENE,500000000,122071,32768,37183,37183,37183,6245,6245,6245,0,0,0,2.66769e+06,2342593,3181464,276.373,65.9018,3079.5
557,8355,8369,15,PACKAGE_SCENE,500000000,122071,32768,37183,37183,37183,6245,6245,6245,0,0,0,2.70646e+06,2242051,3003419,268.548,67.7064,2968.13
558,8370,8384,15,PACKAGE_SCENE,500000000,122071,32768,37183,37183,37183,6245,6245,6245,0,0,0,2.70492e+06,2332189,3045116,75.0564,65.7107,98.9863
559,8385,8399,15,PACKAGE_SCENE,500000000,122071,32768,37183,37183,37183,6245,6245,6245,0,0,0,2.66782e+06,2334262,3090863,268.397,65.6608,2954.63
560,8400,8414,15,PACKAGE_SCENE,500000000,122071,32768,37183,37183,37183,6245,6245,6245,0,0,0,2.58514e+06,2247230,2941421,261.836,68.0099,2860.98
561,8415,8429,15,PACKAGE_SCENE,500000000,122071,32768,37183,37183,37183,6245,6245,6245,0,0,0,2.60512e+06,2143651,2940211,281.392,65.052,3086.73
562,8430,8444,15,PACKAGE_SCENE,500000000,122071,32768,37183,37183,37183,6245,6245,6245,0,0,0,2.67237e+06,2230668,3274968,275.213,67.5035,3039.01
563,8445,8459,15,PACKAGE_SCENE,500000000,122071,32768,37183,37183,37183,6245,6245,6245,0,0,0,2.67249e+06,2240446,2991378,228.754,67.1767,2338.64
564,8460,8474,15,PACKAGE_SCENE,500000000,122071,32768,37183,37183,37183,6245,6245,6245,0,0,0,2.58085e+06,2113220,3367817,78.7549,71.8489,86.9414
565,8475,8489,15,PACKAGE_SCENE,500000000,122071,32768,37183,37183,37183,6245,6245,6245,0,0,0,2.76837e+06,2225091,3258959,216.121,67.0534,2193.58
566,8490,8504,15,PACKAGE_SCENE,500000000,122071,32768,37183,37183,37183,6245,6245,6245,0,0,0,2.77372e+06,2390302,3115041,205.339,61.63,2018.21
567,8505,8519,15,PACKAGE_SCENE,500000000,122071,32768,37183,37183,37183,6245,6245,6245,0,0,0,2.61344e+06,2137630,3271507,1005.89,66.4395,13997.8
568,8520,8534,15,PACKAGE_SCENE,500000000,122071,32768,37183,37183,37183,6245,6245,6245,0,0,0,2.63506e+06,2298299,2851628,76.1089,65.9738,99.0292
569,8535,8549,15,PACKAGE_SCENE,500000000,122071,32768,37183,37183,37183,6245,6245,6245,0,0,0,2.65236e+06,2223116,3014426,76.2748,67.3957,98.5088
570,8550,8564,15,PACKAGE_SCENE,500000000,122071,32768,37183,37183,37183,6245,6245,6245,0,0,0,2.68428e+06,2259124,3191596,75.051,64.8199,84.0599
571,8565,8579,15,PACKAGE_SCENE,500000000,122071,32768,37183,37183,37183,6245,6245,6245,0,0,0,2.72869e+06,2395638,3302380,73.7581,65.0796,90.5408
572,8580,8594,15,PACKAGE_SCENE,500000000,122071,32768,37183,37183,37183,6245,6245,6245,0,0,0,2.66883e+06,2286816,3233342,78.0784,66.8734,98.2347
573,8595,8609,15,PACKAGE_SCENE,500000000,122071,32768,37183,37183,37183,6245,6245,6245,0,0,0,2.62605e+06,2181414,3134969,78.3223,64.9996,94.4051
574,8610,8624,15,PACKAGE_SCENE,500000000,122071,32768,37183,37183,37183,6245,6245,6245,0,0,0,2.70208e+06,2226094,3057981,78.6642,68.9777,90.1579
575,8625,8639,15,PACKAGE_SCENE,500000000,122071,32768,37183,37183,37183,6245,6245,6245,0,0,0,2.62161e+06,2269132,3161622,103.411,71.9822,162.474
576,8640,8654,15,PACKAGE_SCENE,500000000,122071,32768,37183,37183,37183,6245,6245,6245,0,0,0,2.6146e+06,2408667,2877848,75.7211,67.1158,90.8256
577,8655,8669,15,PACKAGE_SCENE,500000000,122071,32768,37183,37183,37183,6245,6245,6245,0,0,0,2.61419e+06,2132534,2991002,80.7596,69.5109,97.1294
578,8670,8684,15,PACKAGE_SCENE,500000000,122071,32768,37174.8,37142,37183,6231.4,6177,6245,0,0,0,2.68639e+06,2264243,3063734,79.4546,67.4759,94.9841
579,8685,8699,15,PACKAGE_SCENE,500000000,122071,32768,55493.7,21709,90558,7690,3496,14943,139.6,0,1323,2.41334e+06,1367376,3973836,166.909,50.7729,777.639
580,8700,8714,15,PACKAGE_SCENE,500000000,122071,32768,90548.9,90541,90558,14929.7,14918,14943,0,0,0,4.31824e+06,4091112,4555558,143.818,135.154,153.971
581,8715,8729,15,PACKAGE_SCENE,500000000,122071,32768,90558,90558,90558,14943,14943,14943,0,0,0,4.34963e+06,4050206,4939561,148.019,138.242,182.173
582,8730,8744,15,PACKAGE_SCENE,500000000,122071,32768,90558,90558,90558,14943,14943,14943,0,0,0,4.27587e+06,3943684,4607019,893.45,136.66,10728
583,8745,8759,15,PACKAGE_SCENE,500000000,122071,32768,90558,90558,90558,14943,14943,14943,0,0,0,4.23418e+06,4064274,4593062,819.294,127.109,10298.3
584,8760,8774,15,PACKAGE_SCENE,500000000,122071,32768,90558,90558,90558,14943,14943,14943,0,0,0,4.28411e+06,3980420,4636169,140.332,134.569,146.535
585,8775,8789,15,PACKAGE_SCENE,500000000,122071,32768,90558,90558,90558,14943,14943,14943,0,0,0,4.34973e+06,3966011,4702292,701.595,130.748,8510.07
586,8790,8804,15,PACKAGE_SCENE,500000000,122071,32768,90558,90558,90558,14943,14943,14943,0,0,0,4.27667e+06,3963920,4658159,930.951,136.216,11620.9
587,8805,8819,15,PACKAGE_SCENE,500000000,122071,32768,90558,90558,90558,14943,14943,14943,0,0,0,4.29013e+06,3941749,4561566,1054.29,129.924,13718.4
588,8820,8834,15,PACKAGE_SCENE,500000000,122071,32768,90558,90558,90558,14943,14943,14943,0,0,0,4.30754e+06,3993087,4661446,469.652,137.323,4985.39
589,8835,8849,15,PACKAGE_SCENE,500000000,122071,32768,90558,90558,90558,14943,14943,14943,0,0,0,4.2446e+06,3992383,4639721,593.912,132.115,6879.16
590,8850,8864,15,PACKAGE_SCENE,500000000,122071,32768,90558,90558,90558,14943,14943,14943,0,0,0,4.33773e+06,3700313,4714647,144.163,126.969,201.375
591,8865,8879,15,PACKAGE_SCENE,500000000,122071,32768,90558,90558,90558,14943,14943,14943,0,0,0,4.35827e+06,3943646,4812310,449.858,129.651,4642.67
592,8880,8894,15,PACKAGE_SCENE,500000000,122071,32768,90558,90558,90558,14943,14943,14943,0,0,0,4.31891e+06,3915825,4627838,427.269,130.551,4192.2
593,8895,8909,15,PACKAGE_SCENE,500000000,122071,32768,90558,90558,90558,14943,14943,14943,0,0,0,4.26249e+06,3950208,4695440,368.305,119.166,3497.55
594,8910,8924,15,PACKAGE_SCENE,500000000,122071,32768,90558,90558,90558,14943,14943,14943,0,0,0,4.36259e+06,3982956,4644569,295.349,133.351,2429.3
595,8925,8939,15,PACKAGE_SCENE,500000000,122071,32768,90558,90558,90558,14943,14943,14943,0,0,0,4.28519e+06,4015910,4684786,285.055,130.109,2268.67
596,8940,8954,15,PACKAGE_SCENE,500000000,122071,32768,90558,90558,90558,14943,14943,14943,0,0,0,4.33444e+06,4059437,4561021,139.815,128.38,150.61
597,8955,8969,15,PACKAGE_SCENE,500000000,122071,32768,90558,90558,90558,14943,14943,14943,0,0,0,4.33346e+06,3950148,4673788,283.267,128.218,2269.22
598,8970,8984,15,PACKAGE_SCENE,500000000,122071,32768,90558,90558,90558,14943,14943,14943,0,0,0,4.29652e+06,3807423,4818210,286.819,133.456,2275.59
599,8985,8999,15,PACKAGE_SCENE,500000000,122071,32768,90558,90558,90558,14943,14943,14943,0,0,0,4.31047e+06,3831430,4583831,294.63,135.148,2375.89
600,9000,9014,15,PACKAGE_SCENE,500000000,122071,32768,90558,90558,90558,14943,14943,14943,0,0,0,4.25244e+06,3828794,4732067,310.236,133.835,2597.26
601,9015,9029,15,PACKAGE_SCENE,500000000,122071,32768,90558,90558,90558,14943,14943,14943,0,0,0,4.38895e+06,4051963,4610464,297.355,135.111,2456.47
602,9030,9044,15,PACKAGE_SCENE,500000000,122071,32768,90558,90558,90558,14943,14943,14943,0,0,0,4.32481e+06,3868993,4770828,140.923,128.983,150.277
603,9045,9059,15,PACKAGE_SCENE,500000000,122071,32768,90558,90558,90558,14943,14943,14943,0,0,0,4.25405e+06,3968247,4691377,293.098,134.793,2365
604,9060,9074,15,PACKAGE_SCENE,500000000,122071,32768,90558,90558,90558,14943,14943,14943,0,0,0,4.27441e+06,4024542,4649306,295.552,129.366,2403.78
605,9075,9089,15,PACKAGE_SCENE,500000000,122071,32768,90558,90558,90558,14943,14943,14943,0,0,0,4.28686e+06,4061180,4804437,427.054,134.705,4232.7
606,9090,9104,15,PACKAGE_SCENE,500000000,122071,32768,90558,90558,90558,14943,14943,14943,0,0,0,4.38761e+06,4105833,4840389,364.62,133.921,3448.76
607,9105,9119,15,PACKAGE_SCENE,500000000,122071,32768,90558,90558,90558,14943,14943,14943,0,0,0,4.30176e+06,4012215,4785125,329.537,129.479,2965.88
608,9120,9134,15,PACKAGE_SCENE,500000000,122071,32768,90558,90558,90558,14943,14943,14943,0,0,0,4.31565e+06,3980276,4773890,143.294,131.611,152.479
609,9135,9149,15,PACKAGE_SCENE,500000000,122071,32768,90558,90558,90558,14943,14943,14943,0,0,0,4.31607e+06,4027935,4653927,326.04,133.851,2914.96
610,9150,9164,15,PACKAGE_SCENE,500000000,122071,32768,90558,90558,90558,14943,14943,14943,0,0,0,4.29523e+06,3998678,4677066,319.183,128.582,2838.54
611,9165,9179,15,PACKAGE_SCENE,500000000,122071,32768,90558,90558,90558,14943,14943,14943,0,0,0,4.26878e+06,4053888,4450759,324.111,133.429,2845.07
612,9180,9194,15,PACKAGE_SCENE,500000000,122071,32768,90558,90558,90558,14943,14943,14943,0,0,0,4.38976e+06,4157233,4666016,321.785,129.294,2841.03
613,9195,9209,15,PACKAGE_SCENE,500000000,122071,32768,90558,90558,90558,14943,14943,14943,0,0,0,4.286e+06,3979167,4649477,322.798,129.619,2849.02
614,9210,9224,15,PACKAGE_SCENE,500000000,122071,32768,90558,90558,90558,14943,14943,14943,0,0,0,4.34383e+06,4058417,4651770,142.161,133.085,152.39
615,9225,9239,15,PACKAGE_SCENE,500000000,122071,32768,90558,90558,90558,14943,14943,14943,0,0,0,4.30852e+06,4001977,4601610,323.675,135.25,2848.38
616,9240,9254,15,PACKAGE_SCENE,500000000,122071,32768,90558,90558,90558,14943,14943,14943,0,0,0,4.31046e+06,4051228,4584468,320.002,128.547,2864.23
617,9255,9269,15,PACKAGE_SCENE,500000000,122071,32768,90558,90558,90558,14943,14943,14943,0,0,0,4.25229e+06,4059259,4523288,321.838,129.301,2834.05
618,9270,9284,15,PACKAGE_SCENE,500000000,122071,32768,90558,90558,90558,14943,14943,14943,0,0,0,4.36481e+06,3838915,4826652,322.655,133.492,2844.99
619,9285,9299,15,PACKAGE_SCENE,500000000,122071,32768,90558,90558,90558,14943,14943,14943,0,0,0,4.28954e+06,3851591,4585377,319.316,128.854,2819.38
620,9300,9314,15,PACKAGE_SCENE,500000000,122071,32768,90558,90558,90558,14943,14943,14943,0,0,0,4.27327e+06,3947934,4689854,138.928,122.687,152.488
621,9315,9329,15,PACKAGE_SCENE,500000000,122071,32768,90558,90558,90558,14943,14943,14943,0,0,0,4.42867e+06,4020333,4990601,315.862,128.566,2781.74
622,9330,9344,15,PACKAGE_SCENE,500000000,122071,32768,90558,90558,90558,14943,14943,14943,0,0,0,4.30517e+06,3766843,4560724,324.79,134.651,2852.49
623,9345,9359,15,PACKAGE_SCENE,500000000,122071,32768,90558,90558,90558,14943,14943,14943,0,0,0,4.27333e+06,3779885,4615897,324.35,134.721,2840.57
624,9360,9374,15,PACKAGE_SCENE,500000000,122071,32768,90558,90558,90558,14943,14943,14943,0,0,0,4.27714e+06,3838251,4576472,322.08,128.996,2843.16
625,9375,9389,15,PACKAGE_SCENE,500000000,122071,32768,90558,90558,90558,14943,14943,14943,0,0,0,4.39547e+06,4084364,5013665,282.451,128.758,2244.57
626,9390,9404,15,PACKAGE_SCENE,500000000,122071,32768,90558,90558,90558,14943,14943,14943,0,0,0,4.25541e+06,4105317,4557965,140.953,128.798,149.886
627,9405,9419,15,PACKAGE_SCENE,500000000,122071,32768,90558,90558,90558,14943,14943,14943,0,0,0,4.2766e+06,4002653,4651477,276.121,129.683,2106.41
628,9420,9434,15,PACKAGE_SCENE,500000000,122071,32768,90558,90558,90558,14943,14943,14943,0,0,0,4.36678e+06,4105624,4862037,264.995,127.541,2004.85
629,9435,9449,15,PACKAGE_SCENE,500000000,122071,32768,90558,90558,90558,14943,14943,14943,0,0,0,4.26157e+06,3975374,4622367,1470.34,133.928,20058.1
630,9450,9464,15,PACKAGE_SCENE,500000000,122071,32768,90558,90558,90558,14943,14943,14943,0,0,0,4.31605e+06,3917060,4632043,140.735,126.398,152.084
631,9465,9479,15,PACKAGE_SCENE,500000000,122071,32768,90558,90558,90558,14943,14943,14943,0,0,0,4.25549e+06,3859504,4742997,140.885,126.875,151.69
632,9480,9494,15,PACKAGE_SCENE,500000000,122071,32768,90558,90558,90558,14943,14943,14943,0,0,0,4.2947e+06,3898039,4728251,139.559,126.669,151.674
633,9495,9509,15,PACKAGE_SCENE,500000000,122071,32768,90558,90558,90558,14943,14943,14943,0,0,0,4.30012e+06,3845371,4795311,137.408,128.436,150.786
634,9510,9524,15,PACKAGE_SCENE,500000000,122071,32768,90558,90558,90558,14943,14943,14943,0,0,0,4.28688e+06,4025947,5069803,141.2,128.901,150.137
635,9525,9539,15,PACKAGE_SCENE,500000000,122071,32768,90558,90558,90558,14943,14943,14943,0,0,0,4.30872e+06,3934585,4775080,139.576,132.882,149.965
636,9540,9554,15,PACKAGE_SCENE,500000000,122071,32768,90558,90558,90558,14943,14943,14943,0,0,0,4.33109e+06,4042072,4782760,141.045,132.587,152.549
637,9555,9569,15,PACKAGE_SCENE,500000000,122071,32768,90558,90558,90558,14943,14943,14943,0,0,0,4.36558e+06,4083262,4638403,139.919,128.141,153.554
638,9570,9584,15,PACKAGE_SCENE,500000000,122071,32768,90558,90558,90558,14943,14943,14943,0,0,0,4.20131e+06,3818487,4487456,143.438,126.142,162.024
639,9585,9599,15,PACKAGE_SCENE,500000000,122071,32768,90558,90558,90558,14943,14943,14943,0,0,0,4.34527e+06,3954867,4754159,138.453,134.591,151.162
640,9600,9614,15,PACKAGE_SCENE,500000000,122071,32768,90558,90558,90558,14943,14943,14943,0,0,0,4.29815e+06,4018508,4742442,143.409,135.095,151.557
641,9615,9629,15,PACKAGE_SCENE,500000000,122071,32768,90558,90558,90558,14943,14943,14943,0,0,0,4.23472e+06,3996658,4627735,153.131,133.802,250.141
642,9630,9644,15,PACKAGE_SCENE,500000000,122071,32768,90558,90558,90558,14943,14943,14943,0,0,0,4.2695e+06,3881253,4582606,149.089,130.58,238.393
643,9645,9659,15,PACKAGE_SCENE,500000000,122071,32768,90558,90558,90558,14943,14943,14943,0,0,0,4.31319e+06,3855978,4751922,140.84,128.41,152.416
644,9660,9674,15,PACKAGE_SCENE,500000000,122071,32768,90558,90558,90558,14943,14943,14943,0,0,0,4.26121e+06,3841777,4625512,142.406,117.944,152.042
645,9675,9689,15,PACKAGE_SCENE,500000000,122071,32768,90558,90558,90558,14943,14943,14943,0,0,0,4.27807e+06,3738421,4655739,144.357,122.614,152.205
646,9690,9704,15,PACKAGE_SCENE,500000000,122071,32768,90558,90558,90558,14943,14943,14943,0,0,0,4.3053e+06,4027518,4643561,141.661,130.444,166.018
647,9705,9719,15,PACKAGE_SCENE,500000000,122071,32768,90558,90558,90558,14943,14943,14943,0,0,0,4.29547e+06,3940879,4639284,141.14,129.21,152.052
648,9720,9734,15,PACKAGE_SCENE,500000000,122071,32768,86109.3,55984,90558,13836,4987,14943,133.867,0,982,3.96493e+06,1268293,4582518,227.717,127.056,788.855
649,9735,9749,15,PACKAGE_SCENE,500000000,122071,32768,52339.5,27433,79670,5876.07,3660,8090,634.333,126,2343,2.09978e+06,598451,3145459,405.738,140.767,1130.79
650,9750,9764,15,PACKAGE_SCENE,500000000,122071,32768,60489,60489,60489,6133,6133,6133,0,0,0,3.15223e+06,2288685,4820494,94.9084,78.9749,113.825
651,9765,9779,15,PACKAGE_SCENE,500000000,122071,32768,60489,60489,60489,6133,6133,6133,0,0,0,2.82767e+06,2317346,3543583,94.1998,81.1756,121.862
652,9780,9794,15,PACKAGE_SCENE,500000000,122071,32768,60489,60489,60489,6133,6133,6133,0,0,0,3.00095e+06,2428058,3671322,647.63,82.3635,8403.78
653,9795,9809,15,PACKAGE_SCENE,500000000,122071,32768,60489,60489,60489,6133,6133,6133,0,0,0,3.09633e+06,2206630,3648944,437.597,75.7543,5335.52
654,9810,9824,15,PACKAGE_SCENE,500000000,122071,32768,60489,60489,60489,6133,6133,6133,0,0,0,2.8761e+06,2199479,3495304,631.037,77.289,8213.07
655,9825,9839,15,PACKAGE_SCENE,500000000,122071,32768,60489,60489,60489,6133,6133,6133,0,0,0,3.1205e+06,2309207,3948311,289.211,77.2371,3001.15
656,9840,9854,15,PACKAGE_SCENE,500000000,122071,32768,60489,60489,60489,6133,6133,6133,0,0,0,3.05729e+06,2348694,3654362,88.5394,75.1603,106.499
657,9855,9869,15,PACKAGE_SCENE,500000000,122071,32768,60489,60489,60489,6133,6133,6133,0,0,0,3.10549e+06,2482848,4327460,398.107,76.5433,4745.44
658,9870,9884,15,PACKAGE_SCENE,500000000,122071,32768,60489,60489,60489,6133,6133,6133,0,0,0,2.8887e+06,2044371,3861322,228.154,76.8935,2203.49
659,9885,9899,15,PACKAGE_SCENE,500000000,122071,32768,60489,60489,60489,6133,6133,6133,0,0,0,2.99861e+06,2292774,3819718,245.667,76.6896,2440.11
660,9900,9914,15,PACKAGE_SCENE,500000000,122071,32768,60489,60489,60489,6133,6133,6133,0,0,0,3.12277e+06,2191920,3801172,179.42,75.2181,1474.55
661,9915,9929,15,PACKAGE_SCENE,500000000,122071,32768,60489,60489,60489,6133,6133,6133,0,0,0,3.00378e+06,2350068,3558066,182.643,80.414,1494.44
662,9930,9944,15,PACKAGE_SCENE,500000000,122071,32768,60489,60489,60489,6133,6133,6133,0,0,0,3.17923e+06,2438171,3838726,83.1813,74.57,101.252
663,9945,9959,15,PACKAGE_SCENE,500000000,122071,32768,60489,60489,60489,6133,6133,6133,0,0,0,3.18632e+06,2227605,4101560,179.799,74.5993,1467.21
664,9960,9974,15,PACKAGE_SCENE,500000000,122071,32768,60489,60489,60489,6133,6133,6133,0,0,0,3.27347e+06,2784668,3819622,179.561,77.2518,1503.85
665,9975,9989,15,PACKAGE_SCENE,500000000,122071,32768,60489,60489,60489,6133,6133,6133,0,0,0,3.33692e+06,2301450,4168266,185.314,75.3223,1549.81
666,9990,10004,15,PACKAGE_SCENE,500000000,122071,32768,60489,60489,60489,6133,6133,6133,0,0,0,3.00368e+06,2256214,4053397,189.039,77.7158,1577.46
667,10005,10019,15,PACKAGE_SCENE,500000000,122071,32768,60489,60489,60489,6133,6133,6133,0,0,0,3.03954e+06,2052557,3938129,187.249,75.4197,1545.79
668,10020,10034,15,PACKAGE_SCENE,500000000,122071,32768,60489,60489,60489,6133,6133,6133,0,0,0,2.97112e+06,2211602,3668300,85.8004,77.4009,95.5719
669,10035,10049,15,PACKAGE_SCENE,500000000,122071,32768,60489,60489,60489,6133,6133,6133,0,0,0,3.11515e+06,2123847,4204418,180.216,77.0362,1508.87
670,10050,10064,15,PACKAGE_SCENE,500000000,122071,32768,60489,60489,60489,6133,6133,6133,0,0,0,3.1317e+06,2176625,3963387,184.074,76.6836,1572.79
671,10065,10079,15,PACKAGE_SCENE,500000000,122071,32768,60489,60489,60489,6133,6133,6133,0,0,0,3.02068e+06,2252356,3774987,190.145,77.9743,1565.33
672,10080,10094,15,PACKAGE_SCENE,500000000,122071,32768,60489,60489,60489,6133,6133,6133,0,0,0,3.0243e+06,2376230,4085179,194.906,74.9687,1619.56
673,10095,10109,15,PACKAGE_SCENE,500000000,122071,32768,60489,60489,60489,6133,6133,6133,0,0,0,3.11504e+06,2406690,4054633,272.384,76.9361,2818.93
674,10110,10124,15,PACKAGE_SCENE,500000000,122071,32768,60489,60489,60489,6133,6133,6133,0,0,0,3.14686e+06,2329079,3678793,86.4562,77.049,104.882
675,10125,10139,15,PACKAGE_SCENE,500000000,122071,32768,60489,60489,60489,6133,6133,6133,0,0,0,3.19535e+06,2227432,4629442,223.745,76.8341,2144.77
676,10140,10154,15,PACKAGE_SCENE,500000000,122071,32768,60489,60489,60489,6133,6133,6133,0,0,0,2.76141e+06,2172745,3278448,234.182,75.119,2264.08
677,10155,10169,15,PACKAGE_SCENE,500000000,122071,32768,60489,60489,60489,6133,6133,6133,0,0,0,2.82177e+06,2058552,3672061,204.439,77.3118,1811.39
678,10170,10184,15,PACKAGE_SCENE,500000000,122071,32768,60489,60489,60489,6133,6133,6133,0,0,0,3.011e+06,2303339,3828525,200.437,77.4567,1781.36
679,10185,10199,15,PACKAGE_SCENE,500000000,122071,32768,60489,60489,60489,6133,6133,6133,0,0,0,3.11903e+06,2221390,4146061,197.41,81.8978,1719.87
680,10200,10214,15,PACKAGE_SCENE,500000000,122071,32768,60489,60489,60489,6133,6133,6133,0,0,0,3.1652e+06,2253290,3907809,86.3134,74.9344,96.0023
681,10215,10229,15,PACKAGE_SCENE,500000000,122071,32768,60489,60489,60489,6133,6133,6133,0,0,0,2.96628e+06,1890103,3515439,239.954,68.8061,2378.32
682,10230,10244,15,PACKAGE_SCENE,500000000,122071,32768,60489,60489,60489,6133,6133,6133,0,0,0,3.22715e+06,2543408,4265767,208.583,78.9244,1887.64
683,10245,10259,15,PACKAGE_SCENE,500000000,122071,32768,60489,60489,60489,6133,6133,6133,0,0,0,3.4638e+06,2724085,4035108,204.342,75.3701,1815.61
684,10260,10274,15,PACKAGE_SCENE,500000000,122071,32768,60489,60489,60489,6133,6133,6133,0,0,0,3.01047e+06,2412386,3854079,209.719,75.2611,1948.31
685,10275,10289,15,PACKAGE_SCENE,500000000,122071,32768,60489,60489,60489,6133,6133,6133,0,0,0,3.1881e+06,2114328,4259168,203.309,83.9265,1823.54
686,10290,10304,15,PACKAGE_SCENE,500000000,122071,32768,60489,60489,60489,6133,6133,6133,0,0,0,3.11573e+06,2160755,3754025,83.8113,74.6845,101.187
687,10305,10319,15,PACKAGE_SCENE,500000000,122071,32768,60489,60489,60489,6133,6133,6133,0,0,0,3.18891e+06,2257024,3887219,195.753,77.0903,1749.95
688,10320,10334,15,PACKAGE_SCENE,500000000,122071,32768,60489,60489,60489,6133,6133,6133,0,0,0,3.25766e+06,2438969,4343436,196.279,76.9249,1747
689,10335,10349,15,PACKAGE_SCENE,500000000,122071,32768,60489,60489,60489,6133,6133,6133,0,0,0,3.08241e+06,2212749,4260866,198.336,74.8086,1729.58
690,10350,10364,15,PACKAGE_SCENE,500000000,122071,32768,60489,60489,60489,6133,6133,6133,0,0,0,3.11404e+06,2473593,3839577,199.841,76.4256,1797.13
691,10365,10379,15,PACKAGE_SCENE,500000000,122071,32768,60489,60489,60489,6133,6133,6133,0,0,0,3.09632e+06,2517827,3744207,202.131,76.7367,1783.48
692,10380,10394,15,PACKAGE_SCENE,500000000,122071,32768,60489,60489,60489,6133,6133,6133,0,0,0,3.1663e+06,2455494,3901000,84.9984,77.1416,93.6743
693,10395,10409,15,PACKAGE_SCENE,500000000,122071,32768,60489,60489,60489,6133,6133,6133,0,0,0,3.05594e+06,2234434,3860354,199.935,77.0125,1767.59
694,10410,10424,15,PACKAGE_SCENE,500000000,122071,32768,60489,60489,60489,6133,6133,6133,0,0,0,3.26214e+06,2451850,4369940,175.499,77.1783,1427.46
695,10425,10439,15,PACKAGE_SCENE,500000000,122071,32768,60489,60489,60489,6133,6133,6133,0,0,0,3.02077e+06,2083010,3773942,182.3,79.2414,1446.06
696,10440,10454,15,PACKAGE_SCENE,500000000,122071,32768,60489,60489,60489,6133,6133,6133,0,0,0,3.16906e+06,2194451,3979681,183.671,79.7244,1529.37
697,10455,10469,15,PACKAGE_SCENE,500000000,122071,32768,60489,60489,60489,6133,6133,6133,0,0,0,3.08018e+06,2294247,3851857,439.153,76.8047,5339.11
698,10470,10484,15,PACKAGE_SCENE,500000000,122071,32768,60489,60489,60489,6133,6133,6133,0,0,0,2.92256e+06,2077209,4400124,87.0242,75.0075,98.3208
699,10485,10499,15,PACKAGE_SCENE,500000000,122071,32768,60489,60489,60489,6133,6133,6133,0,0,0,3.01555e+06,2371407,4809551,85.7205,76.5604,101.728
700,10500,10514,15,PACKAGE_SCENE,500000000,122071,32768,60489,60489,60489,6133,6133,6133,0,0,0,3.12754e+06,1915455,3859087,86.6443,74.6257,96.0859
701,10515,10529,15,PACKAGE_SCENE,500000000,122071,32768,60489,60489,60489,6133,6133,6133,0,0,0,3.06958e+06,2145240,3771896,83.1841,74.5722,97.9699
702,10530,10544,15,PACKAGE_SCENE,500000000,122071,32768,60489,60489,60489,6133,6133,6133,0,0,0,2.96434e+06,2298805,3959495,85.4131,76.9438,99.7676
703,10545,10559,15,PACKAGE_SCENE,500000000,122071,32768,60489,60489,60489,6133,6133,6133,0,0,0,3.01453e+06,2362501,3642602,86.1305,68.1323,93.4298
704,10560,10574,15,PACKAGE_SCENE,500000000,122071,32768,60489,60489,60489,6133,6133,6133,0,0,0,3.0931e+06,2205039,3779282,84.8737,77.6915,95.5457
705,10575,10589,15,PACKAGE_SCENE,500000000,122071,32768,60489,60489,60489,6133,6133,6133,0,0,0,3.08957e+06,2030664,4196119,88.5591,77.115,101.57
706,10590,10604,15,PACKAGE_SCENE,500000000,122071,32768,60489,60489,60489,6133,6133,6133,0,0,0,3.28992e+06,2266013,4158877,90.1499,76.9888,100.424
707,10605,10619,15,PACKAGE_SCENE,500000000,122071,32768,60489,60489,60489,6133,6133,6133,0,0,0,3.13057e+06,2477572,3901554,85.8535,75.0239,100.755
708,10620,10634,15,PACKAGE_SCENE,500000000,122071,32768,60489,60489,60489,6133,6133,6133,0,0,0,2.95069e+06,2241893,3530077,88.4994,77.3641,106.725
709,10635,10649,15,PACKAGE_SCENE,500000000,122071,32768,60489,60489,60489,6133,6133,6133,0,0,0,3.25815e+06,2612660,3910329,86.3543,76.7558,105.469
710,10650,10664,15,PACKAGE_SCENE,500000000,122071,32768,60489,60489,60489,6133,6133,6133,0,0,0,3.05672e+06,2304832,3859012,84.2066,74.3308,93.3466
711,10665,10679,15,PACKAGE_SCENE,500000000,122071,32768,60489,60489,60489,6133,6133,6133,0,0,0,3.2428e+06,2445673,3931478,87.0364,76.3479,98.8236
712,10680,10694,15,PACKAGE_SCENE,500000000,122071,32768,60489,60489,60489,6133,6133,6133,0,0,0,3.11761e+06,2326998,4206926,85.7436,74.5938,97.1438
713,10695,10709,15,PACKAGE_SCENE,500000000,122071,32768,60489,60489,60489,6133,6133,6133,0,0,0,3.20518e+06,1857369,4287678,87.5935,77.1203,98.4416
714,10710,10724,15,PACKAGE_SCENE,500000000,122071,32768,60489,60489,60489,6133,6133,6133,0,0,0,3.13037e+06,2480754,3814464,85.0187,76.6301,94.0498
715,10725,10739,15,PACKAGE_SCENE,500000000,122071,32768,60489,60489,60489,6133,6133,6133,0,0,0,3.3974e+06,2525338,3869437,82.3721,76.8705,93.1948
716,10740,10754,15,PACKAGE_SCENE,500000000,122071,32768,60489,60489,60489,6133,6133,6133,0,0,0,3.06269e+06,2353996,3652562,87.8141,74.9679,108.243
717,10755,10769,15,PACKAGE_SCENE,500000000,122071,32768,60489,60489,60489,6133,6133,6133,0,0,0,2.95397e+06,2484735,3658115,84.8654,75.8953,103.262
718,10770,10784,15,PACKAGE_SCENE,500000000,122071,32768,60489,60489,60489,6133,6133,6133,0,0,0,3.06103e+06,2399142,3825255,100.597,76.8429,250.783
719,10785,10799,15,PACKAGE_SCENE,500000000,122071,32768,60489,60489,60489,6133,6133,6133,0,0,0,3.09334e+06,2200973,4314597,90.2057,75.6185,103.185
720,10800,10814,15,PACKAGE_SCENE,500000000,122071,32768,60489,60489,60489,6133,6133,6133,0,0,0,3.24356e+06,2672838,3936147,92.0701,83.4147,100.928
721,10815,10829,15,PACKAGE_SCENE,500000000,122071,32768,60489,60489,60489,6133,6133,6133,0,0,0,3.13566e+06,2637890,3580342,90.3042,83.4551,98.2774
722,10830,10844,15,PACKAGE_SCENE,500000000,122071,32768,51900.2,37793,60489,5136.6,3565,6133,32.4,0,251,2.45567e+06,1520740,3505420,102.024,62.5188,247.128
723,10845,10859,15,PACKAGE_SCENE,500000000,122071,32768,61961.3,37793,80377,6405.07,3565,8223,441.667,0,2727,3.05701e+06,1043235,4822870,282.749,56.418,1314.86
724,10860,10874,15,PACKAGE_SCENE,500000000,122071,32768,80377,80377,80377,8223,8223,8223,0,0,0,4.11833e+06,3628974,4789378,95.0371,83.2743,139.089
725,10875,10889,15,PACKAGE_SCENE,500000000,122071,32768,80377,80377,80377,8223,8223,8223,0,0,0,4.08963e+06,3734200,4617112,95.9378,85.7636,111.75
726,10890,10904,15,PACKAGE_SCENE,500000000,122071,32768,80377,80377,80377,8223,8223,8223,0,0,0,4.08391e+06,3708141,4527237,612.694,81.0669,7902.05
727,10905,10919,15,PACKAGE_SCENE,500000000,122071,32768,80377,80377,80377,8223,8223,8223,0,0,0,4.07979e+06,3521973,4726775,506.139,80.8413,6309.24
728,10920,10934,15,PACKAGE_SCENE,500000000,122071,32768,80377,80377,80377,8223,8223,8223,0,0,0,4.19065e+06,3633466,4690223,484.1,83.4727,5974.56
729,10935,10949,15,PACKAGE_SCENE,500000000,122071,32768,80377,80377,80377,8223,8223,8223,0,0,0,4.18377e+06,3920023,4803544,310.353,81.9327,3364.65
730,10950,10964,15,PACKAGE_SCENE,500000000,122071,32768,80377,80377,80377,8223,8223,8223,0,0,0,4.06943e+06,3515189,4525076,407.309,80.4728,4784.97
731,10965,10979,15,PACKAGE_SCENE,500000000,122071,32768,80377,80377,80377,8223,8223,8223,0,0,0,4.08214e+06,3646043,4606936,92.9715,85.314,100.689
732,10980,10994,15,PACKAGE_SCENE,500000000,122071,32768,80377,80377,80377,8223,8223,8223,0,0,0,4.01411e+06,3669652,4569338,239.258,81.6603,2352.57
733,10995,11009,15,PACKAGE_SCENE,500000000,122071,32768,80377,80377,80377,8223,8223,8223,0,0,0,4.09494e+06,3678921,4712789,249.941,81.3165,2413.81
734,11010,11024,15,PACKAGE_SCENE,500000000,122071,32768,80377,80377,80377,8223,8223,8223,0,0,0,4.0273e+06,3507201,4787550,188.379,76.082,1535.03
735,11025,11039,15,PACKAGE_SCENE,500000000,122071,32768,80377,80377,80377,8223,8223,8223,0,0,0,4.14725e+06,3818356,4891191,187.287,77.6111,1558.99
736,11040,11054,15,PACKAGE_SCENE,500000000,122071,32768,80377,80377,80377,8223,8223,8223,0,0,0,4.21531e+06,3554806,4794807,185.119,84.0229,1505.41
737,11055,11069,15,PACKAGE_SCENE,500000000,122071,32768,80377,80377,80377,8223,8223,8223,0,0,0,4.07247e+06,3558696,4546978,89.083,80.5459,108.539
738,11070,11084,15,PACKAGE_SCENE,500000000,122071,32768,80377,80377,80377,8223,8223,8223,0,0,0,4.04844e+06,3626607,4483742,185.645,83.0619,1498.29
739,11085,11099,15,PACKAGE_SCENE,500000000,122071,32768,80377,80377,80377,8223,8223,8223,0,0,0,4.00211e+06,3645151,4382813,192.425,74.5802,1557.63
740,11100,11114,15,PACKAGE_SCENE,500000000,122071,32768,80377,80377,80377,8223,8223,8223,0,0,0,4.21396e+06,3665678,4963378,191.518,78.1489,1603.57
741,11115,11129,15,PACKAGE_SCENE,500000000,122071,32768,80377,80377,80377,8223,8223,8223,0,0,0,4.12102e+06,3458503,4754674,201.467,75.3275,1698.81
742,11130,11144,15,PACKAGE_SCENE,500000000,122071,32768,80377,80377,80377,8223,8223,8223,0,0,0,4.07706e+06,3685264,4393057,199.014,80.8199,1676.43
743,11145,11159,15,PACKAGE_SCENE,500000000,122071,32768,80377,80377,80377,8223,8223,8223,0,0,0,4.15351e+06,3727283,4492025,88.7667,66.3484,100.695
744,11160,11174,15,PACKAGE_SCENE,500000000,122071,32768,80377,80377,80377,8223,8223,8223,0,0,0,4.08277e+06,3648153,4617060,222.169,78.5009,2056.71
745,11175,11189,15,PACKAGE_SCENE,500000000,122071,32768,80377,80377,80377,8223,8223,8223,0,0,0,4.19352e+06,3816362,4545383,187.765,77.147,1526.65
746,11190,11204,15,PACKAGE_SCENE,500000000,122071,32768,80377,80377,80377,8223,8223,8223,0,0,0,4.11445e+06,3815667,4592156,194.584,73.9517,1598.45
747,11205,11219,15,PACKAGE_SCENE,500000000,122071,32768,80377,80377,80377,8223,8223,8223,0,0,0,4.22544e+06,3529817,4735515,260.112,76.4679,2619.15
748,11220,11234,15,PACKAGE_SCENE,500000000,122071,32768,80377,80377,80377,8223,8223,8223,0,0,0,4.04983e+06,3767104,4569080,223.638,82.9797,2072.67
749,11235,11249,15,PACKAGE_SCENE,500000000,122071,32768,80377,80377,80377,8223,8223,8223,0,0,0,4.12092e+06,3708154,4590018,88.8211,76.513,108.27
750,11250,11264,15,PACKAGE_SCENE,500000000,122071,32768,80377,80377,80377,8223,8223,8223,0,0,0,4.15144e+06,3716335,4646738,208.615,82.8542,1872.33
751,11265,11279,15,PACKAGE_SCENE,500000000,122071,32768,80377,80377,80377,8223,8223,8223,0,0,0,4.18607e+06,3645494,4735468,208.238,77.9264,1846.59
752,11280,11294,15,PACKAGE_SCENE,500000000,122071,32768,80377,80377,80377,8223,8223,8223,0,0,0,4.00855e+06,3471505,4485897,208.631,78.2337,1867.53
753,11295,11309,15,PACKAGE_SCENE,500000000,122071,32768,80377,80377,80377,8223,8223,8223,0,0,0,4.04503e+06,3473428,4474804,208.158,81.0959,1856.08
754,11310,11324,15,PACKAGE_SCENE,500000000,122071,32768,80377,80377,80377,8223,8223,8223,0,0,0,4.07188e+06,3642348,4413068,206.605,76.4406,1831.31
755,11325,11339,15,PACKAGE_SCENE,500000000,122071,32768,80377,80377,80377,8223,8223,8223,0,0,0,4.02998e+06,3593558,4489926,92.5516,76.2507,113.932
756,11340,11354,15,PACKAGE_SCENE,500000000,122071,32768,80377,80377,80377,8223,8223,8223,0,0,0,4.17355e+06,3890269,4570567,212.521,81.2005,1882.69
757,11355,11369,15,PACKAGE_SCENE,500000000,122071,32768,80377,80377,80377,8223,8223,8223,0,0,0,4.10998e+06,3701983,4751299,207.053,80.8486,1862.11
758,11370,11384,15,PACKAGE_SCENE,500000000,122071,32768,80377,80377,80377,8223,8223,8223,0,0,0,4.0623e+06,3705154,4688967,209.722,76.2388,1861.1
759,11385,11399,15,PACKAGE_SCENE,500000000,122071,32768,80377,80377,80377,8223,8223,8223,0,0,0,4.05398e+06,3659225,4497285,209.206,82.2314,1864.42
760,11400,11414,15,PACKAGE_SCENE,500000000,122071,32768,80377,80377,80377,8223,8223,8223,0,0,0,4.09809e+06,3745176,4638954,207.793,83.3841,1842.02
761,11415,11429,15,PACKAGE_SCENE,500000000,122071,32768,80377,80377,80377,8223,8223,8223,0,0,0,4.01033e+06,3612463,4516257,92.9719,82.9828,107.666
762,11430,11444,15,PACKAGE_SCENE,500000000,122071,32768,80377,80377,80377,8223,8223,8223,0,0,0,3.96074e+06,3677620,4780283,209.181,77.0419,1894.8
763,11445,11459,15,PACKAGE_SCENE,500000000,122071,32768,80377,80377,80377,8223,8223,8223,0,0,0,4.09131e+06,3589388,4547654,201.974,82.2982,1775.59
764,11460,11474,15,PACKAGE_SCENE,500000000,122071,32768,80377,80377,80377,8223,8223,8223,0,0,0,3.99939e+06,3535396,4741660,212.399,83.6568,1883.43
765,11475,11489,15,PACKAGE_SCENE,500000000,122071,32768,80377,80377,80377,8223,8223,8223,0,0,0,4.15711e+06,3709731,4899599,229.405,81.1787,2166.57
766,11490,11504,15,PACKAGE_SCENE,500000000,122071,32768,80377,80377,80377,8223,8223,8223,0,0,0,4.06893e+06,3587749,4581617,213.066,83.758,1889.63
767,11505,11519,15,PACKAGE_SCENE,500000000,122071,32768,80377,80377,80377,8223,8223,8223,0,0,0,4.15494e+06,3495311,4830139,89.168,81.9881,106.911
768,11520,11534,15,PACKAGE_SCENE,500000000,122071,32768,80377,80377,80377,8223,8223,8223,0,0,0,4.04016e+06,3713133,4740884,188.035,82.8317,1485.68
769,11535,11549,15,PACKAGE_SCENE,500000000,122071,32768,80377,80377,80377,8223,8223,8223,0,0,0,4.1306e+06,3740678,5005747,183.274,80.4162,1458.64
770,11550,11564,15,PACKAGE_SCENE,500000000,122071,32768,80377,80377,80377,8223,8223,8223,0,0,0,4.10775e+06,3554850,4636260,177.61,83.0265,1337
771,11565,11579,15,PACKAGE_SCENE,500000000,122071,32768,80377,80377,80377,8223,8223,8223,0,0,0,4.1282e+06,3532141,4767275,415.723,81.0011,4979.25
772,11580,11594,15,PACKAGE_SCENE,500000000,122071,32768,80377,80377,80377,8223,8223,8223,0,0,0,4.11138e+06,3483167,4507652,92.9893,80.7572,106.516
773,11595,11609,15,PACKAGE_SCENE,500000000,122071,32768,80377,80377,80377,8223,8223,8223,0,0,0,4.12256e+06,3708023,4431736,91.276,80.9076,99.7714
774,11610,11624,15,PACKAGE_SCENE,500000000,122071,32768,80377,80377,80377,8223,8223,8223,0,0,0,4.15475e+06,3438902,4708460,89.6204,75.8723,107.045
775,11625,11639,15,PACKAGE_SCENE,500000000,122071,32768,80377,80377,80377,8223,8223,8223,0,0,0,4.10937e+06,3834790,4419923,88.6252,75.591,98.1544
776,11640,11654,15,PACKAGE_SCENE,500000000,122071,32768,80377,80377,80377,8223,8223,8223,0,0,0,4.12737e+06,3691694,4553431,89.5977,82.7752,107.224
777,11655,11669,15,PACKAGE_SCENE,500000000,122071,32768,80377,80377,80377,8223,8223,8223,0,0,0,4.0461e+06,3692255,4450718,88.2316,80.3606,107.083
778,11670,11684,15,PACKAGE_SCENE,500000000,122071,32768,80377,80377,80377,8223,8223,8223,0,0,0,4.11281e+06,3658854,4605610,91.2845,76.4486,107.778
779,11685,11699,15,PACKAGE_SCENE,500000000,122071,32768,80377,80377,80377,8223,8223,8223,0,0,0,4.15198e+06,3506248,4942485,90.5523,82.6359,99.2242
780,11700,11714,15,PACKAGE_SCENE,500000000,122071,32768,80377,80377,80377,8223,8223,8223,0,0,0,4.31439e+06,3873107,4708403,92.6525,76.3156,107.233
781,11715,11729,15,PACKAGE_SCENE,500000000,122071,32768,80377,80377,80377,8223,8223,8223,0,0,0,4.11439e+06,3456865,5091897,90.4813,76.7353,99.8885
782,11730,11744,15,PACKAGE_SCENE,500000000,122071,32768,80377,80377,80377,8223,8223,8223,0,0,0,4.15395e+06,3754321,4826420,88.5568,76.1462,100.37
783,11745,11759,15,PACKAGE_SCENE,500000000,122071,32768,80377,80377,80377,8223,8223,8223,0,0,0,4.20555e+06,3852265,4886531,89.2215,76.5859,107.487
784,11760,11774,15,PACKAGE_SCENE,500000000,122071,32768,80377,80377,80377,8223,8223,8223,0,0,0,4.15744e+06,3684257,4558598,90.8431,80.7415,107.068
785,11775,11789,15,PACKAGE_SCENE,500000000,122071,32768,80377,80377,80377,8223,8223,8223,0,0,0,4.0398e+06,3545609,4880548,88.6071,76.1117,99.4982
786,11790,11804,15,PACKAGE_SCENE,500000000,122071,32768,80377,80377,80377,8223,8223,8223,0,0,0,4.11192e+06,3582975,5350892,89.7771,75.3361,99.2673
787,11805,11819,15,PACKAGE_SCENE,500000000,122071,32768,80377,80377,80377,8223,8223,8223,0,0,0,4.16895e+06,3579388,4830010,91.6349,80.497,106.863
788,11820,11834,15,PACKAGE_SCENE,500000000,122071,32768,80377,80377,80377,8223,8223,8223,0,0,0,4.17101e+06,3684955,4658703,86.719,81.0841,97.9554
789,11835,11849,15,PACKAGE_SCENE,500000000,122071,32768,80377,80377,80377,8223,8223,8223,0,0,0,4.11695e+06,3493111,4703818,90.1164,80.5057,99.5069
790,11850,11864,15,PACKAGE_SCENE,500000000,122071,32768,80377,80377,80377,8223,8223,8223,0,0,0,4.04184e+06,3586757,4405720,90.429,82.866,106.39
791,11865,11879,15,PACKAGE_SCENE,500000000,122071,32768,80377,80377,80377,8223,8223,8223,0,0,0,4.08769e+06,3651724,4643687,87.896,82.6768,97.2493
792,11880,11894,15,PACKAGE_SCENE,500000000,122071,32768,80377,80377,80377,8223,8223,8223,0,0,0,4.22531e+06,3689041,4939721,93.1499,76.4982,106.336
793,11895,11909,15,PACKAGE_SCENE,500000000,122071,32768,80377,80377,80377,8223,8223,8223,0,0,0,4.16254e+06,3686436,4587774,89.8465,80.7078,99.5034
794,11910,11924,15,PACKAGE_SCENE,500000000,122071,32768,80377,80377,80377,8223,8223,8223,0,0,0,4.15845e+06,3613629,5182877,91.9082,81.0889,107.807
795,11925,11939,15,PACKAGE_SCENE,500000000,122071,32768,80377,80377,80377,8223,8223,8223,0,0,0,4.10553e+06,3435520,4653147,89.6522,81.5922,99.1944
796,11940,11954,15,PACKAGE_SCENE,500000000,122071,32768,80377,80377,80377,8223,8223,8223,0,0,0,4.02423e+06,3730623,4448128,88.7449,82.7024,99.1796
797,11955,11969,15,PACKAGE_SCENE,500000000,122071,32768,80377,80377,80377,8223,8223,8223,0,0,0,4.09911e+06,3595960,4686358,89.2313,80.7965,100.075
798,11970,11984,15,PACKAGE_SCENE,500000000,122071,32768,80377,80377,80377,8223,8223,8223,0,0,0,4.14324e+06,3713832,4925331,90.26,76.3752,106.925
799,11985,11999,15,PACKAGE_SCENE,500000000,122071,32768,80377,80377,80377,8223,8223,8223,0,0,0,4.07409e+06,3360203,4640470,89.977,75.827,106.058
800,12000,12014,15,PACKAGE_SCENE,500000000,122071,32768,80377,80377,80377,8223,8223,8223,0,0,0,4.11804e+06,3861351,4461036,89.1301,80.782,98.9725
801,12015,12029,15,PACKAGE_SCENE,500000000,122071,32768,80377,80377,80377,8223,8223,8223,0,0,0,4.04635e+06,3582176,4608691,89.746,73.5752,106.904
802,12030,12044,15,PACKAGE_SCENE,500000000,122071,32768,80377,80377,80377,8223,8223,8223,0,0,0,4.15276e+06,3719835,4691754,89.4868,80.8645,99.6669
803,12045,12059,15,PACKAGE_SCENE,500000000,122071,32768,80377,80377,80377,8223,8223,8223,0,0,0,4.15187e+06,3679650,4662017,89.7039,82.7589,100.465
804,12060,12074,15,PACKAGE_SCENE,500000000,122071,32768,80377,80377,80377,8223,8223,8223,0,0,0,4.15271e+06,3728405,4516547,87.5358,76.1661,99.2875
805,12075,12089,15,PACKAGE_SCENE,500000000,122071,32768,80377,80377,80377,8223,8223,8223,0,0,0,4.05523e+06,3491274,4659062,88.5862,75.9438,99.8777
806,12090,12104,15,PACKAGE_SCENE,500000000,122071,32768,80377,80377,80377,8223,8223,8223,0,0,0,4.08924e+06,3654796,4532209,88.8843,75.9418,106.124
807,12105,12119,15,PACKAGE_SCENE,500000000,122071,32768,80377,80377,80377,8223,8223,8223,0,0,0,4.03464e+06,3373162,4722493,91.7792,81.377,105.997
808,12120,12134,15,PACKAGE_SCENE,500000000,122071,32768,80377,80377,80377,8223,8223,8223,0,0,0,4.02251e+06,3658843,4537642,90.2683,81.0584,98.9607
809,12135,12149,15,PACKAGE_SCENE,500000000,122071,32768,80377,80377,80377,8223,8223,8223,0,0,0,4.00087e+06,3554775,4453085,92.823,82.4126,113.836
810,12150,12164,15,PACKAGE_SCENE,500000000,122071,32768,80377,80377,80377,8223,8223,8223,0,0,0,4.17098e+06,3691260,4586992,91.3512,81.2534,107.075
811,12165,12179,15,PACKAGE_SCENE,500000000,122071,32768,80377,80377,80377,8223,8223,8223,0,0,0,3.99338e+06,3436220,4527811,91.4075,82.6113,106.181
812,12180,12194,15,PACKAGE_SCENE,500000000,122071,32768,80377,80377,80377,8223,8223,8223,0,0,0,4.15095e+06,3619136,4951445,90.1243,76.5399,106.119
813,12195,12209,15,PACKAGE_SCENE,500000000,122071,32768,80377,80377,80377,8223,8223,8223,0,0,0,4.14007e+06,3783058,4422102,89.4187,82.7634,99.3581
814,12210,12224,15,PACKAGE_SCENE,500000000,122071,32768,80377,80377,80377,8223,8223,8223,0,0,0,4.22241e+06,3788689,4788091,88.9853,75.9518,99.251
815,12225,12239,15,PACKAGE_SCENE,500000000,122071,32768,80377,80377,80377,8223,8223,8223,0,0,0,4.04718e+06,3489419,4535473,88.7732,76.2189,113.838
816,12240,12254,15,PACKAGE_SCENE,500000000,122071,32768,80377,80377,80377,8223,8223,8223,0,0,0,4.02805e+06,3388147,4570654,90.4071,76.8472,100.618
817,12255,12269,15,PACKAGE_SCENE,500000000,122071,32768,80377,80377,80377,8223,8223,8223,0,0,0,4.13175e+06,3570918,4803465,89.7259,81.4107,106.784
818,12270,12284,15,PACKAGE_SCENE,500000000,122071,32768,80377,80377,80377,8223,8223,8223,0,0,0,4.18825e+06,3621736,4619876,90.965,82.3374,92.5476
819,12285,12299,15,PACKAGE_SCENE,500000000,122071,32768,80377,80377,80377,8223,8223,8223,0,0,0,4.2195e+06,3627772,4769549,90.9886,76.5398,106.731
820,12300,12314,15,PACKAGE_SCENE,500000000,122071,32768,80377,80377,80377,8223,8223,8223,0,0,0,4.23551e+06,3631165,4545441,86.339,75.96,99.2175
821,12315,12329,15,PACKAGE_SCENE,500000000,122071,32768,80377,80377,80377,8223,8223,8223,0,0,0,4.03433e+06,3414475,4336615,92.3067,83.3033,106.474
822,12330,12344,15,PACKAGE_SCENE,500000000,122071,32768,80377,80377,80377,8223,8223,8223,0,0,0,4.11057e+06,3705476,4882182,91.9285,80.9745,100.114
823,12345,12359,15,PACKAGE_SCENE,500000000,122071,32768,80377,80377,80377,8223,8223,8223,0,0,0,4.00349e+06,3743106,4390141,88.5427,76.4319,106.047
824,12360,12374,15,PACKAGE_SCENE,500000000,122071,32768,80377,80377,80377,8223,8223,8223,0,0,0,4.05967e+06,3488868,4344502,89.1699,80.2226,105.983
825,12375,12389,15,PACKAGE_SCENE,500000000,122071,32768,80377,80377,80377,8223,8223,8223,0,0,0,4.06264e+06,3580572,4786088,93.8753,84.7848,107.48
826,12390,12404,15,PACKAGE_SCENE,500000000,122071,32768,80377,80377,80377,8223,8223,8223,0,0,0,4.05813e+06,3718200,4685454,93.3782,80.8384,106.398
827,12405,12419,15,PACKAGE_SCENE,500000000,122071,32768,80377,80377,80377,8223,8223,8223,0,0,0,3.97798e+06,3617769,4948992,92.4397,82.613,106.659
828,12420,12434,15,PACKAGE_SCENE,500000000,122071,32768,80377,80377,80377,8223,8223,8223,0,0,0,4.18112e+06,3751700,4486103,92.0028,82.6097,107.572
829,12435,12449,15,PACKAGE_SCENE,500000000,122071,32768,80377,80377,80377,8223,8223,8223,0,0,0,4.0897e+06,3741401,4565547,89.0656,80.6557,97.1121
830,12450,12464,15,PACKAGE_SCENE,500000000,122071,32768,80377,80377,80377,8223,8223,8223,0,0,0,4.17854e+06,3767949,4629910,91.6776,76.1013,113.818
831,12465,12479,15,PACKAGE_SCENE,500000000,122071,32768,80377,80377,80377,8223,8223,8223,0,0,0,3.99248e+06,3619134,4558294,86.7796,76.642,96.981
832,12480,12494,15,PACKAGE_SCENE,500000000,122071,32768,80377,80377,80377,8223,8223,8223,0,0,0,4.15947e+06,3561448,4861526,90.3229,80.2784,107.196
833,12495,12509,15,PACKAGE_SCENE,500000000,122071,32768,80377,80377,80377,8223,8223,8223,0,0,0,4.00639e+06,3467789,4958771,87.7216,80.6559,99.9834
834,12510,12524,15,PACKAGE_SCENE,500000000,122071,32768,80377,80377,80377,8223,8223,8223,0,0,0,4.11743e+06,3687726,4529550,88.9388,82.7409,106.055
835,12525,12539,15,PACKAGE_SCENE,500000000,122071,32768,80377,80377,80377,8223,8223,8223,0,0,0,4.12095e+06,3745370,4582011,91.5748,83.0759,105.927
836,12540,12554,15,PACKAGE_SCENE,500000000,122071,32768,80377,80377,80377,8223,8223,8223,0,0,0,4.12889e+06,3694135,4599736,90.3482,80.9149,107.225
837,12555,12569,15,PACKAGE_SCENE,500000000,122071,32768,80377,80377,80377,8223,8223,8223,0,0,0,4.05633e+06,3566563,4665498,87.8474,75.9147,97.3177
838,12570,12584,15,PACKAGE_SCENE,500000000,122071,32768,80377,80377,80377,8223,8223,8223,0,0,0,4.17166e+06,3817972,4622313,86.8351,76.0575,98.9505
839,12585,12599,15,PACKAGE_SCENE,500000000,122071,32768,80377,80377,80377,8223,8223,8223,0,0,0,4.0487e+06,3822160,4479467,92.2219,82.6811,100.515
840,12600,12614,15,PACKAGE_SCENE,500000000,122071,32768,80377,80377,80377,8223,8223,8223,0,0,0,4.04668e+06,3767199,4496249,88.5223,82.7426,99.5002
841,12615,12629,15,PACKAGE_SCENE,500000000,122071,32768,80377,80377,80377,8223,8223,8223,0,0,0,4.08213e+06,3846554,4568430,91.7478,80.6796,106.364
842,12630,12644,15,PACKAGE_SCENE,500000000,122071,32768,80377,80377,80377,8223,8223,8223,0,0,0,4.1556e+06,3820482,4608830,91.3505,82.9787,106.891
843,12645,12659,15,PACKAGE_SCENE,500000000,122071,32768,80377,80377,80377,8223,8223,8223,0,0,0,4.2172e+06,3649464,4574203,92.7193,81.0914,99.6262
844,12660,12674,15,PACKAGE_SCENE,500000000,122071,32768,80377,80377,80377,8223,8223,8223,0,0,0,4.17485e+06,3644747,4958354,91.9832,82.8809,106.24
845,12675,12689,15,PACKAGE_SCENE,500000000,122071,32768,80377,80377,80377,8223,8223,8223,0,0,0,4.19404e+06,3672621,4957299,92.6129,75.5906,100.411
846,12690,12704,15,PACKAGE_SCENE,500000000,122071,32768,80377,80377,80377,8223,8223,8223,0,0,0,4.1308e+06,3755788,4758803,89.0169,81.1223,106.507
847,12705,12719,15,PACKAGE_SCENE,500000000,122071,32768,80377,80377,80377,8223,8223,8223,0,0,0,4.08118e+06,3833800,4381711,90.8282,76.7307,106.318
848,12720,12734,15,PACKAGE_SCENE,500000000,122071,32768,80377,80377,80377,8223,8223,8223,0,0,0,3.99714e+06,3580917,4448348,89.9551,80.7963,106.666
849,12735,12749,15,PACKAGE_SCENE,500000000,122071,32768,80377,80377,80377,8223,8223,8223,0,0,0,4.13199e+06,3775222,4804615,91.8606,82.9988,107.01
850,12750,12764,15,PACKAGE_SCENE,500000000,122071,32768,80377,80377,80377,8223,8223,8223,0,0,0,4.19594e+06,3743841,4618939,88.5182,80.4641,106.443
851,12765,12779,15,PACKAGE_SCENE,500000000,122071,32768,80377,80377,80377,8223,8223,8223,0,0,0,4.18719e+06,3691521,4697206,90.9939,80.7469,113.547
852,12780,12794,15,PACKAGE_SCENE,500000000,122071,32768,80377,80377,80377,8223,8223,8223,0,0,0,4.05969e+06,3545498,4675756,87.1082,75.902,99.4485
853,12795,12809,15,PACKAGE_SCENE,500000000,122071,32768,80377,80377,80377,8223,8223,8223,0,0,0,4.11902e+06,3794009,4461071,92.9935,77.4381,108.986
854,12810,12824,15,PACKAGE_SCENE,500000000,122071,32768,80377,80377,80377,8223,8223,8223,0,0,0,4.26619e+06,3884039,5105193,89.7751,82.9992,106.894
855,12825,12839,15,PACKAGE_SCENE,500000000,122071,32768,80377,80377,80377,8223,8223,8223,0,0,0,4.03012e+06,3524749,4754873,89.033,75.7193,98.9276
856,12840,12854,15,PACKAGE_SCENE,500000000,122071,32768,80377,80377,80377,8223,8223,8223,0,0,0,4.14476e+06,3759820,4799957,91.619,80.4638,113.756
857,12855,12869,15,PACKAGE_SCENE,500000000,122071,32768,80377,80377,80377,8223,8223,8223,0,0,0,4.07118e+06,3598542,4389987,88.9896,82.461,107.42
858,12870,12884,15,PACKAGE_SCENE,500000000,122071,32768,80377,80377,80377,8223,8223,8223,0,0,0,4.13023e+06,3746424,5179539,90.869,80.8204,106.984
859,12885,12899,15,PACKAGE_SCENE,500000000,122071,32768,80377,80377,80377,8223,8223,8223,0,0,0,4.11434e+06,3641854,4667924,94.5382,80.8401,114.518
860,12900,12914,15,PACKAGE_SCENE,500000000,122071,32768,80377,80377,80377,8223,8223,8223,0,0,0,3.93964e+06,3666660,4298247,93.5408,80.4487,107.575
861,12915,12929,15,PACKAGE_SCENE,500000000,122071,32768,80377,80377,80377,8223,8223,8223,0,0,0,4.12409e+06,3781722,4467694,91.2375,81.5268,106.375
862,12930,12944,15,PACKAGE_SCENE,500000000,122071,32768,80377,80377,80377,8223,8223,8223,0,0,0,4.15361e+06,3281707,5111010,89.8513,82.7444,99.961
863,12945,12959,15,PACKAGE_SCENE,500000000,122071,32768,80377,80377,80377,8223,8223,8223,0,0,0,4.04258e+06,3614465,4563831,92.7856,82.5922,106.887
864,12960,12974,15,PACKAGE_SCENE,500000000,122071,32768,80377,80377,80377,8223,8223,8223,0,0,0,4.14617e+06,3619986,5157976,86.2542,80.2658,97.4092
865,12975,12989,15,PACKAGE_SCENE,500000000,122071,32768,80377,80377,80377,8223,8223,8223,0,0,0,4.00226e+06,3655678,4450472,89.8622,75.6792,106.67
866,12990,13004,15,PACKAGE_SCENE,500000000,122071,32768,80377,80377,80377,8223,8223,8223,0,0,0,4.18683e+06,3715306,4829025,88.9819,76.0874,99.3329
867,13005,13019,15,PACKAGE_SCENE,500000000,122071,32768,80377,80377,80377,8223,8223,8223,0,0,0,4.23886e+06,3656167,4775354,91.3996,82.9642,100.074
868,13020,13034,15,PACKAGE_SCENE,500000000,122071,32768,80377,80377,80377,8223,8223,8223,0,0,0,4.07966e+06,3724590,4460965,88.358,81.0242,99.0967
869,13035,13049,15,PACKAGE_SCENE,500000000,122071,32768,80377,80377,80377,8223,8223,8223,0,0,0,4.06178e+06,3317883,4650419,90.3113,75.9145,107.488
870,13050,13064,15,PACKAGE_SCENE,500000000,122071,32768,80377,80377,80377,8223,8223,8223,0,0,0,4.04271e+06,3815531,4531213,92.9955,80.325,107.415
871,13065,13079,15,PACKAGE_SCENE,500000000,122071,32768,80377,80377,80377,8223,8223,8223,0,0,0,4.17473e+06,3599344,4650898,90.3706,73.5229,106.984
872,13080,13094,15,PACKAGE_SCENE,500000000,122071,32768,80377,80377,80377,8223,8223,8223,0,0,0,4.13585e+06,3525716,5160804,104.792,82.9081,206.218
873,13095,13109,15,PACKAGE_SCENE,500000000,122071,32768,80377,80377,80377,8223,8223,8223,0,0,0,4.10457e+06,3574211,4496883,89.0589,70.8971,110.214
874,13110,13124,15,PACKAGE_SCENE,500000000,122071,32768,80377,80377,80377,8223,8223,8223,0,0,0,4.09654e+06,3786962,4720013,95.4008,82.8066,110.896
875,13125,13139,15,PACKAGE_SCENE,500000000,122071,32768,80377,80377,80377,8223,8223,8223,0,0,0,3.99414e+06,3730198,4475528,95.5495,84.2581,111.755
876,13140,13154,15,PACKAGE_SCENE,500000000,122071,32768,70959.4,45237,80419,5697.73,3097,8247,745.8,0,2266,2.39444e+06,141919,4216800,432.437,54.8125,1067.25
877,13155,13169,15,PACKAGE_SCENE,500000000,122071,32768,64847.8,62311,74995,4555.67,4513,4709,99,0,1472,2.07412e+06,1450934,3112853,105.204,43.14,789.936
878,13170,13184,15,PACKAGE_SCENE,500000000,122071,32768,62311,62311,62311,4513,4513,4513,0,0,0,2.08582e+06,1448105,2832571,57.3731,51.0627,65.7246
879,13185,13199,15,PACKAGE_SCENE,500000000,122071,32768,74149.4,62311,74995,4696.8,4513,4722,0,0,0,2.10285e+06,1438285,3200328,58.3958,47.0807,71.6684
880,13200,13214,15,PACKAGE_SCENE,500000000,122071,32768,74995,74995,74995,4709,4709,4709,0,0,0,2.25113e+06,1505502,3479113,58.401,52.4687,69.7791
881,13215,13229,15,PACKAGE_SCENE,500000000,122071,32768,74995,74995,74995,4709,4709,4709,0,0,0,2.15551e+06,1638673,2663161,59.6597,46.5175,76.6862
882,13230,13244,15,PACKAGE_SCENE,500000000,122071,32768,74995,74995,74995,4709,4709,4709,0,0,0,2.11519e+06,1512508,3079537,411.829,52.2105,5313.51
883,13245,13259,15,PACKAGE_SCENE,500000000,122071,32768,74995,74995,74995,4709,4709,4709,0,0,0,2.12992e+06,1602475,2760906,284.892,45.269,3466.12
884,13260,13274,15,PACKAGE_SCENE,500000000,122071,32768,74995,74995,74995,4709,4709,4709,0,0,0,2.37597e+06,1736495,3033732,218.502,51.8351,2455.55
885,13275,13289,15,PACKAGE_SCENE,500000000,122071,32768,74995,74995,74995,4709,4709,4709,0,0,0,1.87417e+06,1402727,2953842,60.0935,51.7743,70.3609
886,13290,13304,15,PACKAGE_SCENE,500000000,122071,32768,74995,74995,74995,4709,4709,4709,0,0,0,2.30279e+06,1498717,3046190,379.527,47.2663,4884.16
887,13305,13319,15,PACKAGE_SCENE,500000000,122071,32768,74995,74995,74995,4709,4709,4709,0,0,0,1.98679e+06,1323931,2886048,178.261,48.3273,1872.66
888,13320,13334,15,PACKAGE_SCENE,500000000,122071,32768,74995,74995,74995,4709,4709,4709,0,0,0,2.02915e+06,1258291,3345631,153.313,52.0468,1471.24
889,13335,13349,15,PACKAGE_SCENE,500000000,122071,32768,74995,74995,74995,4709,4709,4709,0,0,0,2.08929e+06,1351744,2779277,185.279,46.2711,1963.32
890,13350,13364,15,PACKAGE_SCENE,500000000,122071,32768,74995,74995,74995,4709,4709,4709,0,0,0,2.10306e+06,1302115,2627540,263.681,54.0732,3080.01
891,13365,13379,15,PACKAGE_SCENE,500000000,122071,32768,74995,74995,74995,4709,4709,4709,0,0,0,1.96716e+06,1374602,2568282,58.557,45.8216,74.976
892,13380,13394,15,PACKAGE_SCENE,500000000,122071,32768,74995,74995,74995,4709,4709,4709,0,0,0,2.13503e+06,1605952,2741946,121.835,45.41,1033.12
893,13395,13409,15,PACKAGE_SCENE,500000000,122071,32768,74995,74995,74995,4709,4709,4709,0,0,0,2.38596e+06,1628281,2854090,122.781,52.474,1029.97
894,13410,13424,15,PACKAGE_SCENE,500000000,122071,32768,74995,74995,74995,4709,4709,4709,0,0,0,2.22488e+06,1467685,2876649,122.214,51.9502,1021.23
895,13425,13439,15,PACKAGE_SCENE,500000000,122071,32768,74995,74995,74995,4709,4709,4709,0,0,0,2.21331e+06,1170939,3194292,116.118,44.9863,968.313
896,13440,13454,15,PACKAGE_SCENE,500000000,122071,32768,74995,74995,74995,4709,4709,4709,0,0,0,2.07838e+06,1209930,2875917,114.814,46.9806,945.607
897,13455,13469,15,PACKAGE_SCENE,500000000,122071,32768,74995,74995,74995,4709,4709,4709,0,0,0,2.0437e+06,1476107,3031580,54.4313,46.9419,63.3019
898,13470,13484,15,PACKAGE_SCENE,500000000,122071,32768,74995,74995,74995,4709,4709,4709,0,0,0,2.15635e+06,1291888,3117532,119.623,51.4755,969.004
899,13485,13499,15,PACKAGE_SCENE,500000000,122071,32768,74995,74995,74995,4709,4709,4709,0,0,0,2.23334e+06,1431989,3036087,124.608,52.0496,1023.49
900,13500,13514,15,PACKAGE_SCENE,500000000,122071,32768,74995,74995,74995,4709,4709,4709,0,0,0,2.10145e+06,1506739,2829959,118.855,51.8521,998.605
901,13515,13529,15,PACKAGE_SCENE,500000000,122071,32768,74995,74995,74995,4709,4709,4709,0,0,0,2.15709e+06,1731535,2995306,120.614,51.9206,986.209
902,13530,13544,15,PACKAGE_SCENE,500000000,122071,32768,74995,74995,74995,4709,4709,4709,0,0,0,2.18687e+06,1468007,3251521,125.72,53.1515,1030.85
903,13545,13559,15,PACKAGE_SCENE,500000000,122071,32768,74995,74995,74995,4709,4709,4709,0,0,0,2.23878e+06,1664328,2817227,55.465,45.1413,68.225
904,13560,13574,15,PACKAGE_SCENE,500000000,122071,32768,74995,74995,74995,4709,4709,4709,0,0,0,2.13629e+06,1307567,2890751,164.293,45.922,1631.95
905,13575,13589,15,PACKAGE_SCENE,500000000,122071,32768,74995,74995,74995,4709,4709,4709,0,0,0,2.19676e+06,1662434,2794786,148.377,51.9612,1401.5
906,13590,13604,15,PACKAGE_SCENE,500000000,122071,32768,74995,74995,74995,4709,4709,4709,0,0,0,2.09418e+06,1332922,2700536,138.984,53.9237,1247.39
907,13605,13619,15,PACKAGE_SCENE,500000000,122071,32768,74995,74995,74995,4709,4709,4709,0,0,0,2.06104e+06,1436665,2951997,132.462,51.5548,1211.33
908,13620,13634,15,PACKAGE_SCENE,500000000,122071,32768,74995,74995,74995,4709,4709,4709,0,0,0,2.06598e+06,1585182,2651412,161.346,51.7855,1591.33
909,13635,13649,15,PACKAGE_SCENE,500000000,122071,32768,74995,74995,74995,4709,4709,4709,0,0,0,2.13982e+06,1375394,3143965,58.0045,46.0176,68.7058
910,13650,13664,15,PACKAGE_SCENE,500000000,122071,32768,74995,74995,74995,4709,4709,4709,0,0,0,2.44516e+06,1725678,3038340,140.291,51.6616,1245.27
911,13665,13679,15,PACKAGE_SCENE,500000000,122071,32768,74995,74995,74995,4709,4709,4709,0,0,0,2.12915e+06,1341046,2946831,147.299,47.3049,1392.02
912,13680,13694,15,PACKAGE_SCENE,500000000,122071,32768,74995,74995,74995,4709,4709,4709,0,0,0,2.05505e+06,1354309,3106802,149.789,44.9,1437.95
913,13695,13709,15,PACKAGE_SCENE,500000000,122071,32768,74995,74995,74995,4709,4709,4709,0,0,0,2.24006e+06,1546324,3104109,145.235,51.6649,1354.56
914,13710,13724,15,PACKAGE_SCENE,500000000,122071,32768,74995,74995,74995,4709,4709,4709,0,0,0,2.19524e+06,1578345,2761452,136.991,45.6767,1238.85
915,13725,13739,15,PACKAGE_SCENE,500000000,122071,32768,74995,74995,74995,4709,4709,4709,0,0,0,2.0742e+06,1362417,2835622,58.5979,45.7418,78.1005
916,13740,13754,15,PACKAGE_SCENE,500000000,122071,32768,74995,74995,74995,4709,4709,4709,0,0,0,2.25669e+06,1390728,2752676,134.937,44.678,1248.5
917,13755,13769,15,PACKAGE_SCENE,500000000,122071,32768,74995,74995,74995,4709,4709,4709,0,0,0,2.09256e+06,1172240,2941231,138.708,51.999,1234.81
918,13770,13784,15,PACKAGE_SCENE,500000000,122071,32768,74995,74995,74995,4709,4709,4709,0,0,0,2.32324e+06,1811554,2978175,144.261,46.5822,1320.69
919,13785,13799,15,PACKAGE_SCENE,500000000,122071,32768,74995,74995,74995,4709,4709,4709,0,0,0,2.20859e+06,1405997,2801497,152.142,48.1629,1423.71
920,13800,13814,15,PACKAGE_SCENE,500000000,122071,32768,74995,74995,74995,4709,4709,4709,0,0,0,2.10478e+06,1501504,3102486,150.676,45.7739,1469.17
921,13815,13829,15,PACKAGE_SCENE,500000000,122071,32768,74995,74995,74995,4709,4709,4709,0,0,0,2.04056e+06,1374469,2904834,55.4633,48.0626,64.096
922,13830,13844,15,PACKAGE_SCENE,500000000,122071,32768,74995,74995,74995,4709,4709,4709,0,0,0,2.20893e+06,1462234,2890156,134.857,49.2687,1203.17
923,13845,13859,15,PACKAGE_SCENE,500000000,122071,32768,74995,74995,74995,4709,4709,4709,0,0,0,2.11396e+06,1261538,2795837,148.04,52.4212,1394.42
924,13860,13874,15,PACKAGE_SCENE,500000000,122071,32768,74995,74995,74995,4709,4709,4709,0,0,0,2.12742e+06,1292401,2833237,133.045,52.9276,1134.88
925,13875,13889,15,PACKAGE_SCENE,500000000,122071,32768,74995,74995,74995,4709,4709,4709,0,0,0,2.05475e+06,1382023,2738592,123.216,45.5588,1015.18
926,13890,13904,15,PACKAGE_SCENE,500000000,122071,32768,74995,74995,74995,4709,4709,4709,0,0,0,2.1297e+06,1383917,2586256,120.196,49.3928,974.974
927,13905,13919,15,PACKAGE_SCENE,500000000,122071,32768,74995,74995,74995,4709,4709,4709,0,0,0,2.37951e+06,1629897,3599980,55.6662,47.0543,68.2621
928,13920,13934,15,PACKAGE_SCENE,500000000,122071,32768,74995,74995,74995,4709,4709,4709,0,0,0,2.12956e+06,1461267,3123531,283.653,52.3653,3413.8
929,13935,13949,15,PACKAGE_SCENE,500000000,122071,32768,74995,74995,74995,4709,4709,4709,0,0,0,1.92445e+06,1437298,2955912,58.46,53.3257,65.2401
930,13950,13964,15,PACKAGE_SCENE,500000000,122071,32768,74995,74995,74995,4709,4709,4709,0,0,0,2.05922e+06,1271175,2936139,57.7871,51.849,68.0609
931,13965,13979,15,PACKAGE_SCENE,500000000,122071,32768,74995,74995,74995,4709,4709,4709,0,0,0,2.07788e+06,1416066,2630142,59.6108,51.7219,70.0042
932,13980,13994,15,PACKAGE_SCENE,500000000,122071,32768,74995,74995,74995,4709,4709,4709,0,0,0,2.12509e+06,1460313,2695116,56.1993,44.7279,76.9767
933,13995,14009,15,PACKAGE_SCENE,500000000,122071,32768,74995,74995,74995,4709,4709,4709,0,0,0,2.16733e+06,1547968,2809031,55.2723,51.5013,68.2962
934,14010,14024,15,PACKAGE_SCENE,500000000,122071,32768,74995,74995,74995,4709,4709,4709,0,0,0,2.17833e+06,1423515,2889075,56.4261,45.2703,71.4682
935,14025,14039,15,PACKAGE_SCENE,500000000,122071,32768,74995,74995,74995,4709,4709,4709,0,0,0,2.06129e+06,1220996,2917191,57.3555,51.9336,77.6317
936,14040,14054,15,PACKAGE_SCENE,500000000,122071,32768,74995,74995,74995,4709,4709,4709,0,0,0,1.83335e+06,1070328,2367321,58.3957,52.0329,70.5678
937,14055,14069,15,PACKAGE_SCENE,500000000,122071,32768,74995,74995,74995,4709,4709,4709,0,0,0,2.06931e+06,1492609,3049005,55.5292,47.8518,62.9727
938,14070,14084,15,PACKAGE_SCENE,500000000,122071,32768,74995,74995,74995,4709,4709,4709,0,0,0,2.19428e+06,1294851,3010237,56.6579,51.8206,74.9505
939,14085,14099,15,PACKAGE_SCENE,500000000,122071,32768,74995,74995,74995,4709,4709,4709,0,0,0,2.14958e+06,1476347,2746318,57.5929,51.3878,67.8527
940,14100,14114,15,PACKAGE_SCENE,500000000,122071,32768,74995,74995,74995,4709,4709,4709,0,0,0,2.22856e+06,1376838,2879608,57.2574,51.7142,68.4254
941,14115,14129,15,PACKAGE_SCENE,500000000,122071,32768,74995,74995,74995,4709,4709,4709,0,0,0,2.10189e+06,1314713,2874944,61.2651,46.9027,72.0957
942,14130,14144,15,PACKAGE_SCENE,500000000,122071,32768,74995,74995,74995,4709,4709,4709,0,0,0,2.23799e+06,1501296,3017257,53.7706,44.9614,63.7095
943,14145,14159,15,PACKAGE_SCENE,500000000,122071,32768,74995,74995,74995,4709,4709,4709,0,0,0,2.213e+06,1698057,3131246,58.7923,51.8044,68.275
944,14160,14174,15,PACKAGE_SCENE,500000000,122071,32768,74995,74995,74995,4709,4709,4709,0,0,0,2.28502e+06,1469577,3263047,53.4987,44.9619,61.6346
945,14175,14189,15,PACKAGE_SCENE,500000000,122071,32768,74995,74995,74995,4709,4709,4709,0,0,0,2.07068e+06,1341118,2826379,57.054,51.7114,62.8638
946,14190,14204,15,PACKAGE_SCENE,500000000,122071,32768,74995,74995,74995,4709,4709,4709,0,0,0,2.02143e+06,1378677,2923332,54.639,45.4185,63.7408
947,14205,14219,15,PACKAGE_SCENE,500000000,122071,32768,74995,74995,74995,4709,4709,4709,0,0,0,2.12519e+06,1242639,2664200,56.0501,52.0406,68.0343
948,14220,14234,15,PACKAGE_SCENE,500000000,122071,32768,74995,74995,74995,4709,4709,4709,0,0,0,2.18239e+06,1254650,3125099,58.606,45.4088,73.4188
949,14235,14249,15,PACKAGE_SCENE,500000000,122071,32768,74995,74995,74995,4709,4709,4709,0,0,0,2.10557e+06,1400268,2854901,55.8451,45.9732,63.2444
950,14250,14264,15,PACKAGE_SCENE,500000000,122071,32768,74995,74995,74995,4709,4709,4709,0,0,0,2.28596e+06,1768553,2855789,55.4273,44.8907,68.734
951,14265,14279,15,PACKAGE_SCENE,500000000,122071,32768,74995,74995,74995,4709,4709,4709,0,0,0,2.24562e+06,1463259,2991948,55.4105,45.0956,64.259
952,14280,14294,15,PACKAGE_SCENE,500000000,122071,32768,74995,74995,74995,4709,4709,4709,0,0,0,1.99548e+06,1484816,2512813,57.107,45.384,70.4759
953,14295,14309,15,PACKAGE_SCENE,500000000,122071,32768,74995,74995,74995,4709,4709,4709,0,0,0,2.30457e+06,1798285,3610953,56.2933,45.5601,63.5887
954,14310,14324,15,PACKAGE_SCENE,500000000,122071,32768,74995,74995,74995,4709,4709,4709,0,0,0,2.21777e+06,1215841,2809593,56.9235,51.288,70.5336
955,14325,14339,15,PACKAGE_SCENE,500000000,122071,32768,74995,74995,74995,4709,4709,4709,0,0,0,1.84438e+06,1228815,2604956,59.56,44.7067,84.322
956,14340,14354,15,PACKAGE_SCENE,500000000,122071,32768,74995,74995,74995,4709,4709,4709,0,0,0,2.22616e+06,1405661,2949698,56.2417,51.4005,64.08
957,14355,14369,15,PACKAGE_SCENE,500000000,122071,32768,74995,74995,74995,4709,4709,4709,0,0,0,2.49125e+06,1696546,3332091,55.7718,44.7938,69.8729
958,14370,14384,15,PACKAGE_SCENE,500000000,122071,32768,74995,74995,74995,4709,4709,4709,0,0,0,2.11299e+06,1632495,2835678,58.82,51.397,75.1538
959,14385,14399,15,PACKAGE_SCENE,500000000,122071,32768,74995,74995,74995,4709,4709,4709,0,0,0,2.07419e+06,1425027,2970322,56.8359,51.5633,63.3117
960,14400,14414,15,PACKAGE_SCENE,500000000,122071,32768,74995,74995,74995,4709,4709,4709,0,0,0,2.03451e+06,1167536,2867035,58.6357,52.196,69.1152
961,14415,14429,15,PACKAGE_SCENE,500000000,122071,32768,74995,74995,74995,4709,4709,4709,0,0,0,2.1087e+06,1746794,2615103,59.5061,45.2054,75.3458
962,14430,14444,15,PACKAGE_SCENE,500000000,122071,32768,74995,74995,74995,4709,4709,4709,0,0,0,1.95897e+06,1405520,2999164,63.3565,50.0065,120.356
963,14445,14459,15,PACKAGE_SCENE,500000000,122071,32768,74995,74995,74995,4709,4709,4709,0,0,0,1.98048e+06,1332612,2682634,55.7404,45.2133,68.5046
964,14460,14474,15,PACKAGE_SCENE,500000000,122071,32768,74995,74995,74995,4709,4709,4709,0,0,0,2.14817e+06,1357500,2898801,56.8395,48.6958,63.6474
965,14475,14489,15,PACKAGE_SCENE,500000000,122071,32768,74995,74995,74995,4709,4709,4709,0,0,0,2.17376e+06,1565821,3110410,55.6744,44.9295,67.976
966,14490,14504,15,PACKAGE_SCENE,500000000,122071,32768,74995,74995,74995,4709,4709,4709,0,0,0,2.32254e+06,1410235,3172024,54.9107,44.8908,70.4268
967,14505,14519,15,PACKAGE_SCENE,500000000,122071,32768,74995,74995,74995,4709,4709,4709,0,0,0,1.99874e+06,1107670,2879568,59.2532,51.8258,75.3565
968,14520,14534,15,PACKAGE_SCENE,500000000,122071,32768,74995,74995,74995,4709,4709,4709,0,0,0,2.17218e+06,1591912,2995092,56.0192,44.9859,68.2971
969,14535,14549,15,PACKAGE_SCENE,500000000,122071,32768,74995,74995,74995,4709,4709,4709,0,0,0,1.93335e+06,1280133,2726187,61.0054,54.0399,70.3829
970,14550,14564,15,PACKAGE_SCENE,500000000,122071,32768,74995,74995,74995,4709,4709,4709,0,0,0,2.12515e+06,1655138,2536353,56.5606,45.1046,63.7065
971,14565,14579,15,PACKAGE_SCENE,500000000,122071,32768,74995,74995,74995,4709,4709,4709,0,0,0,2.15998e+06,1312160,2752361,56.1085,51.9388,67.9682
972,14580,14594,15,PACKAGE_SCENE,500000000,122071,32768,74995,74995,74995,4709,4709,4709,0,0,0,2.19366e+06,1451592,3403537,58.3765,45.0289,64.0935
973,14595,14609,15,PACKAGE_SCENE,500000000,122071,32768,74995,74995,74995,4709,4709,4709,0,0,0,2.09375e+06,1679408,2783638,58.6952,47.3798,71.3976
974,14610,14624,15,PACKAGE_SCENE,500000000,122071,32768,74995,74995,74995,4709,4709,4709,0,0,0,2.10584e+06,1431541,3086359,56.3764,45.2275,68.3562
975,14625,14639,15,PACKAGE_SCENE,500000000,122071,32768,74995,74995,74995,4709,4709,4709,0,0,0,2.18182e+06,1722626,2946913,58.821,44.9027,77.7507
976,14640,14654,15,PACKAGE_SCENE,500000000,122071,32768,74995,74995,74995,4709,4709,4709,0,0,0,2.18154e+06,1484201,3028037,57.2341,51.7164,67.6993
977,14655,14669,15,PACKAGE_SCENE,500000000,122071,32768,74995,74995,74995,4709,4709,4709,0,0,0,2.08734e+06,1564381,2850223,56.6613,52.0547,70.8255
978,14670,14684,15,PACKAGE_SCENE,500000000,122071,32768,69921.4,62311,74995,4630.6,4513,4709,0,0,0,2.31066e+06,1396727,3178031,53.7968,43.663,63.2236
979,14685,14699,15,PACKAGE_SCENE,500000000,122071,32768,46541.4,28450,62311,7564.93,2911,10363,840.6,0,4808,1.77613e+06,391944,2594249,430.429,50.8552,1841.57
980,14700,14714,15,PACKAGE_SCENE,500000000,122071,32768,28265.3,14446,51465,8866.07,6436,12663,689.133,36,3621,1.49915e+06,815591,2332894,348.679,75.9277,1417.68
981,14715,14729,15,PACKAGE_SCENE,500000000,122071,32768,47478.6,36213,55570,8873.07,6378,9383,558.867,0,4876,2.29626e+06,611022,2814488,274.575,80.4368,1535.09
982,14730,14744,15,PACKAGE_SCENE,500000000,122071,32768,45471.1,45163,47474,8852.13,8772,9373,25.3333,0,380,2.2443e+06,1914306,2545487,105.081,82.6688,259.812
983,14745,14759,15,PACKAGE_SCENE,500000000,122071,32768,45163,45163,45163,8772,8772,8772,0,0,0,2.13581e+06,1769509,2699684,89.6245,77.9138,104.884
984,14760,14774,15,PACKAGE_SCENE,500000000,122071,32768,45163,45163,45163,8772,8772,8772,0,0,0,2.1297e+06,1701045,2528523,90.7074,82.8515,104.768
985,14775,14789,15,PACKAGE_SCENE,500000000,122071,32768,45163,45163,45163,8772,8772,8772,0,0,0,2.21214e+06,1640463,2732265,584.946,78.1551,7503.02
986,14790,14804,15,PACKAGE_SCENE,500000000,122071,32768,45163,45163,45163,8772,8772,8772,0,0,0,2.17037e+06,1586500,2537774,444.358,80.6007,5371.38
987,14805,14819,15,PACKAGE_SCENE,500000000,122071,32768,45163,45163,45163,8772,8772,8772,0,0,0,2.12124e+06,1818029,2426132,311.766,80.3647,3381.36
988,14820,14834,15,PACKAGE_SCENE,500000000,122071,32768,45163,45163,45163,8772,8772,8772,0,0,0,2.07128e+06,1783068,2595138,88.936,65.6258,104.502
989,14835,14849,15,PACKAGE_SCENE,500000000,122071,32768,45163,45163,45163,8772,8772,8772,0,0,0,2.11569e+06,1708082,2471552,316.877,80.1447,3438.19
990,14850,14864,15,PACKAGE_SCENE,500000000,122071,32768,45163,45163,45163,8772,8772,8772,0,0,0,2.18823e+06,1806421,2516544,329.439,66.615,3694.64
991,14865,14879,15,PACKAGE_SCENE,500000000,122071,32768,45163,45163,45163,8772,8772,8772,0,0,0,2.21e+06,1437029,2660387,242.053,81.9294,2285.63
992,14880,14894,15,PACKAGE_SCENE,500000000,122071,32768,45163,45163,45163,8772,8772,8772,0,0,0,2.08226e+06,1694958,2396175,280.818,78.1228,2802.73
993,14895,14909,15,PACKAGE_SCENE,500000000,122071,32768,45163,45163,45163,8772,8772,8772,0,0,0,2.19984e+06,1778076,2532223,195.648,80.4015,1666.66
994,14910,14924,15,PACKAGE_SCENE,500000000,122071,32768,45163,45163,45163,8772,8772,8772,0,0,0,2.17407e+06,1616584,2836592,90.1937,78.0042,103.357
995,14925,14939,15,PACKAGE_SCENE,500000000,122071,32768,45163,45163,45163,8772,8772,8772,0,0,0,2.19677e+06,1957088,2620334,237.235,80.8349,2135.06
996,14940,14954,15,PACKAGE_SCENE,500000000,122071,32768,45163,45163,45163,8772,8772,8772,0,0,0,2.14041e+06,1831632,2410207,228.015,74.6002,2135.64
997,14955,14969,15,PACKAGE_SCENE,500000000,122071,32768,45163,45163,45163,8772,8772,8772,0,0,0,2.10523e+06,1778486,2458659,262.95,64.906,2729.68
998,14970,14984,15,PACKAGE_SCENE,500000000,122071,32768,45163,45163,45163,8772,8772,8772,0,0,0,2.16693e+06,1728313,2413459,228.873,79.5603,2131.51
999,14985,14999,15,PACKAGE_SCENE,500000000,122071,32768,45163,45163,45163,8772,8772,8772,0,0,0,2.05704e+06,1562095,2425867,233.187,78.4894,2206.68
1000,15000,15014,15,PACKAGE_SCENE,500000000,122071,32768,45163,45163,45163,8772,8772,8772,0,0,0,2.14087e+06,1793523,2729273,88.0864,68.7364,97.4863
1001,15015,15029,15,PACKAGE_SCENE,500000000,122071,32768,45163,45163,45163,8772,8772,8772,0,0,0,2.20806e+06,1896479,2620768,192.88,73.1659,1670.62
1002,15030,15044,15,PACKAGE_SCENE,500000000,122071,32768,45163,45163,45163,8772,8772,8772,0,0,0,2.09071e+06,1584887,2634840,188.584,79.4776,1561.6
1003,15045,15059,15,PACKAGE_SCENE,500000000,122071,32768,45163,45163,45163,8772,8772,8772,0,0,0,2.06817e+06,1675644,2459925,232.759,83.3276,2159.62
1004,15060,15074,15,PACKAGE_SCENE,500000000,122071,32768,45163,45163,45163,8772,8772,8772,0,0,0,2.14089e+06,1851818,2447750,199.857,80.6577,1727.96
1005,15075,15089,15,PACKAGE_SCENE,500000000,122071,32768,45163,45163,45163,8772,8772,8772,0,0,0,2.194e+06,1795224,2495301,205.875,80.5926,1781.81
1006,15090,15104,15,PACKAGE_SCENE,500000000,122071,32768,45163,45163,45163,8772,8772,8772,0,0,0,2.17443e+06,1680173,2662433,89.6644,80.2569,98.8936
1007,15105,15119,15,PACKAGE_SCENE,500000000,122071,32768,45163,45163,45163,8772,8772,8772,0,0,0,2.19355e+06,1611401,2639389,297.996,80.6362,3141.33
1008,15120,15134,15,PACKAGE_SCENE,500000000,122071,32768,45163,45163,45163,8772,8772,8772,0,0,0,2.17642e+06,1603939,2480974,247.668,80.2349,2485.19
1009,15135,15149,15,PACKAGE_SCENE,500000000,122071,32768,45163,45163,45163,8772,8772,8772,0,0,0,2.12833e+06,1847902,2707861,234.961,78.9576,2238.74
1010,15150,15164,15,PACKAGE_SCENE,500000000,122071,32768,45163,45163,45163,8772,8772,8772,0,0,0,2.18786e+06,1605037,2625990,209.99,80.3867,1875.72
1011,15165,15179,15,PACKAGE_SCENE,500000000,122071,32768,45163,45163,45163,8772,8772,8772,0,0,0,2.07354e+06,1741333,2811858,212.89,79.9681,1875.73
1012,15180,15194,15,PACKAGE_SCENE,500000000,122071,32768,45163,45163,45163,8772,8772,8772,0,0,0,2.23932e+06,2022446,2775449,89.1788,78.1642,99.0688
1013,15195,15209,15,PACKAGE_SCENE,500000000,122071,32768,45163,45163,45163,8772,8772,8772,0,0,0,2.09366e+06,1704563,2499243,221.224,79.6839,2051.95
1014,15210,15224,15,PACKAGE_SCENE,500000000,122071,32768,45163,45163,45163,8772,8772,8772,0,0,0,2.08509e+06,1813346,2427378,216.134,78.5882,1971.89
1015,15225,15239,15,PACKAGE_SCENE,500000000,122071,32768,45163,45163,45163,8772,8772,8772,0,0,0,2.21254e+06,1855162,3086916,203.993,75.3888,1799.78
1016,15240,15254,15,PACKAGE_SCENE,500000000,122071,32768,45163,45163,45163,8772,8772,8772,0,0,0,2.17873e+06,1823288,2643143,220.443,73.3307,2017.46
1017,15255,15269,15,PACKAGE_SCENE,500000000,122071,32768,45163,45163,45163,8772,8772,8772,0,0,0,2.22832e+06,1826102,2978753,221.529,78.9214,2037.6
1018,15270,15284,15,PACKAGE_SCENE,500000000,122071,32768,45163,45163,45163,8772,8772,8772,0,0,0,2.22935e+06,1721170,2642030,90.8891,78.5043,104.932
1019,15285,15299,15,PACKAGE_SCENE,500000000,122071,32768,45163,45163,45163,8772,8772,8772,0,0,0,2.12315e+06,1775335,2713227,231.065,86.7108,2016.13
1020,15300,15314,15,PACKAGE_SCENE,500000000,122071,32768,45163,45163,45163,8772,8772,8772,0,0,0,2.14233e+06,1681581,2557622,241.599,86.85,2253.19
1021,15315,15329,15,PACKAGE_SCENE,500000000,122071,32768,45163,45163,45163,8772,8772,8772,0,0,0,2.0814e+06,1642239,2551090,229.634,74.744,2117.73
1022,15330,15344,15,PACKAGE_SCENE,500000000,122071,32768,45163,45163,45163,8772,8772,8772,0,0,0,2.10459e+06,1507731,2534935,251.011,82.7742,2420.66
1023,15345,15359,15,PACKAGE_SCENE,500000000,122071,32768,45163,45163,45163,8772,8772,8772,0,0,0,2.10528e+06,1818488,2407960,241.375,82.0786,2268.43
1024,15360,15374,15,PACKAGE_SCENE,500000000,122071,32768,45163,45163,45163,8772,8772,8772,0,0,0,2.0894e+06,1827034,2422258,101.599,83.8282,118.39
1025,15375,15389,15,PACKAGE_SCENE,500000000,122071,32768,45163,45163,45163,8772,8772,8772,0,0,0,2.09011e+06,1642684,2616668,248.811,79.8259,2449.23
1026,15390,15404,15,PACKAGE_SCENE,500000000,122071,32768,45163,45163,45163,8772,8772,8772,0,0,0,2.17691e+06,1808721,2493511,202.699,79.7767,1815.27
1027,15405,15419,15,PACKAGE_SCENE,500000000,122071,32768,45163,45163,45163,8772,8772,8772,0,0,0,2.20498e+06,1884038,2559076,180.357,78.9513,1415.22
1028,15420,15434,15,PACKAGE_SCENE,500000000,122071,32768,45163,45163,45163,8772,8772,8772,0,0,0,2.22499e+06,1783552,2628970,173.61,79.1959,1326.48
1029,15435,15449,15,PACKAGE_SCENE,500000000,122071,32768,45163,45163,45163,8772,8772,8772,0,0,0,2.10551e+06,1720103,2666459,168.938,80.8041,1276.08
1030,15450,15464,15,PACKAGE_SCENE,500000000,122071,32768,45163,45163,45163,8772,8772,8772,0,0,0,2.13526e+06,1868415,2426156,89.9213,80.0437,98.6807
1031,15465,15479,15,PACKAGE_SCENE,500000000,122071,32768,45163,45163,45163,8772,8772,8772,0,0,0,2.07593e+06,1575916,2523865,484.618,79.9126,6040.87
1032,15480,15494,15,PACKAGE_SCENE,500000000,122071,32768,45163,45163,45163,8772,8772,8772,0,0,0,2.09454e+06,1652463,2414553,89.6859,82.4702,110.898
1033,15495,15509,15,PACKAGE_SCENE,500000000,122071,32768,45163,45163,45163,8772,8772,8772,0,0,0,2.15818e+06,1853215,2479338,91.6042,82.76,110.423
1034,15510,15524,15,PACKAGE_SCENE,500000000,122071,32768,45163,45163,45163,8772,8772,8772,0,0,0,2.13899e+06,1834105,2501311,87.9636,80.3813,105.353
1035,15525,15539,15,PACKAGE_SCENE,500000000,122071,32768,45163,45163,45163,8772,8772,8772,0,0,0,2.21415e+06,1834466,2533844,88.6065,78.2457,97.2825
1036,15540,15554,15,PACKAGE_SCENE,500000000,122071,32768,45163,45163,45163,8772,8772,8772,0,0,0,2.07293e+06,1763279,2480770,90.911,82.8693,105.305
1037,15555,15569,15,PACKAGE_SCENE,500000000,122071,32768,45163,45163,45163,8772,8772,8772,0,0,0,2.10006e+06,1687350,2477887,90.9674,78.2677,103.865
1038,15570,15584,15,PACKAGE_SCENE,500000000,122071,32768,45163,45163,45163,8772,8772,8772,0,0,0,2.20424e+06,1741103,2722986,90.7666,80.2782,104.757
1039,15585,15599,15,PACKAGE_SCENE,500000000,122071,32768,45163,45163,45163,8772,8772,8772,0,0,0,2.10824e+06,1656644,2659423,90.2216,79.1712,107.675
1040,15600,15614,15,PACKAGE_SCENE,500000000,122071,32768,45163,45163,45163,8772,8772,8772,0,0,0,2.14176e+06,1705131,2614757,92.4972,80.1927,106.385
1041,15615,15629,15,PACKAGE_SCENE,500000000,122071,32768,45163,45163,45163,8772,8772,8772,0,0,0,2.06383e+06,1717416,2426952,89.0681,77.9873,104.709
1042,15630,15644,15,PACKAGE_SCENE,500000000,122071,32768,45163,45163,45163,8772,8772,8772,0,0,0,2.11953e+06,1599112,3087177,89.9586,78.3307,99.7553
1043,15645,15659,15,PACKAGE_SCENE,500000000,122071,32768,45163,45163,45163,8772,8772,8772,0,0,0,2.09852e+06,1668669,2483883,98.8169,79.6394,196.927
1044,15660,15674,15,PACKAGE_SCENE,500000000,122071,32768,45163,45163,45163,8772,8772,8772,0,0,0,2.17051e+06,1814142,2686809,88.3705,81.2046,104.506
1045,15675,15689,15,PACKAGE_SCENE,500000000,122071,32768,45163,45163,45163,8772,8772,8772,0,0,0,2.21944e+06,1870767,2853270,91.6826,82.737,103.949
1046,15690,15704,15,PACKAGE_SCENE,500000000,122071,32768,45163,45163,45163,8772,8772,8772,0,0,0,2.09707e+06,1533771,2562700,90.1088,79.9527,104.094
1047,15705,15719,15,PACKAGE_SCENE,500000000,122071,32768,45163,45163,45163,8772,8772,8772,0,0,0,2.13295e+06,1781290,2398116,90.4077,73.4575,109.173
1048,15720,15734,15,PACKAGE_SCENE,500000000,122071,32768,45163,45163,45163,8772,8772,8772,0,0,0,2.20372e+06,1801886,2673856,90.6333,80.2517,106.664
1049,15735,15749,15,PACKAGE_SCENE,500000000,122071,32768,45163,45163,45163,8772,8772,8772,0,0,0,2.24058e+06,1824269,2808480,88.4414,78.7899,103.605
1050,15750,15764,15,PACKAGE_SCENE,500000000,122071,32768,45163,45163,45163,8772,8772,8772,0,0,0,2.18794e+06,1646031,2552967,89.9035,80.5689,111.394
1051,15765,15779,15,PACKAGE_SCENE,500000000,122071,32768,45163,45163,45163,8772,8772,8772,0,0,0,2.17247e+06,1903375,2688927,93.5027,80.13,120.194
1052,15780,15794,15,PACKAGE_SCENE,500000000,122071,32768,45163,45163,45163,8772,8772,8772,0,0,0,2.1726e+06,1792681,2826607,95.8201,78,113.732
1053,15795,15809,15,PACKAGE_SCENE,500000000,122071,32768,45163,45163,45163,8772,8772,8772,0,0,0,2.19543e+06,1920000,2587917,93.6798,82.885,118.242
1054,15810,15824,15,PACKAGE_SCENE,500000000,122071,32768,47883.5,36220,88746,8485.73,6686,11044,431.8,0,4022,2.15493e+06,1334527,3919170,290.199,83.5449,1779.38
1055,15825,15839,15,PACKAGE_SCENE,500000000,122071,32768,94279.8,88752,99117,11801.4,10995,12535,223,0,1646,4.82139e+06,4023218,5804123,239.004,121.271,807.994
1056,15840,15854,15,PACKAGE_SCENE,500000000,122071,32768,99117,99117,99117,12503,12503,12503,0,0,0,5.36999e+06,4994705,5701434,148.673,133.354,179.73
1057,15855,15869,15,PACKAGE_SCENE,500000000,122071,32768,99117,99117,99117,12503,12503,12503,0,0,0,5.32327e+06,4768256,6029109,1414.81,128.928,19010.8
1058,15870,15884,15,PACKAGE_SCENE,500000000,122071,32768,99117,99117,99117,12503,12503,12503,0,0,0,5.3723e+06,5081264,6029047,675.082,127.998,8122.3
1059,15885,15899,15,PACKAGE_SCENE,500000000,122071,32768,99117,99117,99117,12503,12503,12503,0,0,0,5.31081e+06,4761000,5877784,582.633,122.216,6730.82
1060,15900,15914,15,PACKAGE_SCENE,500000000,122071,32768,99117,99117,99117,12503,12503,12503,0,0,0,5.47776e+06,5117210,6100374,134.442,126.713,142.97
1061,15915,15929,15,PACKAGE_SCENE,500000000,122071,32768,99117,99117,99117,12503,12503,12503,0,0,0,5.30902e+06,4770114,5703144,432.739,125.912,4534.01
1062,15930,15944,15,PACKAGE_SCENE,500000000,122071,32768,99117,99117,99117,12503,12503,12503,0,0,0,5.27811e+06,4833570,5780548,529.595,120.838,6017.49
1063,15945,15959,15,PACKAGE_SCENE,500000000,122071,32768,99117,99117,99117,12503,12503,12503,0,0,0,5.38896e+06,5179386,5684733,369.421,126.879,3572.4
1064,15960,15974,15,PACKAGE_SCENE,500000000,122071,32768,99117,99117,99117,12503,12503,12503,0,0,0,5.32574e+06,4872523,6052328,456.877,126.176,4872.55
1065,15975,15989,15,PACKAGE_SCENE,500000000,122071,32768,99117,99117,99117,12503,12503,12503,0,0,0,5.29923e+06,4836832,6306663,285.926,119.597,2375.12
1066,15990,16004,15,PACKAGE_SCENE,500000000,122071,32768,99117,99117,99117,12503,12503,12503,0,0,0,5.50208e+06,5156940,5950581,131.851,125.444,137.553
1067,16005,16019,15,PACKAGE_SCENE,500000000,122071,32768,99117,99117,99117,12503,12503,12503,0,0,0,5.38969e+06,4852089,5768858,316.064,127.174,2675.07
1068,16020,16034,15,PACKAGE_SCENE,500000000,122071,32768,99117,99117,99117,12503,12503,12503,0,0,0,5.3982e+06,4749055,6090688,306.547,126.902,2607.92
1069,16035,16049,15,PACKAGE_SCENE,500000000,122071,32768,99117,99117,99117,12503,12503,12503,0,0,0,5.33458e+06,4760461,5821586,281.214,128.132,2239.23
1070,16050,16064,15,PACKAGE_SCENE,500000000,122071,32768,99117,99117,99117,12503,12503,12503,0,0,0,5.38343e+06,4937432,5879753,279.54,126.8,2257.1
1071,16065,16079,15,PACKAGE_SCENE,500000000,122071,32768,99117,99117,99117,12503,12503,12503,0,0,0,5.32159e+06,4826565,5954848,275.53,121.409,2213.44
1072,16080,16094,15,PACKAGE_SCENE,500000000,122071,32768,99117,99117,99117,12503,12503,12503,0,0,0,5.36637e+06,4865001,6192040,138.53,120.994,153.24
1073,16095,16109,15,PACKAGE_SCENE,500000000,122071,32768,99117,99117,99117,12503,12503,12503,0,0,0,5.37299e+06,4848415,5793580,276.962,120.775,2270.83
1074,16110,16124,15,PACKAGE_SCENE,500000000,122071,32768,99117,99117,99117,12503,12503,12503,0,0,0,5.35944e+06,4925886,6126611,278.841,127.296,2246.23
1075,16125,16139,15,PACKAGE_SCENE,500000000,122071,32768,99117,99117,99117,12503,12503,12503,0,0,0,5.51228e+06,4887062,6010555,279.041,126.469,2238.63
1076,16140,16154,15,PACKAGE_SCENE,500000000,122071,32768,99117,99117,99117,12503,12503,12503,0,0,0,5.57682e+06,4935960,5934622,268.444,121.595,2166.17
1077,16155,16169,15,PACKAGE_SCENE,500000000,122071,32768,99117,99117,99117,12503,12503,12503,0,0,0,5.34881e+06,4837111,6045134,279.412,127.943,2240.77
1078,16170,16184,15,PACKAGE_SCENE,500000000,122071,32768,99117,99117,99117,12503,12503,12503,0,0,0,5.335e+06,4641889,5893576,134.841,124.357,143.395
1079,16185,16199,15,PACKAGE_SCENE,500000000,122071,32768,99117,99117,99117,12503,12503,12503,0,0,0,5.32607e+06,4909869,5686807,375.712,125.888,3711.95
1080,16200,16214,15,PACKAGE_SCENE,500000000,122071,32768,99117,99117,99117,12503,12503,12503,0,0,0,5.33844e+06,4944978,6098547,328.632,128.116,2986.07
1081,16215,16229,15,PACKAGE_SCENE,500000000,122071,32768,99117,99117,99117,12503,12503,12503,0,0,0,5.40481e+06,4739725,5905231,313.777,128.042,2756.06
1082,16230,16244,15,PACKAGE_SCENE,500000000,122071,32768,99117,99117,99117,12503,12503,12503,0,0,0,5.23172e+06,4706244,5806444,318.342,125.826,2807.12
1083,16245,16259,15,PACKAGE_SCENE,500000000,122071,32768,99117,99117,99117,12503,12503,12503,0,0,0,5.32556e+06,4661987,5855530,320.868,129.083,2826.7
1084,16260,16274,15,PACKAGE_SCENE,500000000,122071,32768,99117,99117,99117,12503,12503,12503,0,0,0,5.34485e+06,4755788,5780494,137.054,127.59,150.208
1085,16275,16289,15,PACKAGE_SCENE,500000000,122071,32768,99117,99117,99117,12503,12503,12503,0,0,0,5.43259e+06,4947712,5706687,313.714,126.636,2725.14
1086,16290,16304,15,PACKAGE_SCENE,500000000,122071,32768,99117,99117,99117,12503,12503,12503,0,0,0,5.46004e+06,4934627,6041238,313.16,124.018,2741.09
1087,16305,16319,15,PACKAGE_SCENE,500000000,122071,32768,99117,99117,99117,12503,12503,12503,0,0,0,5.41486e+06,4885687,5753384,310.827,128.748,2734.68
1088,16320,16334,15,PACKAGE_SCENE,500000000,122071,32768,99117,99117,99117,12503,12503,12503,0,0,0,5.34859e+06,4842181,6025258,312.6,129.838,2751.55
1089,16335,16349,15,PACKAGE_SCENE,500000000,122071,32768,99117,99117,99117,12503,12503,12503,0,0,0,5.38305e+06,4980541,5901930,302.564,122.459,2661.56
1090,16350,16364,15,PACKAGE_SCENE,500000000,122071,32768,99117,99117,99117,12503,12503,12503,0,0,0,5.19647e+06,4727073,5616758,138.194,127.83,150.426
1091,16365,16379,15,PACKAGE_SCENE,500000000,122071,32768,99117,99117,99117,12503,12503,12503,0,0,0,5.3587e+06,4747739,5770868,306.741,119.209,2713.36
1092,16380,16394,15,PACKAGE_SCENE,500000000,122071,32768,99117,99117,99117,12503,12503,12503,0,0,0,5.42815e+06,4809144,6198817,307.876,119.657,2699.08
1093,16395,16409,15,PACKAGE_SCENE,500000000,122071,32768,99117,99117,99117,12503,12503,12503,0,0,0,5.30773e+06,4758243,5959845,312.118,122.09,2723.19
1094,16410,16424,15,PACKAGE_SCENE,500000000,122071,32768,99117,99117,99117,12503,12503,12503,0,0,0,5.4953e+06,4954217,5877301,310.552,120.092,2733.35
1095,16425,16439,15,PACKAGE_SCENE,500000000,122071,32768,99117,99117,99117,12503,12503,12503,0,0,0,5.20426e+06,4787260,5884324,313.172,127.406,2717.56
1096,16440,16454,15,PACKAGE_SCENE,500000000,122071,32768,99117,99117,99117,12503,12503,12503,0,0,0,5.36694e+06,4902061,6163570,138.628,128.309,150.477
1097,16455,16469,15,PACKAGE_SCENE,500000000,122071,32768,99117,99117,99117,12503,12503,12503,0,0,0,5.43027e+06,4919774,5847910,311.941,127.611,2752.29
1098,16470,16484,15,PACKAGE_SCENE,500000000,122071,32768,99117,99117,99117,12503,12503,12503,0,0,0,5.39302e+06,5008323,5998740,310.297,126.54,2728.31
1099,16485,16499,15,PACKAGE_SCENE,500000000,122071,32768,99117,99117,99117,12503,12503,12503,0,0,0,5.37707e+06,4852688,5674400,269.949,122.312,2107.34
1100,16500,16514,15,PACKAGE_SCENE,500000000,122071,32768,99117,99117,99117,12503,12503,12503,0,0,0,5.38563e+06,4366107,5837170,259.248,126.433,1970.31
1101,16515,16529,15,PACKAGE_SCENE,500000000,122071,32768,99117,99117,99117,12503,12503,12503,0,0,0,5.33774e+06,4914973,5634798,262.864,128.345,1956.23
1102,16530,16544,15,PACKAGE_SCENE,500000000,122071,32768,99117,99117,99117,12503,12503,12503,0,0,0,5.3815e+06,4552371,5902489,137.632,126.956,153.882
1103,16545,16559,15,PACKAGE_SCENE,500000000,122071,32768,99117,99117,99117,12503,12503,12503,0,0,0,5.35359e+06,4797180,5726670,955.104,126.633,12303.1
1104,16560,16574,15,PACKAGE_SCENE,500000000,122071,32768,99117,99117,99117,12503,12503,12503,0,0,0,5.32316e+06,4997478,5990556,137.485,125.911,150.81
1105,16575,16589,15,PACKAGE_SCENE,500000000,122071,32768,99117,99117,99117,12503,12503,12503,0,0,0,5.42948e+06,4645966,6134466,138.057,128.908,151.301
1106,16590,16604,15,PACKAGE_SCENE,500000000,122071,32768,99117,99117,99117,12503,12503,12503,0,0,0,5.35851e+06,4780549,5770011,136.581,126.195,149.888
1107,16605,16619,15,PACKAGE_SCENE,500000000,122071,32768,99117,99117,99117,12503,12503,12503,0,0,0,5.45682e+06,4885083,6161342,138.807,128.557,144.93
1108,16620,16634,15,PACKAGE_SCENE,500000000,122071,32768,99117,99117,99117,12503,12503,12503,0,0,0,5.3187e+06,4873902,5733937,139.091,128.761,152.208
1109,16635,16649,15,PACKAGE_SCENE,500000000,122071,32768,99117,99117,99117,12503,12503,12503,0,0,0,5.3654e+06,4776583,6033721,137.558,127.04,152.579
1110,16650,16664,15,PACKAGE_SCENE,500000000,122071,32768,99117,99117,99117,12503,12503,12503,0,0,0,5.43138e+06,4917764,5912641,142.239,134.138,151.572
1111,16665,16679,15,PACKAGE_SCENE,500000000,122071,32768,99117,99117,99117,12503,12503,12503,0,0,0,5.23805e+06,4859825,5913413,148.877,125.898,196.64
1112,16680,16694,15,PACKAGE_SCENE,500000000,122071,32768,99117,99117,99117,12503,12503,12503,0,0,0,5.29453e+06,4731398,5951076,140.872,133.773,152.007
1113,16695,16709,15,PACKAGE_SCENE,500000000,122071,32768,99117,99117,99117,12503,12503,12503,0,0,0,5.30499e+06,4692002,5881051,136.527,126.461,151.958
1114,16710,16724,15,PACKAGE_SCENE,500000000,122071,32768,99117,99117,99117,12503,12503,12503,0,0,0,5.39227e+06,4962884,5944105,139.727,129.104,150.934
1115,16725,16739,15,PACKAGE_SCENE,500000000,122071,32768,99117,99117,99117,12503,12503,12503,0,0,0,5.39535e+06,4938089,5971712,139.66,128.308,152.58
1116,16740,16754,15,PACKAGE_SCENE,500000000,122071,32768,99117,99117,99117,12503,12503,12503,0,0,0,5.35119e+06,4970566,5989145,142.257,126.445,196.218
1117,16755,16769,15,PACKAGE_SCENE,500000000,122071,32768,99117,99117,99117,12503,12503,12503,0,0,0,5.21665e+06,4611545,5813168,149.08,126.33,300.896
1118,16770,16784,15,PACKAGE_SCENE,500000000,122071,32768,99117,99117,99117,12503,12503,12503,0,0,0,5.29462e+06,4752131,6030576,142.546,129.093,153.784
1119,16785,16799,15,PACKAGE_SCENE,500000000,122071,32768,57538.3,16624,99117,7924.47,4989,12503,1206.47,0,5180,2.59959e+06,163176,5259283,752.257,72.4662,2441.79
1120,16800,16814,15,PACKAGE_SCENE,500000000,122071,32768,20448.5,20241,20630,7724,7572,7857,36.4667,0,547,1.36334e+06,1211851,1487728,91.2877,62.9511,295.438
1121,16815,16829,15,PACKAGE_SCENE,500000000,122071,32768,20630,20630,20630,7851.67,7849,7857,9.53333,0,143,1.37633e+06,1172484,1521616,83.0525,69.6897,156.576
1122,16830,16844,15,PACKAGE_SCENE,500000000,122071,32768,20630,20630,20630,7849,7849,7849,0,0,0,1.39277e+06,1199675,1667202,79.2293,69.18,96.2342
1123,16845,16859,15,PACKAGE_SCENE,500000000,122071,32768,20630,20630,20630,7849,7849,7849,0,0,0,1.35991e+06,1153639,1637353,75.7685,61.6862,92.6469
1124,16860,16874,15,PACKAGE_SCENE,500000000,122071,32768,20630,20630,20630,7849,7849,7849,0,0,0,1.42365e+06,1281698,1630315,75.9098,62.6398,88.3212
1125,16875,16889,15,PACKAGE_SCENE,500000000,122071,32768,21961.3,20630,40599,8055.07,7849,10940,205.2,0,3078,1.41467e+06,1222845,1584624,161.052,66.6673,1308.05
1126,16890,16904,15,PACKAGE_SCENE,500000000,122071,32768,85754.4,85666,85768,12367,12367,12367,92.1333,0,1382,1.86381e+06,1652564,2026786,160.46,117.931,633.232
1127,16905,16919,15,PACKAGE_SCENE,500000000,122071,32768,85768,85768,85768,12367,12367,12367,0,0,0,1.84683e+06,1719876,2080443,125.192,111.329,139.47
1128,16920,16934,15,PACKAGE_SCENE,500000000,122071,32768,85768,85768,85768,12367,12367,12367,0,0,0,1.9031e+06,1698814,2077081,127.504,119.115,144.468
1129,16935,16949,15,PACKAGE_SCENE,500000000,122071,32768,85768,85768,85768,12367,12367,12367,0,0,0,1.85707e+06,1704567,2052836,137.048,117.678,232.245
1130,16950,16964,15,PACKAGE_SCENE,500000000,122071,32768,85768,85768,85768,12367,12367,12367,0,0,0,1.86365e+06,1710862,1971285,131.394,118.365,147.728
1131,16965,16979,15,PACKAGE_SCENE,500000000,122071,32768,85768,85768,85768,12367,12367,12367,0,0,0,1.90314e+06,1744847,2031059,2689.19,117.888,38246.3
1132,16980,16994,15,PACKAGE_SCENE,500000000,122071,32768,85768,85768,85768,12367,12367,12367,0,0,0,1.85062e+06,1720125,2048031,1634.14,124.829,22366.5
1133,16995,17009,15,PACKAGE_SCENE,500000000,122071,32768,85768,85768,85768,12367,12367,12367,0,0,0,1.78952e+06,1662868,1960616,752.475,114.13,9314.94
1134,17010,17024,15,PACKAGE_SCENE,500000000,122071,32768,85768,85768,85768,12367,12367,12367,0,0,0,1.86991e+06,1761643,1962243,412.927,112.559,4387.44
1135,17025,17039,15,PACKAGE_SCENE,500000000,122071,32768,85768,85768,85768,12367,12367,12367,0,0,0,1.87268e+06,1726583,2015341,402.844,119.483,4185.74
1136,17040,17054,15,PACKAGE_SCENE,500000000,122071,32768,85768,85768,85768,12367,12367,12367,0,0,0,1.84977e+06,1605341,2016170,139.121,120.162,171.227
1137,17055,17069,15,PACKAGE_SCENE,500000000,122071,32768,85768,85768,85768,12367,12367,12367,0,0,0,1.93894e+06,1784291,2104746,374.284,118.22,3723.59
1138,17070,17084,15,PACKAGE_SCENE,500000000,122071,32768,85768,85768,85768,12367,12367,12367,0,0,0,1.86117e+06,1691792,2021814,350.031,111.83,3469.73
1139,17085,17099,15,PACKAGE_SCENE,500000000,122071,32768,85768,85768,85768,12367,12367,12367,0,0,0,1.85325e+06,1675460,1996203,260.547,118.414,2102.66
1140,17100,17114,15,PACKAGE_SCENE,500000000,122071,32768,85768,85768,85768,12367,12367,12367,0,0,0,1.91111e+06,1827941,2077698,259.759,115.599,2133.45
1141,17115,17129,15,PACKAGE_SCENE,500000000,122071,32768,85768,85768,85768,12367,12367,12367,0,0,0,1.83714e+06,1641148,2000230,261.315,115.585,2130.76
1142,17130,17144,15,PACKAGE_SCENE,500000000,122071,32768,85768,85768,85768,12367,12367,12367,0,0,0,1.8456e+06,1733037,2125437,123.767,108.866,133.465
1143,17145,17159,15,PACKAGE_SCENE,500000000,122071,32768,85768,85768,85768,12367,12367,12367,0,0,0,1.87588e+06,1715237,2016670,266.708,118.07,2134.56
1144,17160,17174,15,PACKAGE_SCENE,500000000,122071,32768,85768,85768,85768,12367,12367,12367,0,0,0,1.87972e+06,1731387,2054249,261.571,115.697,2165.69
1145,17175,17189,15,PACKAGE_SCENE,500000000,122071,32768,85768,85768,85768,12367,12367,12367,0,0,0,1.81912e+06,1671375,1944202,256.657,111.547,2091.86
1146,17190,17204,15,PACKAGE_SCENE,500000000,122071,32768,85768,85768,85768,12367,12367,12367,0,0,0,1.88131e+06,1659586,2095608,266.003,115.49,2194.89
1147,17205,17219,15,PACKAGE_SCENE,500000000,122071,32768,85768,85768,85768,12367,12367,12367,0,0,0,1.86163e+06,1673215,1988252,293.811,101.547,2569.32
1148,17220,17234,15,PACKAGE_SCENE,500000000,122071,32768,85768,85768,85768,12367,12367,12367,0,0,0,1.88921e+06,1652773,2089062,126.055,115.116,139.83
1149,17235,17249,15,PACKAGE_SCENE,500000000,122071,32768,85768,85768,85768,12367,12367,12367,0,0,0,1.84338e+06,1736163,1972508,266.52,118.572,2215.78
1150,17250,17264,15,PACKAGE_SCENE,500000000,122071,32768,85768,85768,85768,12367,12367,12367,0,0,0,1.8549e+06,1643755,2005656,264.79,115.766,2190.93
1151,17265,17279,15,PACKAGE_SCENE,500000000,122071,32768,85768,85768,85768,12367,12367,12367,0,0,0,1.84321e+06,1717457,1985954,258.004,116.222,2094.76
1152,17280,17294,15,PACKAGE_SCENE,500000000,122071,32768,85768,85768,85768,12367,12367,12367,0,0,0,1.88263e+06,1686130,2057042,350.125,116.007,3477.87
1153,17295,17309,15,PACKAGE_SCENE,500000000,122071,32768,85768,85768,85768,12367,12367,12367,0,0,0,1.90552e+06,1764767,1982147,298.807,117.491,2700.83
1154,17310,17324,15,PACKAGE_SCENE,500000000,122071,32768,85768,85768,85768,12367,12367,12367,0,0,0,1.84031e+06,1725179,1960929,124.233,116.45,139.963
1155,17325,17339,15,PACKAGE_SCENE,500000000,122071,32768,85768,85768,85768,12367,12367,12367,0,0,0,1.88297e+06,1735250,2047215,285.612,118.459,2452.53
1156,17340,17354,15,PACKAGE_SCENE,500000000,122071,32768,85768,85768,85768,12367,12367,12367,0,0,0,1.90479e+06,1679873,2135456,285.986,111.122,2509.39
1157,17355,17369,15,PACKAGE_SCENE,500000000,122071,32768,85768,85768,85768,12367,12367,12367,0,0,0,1.86319e+06,1751817,2145636,284.047,108.969,2497.56
1158,17370,17384,15,PACKAGE_SCENE,500000000,122071,32768,85768,85768,85768,12367,12367,12367,0,0,0,1.84014e+06,1698781,2018502,283.432,116.023,2450.86
1159,17385,17399,15,PACKAGE_SCENE,500000000,122071,32768,85768,85768,85768,12367,12367,12367,0,0,0,1.89382e+06,1783196,2018149,284.023,108.66,2485.26
1160,17400,17414,15,PACKAGE_SCENE,500000000,122071,32768,85768,85768,85768,12367,12367,12367,0,0,0,1.88603e+06,1714504,2009884,125.885,115.251,141.233
1161,17415,17429,15,PACKAGE_SCENE,500000000,122071,32768,85768,85768,85768,12367,12367,12367,0,0,0,1.88952e+06,1711771,2041049,283.51,110.758,2488.67
1162,17430,17444,15,PACKAGE_SCENE,500000000,122071,32768,85768,85768,85768,12367,12367,12367,0,0,0,1.84792e+06,1746872,2078298,283.785,117.602,2470.25
1163,17445,17459,15,PACKAGE_SCENE,500000000,122071,32768,85768,85768,85768,12367,12367,12367,0,0,0,1.87085e+06,1731275,1977214,284.99,115.224,2508.93
1164,17460,17474,15,PACKAGE_SCENE,500000000,122071,32768,85768,85768,85768,12367,12367,12367,0,0,0,1.86308e+06,1682856,2040946,285.44,115.922,2503.39
1165,17475,17489,15,PACKAGE_SCENE,500000000,122071,32768,85768,85768,85768,12367,12367,12367,0,0,0,1.86346e+06,1692985,2050374,281.541,117.168,2466.35
1166,17490,17504,15,PACKAGE_SCENE,500000000,122071,32768,85768,85768,85768,12367,12367,12367,0,0,0,1.90273e+06,1785208,2092568,128.355,112.617,139.148
1167,17505,17519,15,PACKAGE_SCENE,500000000,122071,32768,85768,85768,85768,12367,12367,12367,0,0,0,1.87201e+06,1626656,2076743,279.027,111.987,2486.52
1168,17520,17534,15,PACKAGE_SCENE,500000000,122071,32768,85768,85768,85768,12367,12367,12367,0,0,0,1.85706e+06,1691063,2020358,278.74,112.646,2396.39
1169,17535,17549,15,PACKAGE_SCENE,500000000,122071,32768,85768,85768,85768,12367,12367,12367,0,0,0,1.86869e+06,1694962,2064045,283.778,112.2,2463.55
1170,17550,17564,15,PACKAGE_SCENE,500000000,122071,32768,85768,85768,85768,12367,12367,12367,0,0,0,1.87504e+06,1702928,2087689,296.496,115.36,2637.22
1171,17565,17579,15,PACKAGE_SCENE,500000000,122071,32768,85768,85768,85768,12367,12367,12367,0,0,0,1.90184e+06,1744807,2031327,282.693,115.557,2487.77
1172,17580,17594,15,PACKAGE_SCENE,500000000,122071,32768,85768,85768,85768,12367,12367,12367,0,0,0,1.86508e+06,1696691,2023236,126.384,115.679,139.178
1173,17595,17609,15,PACKAGE_SCENE,500000000,122071,32768,85768,85768,85768,12367,12367,12367,0,0,0,1.87348e+06,1737910,1995305,254.404,117.759,2015.43
1174,17610,17624,15,PACKAGE_SCENE,500000000,122071,32768,85768,85768,85768,12367,12367,12367,0,0,0,1.86983e+06,1711177,2018424,236.615,115.112,1806.42
1175,17625,17639,15,PACKAGE_SCENE,500000000,122071,32768,85768,85768,85768,12367,12367,12367,0,0,0,1.90358e+06,1651074,2083527,240.363,117.261,1791.4
1176,17640,17654,15,PACKAGE_SCENE,500000000,122071,32768,85768,85768,85768,12367,12367,12367,0,0,0,1.83006e+06,1695111,1931973,799.763,117.136,10222
1177,17655,17669,15,PACKAGE_SCENE,500000000,122071,32768,85768,85768,85768,12367,12367,12367,0,0,0,1.86031e+06,1693294,2034191,124.713,115.244,140.873
1178,17670,17684,15,PACKAGE_SCENE,500000000,122071,32768,85768,85768,85768,12367,12367,12367,0,0,0,1.86267e+06,1683733,1990943,125.075,112.555,140.859
1179,17685,17699,15,PACKAGE_SCENE,500000000,122071,32768,85768,85768,85768,12367,12367,12367,0,0,0,1.86186e+06,1663336,2029607,127.533,116.502,140.422
1180,17700,17714,15,PACKAGE_SCENE,500000000,122071,32768,85768,85768,85768,12367,12367,12367,0,0,0,1.86508e+06,1719578,2058704,126.859,109.834,140.528
1181,17715,17729,15,PACKAGE_SCENE,500000000,122071,32768,85768,85768,85768,12367,12367,12367,0,0,0,1.89177e+06,1691259,2155051,124.248,115.581,138.957
1182,17730,17744,15,PACKAGE_SCENE,500000000,122071,32768,85768,85768,85768,12367,12367,12367,0,0,0,1.87338e+06,1652113,2197116,126.873,115.744,141.773
1183,17745,17759,15,PACKAGE_SCENE,500000000,122071,32768,85768,85768,85768,12367,12367,12367,0,0,0,1.8589e+06,1687535,2009256,124.19,115.708,134.906
1184,17760,17774,15,PACKAGE_SCENE,500000000,122071,32768,85768,85768,85768,12367,12367,12367,0,0,0,1.89865e+06,1749895,2035741,123.355,109.395,132.811
1185,17775,17789,15,PACKAGE_SCENE,500000000,122071,32768,85768,85768,85768,12367,12367,12367,0,0,0,1.85235e+06,1698072,1997421,125.424,115.501,135.27
1186,17790,17804,15,PACKAGE_SCENE,500000000,122071,32768,85768,85768,85768,12367,12367,12367,0,0,0,1.8909e+06,1752649,2005073,127.492,110.993,139.088
1187,17805,17819,15,PACKAGE_SCENE,500000000,122071,32768,85768,85768,85768,12367,12367,12367,0,0,0,1.85505e+06,1760391,1997123,127.235,116.593,139.486
1188,17820,17834,15,PACKAGE_SCENE,500000000,122071,32768,85768,85768,85768,12367,12367,12367,0,0,0,1.87965e+06,1738322,1999512,124.765,116.581,141.265
1189,17835,17849,15,PACKAGE_SCENE,500000000,122071,32768,85768,85768,85768,12367,12367,12367,0,0,0,1.82482e+06,1730657,1984829,124.476,116.078,134.576
1190,17850,17864,15,PACKAGE_SCENE,500000000,122071,32768,85768,85768,85768,12367,12367,12367,0,0,0,1.85099e+06,1668674,2042107,128.526,117.277,140.621
1191,17865,17879,15,PACKAGE_SCENE,500000000,122071,32768,85768,85768,85768,12367,12367,12367,0,0,0,1.84346e+06,1653862,1950151,126.762,116.329,141.84
1192,17880,17894,15,PACKAGE_SCENE,500000000,122071,32768,85768,85768,85768,12367,12367,12367,0,0,0,1.85687e+06,1750986,2050252,123.043,110.543,133.75
1193,17895,17909,15,PACKAGE_SCENE,500000000,122071,32768,85768,85768,85768,12367,12367,12367,0,0,0,1.89432e+06,1715869,2043606,125.03,115.579,134.519
1194,17910,17924,15,PACKAGE_SCENE,500000000,122071,32768,85768,85768,85768,12367,12367,12367,0,0,0,1.9122e+06,1755025,2107322,122.74,106.924,132.844
1195,17925,17939,15,PACKAGE_SCENE,500000000,122071,32768,85768,85768,85768,12367,12367,12367,0,0,0,1.85799e+06,1717377,2027046,124.196,114.909,134.31
1196,17940,17954,15,PACKAGE_SCENE,500000000,122071,32768,85768,85768,85768,12367,12367,12367,0,0,0,1.89296e+06,1693441,2107051,129.206,117.59,134.09
1197,17955,17969,15,PACKAGE_SCENE,500000000,122071,32768,85768,85768,85768,12367,12367,12367,0,0,0,1.86466e+06,1670050,1978257,127.535,116.215,141.636
1198,17970,17984,15,PACKAGE_SCENE,500000000,122071,32768,85768,85768,85768,12367,12367,12367,0,0,0,1.87391e+06,1726950,2070088,127.145,115.725,134.648
1199,17985,17999,15,PACKAGE_SCENE,500000000,122071,32768,85768,85768,85768,12367,12367,12367,0,0,0,1.85017e+06,1708527,2044874,124.164,114.397,133.06
1200,18000,18014,15,PACKAGE_SCENE,500000000,122071,32768,85768,85768,85768,12367,12367,12367,0,0,0,1.85927e+06,1653627,2273614,128.811,116.25,141.859
1201,18015,18029,15,PACKAGE_SCENE,500000000,122071,32768,85768,85768,85768,12367,12367,12367,0,0,0,1.85847e+06,1701436,1991269,127.006,115.995,139.648
1202,18030,18044,15,PACKAGE_SCENE,500000000,122071,32768,85768,85768,85768,12367,12367,12367,0,0,0,1.90131e+06,1691492,2108392,126.327,116.566,142.266
1203,18045,18059,15,PACKAGE_SCENE,500000000,122071,32768,85768,85768,85768,12367,12367,12367,0,0,0,1.8486e+06,1755155,1964796,123.519,118.611,128.809
1204,18060,18074,15,PACKAGE_SCENE,500000000,122071,32768,85768,85768,85768,12367,12367,12367,0,0,0,1.82689e+06,1669769,2007107,129.261,115.765,139.86
1205,18075,18089,15,PACKAGE_SCENE,500000000,122071,32768,85768,85768,85768,12367,12367,12367,0,0,0,1.82814e+06,1664506,1940431,128.007,117.836,139.078
1206,18090,18104,15,PACKAGE_SCENE,500000000,122071,32768,85768,85768,85768,12367,12367,12367,0,0,0,1.8536e+06,1739779,1937969,127.576,116.237,142.018
1207,18105,18119,15,PACKAGE_SCENE,500000000,122071,32768,85768,85768,85768,12367,12367,12367,0,0,0,1.86294e+06,1725493,1962526,124.73,115.466,139.72
1208,18120,18134,15,PACKAGE_SCENE,500000000,122071,32768,85768,85768,85768,12367,12367,12367,0,0,0,1.87825e+06,1688700,2039922,124.671,111.724,134.296
1209,18135,18149,15,PACKAGE_SCENE,500000000,122071,32768,85768,85768,85768,12367,12367,12367,0,0,0,1.87613e+06,1615366,2075045,128.389,117.87,142.72
1210,18150,18164,15,PACKAGE_SCENE,500000000,122071,32768,85768,85768,85768,12367,12367,12367,0,0,0,1.82839e+06,1642746,1925913,126.773,117.87,134.573
1211,18165,18179,15,PACKAGE_SCENE,500000000,122071,32768,85768,85768,85768,12367,12367,12367,0,0,0,1.88506e+06,1763864,2024155,128.612,115.55,141.624
1212,18180,18194,15,PACKAGE_SCENE,500000000,122071,32768,85768,85768,85768,12367,12367,12367,0,0,0,1.84141e+06,1725804,1954979,125.449,115.082,141.901
1213,18195,18209,15,PACKAGE_SCENE,500000000,122071,32768,85768,85768,85768,12367,12367,12367,0,0,0,1.87532e+06,1679742,2082801,125.944,115.518,142.095
1214,18210,18224,15,PACKAGE_SCENE,500000000,122071,32768,85768,85768,85768,12367,12367,12367,0,0,0,1.87324e+06,1755665,1995388,124.186,116.589,132.614
1215,18225,18239,15,PACKAGE_SCENE,500000000,122071,32768,85768,85768,85768,12367,12367,12367,0,0,0,1.88797e+06,1730613,2040992,126.307,116.763,141.329
1216,18240,18254,15,PACKAGE_SCENE,500000000,122071,32768,85768,85768,85768,12367,12367,12367,0,0,0,1.83274e+06,1721954,2008605,123.764,115.304,132.32
1217,18255,18269,15,PACKAGE_SCENE,500000000,122071,32768,85768,85768,85768,12367,12367,12367,0,0,0,1.8435e+06,1695867,1982499,126.099,111.676,142.666
1218,18270,18284,15,PACKAGE_SCENE,500000000,122071,32768,85768,85768,85768,12367,12367,12367,0,0,0,1.8937e+06,1727662,2078954,127.423,117.858,140.969
1219,18285,18299,15,PACKAGE_SCENE,500000000,122071,32768,85768,85768,85768,12367,12367,12367,0,0,0,1.87177e+06,1709736,2020641,127.866,117.107,141.382
1220,18300,18314,15,PACKAGE_SCENE,500000000,122071,32768,85768,85768,85768,12367,12367,12367,0,0,0,1.90891e+06,1728250,2094305,127.402,117.573,140.871
1221,18315,18329,15,PACKAGE_SCENE,500000000,122071,32768,85768,85768,85768,12367,12367,12367,0,0,0,1.84024e+06,1691974,1978219,127.277,116.192,140.614
1222,18330,18344,15,PACKAGE_SCENE,500000000,122071,32768,85768,85768,85768,12367,12367,12367,0,0,0,1.90811e+06,1726217,2054899,122.919,115.968,132.683
1223,18345,18359,15,PACKAGE_SCENE,500000000,122071,32768,85768,85768,85768,12367,12367,12367,0,0,0,1.89118e+06,1721554,2054725,124.517,110.592,140.013
1224,18360,18374,15,PACKAGE_SCENE,500000000,122071,32768,85768,85768,85768,12367,12367,12367,0,0,0,1.87898e+06,1712184,2071072,123.61,113.57,141.837
1225,18375,18389,15,PACKAGE_SCENE,500000000,122071,32768,85768,85768,85768,12367,12367,12367,0,0,0,1.91479e+06,1675022,2073551,126.649,118.724,139.038
1226,18390,18404,15,PACKAGE_SCENE,500000000,122071,32768,85768,85768,85768,12367,12367,12367,0,0,0,1.8874e+06,1775516,2055328,129.839,116.465,140.636
1227,18405,18419,15,PACKAGE_SCENE,500000000,122071,32768,85768,85768,85768,12367,12367,12367,0,0,0,1.8907e+06,1754698,2055267,121.685,115.899,132.104
1228,18420,18434,15,PACKAGE_SCENE,500000000,122071,32768,85768,85768,85768,12367,12367,12367,0,0,0,1.87848e+06,1684768,2106912,127.722,112.054,142.939
1229,18435,18449,15,PACKAGE_SCENE,500000000,122071,32768,85768,85768,85768,12367,12367,12367,0,0,0,1.84027e+06,1708125,1918568,128.379,112.766,140.32
1230,18450,18464,15,PACKAGE_SCENE,500000000,122071,32768,85768,85768,85768,12367,12367,12367,0,0,0,1.85577e+06,1685301,1993027,126.792,111.23,141.141
1231,18465,18479,15,PACKAGE_SCENE,500000000,122071,32768,85768,85768,85768,12367,12367,12367,0,0,0,1.8757e+06,1748956,2074012,123.537,117.387,133.493
1232,18480,18494,15,PACKAGE_SCENE,500000000,122071,32768,85768,85768,85768,12367,12367,12367,0,0,0,1.86649e+06,1715990,2021671,126.472,117.756,139.195
1233,18495,18509,15,PACKAGE_SCENE,500000000,122071,32768,85768,85768,85768,12367,12367,12367,0,0,0,1.88881e+06,1747699,2031390,127.819,115.807,140.399
1234,18510,18524,15,PACKAGE_SCENE,500000000,122071,32768,85768,85768,85768,12367,12367,12367,0,0,0,1.83558e+06,1700864,1940254,123.344,113.356,144.054
1235,18525,18539,15,PACKAGE_SCENE,500000000,122071,32768,85768,85768,85768,12367,12367,12367,0,0,0,1.89344e+06,1620245,2058240,127.134,115.793,152.666
1236,18540,18554,15,PACKAGE_SCENE,500000000,122071,32768,85768,85768,85768,12367,12367,12367,0,0,0,1.89623e+06,1741963,2152461,127.14,115.352,140.834
1237,18555,18569,15,PACKAGE_SCENE,500000000,122071,32768,85768,85768,85768,12367,12367,12367,0,0,0,1.85e+06,1691010,2034618,129.028,117.501,141.808
1238,18570,18584,15,PACKAGE_SCENE,500000000,122071,32768,85768,85768,85768,12367,12367,12367,0,0,0,1.87998e+06,1797923,2100722,127.398,114.944,141.899
1239,18585,18599,15,PACKAGE_SCENE,500000000,122071,32768,85768,85768,85768,12367,12367,12367,0,0,0,1.88691e+06,1638513,2110703,128.022,119.987,140.309
1240,18600,18614,15,PACKAGE_SCENE,500000000,122071,32768,85768,85768,85768,12367,12367,12367,0,0,0,1.8836e+06,1697389,2028092,125.974,112.088,140.578
1241,18615,18629,15,PACKAGE_SCENE,500000000,122071,32768,85768,85768,85768,12367,12367,12367,0,0,0,1.84979e+06,1579395,2008378,131.391,118.417,139.878
1242,18630,18644,15,PACKAGE_SCENE,500000000,122071,32768,85768,85768,85768,12367,12367,12367,0,0,0,1.86618e+06,1681513,1961408,124.918,111.833,141.011
1243,18645,18659,15,PACKAGE_SCENE,500000000,122071,32768,85768,85768,85768,12367,12367,12367,0,0,0,1.85758e+06,1667699,2040809,129.082,116.713,142.525
1244,18660,18674,15,PACKAGE_SCENE,500000000,122071,32768,85768,85768,85768,12367,12367,12367,0,0,0,1.86494e+06,1750356,2011934,129.893,115.334,143.005
1245,18675,18689,15,PACKAGE_SCENE,500000000,122071,32768,85768,85768,85768,12367,12367,12367,0,0,0,1.87439e+06,1727586,2069526,126.62,115.818,139.916
1246,18690,18704,15,PACKAGE_SCENE,500000000,122071,32768,85768,85768,85768,12367,12367,12367,0,0,0,1.84521e+06,1675476,2011916,127.052,116.603,139.773
1247,18705,18719,15,PACKAGE_SCENE,500000000,122071,32768,85768,85768,85768,12367,12367,12367,0,0,0,1.83086e+06,1667910,2042991,128.487,112.205,143.267
1248,18720,18734,15,PACKAGE_SCENE,500000000,122071,32768,85768,85768,85768,12367,12367,12367,0,0,0,1.91001e+06,1794588,2036592,127.679,115.946,138.92
1249,18735,18749,15,PACKAGE_SCENE,500000000,122071,32768,85768,85768,85768,12367,12367,12367,0,0,0,1.86999e+06,1739230,2048508,130.093,117.571,141.204
1250,18750,18764,15,PACKAGE_SCENE,500000000,122071,32768,85768,85768,85768,12367,12367,12367,0,0,0,1.87492e+06,1680026,2052694,126.307,116.876,133.647
1251,18765,18779,15,PACKAGE_SCENE,500000000,122071,32768,85768,85768,85768,12367,12367,12367,0,0,0,1.8989e+06,1643561,2104134,124.444,111.329,138.893
1252,18780,18794,15,PACKAGE_SCENE,500000000,122071,32768,85768,85768,85768,12367,12367,12367,0,0,0,1.93644e+06,1712475,2101671,126.262,116.183,139.616
1253,18795,18809,15,PACKAGE_SCENE,500000000,122071,32768,85768,85768,85768,12367,12367,12367,0,0,0,1.84994e+06,1745673,1966221,126.923,107.832,139.121
1254,18810,18824,15,PACKAGE_SCENE,500000000,122071,32768,85768,85768,85768,12367,12367,12367,0,0,0,1.80798e+06,1687252,2003326,130.144,115.879,140.913
1255,18825,18839,15,PACKAGE_SCENE,500000000,122071,32768,85768,85768,85768,12367,12367,12367,0,0,0,1.84621e+06,1645544,1978118,123.855,110.923,133.193
1256,18840,18854,15,PACKAGE_SCENE,500000000,122071,32768,85768,85768,85768,12367,12367,12367,0,0,0,1.91199e+06,1741432,2124316,125.425,115.848,139.676
1257,18855,18869,15,PACKAGE_SCENE,500000000,122071,32768,85768,85768,85768,12367,12367,12367,0,0,0,1.87226e+06,1750742,2013372,127.061,116.034,143.259
1258,18870,18884,15,PACKAGE_SCENE,500000000,122071,32768,85768,85768,85768,12367,12367,12367,0,0,0,1.8915e+06,1764140,2006078,128.883,118.528,139.077
1259,18885,18899,15,PACKAGE_SCENE,500000000,122071,32768,85768,85768,85768,12367,12367,12367,0,0,0,1.84507e+06,1692181,2032758,126.485,116.237,142.249
1260,18900,18914,15,PACKAGE_SCENE,500000000,122071,32768,85768,85768,85768,12367,12367,12367,0,0,0,1.82939e+06,1661959,1986887,124.327,117.749,131.958
1261,18915,18929,15,PACKAGE_SCENE,500000000,122071,32768,85768,85768,85768,12367,12367,12367,0,0,0,1.89059e+06,1703289,2004827,129.164,115.397,140.386
1262,18930,18944,15,PACKAGE_SCENE,500000000,122071,32768,85768,85768,85768,12367,12367,12367,0,0,0,1.86103e+06,1717798,2116746,128.019,116.352,140.372
1263,18945,18959,15,PACKAGE_SCENE,500000000,122071,32768,85768,85768,85768,12367,12367,12367,0,0,0,1.89426e+06,1708881,2074214,129.548,123.467,139.761
1264,18960,18974,15,PACKAGE_SCENE,500000000,122071,32768,85768,85768,85768,12367,12367,12367,0,0,0,1.90211e+06,1736272,2014614,128.605,117.463,141.916
1265,18975,18989,15,PACKAGE_SCENE,500000000,122071,32768,85768,85768,85768,12367,12367,12367,0,0,0,1.85618e+06,1735738,2075166,121.868,109.317,132.987
1266,18990,19004,15,PACKAGE_SCENE,500000000,122071,32768,85768,85768,85768,12367,12367,12367,0,0,0,1.87456e+06,1743150,2085069,124.377,115.895,132.049
1267,19005,19019,15,PACKAGE_SCENE,500000000,122071,32768,85768,85768,85768,12367,12367,12367,0,0,0,1.87251e+06,1742077,1969257,127.898,115.339,142.091
1268,19020,19034,15,PACKAGE_SCENE,500000000,122071,32768,85768,85768,85768,12367,12367,12367,0,0,0,1.87777e+06,1767063,2032857,128.793,116.84,142.529
1269,19035,19049,15,PACKAGE_SCENE,500000000,122071,32768,85768,85768,85768,12367,12367,12367,0,0,0,1.85124e+06,1711522,2049067,124.457,116.522,133.953
1270,19050,19064,15,PACKAGE_SCENE,500000000,122071,32768,85768,85768,85768,12367,12367,12367,0,0,0,1.91195e+06,1691519,2053360,126.06,115.811,139.471
1271,19065,19079,15,PACKAGE_SCENE,500000000,122071,32768,85768,85768,85768,12367,12367,12367,0,0,0,1.84673e+06,1664630,2016266,132.671,115.724,177.462
1272,19080,19094,15,PACKAGE_SCENE,500000000,122071,32768,85768,85768,85768,12367,12367,12367,0,0,0,1.89844e+06,1760047,2030533,125.353,113.462,139.167
1273,19095,19109,15,PACKAGE_SCENE,500000000,122071,32768,85768,85768,85768,12367,12367,12367,0,0,0,1.87143e+06,1719887,2054265,128.328,118.09,140.855
1274,19110,19124,15,PACKAGE_SCENE,500000000,122071,32768,85768,85768,85768,12367,12367,12367,0,0,0,1.89246e+06,1757254,2089535,125.916,116.47,140.973
1275,19125,19139,15,PACKAGE_SCENE,500000000,122071,32768,85768,85768,85768,12367,12367,12367,0,0,0,1.88443e+06,1742820,2207961,125.837,116.755,139.222
1276,19140,19154,15,PACKAGE_SCENE,500000000,122071,32768,85768,85768,85768,12367,12367,12367,0,0,0,1.84362e+06,1753340,1985027,126.565,115.51,140.098
1277,19155,19169,15,PACKAGE_SCENE,500000000,122071,32768,85768,85768,85768,12367,12367,12367,0,0,0,1.85479e+06,1732753,1999205,125.604,115.872,140.754
1278,19170,19184,15,PACKAGE_SCENE,500000000,122071,32768,85768,85768,85768,12367,12367,12367,0,0,0,1.85245e+06,1722593,1991693,125.049,115.584,134.314
1279,19185,19199,15,PACKAGE_SCENE,500000000,122071,32768,85768,85768,85768,12367,12367,12367,0,0,0,1.86195e+06,1688510,1993037,124.11,115.932,140.815
1280,19200,19214,15,PACKAGE_SCENE,500000000,122071,32768,85768,85768,85768,12367,12367,12367,0,0,0,1.90593e+06,1666414,1976111,125.088,114.872,141.539
1281,19215,19229,15,PACKAGE_SCENE,500000000,122071,32768,85768,85768,85768,12367,12367,12367,0,0,0,1.84495e+06,1728269,2042673,127.306,116.635,141.508
1282,19230,19244,15,PACKAGE_SCENE,500000000,122071,32768,85768,85768,85768,12367,12367,12367,0,0,0,1.87344e+06,1668155,2047144,126.248,111.2,141.212
1283,19245,19259,15,PACKAGE_SCENE,500000000,122071,32768,85768,85768,85768,12367,12367,12367,0,0,0,1.84199e+06,1763193,1938273,125.85,117.48,133.138
1284,19260,19274,15,PACKAGE_SCENE,500000000,122071,32768,85768,85768,85768,12367,12367,12367,0,0,0,1.84991e+06,1757605,1986307,127.082,117.44,138.653
1285,19275,19289,15,PACKAGE_SCENE,500000000,122071,32768,85768,85768,85768,12367,12367,12367,0,0,0,1.83575e+06,1660887,2049671,128.799,117.42,142.665
1286,19290,19304,15,PACKAGE_SCENE,500000000,122071,32768,85768,85768,85768,12367,12367,12367,0,0,0,1.89061e+06,1790633,2057967,124.809,115.949,139.104
1287,19305,19319,15,PACKAGE_SCENE,500000000,122071,32768,85768,85768,85768,12367,12367,12367,0,0,0,1.86795e+06,1677956,2028101,126.515,116.507,140.011
1288,19320,19334,15,PACKAGE_SCENE,500000000,122071,32768,85768,85768,85768,12367,12367,12367,0,0,0,1.86422e+06,1679022,2087761,128.589,117.295,139.835
1289,19335,19349,15,PACKAGE_SCENE,500000000,122071,32768,85768,85768,85768,12367,12367,12367,0,0,0,1.85681e+06,1638781,2102396,126.232,117.857,139.456
1290,19350,19364,15,PACKAGE_SCENE,500000000,122071,32768,85768,85768,85768,12367,12367,12367,0,0,0,1.86289e+06,1770616,1995548,124.437,111.35,140.1
1291,19365,19379,15,PACKAGE_SCENE,500000000,122071,32768,85768,85768,85768,12367,12367,12367,0,0,0,1.86898e+06,1728339,2021490,129.203,115.863,141.351
1292,19380,19394,15,PACKAGE_SCENE,500000000,122071,32768,85768,85768,85768,12367,12367,12367,0,0,0,1.86644e+06,1727423,2009658,124.759,115.398,133.605
1293,19395,19409,15,PACKAGE_SCENE,500000000,122071,32768,85768,85768,85768,12367,12367,12367,0,0,0,1.88755e+06,1626071,2110355,123.766,115.06,133.061
1294,19410,19424,15,PACKAGE_SCENE,500000000,122071,32768,85768,85768,85768,12367,12367,12367,0,0,0,1.8564e+06,1735522,1954348,125.055,115.525,133.063
1295,19425,19439,15,PACKAGE_SCENE,500000000,122071,32768,85768,85768,85768,12367,12367,12367,0,0,0,1.88164e+06,1706353,2053619,127.047,118.371,139.113
1296,19440,19454,15,PACKAGE_SCENE,500000000,122071,32768,85768,85768,85768,12367,12367,12367,0,0,0,1.88106e+06,1735306,2030064,140.926,119.35,166.849
1297,19455,19469,15,PACKAGE_SCENE,500000000,122071,32768,85768,85768,85768,12367,12367,12367,0,0,0,1.88632e+06,1770016,2005440,144.74,129.086,157.652
1298,19470,19484,15,PACKAGE_SCENE,500000000,122071,32768,85768,85768,85768,12367,12367,12367,0,0,0,1.84798e+06,1796836,1931777,158.507,114.65,248.137
1299,19485,19499,15,PACKAGE_SCENE,500000000,122071,32768,85768,85768,85768,12367,12367,12367,0,0,0,1.85217e+06,1696105,1987537,137.723,122.788,163.134
1300,19500,19514,15,PACKAGE_SCENE,500000000,122071,32768,103207,79649,121239,13817.5,10398,18398,777.467,0,5241,1.4983e+06,977772,1969772,502.879,120.489,2109.33
1301,19515,19529,15,PACKAGE_SCENE,500000000,122071,32768,116834,106851,122071,13676.5,10757,18417,617.667,33,3328,1.35154e+06,892312,1823727,407.746,142.434,1539.27
1302,19530,19544,15,PACKAGE_SCENE,500000000,122071,32768,108524,106987,108634,13336.7,12009,13683,532.133,0,6179,1.61908e+06,1064555,1838829,356.076,132.384,2545.54
1303,19545,19559,15,PACKAGE_SCENE,500000000,122071,32768,108634,108634,108634,13683,13683,13683,0,0,0,1.60093e+06,1483884,1887073,149.967,132.316,194.692
1304,19560,19574,15,PACKAGE_SCENE,500000000,122071,32768,108634,108634,108634,13683,13683,13683,0,0,0,1.64314e+06,1475628,1840408,1740.17,135.295,23995.4
1305,19575,19589,15,PACKAGE_SCENE,500000000,122071,32768,108634,108634,108634,13683,13683,13683,0,0,0,1.60217e+06,1367490,1784705,140.45,120.579,156.042
1306,19590,19604,15,PACKAGE_SCENE,500000000,122071,32768,108634,108634,108634,13683,13683,13683,0,0,0,1.65993e+06,1444008,1911125,681.523,132.192,8247.36
1307,19605,19619,15,PACKAGE_SCENE,500000000,122071,32768,108634,108634,108634,13683,13683,13683,0,0,0,1.60448e+06,1414615,1824692,489.228,132.313,5256.25
1308,19620,19634,15,PACKAGE_SCENE,500000000,122071,32768,108634,108634,108634,13683,13683,13683,0,0,0,1.62355e+06,1338035,1983595,525.74,131.918,5871.1
1309,19635,19649,15,PACKAGE_SCENE,500000000,122071,32768,108634,108634,108634,13683,13683,13683,0,0,0,1.64445e+06,1436834,1901344,482.88,129.597,5242.01
1310,19650,19664,15,PACKAGE_SCENE,500000000,122071,32768,108634,108634,108634,13683,13683,13683,0,0,0,1.55895e+06,1344913,1819902,550.368,132.804,6198.68
1311,19665,19679,15,PACKAGE_SCENE,500000000,122071,32768,108634,108634,108634,13683,13683,13683,0,0,0,1.64432e+06,1369292,1914889,144.709,130.615,158.08
1312,19680,19694,15,PACKAGE_SCENE,500000000,122071,32768,108634,108634,108634,13683,13683,13683,0,0,0,1.62943e+06,1380411,1851204,428.289,131.373,4420.15
1313,19695,19709,15,PACKAGE_SCENE,500000000,122071,32768,108634,108634,108634,13683,13683,13683,0,0,0,1.62681e+06,1440383,1805521,338.113,132.776,3009.1
1314,19710,19724,15,PACKAGE_SCENE,500000000,122071,32768,108634,108634,108634,13683,13683,13683,0,0,0,1.58294e+06,1390165,1800207,325.414,131.633,2829.47
1315,19725,19739,15,PACKAGE_SCENE,500000000,122071,32768,108634,108634,108634,13683,13683,13683,0,0,0,1.65944e+06,1409066,1830470,307.753,134.522,2551.75
1316,19740,19754,15,PACKAGE_SCENE,500000000,122071,32768,108634,108634,108634,13683,13683,13683,0,0,0,1.59056e+06,1389183,1765291,311.789,131.82,2645.03
1317,19755,19769,15,PACKAGE_SCENE,500000000,122071,32768,108634,108634,108634,13683,13683,13683,0,0,0,1.66115e+06,1394073,1941600,143.375,131.595,156.553
1318,19770,19784,15,PACKAGE_SCENE,500000000,122071,32768,108634,108634,108634,13683,13683,13683,0,0,0,1.63565e+06,1451422,1871750,294.312,131.026,2361.22
1319,19785,19799,15,PACKAGE_SCENE,500000000,122071,32768,108634,108634,108634,13683,13683,13683,0,0,0,1.67475e+06,1513983,1871915,303.913,134.548,2490.6
1320,19800,19814,15,PACKAGE_SCENE,500000000,122071,32768,108634,108634,108634,13683,13683,13683,0,0,0,1.61752e+06,1480556,1827518,321.217,130.012,2846.67
1321,19815,19829,15,PACKAGE_SCENE,500000000,122071,32768,108634,108634,108634,13683,13683,13683,0,0,0,1.62772e+06,1416619,1774066,301.132,132.131,2449.93
1322,19830,19844,15,PACKAGE_SCENE,500000000,122071,32768,108634,108634,108634,13683,13683,13683,0,0,0,1.62938e+06,1519735,1830418,290.721,129.731,2385.97
1323,19845,19859,15,PACKAGE_SCENE,500000000,122071,32768,108634,108634,108634,13683,13683,13683,0,0,0,1.62463e+06,1372709,1798577,140.149,126.777,153.833
1324,19860,19874,15,PACKAGE_SCENE,500000000,122071,32768,108634,108634,108634,13683,13683,13683,0,0,0,1.6255e+06,1447676,1807722,290.85,130.027,2360.12
1325,19875,19889,15,PACKAGE_SCENE,500000000,122071,32768,108634,108634,108634,13683,13683,13683,0,0,0,1.64903e+06,1473426,1804614,312.021,131.863,2562.15
1326,19890,19904,15,PACKAGE_SCENE,500000000,122071,32768,108634,108634,108634,13683,13683,13683,0,0,0,1.66063e+06,1490297,1816865,450.631,136.914,4619.54
1327,19905,19919,15,PACKAGE_SCENE,500000000,122071,32768,108634,108634,108634,13683,13683,13683,0,0,0,1.53411e+06,1324728,1701356,345.657,131.985,3164.55
1328,19920,19934,15,PACKAGE_SCENE,500000000,122071,32768,108634,108634,108634,13683,13683,13683,0,0,0,1.61902e+06,1471994,1948521,326.222,129.519,2872.29
1329,19935,19949,15,PACKAGE_SCENE,500000000,122071,32768,108634,108634,108634,13683,13683,13683,0,0,0,1.59548e+06,1396812,1721440,143.131,134.28,154.188
1330,19950,19964,15,PACKAGE_SCENE,500000000,122071,32768,108634,108634,108634,13683,13683,13683,0,0,0,1.62564e+06,1424270,1837982,325.028,132.788,2864.93
1331,19965,19979,15,PACKAGE_SCENE,500000000,122071,32768,108634,108634,108634,13683,13683,13683,0,0,0,1.6694e+06,1485662,1909713,328.573,129.369,2918.63
1332,19980,19994,15,PACKAGE_SCENE,500000000,122071,32768,108634,108634,108634,13683,13683,13683,0,0,0,1.61404e+06,1418961,1822479,328.645,129.796,2929.64
1333,19995,20009,15,PACKAGE_SCENE,500000000,122071,32768,108634,108634,108634,13683,13683,13683,0,0,0,1.64185e+06,1431750,1831117,348.693,131.744,2969.78
1334,20010,20024,15,PACKAGE_SCENE,500000000,122071,32768,108634,108634,108634,13683,13683,13683,0,0,0,1.67843e+06,1442535,1920482,327.506,129.635,2942.1
1335,20025,20039,15,PACKAGE_SCENE,500000000,122071,32768,108634,108634,108634,13683,13683,13683,0,0,0,1.67865e+06,1422627,2003615,141.762,125.461,155.723
1336,20040,20054,15,PACKAGE_SCENE,500000000,122071,32768,108634,108634,108634,13683,13683,13683,0,0,0,1.63729e+06,1436205,1785180,318.804,131.372,2770.97
1337,20055,20069,15,PACKAGE_SCENE,500000000,122071,32768,108634,108634,108634,13683,13683,13683,0,0,0,1.61558e+06,1386670,1907952,316.299,130.287,2773.22
1338,20070,20084,15,PACKAGE_SCENE,500000000,122071,32768,108634,108634,108634,13683,13683,13683,0,0,0,1.60972e+06,1344420,1868075,316.942,132.215,2751.91
1339,20085,20099,15,PACKAGE_SCENE,500000000,122071,32768,108634,108634,108634,13683,13683,13683,0,0,0,1.56828e+06,1425536,1767838,321.782,137.955,2822.38
1340,20100,20114,15,PACKAGE_SCENE,500000000,122071,32768,108634,108634,108634,13683,13683,13683,0,0,0,1.59686e+06,1466469,1815588,323.284,131.217,2820.12
1341,20115,20129,15,PACKAGE_SCENE,500000000,122071,32768,108634,108634,108634,13683,13683,13683,0,0,0,1.62003e+06,1393730,1856816,143.326,130.881,155.303
1342,20130,20144,15,PACKAGE_SCENE,500000000,122071,32768,108634,108634,108634,13683,13683,13683,0,0,0,1.59972e+06,1450236,1741728,322.085,135.94,2832.13
1343,20145,20159,15,PACKAGE_SCENE,500000000,122071,32768,108634,108634,108634,13683,13683,13683,0,0,0,1.6152e+06,1389297,1936797,318.991,133.583,2761.63
1344,20160,20174,15,PACKAGE_SCENE,500000000,122071,32768,108634,108634,108634,13683,13683,13683,0,0,0,1.65298e+06,1387311,1801012,323.309,130.312,2788.5
1345,20175,20189,15,PACKAGE_SCENE,500000000,122071,32768,108634,108634,108634,13683,13683,13683,0,0,0,1.62317e+06,1514057,1819327,322.72,128.705,2825.21
1346,20190,20204,15,PACKAGE_SCENE,500000000,122071,32768,108634,108634,108634,13683,13683,13683,0,0,0,1.56663e+06,1386661,1801060,284.845,131.691,2235.11
1347,20205,20219,15,PACKAGE_SCENE,500000000,122071,32768,108634,108634,108634,13683,13683,13683,0,0,0,1.58499e+06,1396768,1925591,142.875,131.501,155.022
1348,20220,20234,15,PACKAGE_SCENE,500000000,122071,32768,108634,108634,108634,13683,13683,13683,0,0,0,1.60231e+06,1428007,1837951,271.76,129.379,1997.81
1349,20235,20249,15,PACKAGE_SCENE,500000000,122071,32768,108634,108634,108634,13683,13683,13683,0,0,0,1.60123e+06,1377300,1837336,273.732,135.543,2048.98
1350,20250,20264,15,PACKAGE_SCENE,500000000,122071,32768,108634,108634,108634,13683,13683,13683,0,0,0,1.67069e+06,1464360,1837827,981.188,130.128,12669.2
1351,20265,20279,15,PACKAGE_SCENE,500000000,122071,32768,108634,108634,108634,13683,13683,13683,0,0,0,1.62395e+06,1416984,1775306,141.446,129.257,154.929
1352,20280,20294,15,PACKAGE_SCENE,500000000,122071,32768,108634,108634,108634,13683,13683,13683,0,0,0,1.60704e+06,1408867,1807700,142.601,131.558,155.938
1353,20295,20309,15,PACKAGE_SCENE,500000000,122071,32768,108634,108634,108634,13683,13683,13683,0,0,0,1.58776e+06,1384396,1778399,142.796,130.294,154.846
1354,20310,20324,15,PACKAGE_SCENE,500000000,122071,32768,108634,108634,108634,13683,13683,13683,0,0,0,1.61936e+06,1498431,1846976,140.872,129.027,155.338
1355,20325,20339,15,PACKAGE_SCENE,500000000,122071,32768,108634,108634,108634,13683,13683,13683,0,0,0,1.63503e+06,1413796,1898203,142.253,129.737,154.922
1356,20340,20354,15,PACKAGE_SCENE,500000000,122071,32768,108634,108634,108634,13683,13683,13683,0,0,0,1.65964e+06,1409899,1878440,141.496,129.386,154.493
1357,20355,20369,15,PACKAGE_SCENE,500000000,122071,32768,108634,108634,108634,13683,13683,13683,0,0,0,1.63593e+06,1405418,1850704,142.668,136.068,154.32
1358,20370,20384,15,PACKAGE_SCENE,500000000,122071,32768,108634,108634,108634,13683,13683,13683,0,0,0,1.62239e+06,1398273,1878866,141.231,132.263,156.755
1359,20385,20399,15,PACKAGE_SCENE,500000000,122071,32768,108634,108634,108634,13683,13683,13683,0,0,0,1.60994e+06,1416113,1825446,141.732,129.121,155.531
1360,20400,20414,15,PACKAGE_SCENE,500000000,122071,32768,108634,108634,108634,13683,13683,13683,0,0,0,1.62159e+06,1362192,1872413,141.968,131.527,149.139
1361,20415,20429,15,PACKAGE_SCENE,500000000,122071,32768,108634,108634,108634,13683,13683,13683,0,0,0,1.62413e+06,1375942,1910864,146.017,129.526,155.745
1362,20430,20444,15,PACKAGE_SCENE,500000000,122071,32768,108634,108634,108634,13683,13683,13683,0,0,0,1.62444e+06,1474301,1771782,143.644,130.279,155.526
1363,20445,20459,15,PACKAGE_SCENE,500000000,122071,32768,108634,108634,108634,13683,13683,13683,0,0,0,1.65531e+06,1432811,1960433,144.602,133.865,154.557
1364,20460,20474,15,PACKAGE_SCENE,500000000,122071,32768,108634,108634,108634,13683,13683,13683,0,0,0,1.59765e+06,1415096,1744256,141.687,130.225,155.758
1365,20475,20489,15,PACKAGE_SCENE,500000000,122071,32768,108634,108634,108634,13683,13683,13683,0,0,0,1.56357e+06,1344053,1773449,142.106,131.476,155.387
1366,20490,20504,15,PACKAGE_SCENE,500000000,122071,32768,108634,108634,108634,13683,13683,13683,0,0,0,1.64355e+06,1487616,1766917,146.071,131.278,154.181
1367,20505,20519,15,PACKAGE_SCENE,500000000,122071,32768,108634,108634,108634,13683,13683,13683,0,0,0,1.64421e+06,1437074,1826821,146.413,136.303,154.773
1368,20520,20534,15,PACKAGE_SCENE,500000000,122071,32768,108634,108634,108634,13683,13683,13683,0,0,0,1.67094e+06,1388871,1805883,140.129,129.579,155.09
1369,20535,20549,15,PACKAGE_SCENE,500000000,122071,32768,108634,108634,108634,13683,13683,13683,0,0,0,1.66795e+06,1490772,1980046,142.194,130.637,153.858
1370,20550,20564,15,PACKAGE_SCENE,500000000,122071,32768,108634,108634,108634,13683,13683,13683,0,0,0,1.65301e+06,1452893,1944905,143.826,132.033,154.1
1371,20565,20579,15,PACKAGE_SCENE,500000000,122071,32768,108634,108634,108634,13683,13683,13683,0,0,0,1.65268e+06,1449106,1758160,142.162,129.701,153.68
1372,20580,20594,15,PACKAGE_SCENE,500000000,122071,32768,108634,108634,108634,13683,13683,13683,0,0,0,1.58189e+06,1463188,1769839,153.719,126.73,226.694
1373,20595,20609,15,PACKAGE_SCENE,500000000,122071,32768,108634,108634,108634,13683,13683,13683,0,0,0,1.59151e+06,1448325,1691418,142.767,132.65,153.248
1374,20610,20624,15,PACKAGE_SCENE,500000000,122071,32768,108634,108634,108634,13683,13683,13683,0,0,0,1.61148e+06,1424288,1738955,141.058,130.032,172.648
1375,20625,20639,15,PACKAGE_SCENE,500000000,122071,32768,108634,108634,108634,13683,13683,13683,0,0,0,1.65225e+06,1510837,1922363,154.05,134.645,174.357
1376,20640,20654,15,PACKAGE_SCENE,500000000,122071,32768,108634,108634,108634,13683,13683,13683,0,0,0,1.67129e+06,1425152,1804887,142.805,131.055,154.143
1377,20655,20669,15,PACKAGE_SCENE,500000000,122071,32768,117573,107154,122032,15582.8,12140,16789,629.067,0,6098,2.86639e+06,1414446,3914632,400.507,146.147,2440.05
1378,20670,20684,15,PACKAGE_SCENE,500000000,122071,32768,122032,122032,122032,16781,16781,16781,0,0,0,3.69423e+06,3355206,3964574,165.87,155.663,175.528
1379,20685,20699,15,PACKAGE_SCENE,500000000,122071,32768,122032,122032,122032,16781,16781,16781,0,0,0,3.66007e+06,3417177,3945021,170.404,156.672,194.768
1380,20700,20714,15,PACKAGE_SCENE,500000000,122071,32768,122032,122032,122032,16781,16781,16781,0,0,0,3.62193e+06,3185071,4032918,988.184,151.731,12420.7
1381,20715,20729,15,PACKAGE_SCENE,500000000,122071,32768,122032,122032,122032,16781,16781,16781,0,0,0,3.58358e+06,3274666,3886554,729.074,154.382,8601.97
1382,20730,20744,15,PACKAGE_SCENE,500000000,122071,32768,122032,122032,122032,16781,16781,16781,0,0,0,3.70853e+06,3210624,4088746,531.8,151.091,5661.82
1383,20745,20759,15,PACKAGE_SCENE,500000000,122071,32768,122032,122032,122032,16781,16781,16781,0,0,0,3.61722e+06,3230390,3949870,163.493,152.722,171.222
1384,20760,20774,15,PACKAGE_SCENE,500000000,122071,32768,122032,122032,122032,16781,16781,16781,0,0,0,3.66991e+06,3172520,3848071,499.674,147.97,5143.79
1385,20775,20789,15,PACKAGE_SCENE,500000000,122071,32768,122032,122032,122032,16781,16781,16781,0,0,0,3.60502e+06,3361496,4101418,735.557,159.199,8588.56
1386,20790,20804,15,PACKAGE_SCENE,500000000,122071,32768,122032,122032,122032,16781,16781,16781,0,0,0,3.67734e+06,3516483,3843033,449.245,152.359,4447
1387,20805,20819,15,PACKAGE_SCENE,500000000,122071,32768,122032,122032,122032,16781,16781,16781,0,0,0,3.64155e+06,3464879,3793796,449.81,150.509,4488.92
1388,20820,20834,15,PACKAGE_SCENE,500000000,122071,32768,122032,122032,122032,16781,16781,16781,0,0,0,3.69686e+06,3396153,3980749,342.048,154.448,2843.04
1389,20835,20849,15,PACKAGE_SCENE,500000000,122071,32768,122032,122032,122032,16781,16781,16781,0,0,0,3.69477e+06,3353695,3906182,162.102,152.658,171.048
1390,20850,20864,15,PACKAGE_SCENE,500000000,122071,32768,122032,122032,122032,16781,16781,16781,0,0,0,3.70355e+06,3182165,4046178,346.907,144.772,2932.11
1391,20865,20879,15,PACKAGE_SCENE,500000000,122071,32768,122032,122032,122032,16781,16781,16781,0,0,0,3.61642e+06,3285794,3899979,337.232,155.331,2733.91
1392,20880,20894,15,PACKAGE_SCENE,500000000,122071,32768,122032,122032,122032,16781,16781,16781,0,0,0,3.64294e+06,3253873,4029457,336.543,152.629,2746.46
1393,20895,20909,15,PACKAGE_SCENE,500000000,122071,32768,122032,122032,122032,16781,16781,16781,0,0,0,3.56346e+06,3254098,3857818,333.26,152.605,2691.45
1394,20910,20924,15,PACKAGE_SCENE,500000000,122071,32768,122032,122032,122032,16781,16781,16781,0,0,0,3.64328e+06,3365085,3932749,346.235,153.916,2910.4
1395,20925,20939,15,PACKAGE_SCENE,500000000,122071,32768,122032,122032,122032,16781,16781,16781,0,0,0,3.67026e+06,3398746,4025507,163.44,151.9,173.359
1396,20940,20954,15,PACKAGE_SCENE,500000000,122071,32768,122032,122032,122032,16781,16781,16781,0,0,0,3.65509e+06,3317478,4041398,365.33,152.64,3195.41
1397,20955,20969,15,PACKAGE_SCENE,500000000,122071,32768,122032,122032,122032,16781,16781,16781,0,0,0,3.70492e+06,3366062,3905469,445.853,152.344,4358.36
1398,20970,20984,15,PACKAGE_SCENE,500000000,122071,32768,122032,122032,122032,16781,16781,16781,0,0,0,3.66594e+06,3321309,3854666,336.822,146.333,2768.43
1399,20985,20999,15,PACKAGE_SCENE,500000000,122071,32768,122032,122032,122032,16781,16781,16781,0,0,0,3.60317e+06,3295193,4070106,338.987,152.94,2780.35
1400,21000,21014,15,PACKAGE_SCENE,500000000,122071,32768,122032,122032,122032,16781,16781,16781,0,0,0,3.66886e+06,3399530,3968711,355.061,147.241,2865.52
1401,21015,21029,15,PACKAGE_SCENE,500000000,122071,32768,122032,122032,122032,16781,16781,16781,0,0,0,3.64931e+06,3432682,4206055,166.766,153.031,201.676
1402,21030,21044,15,PACKAGE_SCENE,500000000,122071,32768,122032,122032,122032,16781,16781,16781,0,0,0,3.69568e+06,3435298,3950710,500.388,147.082,5144.43
1403,21045,21059,15,PACKAGE_SCENE,500000000,122071,32768,122032,122032,122032,16781,16781,16781,0,0,0,3.63318e+06,3334260,3998853,528.17,152.501,5628.59
1404,21060,21074,15,PACKAGE_SCENE,500000000,122071,32768,122032,122032,122032,16781,16781,16781,0,0,0,3.60603e+06,3319292,3941542,404.082,150.57,3755.44
1405,21075,21089,15,PACKAGE_SCENE,500000000,122071,32768,122032,122032,122032,16781,16781,16781,0,0,0,3.628e+06,3327970,3931687,377.121,145.258,3377.86
1406,21090,21104,15,PACKAGE_SCENE,500000000,122071,32768,122032,122032,122032,16781,16781,16781,0,0,0,3.67578e+06,3439205,3955631,385.292,151.284,3509.6
1407,21105,21119,15,PACKAGE_SCENE,500000000,122071,32768,122032,122032,122032,16781,16781,16781,0,0,0,3.61086e+06,3254993,3980091,163.793,152.269,170.875
1408,21120,21134,15,PACKAGE_SCENE,500000000,122071,32768,122032,122032,122032,16781,16781,16781,0,0,0,3.6723e+06,3328818,4092280,393.781,154.422,3571.91
1409,21135,21149,15,PACKAGE_SCENE,500000000,122071,32768,122032,122032,122032,16781,16781,16781,0,0,0,3.63644e+06,3321571,4034881,404.821,152.759,3774.15
1410,21150,21164,15,PACKAGE_SCENE,500000000,122071,32768,122032,122032,122032,16781,16781,16781,0,0,0,3.61051e+06,3332129,3895868,385.298,152.575,3482.76
1411,21165,21179,15,PACKAGE_SCENE,500000000,122071,32768,122032,122032,122032,16781,16781,16781,0,0,0,3.69442e+06,3468227,4051711,385.047,152.65,3470.9
1412,21180,21194,15,PACKAGE_SCENE,500000000,122071,32768,122032,122032,122032,16781,16781,16781,0,0,0,3.64357e+06,3418961,3973810,379.734,148.887,3418.44
1413,21195,21209,15,PACKAGE_SCENE,500000000,122071,32768,122032,122032,122032,16781,16781,16781,0,0,0,3.66003e+06,3339711,3952195,162.971,154.037,171.124
1414,21210,21224,15,PACKAGE_SCENE,500000000,122071,32768,122032,122032,122032,16781,16781,16781,0,0,0,3.62225e+06,3337591,3924542,385.028,145.2,3550.74
1415,21225,21239,15,PACKAGE_SCENE,500000000,122071,32768,122032,122032,122032,16781,16781,16781,0,0,0,3.73103e+06,3484393,4066324,377.626,153.524,3386.91
1416,21240,21254,15,PACKAGE_SCENE,500000000,122071,32768,122032,122032,122032,16781,16781,16781,0,0,0,3.60594e+06,3431859,3827642,385.016,152.988,3458.64
1417,21255,21269,15,PACKAGE_SCENE,500000000,122071,32768,122032,122032,122032,16781,16781,16781,0,0,0,3.71072e+06,3341961,4117953,393.607,162.781,3550.93
1418,21270,21284,15,PACKAGE_SCENE,500000000,122071,32768,122032,122032,122032,16781,16781,16781,0,0,0,3.59083e+06,3070567,3998261,386.718,154.586,3481.1
1419,21285,21299,15,PACKAGE_SCENE,500000000,122071,32768,122032,122032,122032,16781,16781,16781,0,0,0,3.61488e+06,3458697,3886167,162.431,152.968,171.409
1420,21300,21314,15,PACKAGE_SCENE,500000000,122071,32768,122032,122032,122032,16781,16781,16781,0,0,0,3.69057e+06,3351468,4043944,384.688,146.176,3492.58
1421,21315,21329,15,PACKAGE_SCENE,500000000,122071,32768,122032,122032,122032,16781,16781,16781,0,0,0,3.49565e+06,3184707,3744237,391.739,159.953,3517.6
1422,21330,21344,15,PACKAGE_SCENE,500000000,122071,32768,122032,122032,122032,16781,16781,16781,0,0,0,3.65821e+06,3242365,4033412,334.749,151.642,2717.14
1423,21345,21359,15,PACKAGE_SCENE,500000000,122071,32768,122032,122032,122032,16781,16781,16781,0,0,0,3.62704e+06,3124920,3978402,316.149,153.689,2452.02
1424,21360,21374,15,PACKAGE_SCENE,500000000,122071,32768,122032,122032,122032,16781,16781,16781,0,0,0,3.6013e+06,3307935,3893608,303.813,153.598,2247.9
1425,21375,21389,15,PACKAGE_SCENE,500000000,122071,32768,122032,122032,122032,16781,16781,16781,0,0,0,3.62209e+06,3333112,3825314,162.512,152.481,170.542
1426,21390,21404,15,PACKAGE_SCENE,500000000,122071,32768,122032,122032,122032,16781,16781,16781,0,0,0,3.67436e+06,3254609,3961771,1496.86,152.431,20045.4
1427,21405,21419,15,PACKAGE_SCENE,500000000,122071,32768,122032,122032,122032,16781,16781,16781,0,0,0,3.65486e+06,3327794,4048565,171.805,150.219,208.687
1428,21420,21434,15,PACKAGE_SCENE,500000000,122071,32768,115131,107868,122032,13382.7,8626,16781,1358.8,0,8192,2.23602e+06,391485,3522342,796.232,147.923,3940.42
1429,21435,21449,15,PACKAGE_SCENE,500000000,122071,32768,114011,107871,118811,15452.7,13967,18189,351.4,0,2702,1.21533e+06,914403,1539137,291.334,141.074,1123.72
1430,21450,21464,15,PACKAGE_SCENE,500000000,122071,32768,118811,118811,118811,16554.3,15731,18201,33.4,0,501,1.10234e+06,1016878,1223996,176.061,154.615,382.858
1431,21465,21479,15,PACKAGE_SCENE,500000000,122071,32768,118811,118811,118811,15731,15731,15731,0,0,0,1.06224e+06,935798,1198258,160.961,150.812,169.543
1432,21480,21494,15,PACKAGE_SCENE,500000000,122071,32768,118811,118811,118811,15731,15731,15731,0,0,0,1.05776e+06,949692,1167748,162.255,153.619,172.632
1433,21495,21509,15,PACKAGE_SCENE,500000000,122071,32768,118811,118811,118811,15731,15731,15731,0,0,0,1.04652e+06,937727,1149089,171.246,147.662,324.124
1434,21510,21524,15,PACKAGE_SCENE,500000000,122071,32768,118811,118811,118811,15731,15731,15731,0,0,0,1.04965e+06,948609,1174686,1940.23,146.585,26498.4
1435,21525,21539,15,PACKAGE_SCENE,500000000,122071,32768,118811,118811,118811,15731,15731,15731,0,0,0,1.05844e+06,956918,1203596,852.405,144.166,10536.1
1436,21540,21554,15,PACKAGE_SCENE,500000000,122071,32768,118811,118811,118811,15731,15731,15731,0,0,0,1.05046e+06,880826,1161265,615.001,140.47,7042.68
1437,21555,21569,15,PACKAGE_SCENE,500000000,122071,32768,118811,118811,118811,15731,15731,15731,0,0,0,1.09402e+06,931869,1314272,154.762,143.058,165.977
1438,21570,21584,15,PACKAGE_SCENE,500000000,122071,32768,118811,118811,118811,15731,15731,15731,0,0,0,1.03672e+06,883873,1155339,719.15,147.433,8552.41
1439,21585,21599,15,PACKAGE_SCENE,500000000,122071,32768,118811,118811,118811,15731,15731,15731,0,0,0,1.06015e+06,942412,1190307,495.26,139.334,5218.97
1440,21600,21614,15,PACKAGE_SCENE,500000000,122071,32768,118811,118811,118811,15731,15731,15731,0,0,0,1.06123e+06,897211,1225982,448.145,140.912,4547.03
1441,21615,21629,15,PACKAGE_SCENE,500000000,122071,32768,118811,118811,118811,15731,15731,15731,0,0,0,1.07055e+06,951325,1240662,479.575,138.482,4942.56
1442,21630,21644,15,PACKAGE_SCENE,500000000,122071,32768,118811,118811,118811,15731,15731,15731,0,0,0,1.06459e+06,918275,1193905,337.244,148.26,2833.43
1443,21645,21659,15,PACKAGE_SCENE,500000000,122071,32768,118811,118811,118811,15731,15731,15731,0,0,0,1.06726e+06,976109,1247483,159.092,143.117,169.161
1444,21660,21674,15,PACKAGE_SCENE,500000000,122071,32768,118811,118811,118811,15731,15731,15731,0,0,0,1.03196e+06,875601,1150568,340.15,150.439,2869.38
1445,21675,21689,15,PACKAGE_SCENE,500000000,122071,32768,118811,118811,118811,15731,15731,15731,0,0,0,1.06192e+06,900137,1196640,328.379,142.853,2752.75
1446,21690,21704,15,PACKAGE_SCENE,500000000,122071,32768,118811,118811,118811,15731,15731,15731,0,0,0,1.05749e+06,897675,1156363,410.337,143.648,3855.54
1447,21705,21719,15,PACKAGE_SCENE,500000000,122071,32768,118811,118811,118811,15731,15731,15731,0,0,0,1.07983e+06,934023,1217203,321.823,145.601,2634.73
1448,21720,21734,15,PACKAGE_SCENE,500000000,122071,32768,118811,118811,118811,15731,15731,15731,0,0,0,1.02867e+06,946645,1163720,325.44,149.612,2626.14
1449,21735,21749,15,PACKAGE_SCENE,500000000,122071,32768,118811,118811,118811,15731,15731,15731,0,0,0,1.07188e+06,944692,1157310,161.044,142.568,187.243
1450,21750,21764,15,PACKAGE_SCENE,500000000,122071,32768,118811,118811,118811,15731,15731,15731,0,0,0,1.06054e+06,941592,1220928,323.943,142.337,2673.64
1451,21765,21779,15,PACKAGE_SCENE,500000000,122071,32768,118811,118811,118811,15731,15731,15731,0,0,0,1.03274e+06,905418,1115412,320.366,148.764,2583.76
1452,21780,21794,15,PACKAGE_SCENE,500000000,122071,32768,118811,118811,118811,15731,15731,15731,0,0,0,1.08325e+06,964912,1201872,334.791,142.283,2802.22
1453,21795,21809,15,PACKAGE_SCENE,500000000,122071,32768,118811,118811,118811,15731,15731,15731,0,0,0,1.06227e+06,955282,1204093,322.909,141.353,2646.67
1454,21810,21824,15,PACKAGE_SCENE,500000000,122071,32768,118811,118811,118811,15731,15731,15731,0,0,0,1.05311e+06,937626,1240342,327.603,140.016,2637.71
1455,21825,21839,15,PACKAGE_SCENE,500000000,122071,32768,118811,118811,118811,15731,15731,15731,0,0,0,1.07962e+06,969225,1244869,156.143,147.036,166.717
1456,21840,21854,15,PACKAGE_SCENE,500000000,122071,32768,118811,118811,118811,15731,15731,15731,0,0,0,1.03822e+06,932955,1249141,457.43,148.205,4564.76
1457,21855,21869,15,PACKAGE_SCENE,500000000,122071,32768,118811,118811,118811,15731,15731,15731,0,0,0,1.06535e+06,975387,1166044,401.952,144.645,3773.49
1458,21870,21884,15,PACKAGE_SCENE,500000000,122071,32768,118811,118811,118811,15731,15731,15731,0,0,0,1.0454e+06,950349,1190131,376.59,143.543,3422.26
1459,21885,21899,15,PACKAGE_SCENE,500000000,122071,32768,118811,118811,118811,15731,15731,15731,0,0,0,1.07146e+06,944883,1245328,355.716,147.13,3105
1460,21900,21914,15,PACKAGE_SCENE,500000000,122071,32768,118811,118811,118811,15731,15731,15731,0,0,0,1.04257e+06,906678,1127995,359.685,149.197,3188.66
1461,21915,21929,15,PACKAGE_SCENE,500000000,122071,32768,118811,118811,118811,15731,15731,15731,0,0,0,1.07788e+06,939085,1169780,156.551,144.575,167.246
1462,21930,21944,15,PACKAGE_SCENE,500000000,122071,32768,118811,118811,118811,15731,15731,15731,0,0,0,1.05637e+06,950749,1137391,360.403,142.314,3170.71
1463,21945,21959,15,PACKAGE_SCENE,500000000,122071,32768,118811,118811,118811,15731,15731,15731,0,0,0,1.07759e+06,1006424,1164357,359.042,144.824,3181.67
1464,21960,21974,15,PACKAGE_SCENE,500000000,122071,32768,118811,118811,118811,15731,15731,15731,0,0,0,1.02692e+06,894362,1235741,358.522,150.122,3174.46
1465,21975,21989,15,PACKAGE_SCENE,500000000,122071,32768,118811,118811,118811,15731,15731,15731,0,0,0,1.03e+06,940923,1117586,357.381,140.939,3176.62
1466,21990,22004,15,PACKAGE_SCENE,500000000,122071,32768,118811,118811,118811,15731,15731,15731,0,0,0,1.05707e+06,885859,1243915,355.603,146.581,3122.65
1467,22005,22019,15,PACKAGE_SCENE,500000000,122071,32768,118811,118811,118811,15731,15731,15731,0,0,0,1.06036e+06,970226,1159941,156.566,148.686,166.271
1468,22020,22034,15,PACKAGE_SCENE,500000000,122071,32768,118811,118811,118811,15731,15731,15731,0,0,0,1.02655e+06,938328,1125580,357.499,148.234,3137.91
1469,22035,22049,15,PACKAGE_SCENE,500000000,122071,32768,118811,118811,118811,15731,15731,15731,0,0,0,1.06066e+06,892865,1242337,357.487,151.388,3132.64
1470,22050,22064,15,PACKAGE_SCENE,500000000,122071,32768,118811,118811,118811,15731,15731,15731,0,0,0,1.07029e+06,886230,1233103,356.194,146.998,3181.18
1471,22065,22079,15,PACKAGE_SCENE,500000000,122071,32768,118811,118811,118811,15731,15731,15731,0,0,0,1.06571e+06,978651,1202006,351.113,142.637,3085.08
1472,22080,22094,15,PACKAGE_SCENE,500000000,122071,32768,118811,118811,118811,15731,15731,15731,0,0,0,1.04099e+06,967163,1117278,352.978,141.456,3115.64
1473,22095,22109,15,PACKAGE_SCENE,500000000,122071,32768,118811,118811,118811,15731,15731,15731,0,0,0,1.06857e+06,935795,1170682,155.944,141.805,167.853
1474,22110,22124,15,PACKAGE_SCENE,500000000,122071,32768,118811,118811,118811,15731,15731,15731,0,0,0,1.06751e+06,862756,1212485,360.789,148.655,3159.98
1475,22125,22139,15,PACKAGE_SCENE,500000000,122071,32768,118811,118811,118811,15731,15731,15731,0,0,0,1.04908e+06,981427,1184067,359.932,147.88,3188.86
1476,22140,22154,15,PACKAGE_SCENE,500000000,122071,32768,118811,118811,118811,15731,15731,15731,0,0,0,1.05063e+06,918644,1170946,313.618,147.215,2506.72
1477,22155,22169,15,PACKAGE_SCENE,500000000,122071,32768,118811,118811,118811,15731,15731,15731,0,0,0,1.06858e+06,900211,1163927,299.488,142.863,2287.44
1478,22170,22184,15,PACKAGE_SCENE,500000000,122071,32768,118811,118811,118811,15731,15731,15731,0,0,0,1.04087e+06,920676,1121079,291.14,146.717,2186.11
1479,22185,22199,15,PACKAGE_SCENE,500000000,122071,32768,118811,118811,118811,15731,15731,15731,0,0,0,1.0456e+06,937029,1102257,154.06,146.033,166.274
1480,22200,22214,15,PACKAGE_SCENE,500000000,122071,32768,118811,118811,118811,15731,15731,15731,0,0,0,1.04785e+06,983411,1105579,1174.31,149.027,15206.9
1481,22215,22229,15,PACKAGE_SCENE,500000000,122071,32768,118811,118811,118811,15731,15731,15731,0,0,0,1.05926e+06,977714,1163695,155.058,147.64,163.399
1482,22230,22244,15,PACKAGE_SCENE,500000000,122071,32768,118811,118811,118811,15731,15731,15731,0,0,0,1.0174e+06,918023,1185018,158.538,149.524,164.442
1483,22245,22259,15,PACKAGE_SCENE,500000000,122071,32768,118811,118811,118811,15731,15731,15731,0,0,0,1.0775e+06,965277,1167977,152.287,145.179,157.843
1484,22260,22274,15,PACKAGE_SCENE,500000000,122071,32768,118811,118811,118811,15731,15731,15731,0,0,0,1.06686e+06,935748,1178190,156.194,147.659,165.733
1485,22275,22289,15,PACKAGE_SCENE,500000000,122071,32768,118811,118811,118811,15731,15731,15731,0,0,0,1.07972e+06,943807,1233207,155.102,141.332,166.439
1486,22290,22304,15,PACKAGE_SCENE,500000000,122071,32768,118811,118811,118811,15731,15731,15731,0,0,0,1.05659e+06,935988,1214187,157.088,149.221,164.777
1487,22305,22319,15,PACKAGE_SCENE,500000000,122071,32768,118811,118811,118811,15731,15731,15731,0,0,0,1.07527e+06,947718,1196447,156.461,139.703,166.654
1488,22320,22334,15,PACKAGE_SCENE,500000000,122071,32768,118811,118811,118811,15731,15731,15731,0,0,0,1.07338e+06,985237,1233633,156.39,146.418,166.451
1489,22335,22349,15,PACKAGE_SCENE,500000000,122071,32768,118811,118811,118811,15731,15731,15731,0,0,0,1.05083e+06,881010,1179927,155.153,146.619,163.72
0,0,14,15,PACKAGE_SCENE,500000000,122071,32768,5075.33,2911,6374,724.6,370,995,460.6,171,738,26870.3,0,68540,332.755,112.97,1127.1
1,15,29,15,PACKAGE_SCENE,500000000,122071,32768,5274.33,3164,6134,855.6,409,1077,382.2,116,583,85733.1,5705,231940,246.72,151.937,417.915
2,30,44,15,PACKAGE_SCENE,500000000,122071,32768,4065.93,2370,5138,1328.2,416,1761,147.467,25,587,647787,45371,1054940,110.743,29.1883,306.525
3,45,59,15,PACKAGE_SCENE,500000000,122071,32768,4724.8,4683,4777,1755.4,1724,1802,51.6,37,77,1.06146e+06,851494,1234785,43.3555,35.0419,60.1837
4,60,74,15,PACKAGE_SCENE,500000000,122071,32768,4364.87,3748,4744,1665.67,1518,1778,47.4667,14,105,1.02841e+06,793722,1215517,45.2341,23.5815,75.6901
5,75,89,15,PACKAGE_SCENE,500000000,122071,32768,3495.93,2378,4464,1374.6,933,1657,11.8,0,25,875838,432001,1118749,46.8329,14.3172,376.786
6,90,104,15,PACKAGE_SCENE,500000000,122071,32768,2595.93,1392,4429,1295.73,935,1716,20.8667,0,55,932796,679570,1790306,26.8224,12.7641,45.9262
7,105,119,15,PACKAGE_SCENE,500000000,122071,32768,1751.13,1578,1933,1164.67,1088,1271,1.13333,0,4,883754,624600,1074004,13.5272,12.5924,15.193
8,120,134,15,PACKAGE_SCENE,500000000,122071,32768,2175.6,1938,2355,1438,1260,1589,1.06667,0,9,1.01907e+06,907023,1227144,14.0688,13.2199,17.0882
9,135,149,15,PACKAGE_SCENE,500000000,122071,32768,2563.93,2363,2772,1664.2,1532,1826,1.33333,0,7,1.14422e+06,942774,1371491,14.8239,13.7147,17.7059
10,150,164,15,PACKAGE_SCENE,500000000,122071,32768,2744.53,2687,2791,1741.27,1686,1802,1.53333,0,6,1.14253e+06,835753,1576160,15.3909,13.8535,20.3158
11,165,179,15,PACKAGE_SCENE,500000000,122071,32768,2772.87,2733,2820,1757.13,1695,1853,0.933333,0,4,1.16323e+06,1012105,1288266,14.6175,13.6115,17.3093
12,180,194,15,PACKAGE_SCENE,500000000,122071,32768,2722.13,2661,2778,1719.93,1652,1783,2,0,5,1.11994e+06,901606,1338839,15.4548,13.6629,17.5657
13,195,209,15,PACKAGE_SCENE,500000000,122071,32768,2751.53,2714,2794,1739.27,1686,1808,1.6,0,5,1.19227e+06,902506,1437472,15.1827,13.8798,17.5488
14,210,224,15,PACKAGE_SCENE,500000000,122071,32768,2731.8,2699,2758,1734.8,1684,1799,1.4,0,6,1.08464e+06,853224,1354569,15.0205,13.8043,18.4513
15,225,239,15,PACKAGE_SCENE,500000000,122071,32768,2456.67,2256,2665,1601.07,1457,1767,0.533333,0,6,1.1533e+06,983227,1334341,15.4053,13.8894,22.3697
16,240,254,15,PACKAGE_SCENE,500000000,122071,32768,2036.2,1842,2248,1346.67,1225,1470,0.333333,0,2,1.0561e+06,806877,1300963,13.4961,12.6753,15.9264
17,255,269,15,PACKAGE_SCENE,500000000,122071,32768,1635.73,1450,1838,1088.33,954,1213,0.533333,0,5,808401,719957,914963,13.148,12.3296,14.9901
18,270,284,15,PACKAGE_SCENE,500000000,122071,32768,1693.6,1362,2244,1089.2,911,1404,2.8,0,17,811608,453825,1138420,14.5435,12.3522,20.3408
19,285,299,15,PACKAGE_SCENE,500000000,122071,32768,2987.93,2434,3221,1725.73,1447,1862,8.6,0,52,1.19798e+06,1015399,1332741,18.522,13.6906,36.585
20,300,314,15,PACKAGE_SCENE,500000000,122071,32768,3166,3166,3166,1862,1862,1862,0,0,0,1.28169e+06,1127997,1617760,14.7029,14.3272,15.4671
21,315,329,15,PACKAGE_SCENE,500000000,122071,32768,3166,3166,3166,1862,1862,1862,0,0,0,1.27975e+06,1156740,1549631,14.7255,14.2271,16.0059
22,330,344,15,PACKAGE_SCENE,500000000,122071,32768,3166,3166,3166,1862,1862,1862,0,0,0,1.23529e+06,1058072,1371911,14.7691,14.4882,15.4695
23,345,359,15,PACKAGE_SCENE,500000000,122071,32768,3166,3166,3166,1862,1862,1862,0,0,0,1.32164e+06,1161202,1529318,14.7881,14.2163,16.3548
24,360,374,15,PACKAGE_SCENE,500000000,122071,32768,3166,3166,3166,1862,1862,1862,0,0,0,1.28235e+06,1154122,1382506,14.7086,14.4587,15.7176
25,375,389,15,PACKAGE_SCENE,500000000,122071,32768,3166,3166,3166,1862,1862,1862,0,0,0,1.33632e+06,1114162,1969323,14.705,14.1352,15.6197
26,390,404,15,PACKAGE_SCENE,500000000,122071,32768,3166,3166,3166,1862,1862,1862,0,0,0,1.2702e+06,1060784,1505784,17.0385,14.4705,22.9181
27,405,419,15,PACKAGE_SCENE,500000000,122071,32768,3166,3166,3166,1861.53,1860,1862,0,0,0,1.28043e+06,1119594,1375772,15.0591,14.2277,20.0529
28,420,434,15,PACKAGE_SCENE,500000000,122071,32768,3167,3154,3174,1860.07,1858,1864,0,0,0,1.2496e+06,1111543,1373365,14.763,14.261,15.6822
29,435,449,15,PACKAGE_SCENE,500000000,122071,32768,3147.13,3142,3159,1861.33,1854,1870,0,0,0,1.26823e+06,1087441,1393914,15.7026,14.2559,29.2327
30,450,464,15,PACKAGE_SCENE,500000000,122071,32768,3159.07,3142,3183,1873.8,1870,1878,0.0666667,0,1,1.3463e+06,1188754,1814321,14.9364,14.4018,16.2834
31,465,479,15,PACKAGE_SCENE,500000000,122071,32768,3174.87,3166,3183,1868.33,1860,1878,0,0,0,1.28454e+06,1050367,1458070,14.8633,14.3641,15.8931
32,480,494,15,PACKAGE_SCENE,500000000,122071,32768,3208.67,3162,3224,1861.33,1855,1866,0.333333,0,4,1.25948e+06,1136322,1349566,15.68,14.4501,28.3603
33,495,509,15,PACKAGE_SCENE,500000000,122071,32768,3035.33,1214,3395,1720.73,744,1877,0.533333,0,6,1.16404e+06,437151,1366112,15.1137,12.7766,17.1445
34,510,524,15,PACKAGE_SCENE,500000000,122071,32768,1246.33,1226,1273,761,748,779,1,0,2,457279,411665,494782,13.8352,12.113,24.4709
35,525,539,15,PACKAGE_SCENE,500000000,122071,32768,1301.13,1276,1323,786.4,774,801,0.866667,0,3,459848,430777,495651,12.9594,12.0455,13.734
36,540,554,15,PACKAGE_SCENE,500000000,122071,32768,1352.93,1308,1401,805.533,777,829,1.06667,0,4,468685,432232,519436,14.1525,11.9943,27.8263
37,555,569,15,PACKAGE_SCENE,500000000,122071,32768,1453.67,1400,1498,845.267,824,856,0.8,0,3,463762,367034,519498,14.6639,12.0811,27.7484
38,570,584,15,PACKAGE_SCENE,500000000,122071,32768,1543.53,1511,1597,886.133,866,908,1.2,0,3,482565,425159,532810,13.427,12.0111,15.0896
39,585,599,15,PACKAGE_SCENE,500000000,122071,32768,2411.33,1658,2680,1251.6,973,1321,4.13333,0,15,839544,594608,1028176,15.3506,12.9162,18.8004
40,600,614,15,PACKAGE_SCENE,500000000,122071,32768,2817.87,2705,2888,1471.47,1328,1534,2.86667,0,9,969572,818502,1085175,15.5295,13.6261,17.5168
41,615,629,15,PACKAGE_SCENE,500000000,122071,32768,2855.67,2847,2866,1510,1495,1534,0.133333,0,1,1.00183e+06,832444,1069880,14.412,13.4331,16.9286
42,630,644,15,PACKAGE_SCENE,500000000,122071,32768,2847,2847,2847,1495,1495,1495,0,0,0,1.02388e+06,869562,1207475,13.8321,13.4061,14.708
43,645,659,15,PACKAGE_SCENE,500000000,122071,32768,2847,2847,2847,1495,1495,1495,0,0,0,988470,858401,1099838,13.9804,13.4009,14.8364
44,660,674,15,PACKAGE_SCENE,500000000,122071,32768,2846.27,2836,2847,1494.67,1490,1495,0,0,0,1.01171e+06,843812,1202198,13.926,13.4831,14.7421
45,675,689,15,PACKAGE_SCENE,500000000,122071,32768,3080,2867,3234,1646.33,1504,1751,3.2,0,10,1.13634e+06,848911,1333344,17.5335,13.9806,33.7544
46,690,704,15,PACKAGE_SCENE,500000000,122071,32768,3495.47,3281,3586,1863.8,1766,1908,8.4,1,17,1.3897e+06,1096676,1703702,19.3483,15.5528,23.5556
47,705,719,15,PACKAGE_SCENE,500000000,122071,32768,3572.27,3487,3593,1884.33,1864,1889,0.333333,0,3,1.38646e+06,1190753,1623749,15.5659,14.601,20.4239
48,720,734,15,PACKAGE_SCENE,500000000,122071,32768,3347.6,3268,3478,1814.67,1789,1864,0.333333,0,1,1.32849e+06,1162666,1606054,15.6835,14.5271,20.6006
49,735,749,15,PACKAGE_SCENE,500000000,122071,32768,3268,3268,3268,1789,1789,1789,0,0,0,1.24665e+06,1114527,1326079,14.9432,14.4963,15.7777
50,750,764,15,PACKAGE_SCENE,500000000,122071,32768,3268,3268,3268,1789,1789,1789,0,0,0,1.28007e+06,1209038,1373259,15.0612,14.6027,17.3845
51,765,779,15,PACKAGE_SCENE,500000000,122071,32768,3268,3268,3268,1789,1789,1789,0,0,0,1.3114e+06,1213419,1516742,14.9742,14.5444,15.4083
52,780,794,15,PACKAGE_SCENE,500000000,122071,32768,3268,3268,3268,1789,1789,1789,0,0,0,1.26805e+06,1102065,1377274,14.9516,14.6208,15.6149
53,795,809,15,PACKAGE_SCENE,500000000,122071,32768,3268,3268,3268,1789,1789,1789,0,0,0,1.27533e+06,1180621,1334112,14.9722,14.2501,16.2761
54,810,824,15,PACKAGE_SCENE,500000000,122071,32768,3268,3268,3268,1789,1789,1789,0,0,0,1.23563e+06,1083488,1316751,14.8682,14.3618,15.9792
55,825,839,15,PACKAGE_SCENE,500000000,122071,32768,3268,3268,3268,1789,1789,1789,0,0,0,1.25783e+06,1156804,1375871,14.8573,14.4735,16.081
56,840,854,15,PACKAGE_SCENE,500000000,122071,32768,3268,3268,3268,1789,1789,1789,0,0,0,1.32145e+06,1168061,1529772,15.0998,14.5937,17.1277
57,855,869,15,PACKAGE_SCENE,500000000,122071,32768,3268,3268,3268,1789,1789,1789,0,0,0,1.2723e+06,1169188,1395171,14.9388,14.431,16.3
58,870,884,15,PACKAGE_SCENE,500000000,122071,32768,3268,3268,3268,1789,1789,1789,0,0,0,1.27728e+06,1201226,1481567,15.3792,14.4405,21.8834
59,885,899,15,PACKAGE_SCENE,500000000,122071,32768,3268,3268,3268,1789,1789,1789,0,0,0,1.28699e+06,1165477,1435576,15.131,14.565,17.1561
60,900,914,15,PACKAGE_SCENE,500000000,122071,32768,3268,3268,3268,1789,1789,1789,0,0,0,1.26439e+06,1137772,1599210,15.4476,14.2562,19.5265
61,915,929,15,PACKAGE_SCENE,500000000,122071,32768,3268,3268,3268,1789,1789,1789,0,0,0,1.30013e+06,1209211,1556131,14.9982,14.7262,16.1559
62,930,944,15,PACKAGE_SCENE,500000000,122071,32768,3268,3268,3268,1789,1789,1789,0,0,0,1.2957e+06,1164702,1503779,15.0065,14.6218,15.8383
63,945,959,15,PACKAGE_SCENE,500000000,122071,32768,3268,3268,3268,1789,1789,1789,0,0,0,1.25543e+06,1107401,1525392,15.1002,14.6317,17.2829
64,960,974,15,PACKAGE_SCENE,500000000,122071,32768,3268,3268,3268,1789,1789,1789,0,0,0,1.2714e+06,1139219,1432152,14.9192,14.4835,16.013
65,975,989,15,PACKAGE_SCENE,500000000,122071,32768,3268,3268,3268,1789,1789,1789,0,0,0,1.31062e+06,1203464,1467328,15.2446,14.5824,16.9037
66,990,1004,15,PACKAGE_SCENE,500000000,122071,32768,3268,3268,3268,1789,1789,1789,0,0,0,1.28378e+06,1195139,1350554,14.9373,14.3708,16.0787
67,1005,1019,15,PACKAGE_SCENE,500000000,122071,32768,34302.3,3268,39192,4293,1789,4701,165.467,0,2102,1.86326e+06,1152375,2089295,103.594,15.8896,994.301
68,1020,1034,15,PACKAGE_SCENE,500000000,122071,32768,38551,36833,38826,4615.07,4323,4664,65.4667,0,328,1.98918e+06,1730265,2147736,82.6931,23.4909,543.953
69,1035,1049,15,PACKAGE_SCENE,500000000,122071,32768,38826,38826,38826,4664,4664,4664,0,0,0,2.03055e+06,1901477,2191515,24.9185,23.9144,25.8772
70,1050,1064,15,PACKAGE_SCENE,500000000,122071,32768,38826,38826,38826,4664,4664,4664,0,0,0,2.04689e+06,1966376,2135422,25.0302,23.9725,26.0349
71,1065,1079,15,PACKAGE_SCENE,500000000,122071,32768,38826,38826,38826,4664,4664,4664,0,0,0,2.06918e+06,1937314,2185696,25.1846,24.3155,26.1906
72,1080,1094,15,PACKAGE_SCENE,500000000,122071,32768,38826,38826,38826,4664,4664,4664,0,0,0,2.04048e+06,1938714,2193697,25.3587,24.2881,29.2357
73,1095,1109,15,PACKAGE_SCENE,500000000,122071,32768,38826,38826,38826,4664,4664,4664,0,0,0,2.09137e+06,1943567,2240099,25.3886,24.6412,26.5873
74,1110,1124,15,PACKAGE_SCENE,500000000,122071,32768,38826,38826,38826,4664,4664,4664,0,0,0,2.08298e+06,1952173,2194712,25.0701,24.1407,26.3502
75,1125,1139,15,PACKAGE_SCENE,500000000,122071,32768,37409.9,28455,38826,4408.47,3409,4664,292.333,0,1563,1.85895e+06,1018142,2066929,159.199,24.5749,738.77
76,1140,1154,15,PACKAGE_SCENE,500000000,122071,32768,45279.5,38470,50502,4874,4344,5324,279.333,0,900,1.83773e+06,1359097,2505478,215.842,71.0416,472.425
77,1155,1169,15,PACKAGE_SCENE,500000000,122071,32768,46263,46263,46263,5121,5121,5121,0,0,0,1.93289e+06,1781487,2026847,32.5362,29.0058,52.5239
78,1170,1184,15,PACKAGE_SCENE,500000000,122071,32768,46263,46263,46263,5121,5121,5121,0,0,0,1.92953e+06,1822017,2233466,29.4343,28.8401,30.1728
79,1185,1199,15,PACKAGE_SCENE,500000000,122071,32768,46263,46263,46263,5121,5121,5121,0,0,0,1.94263e+06,1815580,2102221,29.9668,28.9844,31.4922
80,1200,1214,15,PACKAGE_SCENE,500000000,122071,32768,77065.6,46263,83411,5439.8,5121,5788,205.467,0,1578,2.18081e+06,1612365,2422240,161.544,28.8334,997.698
81,1215,1229,15,PACKAGE_SCENE,500000000,122071,32768,83411,83411,83411,5471,5471,5471,0,0,0,2.27163e+06,2115065,2450805,36.2516,35.3335,37.5818
82,1230,1244,15,PACKAGE_SCENE,500000000,122071,32768,83411,83411,83411,5471,5471,5471,0,0,0,2.31953e+06,2184341,2798239,36.2715,35.1364,37.8604
83,1245,1259,15,PACKAGE_SCENE,500000000,122071,32768,83411,83411,83411,5471,5471,5471,0,0,0,2.30546e+06,2189284,2421043,36.5789,35.0059,38.3907
84,1260,1274,15,PACKAGE_SCENE,500000000,122071,32768,80717.8,79015,84245,5630.87,5471,5699,159.467,0,788,2.45888e+06,2179641,2947926,154.231,34.5215,616.259
85,1275,1289,15,PACKAGE_SCENE,500000000,122071,32768,79015,79015,79015,5699,5699,5699,0,0,0,2.34601e+06,2157675,2539236,35.07,33.7582,36.5381
86,1290,1304,15,PACKAGE_SCENE,500000000,122071,32768,78463.2,75331,79015,5660.53,5463,5700,99.6,0,505,2.34451e+06,1999175,2697315,100.891,34.0395,358.76
87,1305,1319,15,PACKAGE_SCENE,500000000,122071,32768,75331,75331,75331,5463,5463,5463,0,0,0,2.13844e+06,1894306,2298967,32.9265,31.6517,34.6432
88,1320,1334,15,PACKAGE_SCENE,500000000,122071,32768,75331,75331,75331,5463,5463,5463,0,0,0,2.14735e+06,1917324,2257452,33.0673,31.815,34.7019
89,1335,1349,15,PACKAGE_SCENE,500000000,122071,32768,75331,75331,75331,5463,5463,5463,0,0,0,2.11114e+06,1954896,2213685,33.1601,32.0425,34.2815
90,1350,1364,15,PACKAGE_SCENE,500000000,122071,32768,75331,75331,75331,5463,5463,5463,0,0,0,2.13313e+06,1944509,2279504,33.1242,32.321,34.1349
91,1365,1379,15,PACKAGE_SCENE,500000000,122071,32768,73446.5,72290,75331,5165.33,4998,5463,76.6667,0,440,1.97984e+06,1605104,2348944,79.9577,29.2493,301.693
92,1380,1394,15,PACKAGE_SCENE,500000000,122071,32768,72290,72290,72290,4998,4998,4998,0,0,0,1.88593e+06,1653512,2076053,31.4668,30.6999,33.189
93,1395,1409,15,PACKAGE_SCENE,500000000,122071,32768,72290,72290,72290,4998,4998,4998,0,0,0,1.8423e+06,1629850,2013729,31.3276,30.1408,32.8591
94,1410,1424,15,PACKAGE_SCENE,500000000,122071,32768,66762.2,41060,72290,4882.53,4403,4998,401.867,0,1258,1.76277e+06,1402970,2120333,275.268,30.6955,780.274
95,1425,1439,15,PACKAGE_SCENE,500000000,122071,32768,36798.2,35411,37207,4680.93,4211,4752,136.267,0,701,1.9096e+06,1553545,2068454,123.904,26.1777,460.586
96,1440,1454,15,PACKAGE_SCENE,500000000,122071,32768,36963.1,36910,37328,4761,4752,4808,4.46667,0,26,1.92544e+06,1614193,2061582,29.2173,26.3448,41.1587
97,1455,1469,15,PACKAGE_SCENE,500000000,122071,32768,37831.8,37449,38033,4871.53,4802,4888,6.53333,0,27,1.98373e+06,1897043,2061837,32.2558,28.3076,41.061
98,1470,1484,15,PACKAGE_SCENE,500000000,122071,32768,35480.9,30365,37380,4651.2,4222,4809,119.867,0,478,1.93156e+06,1657330,2156322,110.369,26.7778,560.641
99,1485,1499,15,PACKAGE_SCENE,500000000,122071,32768,32254.8,30760,32800,4230,4183,4250,25.5333,0,136,1.66846e+06,1513313,1866891,36.2875,22.3263,113.272
100,1500,1514,15,PACKAGE_SCENE,500000000,122071,32768,32412.8,31597,32800,4208.4,4121,4251,16.4,0,41,1.63973e+06,1428923,1836762,34.074,23.0393,47.3714
101,1515,1529,15,PACKAGE_SCENE,500000000,122071,32768,30571.9,29633,31478,4051.13,3971,4129,30.9333,16,51,1.53577e+06,1383326,1674942,40.5186,31.6072,50.911
102,1530,1544,15,PACKAGE_SCENE,500000000,122071,32768,28742.5,28438,29498,3911.13,3891,3976,20.6667,0,71,1.39375e+06,1265043,1498221,33.3719,21.5136,59.8677
103,1545,1559,15,PACKAGE_SCENE,500000000,122071,32768,28438,28438,28438,3897,3897,3897,0,0,0,1.428e+06,1316154,1504454,23.4185,21.6688,27.8767
104,1560,1574,15,PACKAGE_SCENE,500000000,122071,32768,28438,28438,28438,3897,3897,3897,0,0,0,1.43063e+06,1336207,1494965,22.3032,21.6612,23.2345
105,1575,1589,15,PACKAGE_SCENE,500000000,122071,32768,26966.9,20652,28438,3768.13,3210,3919,199.8,0,802,1.363e+06,1187472,1630540,126.011,21.7779,391.397
106,1590,1604,15,PACKAGE_SCENE,500000000,122071,32768,13604.4,12752,18066,2435.13,2271,2953,184.067,0,755,905143,796415,1044676,145.612,29.5361,411.349
107,1605,1619,15,PACKAGE_SCENE,500000000,122071,32768,12333.5,11660,12752,2213.6,2105,2298,39.3333,0,77,834187,716202,946198,42.9204,17.9498,61.7814
108,1620,1634,15,PACKAGE_SCENE,500000000,122071,32768,9786.2,9033,11568,1851.2,1744,2096,82.8,0,333,643592,488480,844233,67.5783,16.9814,197.835
109,1635,1649,15,PACKAGE_SCENE,500000000,122071,32768,8915.93,8646,9033,1714.13,1654,1744,13.5333,0,40,601535,488397,658424,24.956,16.612,41.5423
110,1650,1664,15,PACKAGE_SCENE,500000000,122071,32768,7758.4,6750,8597,1559.47,1411,1663,61.8,15,171,517007,405984,619041,56.2285,24.335,166.491
111,1665,1679,15,PACKAGE_SCENE,500000000,122071,32768,6315.73,5597,6711,1362.2,1247,1434,38.6,9,98,426238,344999,508620,41.5755,25.0976,76.5629
112,1680,1694,15,PACKAGE_SCENE,500000000,122071,32768,4640.53,4372,5334,1099.07,1055,1212,37.4667,4,160,396573,331618,462592,43.9415,19.374,120.393
113,1695,1709,15,PACKAGE_SCENE,500000000,122071,32768,4022.2,3443,4332,1001.8,925,1059,28.8667,3,64,360752,286083,426614,35.6439,20.6541,61.1229
114,1710,1724,15,PACKAGE_SCENE,500000000,122071,32768,3160.4,3142,3331,877.933,873,909,9.6,0,63,305964,276688,386182,20.5248,14.6335,50.3862
115,1725,1739,15,PACKAGE_SCENE,500000000,122071,32768,3142,3142,3142,873,873,873,0,0,0,289657,259893,348334,15.3596,14.8194,16.1996
116,1740,1754,15,PACKAGE_SCENE,500000000,122071,32768,2550,182,3142,727.933,79,873,0.466667,0,7,236402,273,306494,15.9283,10.4379,33.899
117,1755,1769,15,PACKAGE_SCENE,500000000,122071,32768,182,182,182,182,182,182,0,0,0,32297.7,30972,33666,10.3858,10.0303,11.0214
118,1770,1784,15,PACKAGE_SCENE,500000000,122071,32768,172.867,150,182,172.867,150,182,0,0,0,29086.9,18736,33005,10.4349,10.0085,11.2711
119,1785,1799,15,PACKAGE_SCENE,500000000,122071,32768,325.267,150,1085,253.333,150,544,7.13333,0,43,69962.9,18276,251001,16.1892,9.6255,38.8959
120,1800,1814,15,PACKAGE_SCENE,500000000,122071,32768,1267,1267,1267,570.933,570,584,2.13333,0,32,235146,206158,273126,15.496,13.7617,30.5503
121,1815,1829,15,PACKAGE_SCENE,500000000,122071,32768,1685.33,1242,4684,644.333,552,1113,29.2,0,104,250753,211683,336903,34.98,13.81,88.6078
122,1830,1844,15,PACKAGE_SCENE,500000000,122071,32768,4684,4684,4684,1028,1028,1028,0.0666667,0,1,310400,287342,323869,16.1169,15.2713,19.2868
123,1845,1859,15,PACKAGE_SCENE,500000000,122071,32768,5242.53,4684,7225,1083.73,1028,1229,7.53333,0,39,293240,255573,319538,21.6394,15.5235,42.9736
124,1860,1874,15,PACKAGE_SCENE,500000000,122071,32768,10253.5,7596,11511,1400.67,1226,1481,29.4,4,62,217194,180025,277815,33.4651,19.2373,51.5477
125,1875,1889,15,PACKAGE_SCENE,500000000,122071,32768,15929.3,12235,17877,1425.8,1384,1484,54.6,0,145,252835,206032,307975,50.777,15.8931,113.251
126,1890,1904,15,PACKAGE_SCENE,500000000,122071,32768,17870,17870,17870,1423,1423,1423,0,0,0,301822,270113,310618,16.3889,15.9307,17.6468
127,1905,1919,15,PACKAGE_SCENE,500000000,122071,32768,25261.1,17870,55467,1878.67,1402,2667,171.733,0,947,320285,144233,604293,135.065,16.1595,680.995
128,1920,1934,15,PACKAGE_SCENE,500000000,122071,32768,27389.8,27276,28352,2371.6,2342,2444,30.6667,0,292,377190,337204,572535,41.5937,17.7339,201.874
129,1935,1949,15,PACKAGE_SCENE,500000000,122071,32768,32501.9,29841,32692,2530.87,2475,2535,82.7333,0,685,414203,367644,551407,73.7536,17.6924,480.029
130,1950,1964,15,PACKAGE_SCENE,500000000,122071,32768,32692,32692,32692,2535,2535,2535,0,0,0,415735,383115,441270,18.3111,17.7569,19.7694
131,1965,1979,15,PACKAGE_SCENE,500000000,122071,32768,32692,32692,32692,2535,2535,2535,0,0,0,408864,368862,436676,18.1047,17.5534,18.8777
132,1980,1994,15,PACKAGE_SCENE,500000000,122071,32768,32692,32692,32692,2535,2535,2535,0,0,0,410604,383329,440804,18.1911,17.6263,19.0048
133,1995,2009,15,PACKAGE_SCENE,500000000,122071,32768,32692,32692,32692,2535,2535,2535,0,0,0,408062,386066,444332,18.1405,17.5712,19.5708
134,2010,2024,15,PACKAGE_SCENE,500000000,122071,32768,32693.9,32692,32721,2535.27,2535,2539,1.53333,0,23,416590,391647,446001,19.1758,17.6377,34.1257
135,2025,2039,15,PACKAGE_SCENE,500000000,122071,32768,39716.8,32671,43527,2738.47,2449,3069,222.867,0,1054,369447,248546,579542,185.516,24.1137,751.513
136,2040,2054,15,PACKAGE_SCENE,500000000,122071,32768,43527,43527,43527,2845,2845,2845,0,0,0,368785,323619,396168,20.4218,18.3382,25.1307
137,2055,2069,15,PACKAGE_SCENE,500000000,122071,32768,43527,43527,43527,2845,2845,2845,0,0,0,347846,266660,399764,18.4754,18.0451,19.4843
138,2070,2084,15,PACKAGE_SCENE,500000000,122071,32768,50714,43527,62236,3065.6,2828,3425,330.933,0,1571,391477,235481,539671,228.976,18.6193,947.561
139,2085,2099,15,PACKAGE_SCENE,500000000,122071,32768,62236,62236,62236,3271,3271,3271,0,0,0,337074,294774,379952,25.2255,18.7907,44.4018
140,2100,2114,15,PACKAGE_SCENE,500000000,122071,32768,62236,62236,62236,3271,3271,3271,0,0,0,344764,291343,403320,19.2997,18.5494,20.2819
141,2115,2129,15,PACKAGE_SCENE,500000000,122071,32768,65099,62236,66603,3368.33,3187,3566,179.8,0,1022,355905,263347,447869,160.866,20.4248,1064.37
142,2130,2144,15,PACKAGE_SCENE,500000000,122071,32768,66603,66603,66603,3444,3444,3444,0,0,0,420907,355187,469374,21.2705,19.3578,31.5708
143,2145,2159,15,PACKAGE_SCENE,500000000,122071,32768,66603,66603,66603,3444,3444,3444,0,0,0,397040,300626,459832,20.215,19.7474,21.1198
144,2160,2174,15,PACKAGE_SCENE,500000000,122071,32768,70575.1,66603,75510,3694.33,3436,4216,240.867,0,1669,496856,359304,740425,163.832,19.7481,936.925
145,2175,2189,15,PACKAGE_SCENE,500000000,122071,32768,76122.7,75510,79914,4091.33,4067,4211,109.467,0,564,764000,638017,1098815,87.2495,21.8206,311.979
146,2190,2204,15,PACKAGE_SCENE,500000000,122071,32768,82556.9,81730,82616,4538,4351,4554,95.8667,0,713,1.13368e+06,844449,1383229,77.8756,23.5563,386.288
147,2205,2219,15,PACKAGE_SCENE,500000000,122071,32768,80145.7,73325,83403,4606.07,4544,4699,399.133,0,1603,1.22351e+06,1033323,1370740,242.86,23.907,971.855
148,2220,2234,15,PACKAGE_SCENE,500000000,122071,32768,73325,73325,73325,4663,4663,4663,0,0,0,1.32291e+06,1235451,1387026,32.0813,24.8313,67.3137
149,2235,2249,15,PACKAGE_SCENE,500000000,122071,32768,73325,73325,73325,4663,4663,4663,0,0,0,1.32134e+06,1261080,1371325,25.3076,24.3138,26.4447
150,2250,2264,15,PACKAGE_SCENE,500000000,122071,32768,78027.2,70763,87259,5326.93,4460,6448,557.667,0,1078,2.01606e+06,1175055,2827872,364.001,26.1982,593.348
151,2265,2279,15,PACKAGE_SCENE,500000000,122071,32768,85998.3,85705,88251,6890.93,6787,6968,152.867,0,1063,3.33807e+06,3122959,3581733,134.3,47.6317,600.889
152,2280,2294,15,PACKAGE_SCENE,500000000,122071,32768,84444.7,84146,85705,6964.87,6893,7046,77.8667,0,414,3.45834e+06,3324712,3599365,97.7428,50.188,266.995
153,2295,2309,15,PACKAGE_SCENE,500000000,122071,32768,83419.6,83214,84146,6947.13,6899,6968,34,0,240,3.46815e+06,3285157,3644229,103.741,51.4901,603.007
154,2310,2324,15,PACKAGE_SCENE,500000000,122071,32768,81922.4,81253,83214,6936.6,6927,6970,45.8667,0,328,3.38077e+06,3167649,3547924,85.85,50.1368,281.428
155,2325,2339,15,PACKAGE_SCENE,500000000,122071,32768,77732,76206,81253,6738.67,6646,6959,107.533,0,619,3.44104e+06,3274693,3710793,126.718,46.2573,454.179
156,2340,2354,15,PACKAGE_SCENE,500000000,122071,32768,76206,76206,76206,6646,6646,6646,0,0,0,3.36362e+06,3184231,3585489,47.1931,45.8712,48.3733
157,2355,2369,15,PACKAGE_SCENE,500000000,122071,32768,76206,76206,76206,6646,6646,6646,0,0,0,3.34277e+06,3215540,3452481,47.2682,46.2462,48.4585
158,2370,2384,15,PACKAGE_SCENE,500000000,122071,32768,76206,76206,76206,6646,6646,6646,0,0,0,3.36588e+06,3227216,3530549,48.5692,45.6498,54.5735
159,2385,2399,15,PACKAGE_SCENE,500000000,122071,32768,76206,76206,76206,6646,6646,6646,0,0,0,3.40068e+06,3234465,3580876,47.1969,45.7106,48.5939
160,2400,2414,15,PACKAGE_SCENE,500000000,122071,32768,0,0,0,0,0,0,0,0,0,0,0,0,2.33797,1.931,3.2552
161,2415,2429,15,PACKAGE_SCENE,500000000,122071,32768,0,0,0,0,0,0,0,0,0,0,0,0,2.21017,1.3062,2.8609
162,2430,2444,15,PACKAGE_SCENE,500000000,122071,32768,0,0,0,0,0,0,0,0,0,0,0,0,1.96588,1.3012,2.745
163,2445,2459,15,PACKAGE_SCENE,500000000,122071,32768,0,0,0,0,0,0,0,0,0,0,0,0,1.86731,1.22,2.5922
164,2460,2474,15,PACKAGE_SCENE,500000000,122071,32768,0,0,0,0,0,0,0,0,0,0,0,0,1.71837,1.2171,2.2719
165,2475,2489,15,PACKAGE_SCENE,500000000,122071,32768,0,0,0,0,0,0,0,0,0,0,0,0,1.81968,1.218,2.771
166,2490,2504,15,PACKAGE_SCENE,500000000,122071,32768,0,0,0,0,0,0,0,0,0,0,0,0,2.93376,1.3068,15.917
167,2505,2519,15,PACKAGE_SCENE,500000000,122071,32768,0,0,0,0,0,0,0,0,0,0,0,0,1.77175,1.301,2.3235
168,2520,2534,15,PACKAGE_SCENE,500000000,122071,32768,0,0,0,0,0,0,0,0,0,0,0,0,1.80677,1.1206,2.3104
169,2535,2549,15,PACKAGE_SCENE,500000000,122071,32768,0,0,0,0,0,0,0,0,0,0,0,0,2.36114,1.3078,9.7572
170,2550,2564,15,PACKAGE_SCENE,500000000,122071,32768,0,0,0,0,0,0,0,0,0,0,0,0,1.92753,1.1235,2.4735
171,2565,2579,15,PACKAGE_SCENE,500000000,122071,32768,0,0,0,0,0,0,0,0,0,0,0,0,1.84128,1.2702,3.0181
172,2580,2594,15,PACKAGE_SCENE,500000000,122071,32768,0,0,0,0,0,0,0,0,0,0,0,0,1.86875,0.9729,2.6039
173,2595,2609,15,PACKAGE_SCENE,500000000,122071,32768,0,0,0,0,0,0,0,0,0,0,0,0,1.76971,1.0841,2.9776
174,2610,2624,15,PACKAGE_SCENE,500000000,122071,32768,0,0,0,0,0,0,0,0,0,0,0,0,1.85713,1.2514,2.3738
175,2625,2639,15,PACKAGE_SCENE,500000000,122071,32768,0,0,0,0,0,0,0,0,0,0,0,0,1.85947,1.0957,2.6208
176,2640,2654,15,PACKAGE_SCENE,500000000,122071,32768,0,0,0,0,0,0,0,0,0,0,0,0,1.88834,1.2726,2.5863
177,2655,2669,15,PACKAGE_SCENE,500000000,122071,32768,0,0,0,0,0,0,0,0,0,0,0,0,2.0278,1.1664,3.0039
178,2670,2684,15,PACKAGE_SCENE,500000000,122071,32768,0,0,0,0,0,0,0,0,0,0,0,0,1.99936,1.2451,2.8639
179,2685,2699,15,PACKAGE_SCENE,500000000,122071,32768,0,0,0,0,0,0,0,0,0,0,0,0,1.90473,1.1062,2.7868
180,2700,2714,15,PACKAGE_SCENE,500000000,122071,32768,0,0,0,0,0,0,0,0,0,0,0,0,1.90763,1.3447,2.882
181,2715,2729,15,PACKAGE_SCENE,500000000,122071,32768,0,0,0,0,0,0,0,0,0,0,0,0,1.77795,1.1217,2.4506
182,2730,2744,15,PACKAGE_SCENE,500000000,122071,32768,0,0,0,0,0,0,0,0,0,0,0,0,1.82494,1.1586,2.4297
183,2745,2759,15,PACKAGE_SCENE,500000000,122071,32768,849.6,0,1037,555.733,0,670,3.53333,0,49,112243,0,140737,12.8122,1.9386,31.4529
184,2760,2774,15,PACKAGE_SCENE,500000000,122071,32768,2564.8,1037,14682,1044.4,670,3331,71.4667,0,624,282612,136230,1266431,49.4111,11.9785,333.068
185,2775,2789,15,PACKAGE_SCENE,500000000,122071,32768,68307,25017,95559,6010.67,4511,6693,735.267,0,1760,2.96522e+06,1835153,3675880,541.591,58.7323,1074.98
186,2790,2804,15,PACKAGE_SCENE,500000000,122071,32768,87409.5,86810,87773,6683.33,6676,6709,9.93333,0,55,3.52761e+06,3282031,3692159,58.7975,47.9715,107.956
187,2805,2819,15,PACKAGE_SCENE,500000000,122071,32768,87773,87773,87773,6678,6678,6678,0,0,0,3.5072e+06,3266338,3607286,50.0061,48.4849,51.738
188,2820,2834,15,PACKAGE_SCENE,500000000,122071,32768,87773,87773,87773,6678,6678,6678,0,0,0,3.55424e+06,3366674,3696747,49.799,48.1975,54.029
189,2835,2849,15,PACKAGE_SCENE,500000000,122071,32768,87773,87773,87773,6678,6678,6678,0,0,0,3.53315e+06,3395767,3692541,49.6904,48.608,51.9866
190,2850,2864,15,PACKAGE_SCENE,500000000,122071,32768,87773,87773,87773,6678,6678,6678,0,0,0,3.53663e+06,3385953,3669023,49.5961,48.2057,51.1156
191,2865,2879,15,PACKAGE_SCENE,500000000,122071,32768,87412.7,87023,87773,6715.53,6647,6795,9.26667,0,26,3.4909e+06,3332352,3667845,57.5006,48.7273,77.7976
192,2880,2894,15,PACKAGE_SCENE,500000000,122071,32768,85373.8,82982,87023,6496.53,6216,6729,45,0,97,3.44809e+06,3117518,3630366,82.1649,48.7982,106.35
193,2895,2909,15,PACKAGE_SCENE,500000000,122071,32768,80558,78646,82662,6203.53,6146,6258,42.1333,19,79,3.1977e+06,3003118,3472070,67.5107,54.616,96.0838
194,2910,2924,15,PACKAGE_SCENE,500000000,122071,32768,77542.8,77075,78408,6376.07,6229,6511,15.0667,4,33,3.39436e+06,3145371,3548206,54.1514,47.1037,68.894
195,2925,2939,15,PACKAGE_SCENE,500000000,122071,32768,76863.1,74567,78013,6477.33,6439,6505,18.4,1,42,3.43854e+06,3255150,3582151,58.2726,47.1043,72.8479
196,2940,2954,15,PACKAGE_SCENE,500000000,122071,32768,74050.1,73269,75201,6418.2,6379,6452,13.8,0,51,3.44331e+06,3288984,3664067,56.6845,45.5364,91.9427
197,2955,2969,15,PACKAGE_SCENE,500000000,122071,32768,76666.9,75404,77896,6414,6376,6472,2.6,0,9,3.40851e+06,3298275,3520322,47.9003,44.4914,56.1412
198,2970,2984,15,PACKAGE_SCENE,500000000,122071,32768,78626.1,78080,78950,6242.13,6114,6378,21.1333,0,44,3.20755e+06,2853776,3388013,60.8963,45.134,83.132
199,2985,2999,15,PACKAGE_SCENE,500000000,122071,32768,76529.9,74505,77976,5874.93,5691,6076,36.9333,27,53,3.05424e+06,2836583,3391189,60.935,55.0496,71.7188
200,3000,3014,15,PACKAGE_SCENE,500000000,122071,32768,71039.7,66844,74137,5704.93,5659,5755,101.133,36,298,3.02126e+06,2745150,3347489,89.1074,58.8561,179.046
201,3015,3029,15,PACKAGE_SCENE,500000000,122071,32768,57129.6,49975,65640,5281.67,4914,5725,340.467,0,853,2.75876e+06,2350564,3115981,251.106,51.0699,526.135
202,3030,3044,15,PACKAGE_SCENE,500000000,122071,32768,49975,49975,49975,4914,4914,4914,0,0,0,2.49112e+06,2362683,2614131,33.2568,30.0367,52.4684
203,3045,3059,15,PACKAGE_SCENE,500000000,122071,32768,49975,49975,49975,4914,4914,4914,0,0,0,2.50508e+06,2427722,2692269,30.4348,29.5819,31.5746
204,3060,3074,15,PACKAGE_SCENE,500000000,122071,32768,48501.9,46892,49975,4839.8,4722,4954,92.2667,0,462,2.47024e+06,2240899,2738194,81.2848,26.3287,277.359
205,3075,3089,15,PACKAGE_SCENE,500000000,122071,32768,46892,46892,46892,4722,4722,4722,0,0,0,2.35682e+06,2290408,2443134,27.4256,26.8331,28.4694
206,3090,3104,15,PACKAGE_SCENE,500000000,122071,32768,46526.7,43944,46892,4708.27,4515,4733,89,0,586,2.33943e+06,2215477,2480247,77.3874,26.8112,312.135
207,3105,3119,15,PACKAGE_SCENE,500000000,122071,32768,37684.7,36819,41706,3614.4,3269,4474,309.4,0,1014,1.22427e+06,720410,2137254,218.73,24.8417,551.804
208,3120,3134,15,PACKAGE_SCENE,500000000,122071,32768,36819,36819,36819,3269,3269,3269,0,0,0,849281,761056,904792,20.8716,19.2353,25.5466
209,3135,3149,15,PACKAGE_SCENE,500000000,122071,32768,36819,36819,36819,3269,3269,3269,0,0,0,863180,758360,939308,19.9552,19.3999,20.9306
210,3150,3164,15,PACKAGE_SCENE,500000000,122071,32768,34873.6,30953,36819,2968.73,2441,3269,228.2,0,515,615164,113405,880468,149.833,19.5528,310.474
211,3165,3179,15,PACKAGE_SCENE,500000000,122071,32768,29894,29894,29894,2343.07,2339,2400,46.1333,0,681,81283.7,41770,108329,68.051,19.8879,565.031
212,3180,3194,15,PACKAGE_SCENE,500000000,122071,32768,29835.8,29349,29894,2332,2287,2343,15.4,0,87,68244.3,32677,103370,28.7701,17.6633,85.8902
213,3195,3209,15,PACKAGE_SCENE,500000000,122071,32768,28320.7,28175,28999,2209.2,2172,2303,29.9333,4,147,95652.5,60903,120730,36.8103,20.0287,108.768
214,3210,3224,15,PACKAGE_SCENE,500000000,122071,32768,27614.8,26470,28154,2176.6,2115,2234,36.9333,1,163,102736,75420,133774,41.8711,18.3508,136.28
215,3225,3239,15,PACKAGE_SCENE,500000000,122071,32768,26275.2,26084,26448,2157.87,2126,2180,15.6667,1,31,136036,94611,189869,27.6513,18.5693,41.8472
216,3240,3254,15,PACKAGE_SCENE,500000000,122071,32768,22805.3,16359,26030,2030.8,1731,2160,264.333,0,688,193182,128724,228090,186.265,34.7461,431.483
217,3255,3269,15,PACKAGE_SCENE,500000000,122071,32768,16359,16359,16359,1731,1731,1731,0,0,0,174781,143705,199784,27.7752,19.5485,43.1845
218,3270,3284,15,PACKAGE_SCENE,500000000,122071,32768,16358.8,16356,16359,1730.8,1728,1731,1.13333,0,17,186144,167816,221728,16.7977,15.6153,25.9338
219,3285,3299,15,PACKAGE_SCENE,500000000,122071,32768,14225.3,11072,16362,1562.13,1254,1746,206.467,36,485,194405,137803,342303,154.997,44.2926,293.119
220,3300,3314,15,PACKAGE_SCENE,500000000,122071,32768,11826,11826,11826,1513.4,1463,1517,4.8,0,70,342756,305004,362253,30.5272,19.0579,99.0027
221,3315,3329,15,PACKAGE_SCENE,500000000,122071,32768,11826,11826,11826,1517,1517,1517,0,0,0,329873,266309,361529,16.0809,15.6088,17.0758
222,3330,3344,15,PACKAGE_SCENE,500000000,122071,32768,11837.5,11826,11912,1517.2,1516,1520,1.66667,0,19,332714,268344,359453,17.4412,15.5655,27.2637
223,3345,3359,15,PACKAGE_SCENE,500000000,122071,32768,11809.6,11737,11880,1576.87,1512,1629,3.46667,0,25,376648,310337,473102,19.1473,15.8073,31.7961
224,3360,3374,15,PACKAGE_SCENE,500000000,122071,32768,11465.3,11188,11691,1634.53,1599,1661,16.4,1,32,501747,445431,627853,29.0017,17.9598,42.3624
225,3375,3389,15,PACKAGE_SCENE,500000000,122071,32768,10482.1,9959,11175,1714.4,1687,1743,35.1333,4,109,567587,492461,669932,43.9351,20.9267,92.449
226,3390,3404,15,PACKAGE_SCENE,500000000,122071,32768,10126.9,10047,10231,1628,1574,1670,11.2667,2,24,509884,420122,603891,27.3134,19.0532,39.6945
227,3405,3419,15,PACKAGE_SCENE,500000000,122071,32768,9821.87,9647,10018,1534.53,1470,1626,20.1333,9,64,488986,378630,582895,31.0328,23.2878,49.3432
228,3420,3434,15,PACKAGE_SCENE,500000000,122071,32768,9609.47,9338,9834,1408.73,1338,1480,21.3333,11,45,480725,377686,533460,32.1787,23.6161,50.3656
229,3435,3449,15,PACKAGE_SCENE,500000000,122071,32768,9247.2,9236,9310,1351,1342,1356,3.93333,0,16,430308,356941,462006,19.1336,15.1556,32.8282
230,3450,3464,15,PACKAGE_SCENE,500000000,122071,32768,9247.73,9212,9292,1329.6,1267,1354,3.53333,0,8,435928,395893,460265,19.4396,15.6078,28.1451
231,3465,3479,15,PACKAGE_SCENE,500000000,122071,32768,9496.2,9276,9732,1208.93,1193,1235,1.13333,0,6,337169,282227,383505,16.6975,15.148,19.6271
232,3480,3494,15,PACKAGE_SCENE,500000000,122071,32768,9983.6,9760,10062,1190,1181,1206,2.73333,0,16,319956,280635,343048,17.7211,14.8625,25.3253
233,3495,3509,15,PACKAGE_SCENE,500000000,122071,32768,10062,10062,10062,1188,1188,1188,0,0,0,309304,282691,324684,15.4907,15.1821,16.3162
234,3510,3524,15,PACKAGE_SCENE,500000000,122071,32768,9913.33,9502,10062,1180.67,1156,1192,1.73333,0,7,313121,301785,332724,17.9329,14.8162,33.4172
235,3525,3539,15,PACKAGE_SCENE,500000000,122071,32768,9068.87,8847,9445,1143.8,1122,1167,7.86667,0,21,313608,282961,331236,22.0316,15.2157,34.1148
236,3540,3554,15,PACKAGE_SCENE,500000000,122071,32768,8778.87,8685,8904,1208.67,1118,1421,24.1333,8,62,284011,210337,399992,31.5026,23.0605,42.6952
237,3555,3569,15,PACKAGE_SCENE,500000000,122071,32768,9217.53,8946,9521,1427.07,1400,1457,10.8,4,18,332678,254774,432367,23.24,19.4457,27.4472
238,3570,3584,15,PACKAGE_SCENE,500000000,122071,32768,9890.53,9571,10196,1512,1466,1548,11,0,19,301432,210638,397943,23.8235,16.2268,28.205
239,3585,3599,15,PACKAGE_SCENE,500000000,122071,32768,10466.9,10229,10677,1517.07,1496,1539,7.73333,1,18,289361,246210,382859,22.9017,17.3213,29.5591
240,3600,3614,15,PACKAGE_SCENE,500000000,122071,32768,10797.1,10712,10893,1506,1503,1527,3.4,0,15,239194,217001,279468,19.1612,16.0619,26.0971
241,3615,3629,15,PACKAGE_SCENE,500000000,122071,32768,11365.1,10957,11669,1552.6,1513,1580,14.8,1,34,276252,217717,382709,28.1267,17.751,48.0799
242,3630,3644,15,PACKAGE_SCENE,500000000,122071,32768,11926.3,11688,12144,1597.33,1570,1627,13,2,24,252252,201151,298474,26.5813,19.5751,33.5111
243,3645,3659,15,PACKAGE_SCENE,500000000,122071,32768,12207.1,12181,12412,1598.67,1586,1644,6.46667,0,40,285555,153729,357277,23.124,16.583,50.3152
244,3660,3674,15,PACKAGE_SCENE,500000000,122071,32768,12811.3,12517,13107,1635.8,1619,1657,16.8667,9,29,272479,203809,339791,31.2403,25.0389,43.4592
245,3675,3689,15,PACKAGE_SCENE,500000000,122071,32768,14032.2,13167,14876,1735.93,1661,1798,32.4,10,47,302124,239448,395355,40.4817,25.206,61.3726
246,3690,3704,15,PACKAGE_SCENE,500000000,122071,32768,15448.9,14946,15658,1730.67,1715,1775,11.8667,0,27,305540,227799,349227,24.4979,16.5499,33.4423
247,3705,3719,15,PACKAGE_SCENE,500000000,122071,32768,15658,15658,15658,1725,1725,1725,0,0,0,317947,287583,340026,17.1488,16.6351,18.1866
248,3720,3734,15,PACKAGE_SCENE,500000000,122071,32768,15974.1,15658,16348,1715.53,1700,1730,9.46667,0,21,316220,287421,379274,22.9798,17.3823,28.6945
249,3735,3749,15,PACKAGE_SCENE,500000000,122071,32768,16783.6,16405,17142,1807.6,1737,1879,7.4,4,13,359384,273644,433024,22.7773,18.871,26.3441
250,3750,3764,15,PACKAGE_SCENE,500000000,122071,32768,17308.7,17169,17328,1922.4,1890,1927,2.4,0,16,393115,315535,506652,18.9979,17.0687,25.6662
251,3765,3779,15,PACKAGE_SCENE,500000000,122071,32768,17328,17328,17328,1927,1927,1927,0,0,0,387344,289453,449667,17.4153,16.7754,18.6787
252,3780,3794,15,PACKAGE_SCENE,500000000,122071,32768,17730.7,17353,18066,1996.33,1929,2055,8.4,2,14,408470,348996,494298,22.9378,19.8524,34.1127
253,3795,3809,15,PACKAGE_SCENE,500000000,122071,32768,18464.3,18089,18838,2120.93,2037,2195,6.06667,2,12,498279,425965,566793,21.9219,20.309,24.2498
254,3810,3824,15,PACKAGE_SCENE,500000000,122071,32768,19199.9,18888,19415,2234.33,2201,2259,5.2,0,10,532886,416095,645285,21.195,17.4583,24.5721
255,3825,3839,15,PACKAGE_SCENE,500000000,122071,32768,19166.4,18895,19415,2231.4,2195,2259,0,0,0,530104,444308,602436,18.1021,17.3309,19.3072
256,3840,3854,15,PACKAGE_SCENE,500000000,122071,32768,18456.5,17835,18860,2172.07,2137,2205,1.46667,0,7,496831,393699,579421,20.0145,16.9939,32.693
257,3855,3869,15,PACKAGE_SCENE,500000000,122071,32768,17063.7,16460,17742,2168.27,2130,2209,1.86667,0,5,601597,497936,718278,19.8783,17.045,32.9402
258,3870,3884,15,PACKAGE_SCENE,500000000,122071,32768,15759.1,15203,16352,2112.07,2078,2143,3.6,0,9,603964,534801,668958,20.3475,17.0515,30.4636
259,3885,3899,15,PACKAGE_SCENE,500000000,122071,32768,13764.3,12118,15147,2174.33,2149,2213,59,10,91,668986,607822,787744,46.9327,25.2146,62.2933
260,3900,3914,15,PACKAGE_SCENE,500000000,122071,32768,11437.2,11363,11891,2238.4,2218,2269,15.6,0,83,765843,685202,863638,25.215,16.8832,55.9694
261,3915,3929,15,PACKAGE_SCENE,500000000,122071,32768,11363,11363,11363,2232,2232,2232,0,0,0,744614,683606,876986,17.7754,17.1235,18.78
262,3930,3944,15,PACKAGE_SCENE,500000000,122071,32768,11363,11363,11363,2232,2232,2232,0,0,0,752830,706197,801855,17.6981,17.2545,18.8029
263,3945,3959,15,PACKAGE_SCENE,500000000,122071,32768,11363,11363,11363,2232,2232,2232,0,0,0,765217,694347,836523,17.9362,17.2755,19.3829
264,3960,3974,15,PACKAGE_SCENE,500000000,122071,32768,11363,11363,11363,2232,2232,2232,0,0,0,750370,691037,833295,17.8815,17.2266,18.6364
265,3975,3989,15,PACKAGE_SCENE,500000000,122071,32768,11466.8,11363,11717,2245.47,2227,2274,0.466667,0,3,759962,692058,849607,18.7359,17.2227,28.5877
266,3990,4004,15,PACKAGE_SCENE,500000000,122071,32768,11867.1,11758,11892,2281.4,2259,2302,1.06667,0,3,808097,730817,864415,19.2711,17.0577,28.3859
267,4005,4019,15,PACKAGE_SCENE,500000000,122071,32768,11892,11892,11892,2276,2276,2276,0,0,0,814785,762006,855835,18.0018,17.2729,21.8882
268,4020,4034,15,PACKAGE_SCENE,500000000,122071,32768,3482.87,425,11892,842.333,81,2276,1.2,0,15,341972,2347,840102,14.9921,8.9908,29.2498
269,4035,4049,15,PACKAGE_SCENE,500000000,122071,32768,425,425,425,345,345,345,0,0,0,183182,180201,185581,12.4627,12.0233,14.2919
270,4050,4064,15,PACKAGE_SCENE,500000000,122071,32768,1045.53,425,2674,559.467,342,1049,12.3333,0,40,298745,179442,570198,19.1143,12.0151,33.8566
271,4065,4079,15,PACKAGE_SCENE,500000000,122071,32768,2691.67,2686,2734,1042.93,1042,1049,1.66667,0,17,457655,394765,501433,15.9886,13.9664,24.8795
272,4080,4094,15,PACKAGE_SCENE,500000000,122071,32768,5284,2686,8400,1525.07,1042,2011,33.4667,0,122,559251,380537,721660,35.2894,14.0819,95.6749
273,4095,4109,15,PACKAGE_SCENE,500000000,122071,32768,8439.53,8400,8834,2006,2001,2046,1.86667,0,23,718189,636595,760856,18.8545,16.2021,38.1399
274,4110,4124,15,PACKAGE_SCENE,500000000,122071,32768,10916.2,9163,12323,2242.73,2127,2375,8.06667,0,36,791013,740277,912219,23.2062,17.4119,38.1093
275,4125,4139,15,PACKAGE_SCENE,500000000,122071,32768,12395.5,12323,12875,2349.07,2309,2402,4.6,0,36,819935,780094,868283,20.2503,17.4588,33.7782
276,4140,4154,15,PACKAGE_SCENE,500000000,122071,32768,15929.8,13237,16520,2514.53,2418,2570,32.6,0,165,875958,717640,966328,33.5961,17.8932,100.421
277,4155,4169,15,PACKAGE_SCENE,500000000,122071,32768,13957.5,12547,16520,2358,2278,2519,8.2,0,26,848229,734929,1019665,22.6063,17.3682,28.8352
278,4170,4184,15,PACKAGE_SCENE,500000000,122071,32768,12399.2,11669,12564,2369.93,2268,2474,139.067,0,926,788597,506738,912039,91.1977,17.8466,468.737
279,4185,4199,15,PACKAGE_SCENE,500000000,122071,32768,12412,12412,12412,2423,2423,2423,0,0,0,859803,822080,948186,17.8058,17.2077,19.4325
280,4200,4214,15,PACKAGE_SCENE,500000000,122071,32768,13556.6,11139,15168,2566.4,2194,2750,228.133,0,1479,769217,547426,891175,164.172,18.9529,806.139
281,4215,4229,15,PACKAGE_SCENE,500000000,122071,32768,14692.3,14227,15038,2651.2,2614,2700,75.0667,37,111,830093,711563,946567,81.7018,52.9978,119.769
282,4230,4244,15,PACKAGE_SCENE,500000000,122071,32768,14225.8,14092,14300,2502.67,2442,2601,69.8667,0,123,780008,656158,913696,78.4454,30.1912,114.504
283,4245,4259,15,PACKAGE_SCENE,500000000,122071,32768,14300,14300,14300,2484,2484,2484,0,0,0,798092,753891,855113,21.9031,17.4875,31.0584
284,4260,4274,15,PACKAGE_SCENE,500000000,122071,32768,14300,14300,14300,2484,2484,2484,0,0,0,789170,751890,843520,17.8078,17.422,18.937
285,4275,4289,15,PACKAGE_SCENE,500000000,122071,32768,14241.1,14046,14346,2445.73,2344,2515,66.0667,0,102,786200,615969,959015,65.1652,18.6601,90.8121
286,4290,4304,15,PACKAGE_SCENE,500000000,122071,32768,13407.2,12113,14014,2260.4,2044,2365,85.8667,53,136,793483,600036,976410,77.0123,53.3358,117.437
287,4305,4319,15,PACKAGE_SCENE,500000000,122071,32768,11587.5,11359,12092,1956.4,1893,2083,30.0667,0,74,626814,578972,727031,47.2936,20.3259,80.866
288,4320,4334,15,PACKAGE_SCENE,500000000,122071,32768,11359,11359,11359,1893,1893,1893,0,0,0,594377,490573,630732,18.1635,16.1438,21.3781
289,4335,4349,15,PACKAGE_SCENE,500000000,122071,32768,11359,11359,11359,1893,1893,1893,0,0,0,588695,553927,625622,16.6645,16.2907,17.3985
290,4350,4364,15,PACKAGE_SCENE,500000000,122071,32768,10887.7,10636,11334,1816.8,1772,1908,15.2667,0,27,554810,480281,690193,28.9618,15.9272,39.4438
291,4365,4379,15,PACKAGE_SCENE,500000000,122071,32768,10636,10636,10636,1774,1774,1774,0,0,0,546266,515374,574585,16.4785,16.02,17.2908
292,4380,4394,15,PACKAGE_SCENE,500000000,122071,32768,10633.4,10597,10636,1772.8,1756,1774,0.733333,0,11,543667,481586,608545,16.9802,16.0418,24.0757
293,4395,4409,15,PACKAGE_SCENE,500000000,122071,32768,9906.67,9493,10571,1644.2,1597,1752,27.7333,3,46,498974,423024,637518,34.0565,18.2172,42.8913
294,4410,4424,15,PACKAGE_SCENE,500000000,122071,32768,9266.8,8964,9469,1594.47,1565,1613,19.1333,9,27,501964,434069,593479,30.9889,24.4637,45.7419
295,4425,4439,15,PACKAGE_SCENE,500000000,122071,32768,8044.8,7334,8865,1445.93,1374,1553,33.1333,26,48,442986,358363,522813,39.9721,32.0992,48.3085
296,4440,4454,15,PACKAGE_SCENE,500000000,122071,32768,6978.67,6899,7236,1344.53,1327,1375,11.3333,2,33,402601,346350,498516,22.4093,17.3667,36.591
297,4455,4469,15,PACKAGE_SCENE,500000000,122071,32768,6866.6,6816,6941,1345.4,1320,1370,4.26667,0,9,422084,343537,481811,18.7863,15.1446,21.659
298,4470,4484,15,PACKAGE_SCENE,500000000,122071,32768,7036.13,6944,7125,1354.13,1333,1370,1.46667,0,6,411194,370230,446865,17.0216,15.2374,19.9236
299,4485,4499,15,PACKAGE_SCENE,500000000,122071,32768,7244.27,7140,7367,1380.4,1349,1418,0.8,0,2,431678,373819,476815,17.0133,15.4178,19.2037
300,4500,4514,15,PACKAGE_SCENE,500000000,122071,32768,7483.2,7393,7575,1430.13,1413,1447,0.866667,0,4,432781,380119,487186,17.3669,15.4641,24.3773
301,4515,4529,15,PACKAGE_SCENE,500000000,122071,32768,7663.33,7596,7709,1450.6,1433,1457,0.466667,0,3,439898,379796,511208,17.2342,15.3917,29.2027
302,4530,4544,15,PACKAGE_SCENE,500000000,122071,32768,7795.4,7740,7848,1445.8,1435,1455,0.266667,0,2,451092,410300,498306,16.5169,15.2721,25.2958
303,4545,4559,15,PACKAGE_SCENE,500000000,122071,32768,7891.2,7829,7963,1428.27,1412,1451,1.66667,0,6,474283,381668,549135,18.4372,15.3438,30.221
304,4560,4574,15,PACKAGE_SCENE,500000000,122071,32768,8064.67,7988,8137,1502.8,1468,1537,1.33333,0,4,464169,409783,523992,18.2804,15.375,32.8564
305,4575,4589,15,PACKAGE_SCENE,500000000,122071,32768,8183.27,8137,8229,1555.6,1531,1579,1.2,0,8,446595,413591,497100,17.1387,15.6065,21.6747
306,4590,4604,15,PACKAGE_SCENE,500000000,122071,32768,8070.53,8038,8110,1555.67,1542,1570,3.13333,0,11,440063,384264,486250,18.6275,15.524,30.3501
307,4605,4619,15,PACKAGE_SCENE,500000000,122071,32768,8058.87,8051,8071,1543.8,1531,1555,2.2,0,6,437901,342383,501118,18.3235,15.6458,25.4084
308,4620,4634,15,PACKAGE_SCENE,500000000,122071,32768,8063.6,8048,8082,1568.53,1544,1587,2.26667,0,4,440639,378826,521131,18.3157,15.5779,20.7884
309,4635,4649,15,PACKAGE_SCENE,500000000,122071,32768,8037.07,8006,8058,1594.67,1571,1622,3,0,9,440505,402442,507123,20.4607,15.5658,35.7867
310,4650,4664,15,PACKAGE_SCENE,500000000,122071,32768,7930.27,7829,8021,1583.6,1533,1629,2.6,0,7,408723,360467,452835,17.9036,15.4339,24.1844
311,4665,4679,15,PACKAGE_SCENE,500000000,122071,32768,7704.2,7657,7807,1500.8,1472,1527,2.73333,0,7,411933,357653,472997,19.31,15.7915,31.1766
312,4680,4694,15,PACKAGE_SCENE,500000000,122071,32768,7567.67,7520,7636,1510.27,1490,1535,3.8,0,6,412696,350534,479645,18.8695,15.265,21.5975
313,4695,4709,15,PACKAGE_SCENE,500000000,122071,32768,7485.2,7413,7532,1559.2,1521,1592,4.2,0,11,407527,324732,457171,19.1498,15.3717,22.7175
314,4710,4724,15,PACKAGE_SCENE,500000000,122071,32768,7358.6,7308,7403,1576,1546,1598,4.06667,0,8,402669,332848,437211,19.8223,15.4648,26.4293
315,4725,4739,15,PACKAGE_SCENE,500000000,122071,32768,7201.73,7089,7304,1563.13,1543,1593,4.66667,0,20,383745,308334,463374,20.1212,15.263,30.3014
316,4740,4754,15,PACKAGE_SCENE,500000000,122071,32768,6986.33,6883,7058,1526.27,1511,1546,15,8,21,392456,281489,486098,27.734,22.614,36.0683
317,4755,4769,15,PACKAGE_SCENE,500000000,122071,32768,6793.4,6722,6890,1516.2,1504,1531,12.6,8,17,399501,335863,471519,26.2161,21.8542,34.8258
318,4770,4784,15,PACKAGE_SCENE,500000000,122071,32768,6546.4,6414,6709,1434.33,1373,1512,8.66667,4,13,359685,296398,410888,22.5661,19.1999,26.4146
319,4785,4799,15,PACKAGE_SCENE,500000000,122071,32768,6319.67,6232,6396,1381.67,1363,1410,8.8,5,14,381466,313100,544515,22.7602,20.4604,28.4294
320,4800,4814,15,PACKAGE_SCENE,500000000,122071,32768,6171.2,6108,6224,1362.13,1349,1381,5.33333,0,11,363198,334355,433936,19.7129,15.5165,23.1065
321,4815,4829,15,PACKAGE_SCENE,500000000,122071,32768,6016.33,5936,6094,1330.13,1302,1348,5,2,12,342358,306566,379411,19.7034,17.469,26.2429
322,4830,4844,15,PACKAGE_SCENE,500000000,122071,32768,5837,5761,5939,1312.13,1280,1353,5.13333,1,13,318564,281926,365904,20.3156,17.7374,24.9868
323,4845,4859,15,PACKAGE_SCENE,500000000,122071,32768,5685.93,5621,5755,1301.47,1279,1325,6.46667,3,11,342676,292612,404718,19.9498,17.9987,22.6569
324,4860,4874,15,PACKAGE_SCENE,500000000,122071,32768,5436.2,5123,5592,1287.2,1221,1332,4.86667,1,10,310521,287083,354248,18.278,16.5305,20.9218
325,4875,4889,15,PACKAGE_SCENE,500000000,122071,32768,4804.87,4566,5052,1175.47,1131,1216,2.6,0,5,282795,240920,327826,17.4319,15.247,19.1341
326,4890,4904,15,PACKAGE_SCENE,500000000,122071,32768,4421.2,4362,4532,1068.47,1051,1114,3,0,8,262647,233080,308444,18.2249,15.04,26.8514
327,4905,4919,15,PACKAGE_SCENE,500000000,122071,32768,4309.4,4151,4377,1100.47,1079,1121,5.13333,2,9,264456,235933,319033,19.4441,17.091,33.206
328,4920,4934,15,PACKAGE_SCENE,500000000,122071,32768,3820.6,3547,4100,1048.27,978,1112,3.06667,0,7,240688,204378,267952,17.4642,15.6489,19.7346
329,4935,4949,15,PACKAGE_SCENE,500000000,122071,32768,3308.47,3089,3515,925.2,857,976,0.666667,0,3,220080,147138,275701,16.0847,14.5774,19.0089
330,4950,4964,15,PACKAGE_SCENE,500000000,122071,32768,3005.93,2929,3075,854.467,827,869,1.33333,0,4,188858,147360,232857,16.5576,14.6258,19.147
331,4965,4979,15,PACKAGE_SCENE,500000000,122071,32768,2859.2,2801,2928,818.933,804,846,2.4,0,5,195339,171036,223340,17.0655,14.5737,20.0776
332,4980,4994,15,PACKAGE_SCENE,500000000,122071,32768,2752,2726,2774,800.667,777,822,2.73333,0,8,201739,170872,247085,17.1604,14.9474,18.6839
333,4995,5009,15,PACKAGE_SCENE,500000000,122071,32768,2635.73,2545,2725,771.667,734,813,1.06667,0,5,196809,131934,249190,16.5498,14.9115,18.6481
334,5010,5024,15,PACKAGE_SCENE,500000000,122071,32768,2466.07,2408,2531,718.6,707,730,1.86667,0,4,208457,162578,253787,16.6377,14.8496,19.1207
335,5025,5039,15,PACKAGE_SCENE,500000000,122071,32768,2387,2322,2431,731.933,705,751,1.93333,0,7,209954,170248,255786,16.9185,14.745,19.441
336,5040,5054,15,PACKAGE_SCENE,500000000,122071,32768,2248.2,2178,2325,695.867,682,725,2.06667,0,7,200570,141600,245682,17.4038,14.9854,20.7152
337,5055,5069,15,PACKAGE_SCENE,500000000,122071,32768,2103.73,2047,2162,659.467,638,676,4.86667,0,10,199091,146710,268749,17.8461,15.5094,19.521
338,5070,5084,15,PACKAGE_SCENE,500000000,122071,32768,1935.47,1839,2039,608.667,579,651,1.46667,0,6,202382,168393,254710,16.2758,14.3245,20.6996
339,5085,5099,15,PACKAGE_SCENE,500000000,122071,32768,1675.4,1536,1820,518.933,477,572,0.333333,0,1,170396,140252,196023,15.8836,13.902,25.1522
340,5100,5114,15,PACKAGE_SCENE,500000000,122071,32768,1389.6,1259,1511,442.067,400,470,0.266667,0,1,139380,98707,173320,15.9513,13.4335,29.9123
341,5115,5129,15,PACKAGE_SCENE,500000000,122071,32768,1229.6,1228,1252,437.933,413,441,0.733333,0,7,151302,127124,200753,15.0833,13.3217,20.1533
342,5130,5144,15,PACKAGE_SCENE,500000000,122071,32768,1276.47,1228,1386,437.133,409,462,0.333333,0,4,150492,127365,182150,14.5942,13.5529,17.8964
343,5145,5159,15,PACKAGE_SCENE,500000000,122071,32768,1515.33,1401,1644,476.333,450,516,0,0,0,148999,103803,177919,14.3903,13.7651,15.7497
344,5160,5174,15,PACKAGE_SCENE,500000000,122071,32768,1780.93,1647,1904,553.733,503,603,0,0,0,179266,156947,208597,14.3786,13.9377,14.9535
345,5175,5189,15,PACKAGE_SCENE,500000000,122071,32768,1987.87,1908,2058,624.333,598,661,0.266667,0,1,198837,171637,256158,15.6854,14.3472,23.0467
346,5190,5204,15,PACKAGE_SCENE,500000000,122071,32768,2071,2071,2071,657,657,657,0.0666667,0,1,192766,165693,216300,15.027,14.2179,17.9561
347,5205,5219,15,PACKAGE_SCENE,500000000,122071,32768,2070.47,2063,2071,656.533,650,657,0,0,0,177645,152602,191278,14.6416,14.2963,15.4395
348,5220,5234,15,PACKAGE_SCENE,500000000,122071,32768,2235.53,2029,2700,652.667,626,701,8.46667,0,24,203144,154610,299865,25.363,14.4751,61.7181
349,5235,5249,15,PACKAGE_SCENE,500000000,122071,32768,3084.13,2839,3275,738.133,721,774,6.33333,0,24,205070,156019,264491,20.2224,15.6475,30.0787
350,5250,5264,15,PACKAGE_SCENE,500000000,122071,32768,3890.93,3296,4754,792.133,769,819,16.2,3,34,168307,109880,252591,26.7982,18.1159,35.6076
351,5265,5279,15,PACKAGE_SCENE,500000000,122071,32768,5116,5116,5116,877.733,877,888,4.86667,0,73,115551,68735,143650,18.9412,15.5334,58.0239
352,5280,5294,15,PACKAGE_SCENE,500000000,122071,32768,6496.2,5116,7246,1075.87,877,1181,39.2,0,200,116214,32222,176862,39.2925,15.8094,123.323
353,5295,5309,15,PACKAGE_SCENE,500000000,122071,32768,6715.2,6591,6898,1125.47,1098,1169,3.73333,0,12,116862,60826,137120,18.7662,15.6954,24.165
354,5310,5324,15,PACKAGE_SCENE,500000000,122071,32768,6817.07,6630,6998,1141.47,1102,1171,0,0,0,113490,60570,131275,16.2001,15.6786,16.5981
355,5325,5339,15,PACKAGE_SCENE,500000000,122071,32768,7159.73,7034,7435,1159.13,1149,1165,7.66667,0,44,112834,91267,134491,23.5692,16.2623,56.1859
356,5340,5354,15,PACKAGE_SCENE,500000000,122071,32768,8850.47,7623,10117,1377.6,1209,1496,72.7333,53,91,103854,56565,159159,70.9548,56.9824,85.1737
357,5355,5369,15,PACKAGE_SCENE,500000000,122071,32768,10769.5,10120,12325,1665.33,1547,1953,110.667,0,295,128021,71038,254777,101.138,27.7066,222.164
358,5370,5384,15,PACKAGE_SCENE,500000000,122071,32768,10120,10120,10120,1650,1650,1650,0,0,0,133718,93812,190234,16.9497,15.5358,24.5355
359,5385,5399,15,PACKAGE_SCENE,500000000,122071,32768,9747.2,8398,10120,1596.73,1413,1651,37.7333,0,105,122924,74380,176881,39.8108,15.6315,87.5167
360,5400,5414,15,PACKAGE_SCENE,500000000,122071,32768,10965.5,8602,13415,1566.4,1380,1779,77.2667,26,176,121904,60597,177832,74.0301,34.5038,145.864
361,5415,5429,15,PACKAGE_SCENE,500000000,122071,32768,14889.1,13477,16070,1743.67,1674,1795,47.4667,0,225,186905,103244,290448,49.4679,19.1849,159.339
362,5430,5444,15,PACKAGE_SCENE,500000000,122071,32768,16003,16003,16003,1795,1795,1795,0,0,0,254204,215661,293353,17.4106,15.8899,20.1079
363,5445,5452,8,PACKAGE_SCENE,500000000,122071,32768,16003,16003,16003,1795,1795,1795,0,0,0,256472,226453,272182,16.1865,15.6166,16.8078
0,0,14,15,PACKAGE_SCENE,500000000,122071,32768,3864.07,0,5740,526.133,0,934,301.267,0,859,49398.7,9,151613,191.211,1.58,993.726
1,15,29,15,PACKAGE_SCENE,500000000,122071,32768,5133.07,0,6164,819.8,464,1005,312.6,0,476,113937,79681,184919,157.935,38.1257,213.54
2,30,44,15,PACKAGE_SCENE,500000000,122071,32768,0,0,0,652,652,652,0,0,0,188741,97667,223024,22.2883,16.3632,32.0175
3,45,59,15,PACKAGE_SCENE,500000000,122071,32768,1656.6,0,4143,584.667,481,652,0.133333,0,2,131115,38633,223451,16.7768,15.8755,18.6613
4,60,74,15,PACKAGE_SCENE,500000000,122071,32768,4145.13,4143,4150,477.867,474,481,0.0666667,0,1,67072.3,30672,95603,16.0888,15.2181,17.6867
5,75,89,15,PACKAGE_SCENE,500000000,122071,32768,4154.27,4150,4158,475,471,479,0,0,0,68863.9,38353,94637,15.6258,15.1601,17.0002
6,90,104,15,PACKAGE_SCENE,500000000,122071,32768,4167.33,4158,4174,462.867,458,470,0.133333,0,2,49047.6,34050,65399,15.387,14.6327,16.9007
7,105,119,15,PACKAGE_SCENE,500000000,122071,32768,4219.2,4174,4253,471.533,451,484,1.33333,0,9,66305.8,30501,104957,16.2635,14.2858,24.3945
8,120,134,15,PACKAGE_SCENE,500000000,122071,32768,4271,4253,4303,468.733,458,482,1.13333,0,8,67244.1,44195,88536,15.5284,14.0305,22.8877
9,135,149,15,PACKAGE_SCENE,500000000,122071,32768,4360,4303,4407,477.133,464,488,2.13333,0,8,72117.2,47030,110655,15.4646,13.3302,19.0951
10,150,164,15,PACKAGE_SCENE,500000000,122071,32768,1178.4,0,4451,482.667,466,486,0.333333,0,3,76310.2,46608,105755,13.5436,12.0961,18.8234
11,165,179,15,PACKAGE_SCENE,500000000,122071,32768,2967.6,0,4459,494.8,486,511,0.333333,0,5,72249.5,54904,92366,13.843,12.7104,15.9316
12,180,194,15,PACKAGE_SCENE,500000000,122071,32768,4441.53,4428,4450,504.867,498,508,1.8,0,8,83244.2,60883,123810,15.0852,13.1673,22.2716
13,195,209,15,PACKAGE_SCENE,500000000,122071,32768,4383.87,4309,4455,482,460,511,1.53333,0,7,98912.7,66425,137132,13.9908,12.6967,16.9204
14,210,224,15,PACKAGE_SCENE,500000000,122071,32768,4259.13,4227,4309,471.8,460,503,3.4,0,20,114925,76755,145304,16.3065,12.5825,31.7122
15,225,239,15,PACKAGE_SCENE,500000000,122071,32768,2251.93,0,4237,503.933,499,517,0.533333,0,3,110217,96667,124327,12.8516,11.193,16.4661
16,240,254,15,PACKAGE_SCENE,500000000,122071,32768,0,0,0,499,499,499,0,0,0,115397,97111,134222,13.2425,11.7509,16.2865
17,255,269,15,PACKAGE_SCENE,500000000,122071,32768,0,0,0,499,499,499,0,0,0,115746,96201,132076,13.5437,11.5942,16.9388
18,270,284,15,PACKAGE_SCENE,500000000,122071,32768,0,0,0,499,499,499,0,0,0,110446,90278,119959,12.004,11.372,13.4625
19,285,299,15,PACKAGE_SCENE,500000000,122071,32768,0,0,0,499,499,499,0,0,0,115886,103812,129581,12.1315,11.7743,12.6078
20,300,314,15,PACKAGE_SCENE,500000000,122071,32768,843.8,0,4232,501.733,499,519,0,0,0,111801,95696,133411,12.2427,11.3901,13.6629
21,315,329,15,PACKAGE_SCENE,500000000,122071,32768,4217.6,4204,4232,499.8,485,519,0,0,0,110865,79006,127868,13.5079,12.4959,14.9666
22,330,344,15,PACKAGE_SCENE,500000000,122071,32768,842.6,0,4215,478.067,477,480,0,0,0,117423,82712,126914,12.7745,11.7493,14.3595
23,345,359,15,PACKAGE_SCENE,500000000,122071,32768,252.067,0,3781,526,526,526,10.6,0,159,71616.4,34868,115463,20.6373,14.386,98.3468
24,360,374,15,PACKAGE_SCENE,500000000,122071,32768,2803.6,0,3776,431,367,526,21.6667,0,75,65034.3,33813,87782,26.0795,14.7948,52.6671
25,375,389,15,PACKAGE_SCENE,500000000,122071,32768,2580,0,3932,490,440,595,42.5333,0,204,67799.5,49989,113913,176.165,48.4022,421.559
26,390,404,15,PACKAGE_SCENE,500000000,122071,32768,3098.27,0,4365,583.333,567,615,6.4,0,17,82655.8,31934,141505,35.1645,16.5392,58.7506
27,405,419,15,PACKAGE_SCENE,500000000,122071,32768,584.333,0,4388,566.467,559,567,0.666667,0,5,72080.5,37644,98086,17.8527,15.9044,32.2179
28,420,434,15,PACKAGE_SCENE,500000000,122071,32768,4388.6,4129,4799,575.4,535,606,25.9333,0,82,67881.7,24602,110091,131.378,17.8847,428.682
29,435,449,15,PACKAGE_SCENE,500000000,122071,32768,6248.67,4851,7276,695.933,569,825,83.2667,14,197,62310.7,44770,74425,263.772,79.561,416.011
30,450,464,15,PACKAGE_SCENE,500000000,122071,32768,8416.93,7042,9557,953.467,743,1185,144.533,19,450,61182.5,24822,112466,169.888,27.7971,461.089
31,465,479,15,PACKAGE_SCENE,500000000,122071,32768,9301.6,9155,9474,900.2,857,978,23.7333,6,59,93780.9,31242,147233,27.8494,17.9739,41.5728
32,480,494,15,PACKAGE_SCENE,500000000,122071,32768,6126.53,0,9217,943.267,913,958,10,0,33,91312.6,36295,155291,19.609,14.7694,27.6211
33,495,509,15,PACKAGE_SCENE,500000000,122071,32768,0,0,0,947,947,947,0,0,0,105078,55522,138370,15.0667,14.3742,16.0324
34,510,524,15,PACKAGE_SCENE,500000000,122071,32768,0,0,0,947,947,947,0,0,0,111763,67401,142446,15.393,14.828,16.8207
35,525,539,15,PACKAGE_SCENE,500000000,122071,32768,0,0,0,947,947,947,0,0,0,113369,77880,136211,15.1026,14.5751,16.4821
36,540,554,15,PACKAGE_SCENE,500000000,122071,32768,0,0,0,947,947,947,0,0,0,108972,69334,134494,15.0698,14.5884,15.7087
37,555,569,15,PACKAGE_SCENE,500000000,122071,32768,2731,0,9187,928,737,995,29.4667,0,196,107829,86259,136400,27.3091,14.8339,91.4292
38,570,584,15,PACKAGE_SCENE,500000000,122071,32768,1934.8,0,7404,807.933,803,842,30.4,0,193,52948.5,24890,110388,27.4839,14.2736,90.6499
39,585,599,15,PACKAGE_SCENE,500000000,122071,32768,2385.33,0,7267,781.2,723,803,20.4667,0,117,57298.9,25733,130923,23.9251,14.229,63.9784
40,600,614,15,PACKAGE_SCENE,500000000,122071,32768,0,0,0,731,731,731,0,0,0,59829.8,37844,99650,14.6297,14.1229,15.5114
41,615,629,15,PACKAGE_SCENE,500000000,122071,32768,1996.8,0,7810,757,703,938,92.7333,0,476,74203.3,50278,117186,53.4388,14.3323,213.15
42,630,644,15,PACKAGE_SCENE,500000000,122071,32768,7759.67,7590,7906,819,753,1026,111.267,1,537,214517,125615,263191,51.072,14.5997,180.843
43,645,659,15,PACKAGE_SCENE,500000000,122071,32768,7729.53,7684,7806,862.333,806,941,14.2667,1,47,244317,170739,336354,19.722,14.196,33.1205
44,660,674,15,PACKAGE_SCENE,500000000,122071,32768,519.2,0,7788,945,945,945,2.2,0,33,318155,260842,348029,14.0343,12.5906,28.3288
45,675,689,15,PACKAGE_SCENE,500000000,122071,32768,0,0,0,945,945,945,0,0,0,325628,243073,356226,13.6504,12.4977,21.204
46,690,704,15,PACKAGE_SCENE,500000000,122071,32768,0,0,0,945,945,945,0,0,0,333445,293195,354875,13.0302,12.566,13.908
47,705,719,15,PACKAGE_SCENE,500000000,122071,32768,7420.2,0,8068,1123.93,939,1242,52.6667,0,141,466154,303443,595832,29.9021,13.9156,59.7151
48,720,734,15,PACKAGE_SCENE,500000000,122071,32768,7694.2,7153,7876,1269.87,1152,1363,34.4,12,117,640170,515832,745358,25.9493,18.9056,56.5569
49,735,749,15,PACKAGE_SCENE,500000000,122071,32768,4295,3126,6355,1130.07,702,1339,82,12,196,657883,391201,807605,41.9386,20.8085,89.1579
50,750,764,15,PACKAGE_SCENE,500000000,122071,32768,3874.6,0,6957,1490.73,1349,1743,47.8,0,228,867330,749630,1054275,31.6107,13.6129,96.6124
51,765,779,15,PACKAGE_SCENE,500000000,122071,32768,5291.13,0,7353,1594.4,1553,1645,8.33333,0,17,870294,721889,996671,18.4106,14.8792,23.4807
52,780,794,15,PACKAGE_SCENE,500000000,122071,32768,0,0,0,1555,1555,1555,0,0,0,868644,744249,962741,15.0785,14.4924,15.9319
53,795,809,15,PACKAGE_SCENE,500000000,122071,32768,5351.73,0,7395,1539.2,1490,1568,2.66667,0,20,832930,747392,889630,16.8666,14.9033,22.2931
54,810,824,15,PACKAGE_SCENE,500000000,122071,32768,7550.2,7409,7714,1592.47,1565,1621,7.73333,0,26,843025,768774,912545,19.6141,16.3346,30.4003
55,825,839,15,PACKAGE_SCENE,500000000,122071,32768,7630.33,7542,7733,1616.8,1600,1642,5.6,0,16,853224,748744,945664,19.4651,15.5789,24.5371
56,840,854,15,PACKAGE_SCENE,500000000,122071,32768,7758.8,7552,8847,1615,1577,1764,17.8,0,104,867407,772756,973585,22.7065,15.7336,51.7609
57,855,869,15,PACKAGE_SCENE,500000000,122071,32768,9040.87,8814,9152,1786.2,1672,1885,39.6,7,106,938594,817800,1067936,30.0449,18.0386,48.4812
58,870,884,15,PACKAGE_SCENE,500000000,122071,32768,8641.67,8510,8771,1950.07,1884,2003,25.7333,7,46,1.02842e+06,935706,1161181,27.0631,17.8791,39.7602
59,885,899,15,PACKAGE_SCENE,500000000,122071,32768,8284.07,8097,8503,1978.53,1919,2018,4.66667,2,7,1.0866e+06,996129,1190728,19.5616,16.8151,32.7825
60,900,914,15,PACKAGE_SCENE,500000000,122071,32768,8182.8,8105,8275,1931.2,1886,1955,2.53333,0,6,1.07865e+06,994963,1174046,17.8997,16.5971,20.773
61,915,929,15,PACKAGE_SCENE,500000000,122071,32768,4432.93,0,8339,1836.8,1813,1892,0.866667,0,4,1.01821e+06,945691,1124639,16.9513,15.2796,19.6808
62,930,944,15,PACKAGE_SCENE,500000000,122071,32768,0,0,0,1826,1826,1826,0,0,0,1.00748e+06,927525,1096533,15.6935,15.2662,16.3031
63,945,959,15,PACKAGE_SCENE,500000000,122071,32768,7159.2,0,9221,2049.2,1826,2273,110.333,0,359,1.10663e+06,991344,1309499,53.8814,15.7353,132.637
64,960,974,15,PACKAGE_SCENE,500000000,122071,32768,9055.4,8972,9140,2242,2197,2279,21,2,42,1.14295e+06,1025093,1223988,25.434,17.5898,33.1549
65,975,989,15,PACKAGE_SCENE,500000000,122071,32768,8972.33,8823,9063,2148.87,2121,2200,27.0667,3,138,1.17621e+06,1019697,1341201,27.8466,18.3994,63.2931
66,990,1004,15,PACKAGE_SCENE,500000000,122071,32768,8329.13,8077,8723,2128.8,1991,2218,64.2667,2,177,1.1849e+06,1057931,1307687,40.5868,18.9701,69.8817
67,1005,1019,15,PACKAGE_SCENE,500000000,122071,32768,5571.27,0,8402,2155.6,2150,2164,7,0,31,1.2178e+06,1132955,1336517,20.2706,16.3129,30.4529
68,1020,1034,15,PACKAGE_SCENE,500000000,122071,32768,1103,0,8302,2155.87,2140,2170,1.4,0,11,1.2457e+06,1154976,1301674,18.0328,16.4475,26.6094
69,1035,1049,15,PACKAGE_SCENE,500000000,122071,32768,8223.2,8148,8297,2051.07,1991,2126,7.73333,1,17,1.13916e+06,1016993,1260870,19.9495,17.8639,22.8265
70,1050,1064,15,PACKAGE_SCENE,500000000,122071,32768,8519.13,8328,8649,1980.67,1958,1995,9.13333,2,22,1.10739e+06,1007703,1232699,21.3304,18.2018,25.4071
71,1065,1079,15,PACKAGE_SCENE,500000000,122071,32768,7416,0,8917,1954.53,1915,2005,39.3333,0,226,1.00074e+06,783140,1176570,59.3178,16.4278,372.692
72,1080,1094,15,PACKAGE_SCENE,500000000,122071,32768,531.4,0,7971,1950.27,1950,1954,0.666667,0,10,974116,780761,1093264,17.2561,16.2129,21.6625
73,1095,1109,15,PACKAGE_SCENE,500000000,122071,32768,8061.93,7987,8123,1897.93,1798,1963,14.5333,8,24,941737,813549,1064692,23.4759,19.0344,28.2419
74,1110,1124,15,PACKAGE_SCENE,500000000,122071,32768,8049.87,8012,8083,1762.33,1711,1805,16.2667,8,26,848412,766273,973071,25.4331,19.7811,33.0247
75,1125,1139,15,PACKAGE_SCENE,500000000,122071,32768,7778,7670,7967,1511,1405,1667,14.8,10,23,732394,639499,812710,25.1756,20.6552,33.1847
76,1140,1154,15,PACKAGE_SCENE,500000000,122071,32768,7712.73,7689,7745,1405.93,1389,1423,17.5333,10,26,623240,513027,746281,24.7067,21.4678,28.911
77,1155,1169,15,PACKAGE_SCENE,500000000,122071,32768,7464.87,7229,7693,1346.87,1300,1390,32.6667,16,68,482569,400565,601892,32.0092,21.5617,50.7732
78,1170,1184,15,PACKAGE_SCENE,500000000,122071,32768,4229.53,0,7201,1263.53,1217,1355,16.3333,0,42,334506,253594,432107,25.2622,15.8869,35.9133
79,1185,1199,15,PACKAGE_SCENE,500000000,122071,32768,1848.8,0,6989,1209.87,1179,1217,0.266667,0,3,330138,293721,349341,16.6643,15.7316,19.8569
80,1200,1214,15,PACKAGE_SCENE,500000000,122071,32768,7156.33,6984,7258,1257.67,1193,1325,4.93333,0,14,360358,301941,421943,19.3226,15.9752,24.2232
81,1215,1229,15,PACKAGE_SCENE,500000000,122071,32768,7356.6,7127,7524,1282.53,1228,1345,8.53333,2,32,445056,372110,530252,21.2697,17.1124,31.972
82,1230,1244,15,PACKAGE_SCENE,500000000,122071,32768,7297.6,6918,7463,1336.2,1165,1414,17.1333,3,47,474803,408891,546284,23.7861,18.2871,34.6331
83,1245,1259,15,PACKAGE_SCENE,500000000,122071,32768,7102,6972,7217,1196.67,1154,1268,30.4667,7,94,459388,376848,522906,30.8402,20.0651,50.1755
84,1260,1274,15,PACKAGE_SCENE,500000000,122071,32768,6741.27,6523,6921,1172.93,1083,1304,39.8667,14,104,477572,404519,534117,34.6668,20.3138,60.6122
85,1275,1289,15,PACKAGE_SCENE,500000000,122071,32768,6183.4,5893,6488,1082.4,1039,1179,24.4667,6,85,448121,384039,514748,27.5379,18.1845,53.4817
86,1290,1304,15,PACKAGE_SCENE,500000000,122071,32768,5516.87,5281,5882,1023.2,943,1121,19.8,5,53,449865,369054,527431,25.8297,18.5489,35.3743
87,1305,1319,15,PACKAGE_SCENE,500000000,122071,32768,4693.93,4317,5263,926.533,793,1100,22.2,3,107,428157,365998,522427,25.464,16.7174,50.8432
88,1320,1334,15,PACKAGE_SCENE,500000000,122071,32768,4721.2,4321,5213,760.2,681,803,18.0667,5,40,321265,170552,452734,25.5896,18.8716,36.2344
89,1335,1349,15,PACKAGE_SCENE,500000000,122071,32768,7091.93,5276,8873,838.6,617,1098,73.7333,8,307,235134,149460,333562,51.9653,20.6879,168.528
90,1350,1364,15,PACKAGE_SCENE,500000000,122071,32768,9362.13,8707,10036,1276.73,1025,1508,155.867,37,379,485075,205961,778874,84.0534,38.5451,129.94
91,1365,1379,15,PACKAGE_SCENE,500000000,122071,32768,2879.2,0,9378,2048.2,1799,2104,164.533,0,694,1.11079e+06,704840,1390540,72.7538,17.298,199.783
92,1380,1394,15,PACKAGE_SCENE,500000000,122071,32768,0,0,0,2104,2104,2104,0,0,0,1.14561e+06,870351,1385951,17.6441,16.7234,20.6494
93,1395,1409,15,PACKAGE_SCENE,500000000,122071,32768,0,0,0,2104,2104,2104,0,0,0,1.0895e+06,803618,1357638,17.3209,16.8419,18.5577
94,1410,1424,15,PACKAGE_SCENE,500000000,122071,32768,578.2,0,8673,2101.4,2065,2104,28.5333,0,428,1.20639e+06,1013348,1437254,25.6211,16.7179,141.225
95,1425,1439,15,PACKAGE_SCENE,500000000,122071,32768,8539.07,8240,8982,2086.73,1859,2381,208.2,23,902,1.24541e+06,880173,1612833,77.9038,27.482,235.671
96,1440,1454,15,PACKAGE_SCENE,500000000,122071,32768,7318.87,5434,8134,1912.27,1612,2122,88.6667,18,297,1.44026e+06,1109233,1826670,45.1309,22.5497,125.849
97,1455,1469,15,PACKAGE_SCENE,500000000,122071,32768,1181.47,478,3631,615.8,379,1144,33.6667,0,166,350878,186431,830915,26.2912,13.5766,84.8041
98,1470,1484,15,PACKAGE_SCENE,500000000,122071,32768,1045.33,921,1255,614.333,579,702,2.73333,0,12,349934,292921,421652,15.0822,13.3943,17.9755
99,1485,1499,15,PACKAGE_SCENE,500000000,122071,32768,3278.07,0,4291,1518.33,813,1669,24.2,0,104,1.14191e+06,526436,1552491,23.8521,14.9833,48.8116
100,1500,1514,15,PACKAGE_SCENE,500000000,122071,32768,0,0,0,1669,1669,1669,0,0,0,1.1079e+06,1023565,1248651,15.3854,14.9743,16.4172
101,1515,1529,15,PACKAGE_SCENE,500000000,122071,32768,2698,0,4627,1675.4,1605,1848,75.8,0,191,1.3483e+06,1026666,1669939,41.7872,15.0789,84.2926
102,1530,1544,15,PACKAGE_SCENE,500000000,122071,32768,0,0,0,1625,1625,1625,0,0,0,1.39914e+06,938276,1576491,16.5118,15.5334,22.0356
103,1545,1559,15,PACKAGE_SCENE,500000000,122071,32768,1642.93,0,4327,1618.93,1559,1750,71.8667,0,459,1.3104e+06,1133445,1496557,41.5339,15.1403,159.244
104,1560,1574,15,PACKAGE_SCENE,500000000,122071,32768,2423.53,0,4684,2151.2,1536,2371,62.1333,0,249,1.76413e+06,1136364,2141849,37.5976,15.9718,102.427
105,1575,1589,15,PACKAGE_SCENE,500000000,122071,32768,499,0,3745,2206.87,2010,2236,0.6,0,8,1.84482e+06,1633872,1969815,17.3562,16.0777,24.8985
106,1590,1604,15,PACKAGE_SCENE,500000000,122071,32768,2759.2,0,3813,2055.07,2021,2092,2.33333,0,8,1.88662e+06,1685190,2103685,18.7661,15.8362,22.0326
107,1605,1619,15,PACKAGE_SCENE,500000000,122071,32768,0,0,0,2021,2021,2021,0,0,0,1.81365e+06,1598091,2019063,16.4918,15.7872,17.2573
108,1620,1634,15,PACKAGE_SCENE,500000000,122071,32768,0,0,0,2021,2021,2021,0,0,0,1.83737e+06,1627023,2091924,17.1403,16.1487,17.7517
109,1635,1649,15,PACKAGE_SCENE,500000000,122071,32768,0,0,0,2021,2021,2021,0,0,0,1.86101e+06,1566371,2024243,16.6452,16.0174,17.7704
110,1650,1664,15,PACKAGE_SCENE,500000000,122071,32768,0,0,0,2021,2021,2021,0,0,0,1.86833e+06,1624876,2112368,16.5729,16.021,17.2469
111,1665,1679,15,PACKAGE_SCENE,500000000,122071,32768,0,0,0,2021,2021,2021,0,0,0,1.84258e+06,1607787,2046246,17.152,15.8584,28.6449
112,1680,1694,15,PACKAGE_SCENE,500000000,122071,32768,0,0,0,2021,2021,2021,0,0,0,1.81056e+06,1521820,1990166,16.7207,15.8582,21.5757
113,1695,1709,15,PACKAGE_SCENE,500000000,122071,32768,0,0,0,2021,2021,2021,0,0,0,1.84679e+06,1610270,2086746,16.6938,15.9534,17.6467
114,1710,1724,15,PACKAGE_SCENE,500000000,122071,32768,0,0,0,2021,2021,2021,0,0,0,1.83429e+06,1583166,1992718,17.3659,16.167,26.9715
115,1725,1739,15,PACKAGE_SCENE,500000000,122071,32768,0,0,0,2021,2021,2021,0,0,0,1.80231e+06,1588068,1919608,16.8262,16.226,17.7018
116,1740,1754,15,PACKAGE_SCENE,500000000,122071,32768,0,0,0,2021,2021,2021,0,0,0,1.84178e+06,1543432,2189959,16.4168,15.7248,17.2418
117,1755,1769,15,PACKAGE_SCENE,500000000,122071,32768,0,0,0,2021,2021,2021,0,0,0,1.82564e+06,1625530,1932656,16.5782,16.0074,17.3041
118,1770,1784,15,PACKAGE_SCENE,500000000,122071,32768,0,0,0,2021,2021,2021,0,0,0,1.8606e+06,1566605,2268950,16.6763,16.4382,17.09
119,1785,1799,15,PACKAGE_SCENE,500000000,122071,32768,0,0,0,2021,2021,2021,0,0,0,1.85743e+06,1657938,2236904,16.6098,16.0283,17.7215
120,1800,1814,15,PACKAGE_SCENE,500000000,122071,32768,0,0,0,2021,2021,2021,0,0,0,1.84315e+06,1645793,2021725,16.5569,15.9597,17.654
121,1815,1829,15,PACKAGE_SCENE,500000000,122071,32768,0,0,0,2021,2021,2021,0,0,0,1.84629e+06,1667410,1942083,16.4526,16.0932,17.1131
122,1830,1844,15,PACKAGE_SCENE,500000000,122071,32768,0,0,0,2021,2021,2021,0,0,0,1.86305e+06,1634495,2125324,16.4118,16.0468,17.0511
123,1845,1859,15,PACKAGE_SCENE,500000000,122071,32768,0,0,0,2021,2021,2021,0,0,0,1.8151e+06,1630879,1961209,16.4381,15.9681,17.3098
124,1860,1874,15,PACKAGE_SCENE,500000000,122071,32768,0,0,0,2021,2021,2021,0,0,0,1.81744e+06,1618966,1923088,16.525,15.8801,17.7022
125,1875,1889,15,PACKAGE_SCENE,500000000,122071,32768,0,0,0,2021,2021,2021,0,0,0,1.85872e+06,1586232,2090881,16.5924,16.0842,18.7657
126,1890,1904,15,PACKAGE_SCENE,500000000,122071,32768,0,0,0,2021,2021,2021,0,0,0,1.86637e+06,1727843,2055165,16.5903,16.0083,17.6534
127,1905,1919,15,PACKAGE_SCENE,500000000,122071,32768,0,0,0,2021,2021,2021,0,0,0,1.84476e+06,1685339,2045181,16.4098,15.9737,17.2506
128,1920,1934,15,PACKAGE_SCENE,500000000,122071,32768,0,0,0,2021,2021,2021,0,0,0,1.83907e+06,1699600,1940847,16.4874,16.1007,17.2922
129,1935,1949,15,PACKAGE_SCENE,500000000,122071,32768,0,0,0,2021,2021,2021,0,0,0,1.89689e+06,1777889,2057895,16.4288,15.9861,17.198
130,1950,1964,15,PACKAGE_SCENE,500000000,122071,32768,0,0,0,2021,2021,2021,0,0,0,1.83184e+06,1646382,1993769,16.6266,16.1098,17.6532
131,1965,1979,15,PACKAGE_SCENE,500000000,122071,32768,0,0,0,2021,2021,2021,0,0,0,1.85641e+06,1747637,2001840,16.5786,16.0909,17.1039
132,1980,1994,15,PACKAGE_SCENE,500000000,122071,32768,0,0,0,2021,2021,2021,0,0,0,1.83139e+06,1562821,1979328,16.4519,15.9648,17.4821
133,1995,2009,15,PACKAGE_SCENE,500000000,122071,32768,0,0,0,2021,2021,2021,0,0,0,1.81778e+06,1674378,1917606,16.5783,16.0742,17.2533
134,2010,2024,15,PACKAGE_SCENE,500000000,122071,32768,25297.7,0,34441,2905.27,2021,3311,135.467,0,751,2.15817e+06,1821503,2488478,80.7393,16.1646,318.485
135,2025,2039,15,PACKAGE_SCENE,500000000,122071,32768,37745.3,0,71395,3742.8,3187,4484,260.067,0,965,2.33735e+06,2011007,2754724,138.089,17.6736,441.371
136,2040,2054,15,PACKAGE_SCENE,500000000,122071,32768,40653.9,0,56210,3674.53,3482,3952,160,0,544,2.39582e+06,2024163,2642519,105.834,27.7651,269.675
137,2055,2069,15,PACKAGE_SCENE,500000000,122071,32768,31356.7,0,39537,3402.4,3155,3679,183.4,0,508,2.1478e+06,1888802,2467483,105.631,21.3792,217.877
138,2070,2084,15,PACKAGE_SCENE,500000000,122071,32768,0,0,0,3294,3294,3294,0,0,0,2.18785e+06,2081299,2283523,19.4279,17.9538,22.6631
139,2085,2099,15,PACKAGE_SCENE,500000000,122071,32768,0,0,0,3294,3294,3294,0,0,0,2.14369e+06,1961037,2218636,19.2176,18.2231,21.6533
140,2100,2114,15,PACKAGE_SCENE,500000000,122071,32768,0,0,0,3294,3294,3294,0,0,0,2.17486e+06,2045052,2333615,18.7786,18.2564,19.8148
141,2115,2129,15,PACKAGE_SCENE,500000000,122071,32768,0,0,0,3294,3294,3294,0,0,0,2.13538e+06,1956430,2332836,18.9121,18.4174,20.2314
142,2130,2144,15,PACKAGE_SCENE,500000000,122071,32768,13510.3,0,34559,3259.47,3124,3299,43.4,0,339,2.22865e+06,2038126,2585721,40.4801,18.0439,182.138
143,2145,2159,15,PACKAGE_SCENE,500000000,122071,32768,2153.87,0,32308,3143,3143,3143,3.53333,0,53,2.49499e+06,2262629,2634478,23.7969,18.2851,68.194
144,2160,2174,15,PACKAGE_SCENE,500000000,122071,32768,0,0,0,3143,3143,3143,0,0,0,2.51339e+06,2304046,2644241,18.9966,18.5614,20.0361
145,2175,2189,15,PACKAGE_SCENE,500000000,122071,32768,0,0,0,3143,3143,3143,0,0,0,2.49296e+06,2209563,2676402,19.4693,19.0822,20.1299
146,2190,2204,15,PACKAGE_SCENE,500000000,122071,32768,20591.2,0,33344,3158.07,3105,3233,23.0667,0,97,2.42434e+06,2013688,2781797,31.6117,19.1059,64.4926
147,2205,2219,15,PACKAGE_SCENE,500000000,122071,32768,27143.1,25371,28464,3057.6,2827,3196,19.3333,3,67,2.15365e+06,1812355,2394910,32.8384,24.1773,56.9025
148,2220,2234,15,PACKAGE_SCENE,500000000,122071,32768,20380.9,17890,24998,2419.07,2242,2786,66.4,22,197,1.86567e+06,1550410,2323457,51.6972,29.5274,103.144
149,2235,2249,15,PACKAGE_SCENE,500000000,122071,32768,16025.9,14640,17777,2062.07,1913,2279,60.3333,36,96,1.50656e+06,1201634,1759084,46.3336,35.0289,70.1956
150,2250,2264,15,PACKAGE_SCENE,500000000,122071,32768,14585.7,14306,15033,1868.13,1827,1949,23,7,55,1.15994e+06,911700,1441340,27.1638,20.9683,36.2557
151,2265,2279,15,PACKAGE_SCENE,500000000,122071,32768,16873.2,15191,19963,1958.33,1841,2300,18,7,55,1.22523e+06,931588,1618839,26.4265,20.2927,48.757
152,2280,2294,15,PACKAGE_SCENE,500000000,122071,32768,24089.3,0,32639,2853.47,2373,3121,71.8667,0,178,1.93807e+06,1307997,2521673,52.6996,17.9242,104.548
153,2295,2309,15,PACKAGE_SCENE,500000000,122071,32768,0,0,0,3094,3094,3094,0,0,0,2.0729e+06,1882061,2194687,18.4821,18.1365,19.6585
154,2310,2324,15,PACKAGE_SCENE,500000000,122071,32768,7081.27,0,37413,3075.87,3060,3248,11.3333,0,98,2.29361e+06,2025463,2440813,24.8076,18.2763,70.3947
155,2325,2339,15,PACKAGE_SCENE,500000000,122071,32768,14211.7,0,48155,3390.8,3060,3584,51.2,0,293,2.14743e+06,1727589,2452187,42.3024,18.398,151.162
156,2340,2354,15,PACKAGE_SCENE,500000000,122071,32768,22912.6,0,62738,4240.4,3640,4368,247.4,0,980,2.69907e+06,1894480,3250619,126.376,24.9661,434.194
157,2355,2369,15,PACKAGE_SCENE,500000000,122071,32768,48564.2,0,60567,4197.13,3846,4439,143,0,367,2.65022e+06,2051981,3425510,87.8458,24.8081,186.064
158,2370,2384,15,PACKAGE_SCENE,500000000,122071,32768,9851.87,0,50150,3684.73,3657,4006,19.4,0,110,2.48364e+06,2209039,2852597,27.4541,17.5262,69.5793
159,2385,2399,15,PACKAGE_SCENE,500000000,122071,32768,12892.5,0,48403,3644.6,3587,3657,11.4667,0,89,2.51156e+06,2220272,2895110,27.3273,18.659,69.424
160,2400,2414,15,PACKAGE_SCENE,500000000,122071,32768,20845.8,0,47580,3234.67,3049,3703,66.8,0,247,2.26421e+06,1979225,2597439,49.9398,17.1093,140.755
161,2415,2429,15,PACKAGE_SCENE,500000000,122071,32768,7956.8,0,39808,3051.47,3037,3098,9.4,0,78,2.20373e+06,1948330,2506856,23.6318,17.437,62.4934
162,2430,2444,15,PACKAGE_SCENE,500000000,122071,32768,10906.9,0,42466,3281.07,3100,3308,55.4,0,371,2.48164e+06,1807173,3166594,43.0319,17.9601,169.252
163,2445,2459,15,PACKAGE_SCENE,500000000,122071,32768,20325.9,0,44556,3343.93,3308,3534,18.5333,0,61,2.40663e+06,1820960,2879313,29.4131,18.0927,47.3901
164,2460,2474,15,PACKAGE_SCENE,500000000,122071,32768,49389.2,44971,54143,3780.53,3554,4045,137.533,34,309,2.79303e+06,2127873,4481527,73.2205,37.1829,132.908
165,2475,2489,15,PACKAGE_SCENE,500000000,122071,32768,6649,0,50554,3696.47,3695,3717,30.3333,0,243,3.3309e+06,3036338,4028939,33.0096,19.248,120.845
166,2490,2504,15,PACKAGE_SCENE,500000000,122071,32768,0,0,0,3695,3695,3695,0,0,0,3.33179e+06,3050412,3587759,19.7993,19.2915,21.0537
167,2505,2519,15,PACKAGE_SCENE,500000000,122071,32768,0,0,0,3695,3695,3695,0,0,0,3.26874e+06,3038332,3448225,19.9476,19.5043,20.6299
168,2520,2534,15,PACKAGE_SCENE,500000000,122071,32768,0,0,0,3695,3695,3695,0,0,0,3.29628e+06,3039663,3424926,19.8154,19.4855,20.1641
169,2535,2549,15,PACKAGE_SCENE,500000000,122071,32768,0,0,0,3695,3695,3695,0,0,0,3.24055e+06,2835155,3403844,19.8288,19.1483,20.4082
170,2550,2564,15,PACKAGE_SCENE,500000000,122071,32768,0,0,0,3695,3695,3695,0,0,0,3.31275e+06,3000081,3954162,19.8015,19.338,20.8111
171,2565,2579,15,PACKAGE_SCENE,500000000,122071,32768,0,0,0,3695,3695,3695,0,0,0,3.36975e+06,2991439,3755430,19.8059,19.4129,20.5965
172,2580,2594,15,PACKAGE_SCENE,500000000,122071,32768,0,0,0,3695,3695,3695,0,0,0,3.34945e+06,2797323,3843541,19.8784,19.2297,20.8273
173,2595,2609,15,PACKAGE_SCENE,500000000,122071,32768,0,0,0,3695,3695,3695,0,0,0,3.30381e+06,3117240,3481903,20.1523,19.6184,21.2825
174,2610,2624,15,PACKAGE_SCENE,500000000,122071,32768,0,0,0,3695,3695,3695,0,0,0,3.34075e+06,3024122,3772388,20.4647,19.3784,27.0402
175,2625,2639,15,PACKAGE_SCENE,500000000,122071,32768,0,0,0,3695,3695,3695,0,0,0,3.26463e+06,3042413,3520383,20.0178,19.4794,21.5338
176,2640,2654,15,PACKAGE_SCENE,500000000,122071,32768,0,0,0,3695,3695,3695,0,0,0,3.29951e+06,3059917,3912888,20.7302,19.4012,31.9812
177,2655,2669,15,PACKAGE_SCENE,500000000,122071,32768,0,0,0,3695,3695,3695,0,0,0,3.31595e+06,3086146,3673955,19.7728,19.4679,20.4402
178,2670,2684,15,PACKAGE_SCENE,500000000,122071,32768,0,0,0,3695,3695,3695,0,0,0,3.26995e+06,2930730,3422808,19.7271,19.4151,21.2135
179,2685,2699,15,PACKAGE_SCENE,500000000,122071,32768,0,0,0,3695,3695,3695,0,0,0,3.38085e+06,3100331,3823865,19.8793,19.3949,21.1272
180,2700,2714,15,PACKAGE_SCENE,500000000,122071,32768,0,0,0,3695,3695,3695,0,0,0,3.35413e+06,3013365,4057295,19.9805,19.5736,21.1676
181,2715,2729,15,PACKAGE_SCENE,500000000,122071,32768,0,0,0,3695,3695,3695,0,0,0,3.26529e+06,2991748,3385889,20.0757,19.4437,20.8423
182,2730,2744,15,PACKAGE_SCENE,500000000,122071,32768,0,0,0,3695,3695,3695,0,0,0,3.29358e+06,3005755,3994574,19.9406,19.5086,21.0538
183,2745,2759,15,PACKAGE_SCENE,500000000,122071,32768,0,0,0,3695,3695,3695,0,0,0,3.31962e+06,3073084,3536607,20.1051,19.7823,21.5087
184,2760,2774,15,PACKAGE_SCENE,500000000,122071,32768,0,0,0,3695,3695,3695,0,0,0,3.19973e+06,2692859,3525926,20.0505,19.5463,21.3318
185,2775,2789,15,PACKAGE_SCENE,500000000,122071,32768,34817.5,0,48990,3569.2,3294,3695,150,0,312,2.93692e+06,2184575,3712800,81.1812,19.6781,147.9
186,2790,2804,15,PACKAGE_SCENE,500000000,122071,32768,36465.3,35842,37126,3001.13,2906,3282,31.8667,2,97,2.48596e+06,2063518,2943537,39.2638,25.3926,68.1207
187,2805,2819,15,PACKAGE_SCENE,500000000,122071,32768,37980.3,37151,38733,3048.93,2942,3137,17.5333,3,34,2.55055e+06,2225216,2992413,33.1577,28.4802,39.353
188,2820,2834,15,PACKAGE_SCENE,500000000,122071,32768,28723.1,0,39417,3079.53,3041,3123,16.5333,0,42,2.82065e+06,2299164,3145474,31.9419,16.382,43.873
189,2835,2849,15,PACKAGE_SCENE,500000000,122071,32768,0,0,0,3060,3060,3060,0,0,0,3.20074e+06,2731515,3567512,17.5405,17.1558,18.0745
190,2850,2864,15,PACKAGE_SCENE,500000000,122071,32768,42527.5,39549,45471,3396.53,3091,3720,14.6667,0,33,3.1551e+06,2462293,4064422,41.7171,34.1093,52.2443
191,2865,2879,15,PACKAGE_SCENE,500000000,122071,32768,56863.8,45872,66077,4361,3713,4880,81.4,1,255,3.85423e+06,3159518,4830725,77.7551,33.9319,142.224
192,2880,2894,15,PACKAGE_SCENE,500000000,122071,32768,60118.7,53951,63272,5195.93,4909,5468,110,55,167,4.77939e+06,4051039,5730552,86.0262,61.5561,117.044
193,2895,2909,15,PACKAGE_SCENE,500000000,122071,32768,0,0,0,5456,5456,5456,0,0,0,4.77291e+06,4202953,5046289,27.8271,26.614,29.8358
194,2910,2924,15,PACKAGE_SCENE,500000000,122071,32768,35299.1,0,53691,5636.47,5456,6034,90.4,0,190,4.80068e+06,4297774,5422245,68.0288,27.3164,97.0347
195,2925,2939,15,PACKAGE_SCENE,500000000,122071,32768,10303.9,0,40618,6162.8,6033,6190,24.5333,0,101,4.58489e+06,4089685,5031235,40.9221,27.5153,84.4734
196,2940,2954,15,PACKAGE_SCENE,500000000,122071,32768,0,0,0,6190,6190,6190,0,0,0,4.60828e+06,4339598,4762527,29.1251,28.4343,29.9753
197,2955,2969,15,PACKAGE_SCENE,500000000,122071,32768,17133.2,0,36049,6261.87,6190,6397,59.8,0,157,4.50834e+06,4177422,4875939,52.7031,28.38,83.2537
198,2970,2984,15,PACKAGE_SCENE,500000000,122071,32768,17156.5,0,26382,6818.2,6451,7190,130.867,0,277,4.22732e+06,3787628,4656724,68.541,29.834,122.013
199,2985,2999,15,PACKAGE_SCENE,500000000,122071,32768,3064.67,0,16458,6763.4,6739,6938,19.0667,0,132,3.8152e+06,3426601,4145209,36.1171,28.6052,74.0173
200,3000,3014,15,PACKAGE_SCENE,500000000,122071,32768,0,0,0,6739,6739,6739,0,0,0,3.79546e+06,3612651,4059769,29.7348,28.9653,30.9815
201,3015,3029,15,PACKAGE_SCENE,500000000,122071,32768,8198.47,0,13707,5941.47,4732,6739,17.2,0,37,3.25472e+06,2420015,3799158,35.1802,29.1623,43.6782
202,3030,3044,15,PACKAGE_SCENE,500000000,122071,32768,4904.27,3434,6810,3478.27,2710,4503,6.73333,1,31,1.85608e+06,1384878,2488701,22.1369,18.2763,30.3369
203,3045,3059,15,PACKAGE_SCENE,500000000,122071,32768,2362.47,1624,3235,2048.33,1520,2580,1.13333,0,4,1.14996e+06,792212,1445759,16.5589,14.7924,17.942
204,3060,3074,15,PACKAGE_SCENE,500000000,122071,32768,1042.4,618,1549,1011.2,610,1462,0.0666667,0,1,595946,380813,821972,14.1329,12.6862,16.868
205,3075,3089,15,PACKAGE_SCENE,500000000,122071,32768,303.867,0,587,359.2,209,584,0,0,0,230165,134425,369719,12.0347,10.0708,13.7165
206,3090,3104,15,PACKAGE_SCENE,500000000,122071,32768,37,0,309,218.133,209,309,0,0,0,140529,133971,197077,10.7152,9.8827,11.9801
207,3105,3119,15,PACKAGE_SCENE,500000000,122071,32768,602.867,344,928,599.533,344,908,0,0,0,371627,223148,534400,13.0152,12.2505,14.6629
208,3120,3134,15,PACKAGE_SCENE,500000000,122071,32768,1503.6,977,2065,1398.93,948,1849,0.0666667,0,1,804793,565777,1024310,14.8084,13.6331,17.0241
209,3135,3149,15,PACKAGE_SCENE,500000000,122071,32768,3364.13,2214,4740,2610.33,1952,3372,2.2,0,6,1.45426e+06,1126173,1849849,19.4864,15.7031,30.3199
210,3150,3164,15,PACKAGE_SCENE,500000000,122071,32768,7829.07,5084,12000,4892.93,3574,6423,14.4667,2,56,2.53888e+06,1821093,3492353,29.9981,20.2933,43.4514
211,3165,3179,15,PACKAGE_SCENE,500000000,122071,32768,18674.3,12634,25551,6960.47,6648,7069,17.7333,1,45,4.07225e+06,3736887,4569481,41.8242,35.039,47.3228
212,3180,3194,15,PACKAGE_SCENE,500000000,122071,32768,34717.5,26526,43241,6878.4,6549,7049,12.5333,2,28,4.8149e+06,4361357,5266818,46.4318,42.2644,49.4377
213,3195,3209,15,PACKAGE_SCENE,500000000,122071,32768,53440.9,44837,62838,6259.47,5935,6518,17.9333,1,47,5.10019e+06,4415144,5492754,53.092,45.9465,63.1763
214,3210,3224,15,PACKAGE_SCENE,500000000,122071,32768,64725.8,62628,66463,5191.4,4493,5797,67.3333,21,161,4.68924e+06,3428171,5745643,74.2267,57.7414,120.118
215,3225,3239,15,PACKAGE_SCENE,500000000,122071,32768,56211.7,45037,67340,3459.6,2801,4490,169.067,97,240,2.31791e+06,1372197,3706323,98.8877,79.7876,122.588
216,3240,3254,15,PACKAGE_SCENE,500000000,122071,32768,5621.27,0,43340,2689.73,2679,2840,47.3333,0,380,1.3722e+06,1148906,1741504,39.8935,17.5656,175.172
217,3255,3269,15,PACKAGE_SCENE,500000000,122071,32768,0,0,0,2679,2679,2679,0,0,0,1.3803e+06,1042933,1841660,17.6431,17.194,18.9881
218,3270,3284,15,PACKAGE_SCENE,500000000,122071,32768,11090.9,0,40732,2455.4,1536,2684,137.8,0,663,1.16475e+06,218569,1571130,77.412,14.8623,292.269
219,3285,3299,15,PACKAGE_SCENE,500000000,122071,32768,0,0,0,1536,1536,1536,0,0,0,323736,176337,371220,14.9113,14.4522,15.7644
220,3300,3314,15,PACKAGE_SCENE,500000000,122071,32768,6531.67,0,29813,1798.73,1536,3121,196,0,1059,427932,239879,900877,83.9328,14.6983,357.086
221,3315,3329,15,PACKAGE_SCENE,500000000,122071,32768,0,0,0,3121,3121,3121,0,0,0,1.04932e+06,948015,1140926,19.2882,18.7277,21.013
222,3330,3344,15,PACKAGE_SCENE,500000000,122071,32768,0,0,0,3121,3121,3121,0,0,0,1.07615e+06,947202,1200473,19.0968,18.5623,20.2606
223,3345,3359,15,PACKAGE_SCENE,500000000,122071,32768,15139.9,0,31033,3248.87,2797,3754,98.6,0,306,1.23613e+06,940692,1835681,55.4957,18.7894,112.606
224,3360,3374,15,PACKAGE_SCENE,500000000,122071,32768,16079.7,0,31270,3840.67,3736,4093,68.3333,0,167,1.78454e+06,1578107,1924225,40.1557,19.8721,71.345
225,3375,3389,15,PACKAGE_SCENE,500000000,122071,32768,9129.8,0,34996,4268.33,4171,4295,30.2667,0,149,2.20725e+06,1955918,2474911,31.9409,20.0571,78.9064
226,3390,3404,15,PACKAGE_SCENE,500000000,122071,32768,14252.8,0,47303,4425.93,4226,4538,48.5333,0,225,2.30917e+06,1896131,2521799,40.7198,20.5378,102.534
227,3405,3419,15,PACKAGE_SCENE,500000000,122071,32768,33674.1,0,47093,4593.2,4447,4806,38.4667,0,88,2.47153e+06,2184150,3068766,39.3426,21.4294,52.2569
228,3420,3434,15,PACKAGE_SCENE,500000000,122071,32768,48151.3,45219,50290,4949.07,4783,5120,50.7333,11,110,3.29379e+06,2647761,3644413,52.0172,41.8773,63.2555
229,3435,3449,15,PACKAGE_SCENE,500000000,122071,32768,9354,0,47269,5048.73,4919,5062,3.26667,0,25,3.80738e+06,3583896,3953371,30.89,25.6313,47.9486
230,3450,3464,15,PACKAGE_SCENE,500000000,122071,32768,36386.7,0,47916,4826.27,4544,5062,10.3333,0,21,3.61668e+06,3259817,4124627,39.5058,27.1505,60.8928
231,3465,3479,15,PACKAGE_SCENE,500000000,122071,32768,25605.1,0,42994,4355.67,4308,4494,19.7333,0,53,3.06146e+06,2760479,3421037,33.3452,19.9666,47.4647
232,3480,3494,15,PACKAGE_SCENE,500000000,122071,32768,0,0,0,4308,4308,4308,0,0,0,3.06463e+06,2891137,3186674,21.0891,20.5121,22.1645
233,3495,3509,15,PACKAGE_SCENE,500000000,122071,32768,0,0,0,4308,4308,4308,0,0,0,3.09331e+06,2959594,3311767,21.0642,20.6625,21.9803
234,3510,3524,15,PACKAGE_SCENE,500000000,122071,32768,0,0,0,4308,4308,4308,0,0,0,3.06668e+06,2812338,3307218,21.0538,20.3189,21.9377
235,3525,3539,15,PACKAGE_SCENE,500000000,122071,32768,0,0,0,4308,4308,4308,0,0,0,3.06694e+06,2734310,3283481,21.1107,20.5657,22.0215
236,3540,3554,15,PACKAGE_SCENE,500000000,122071,32768,0,0,0,4308,4308,4308,0,0,0,3.03587e+06,2805964,3164169,20.9581,20.6117,21.7128
237,3555,3569,15,PACKAGE_SCENE,500000000,122071,32768,0,0,0,4308,4308,4308,0,0,0,3.03616e+06,2849040,3224386,21.1831,20.6822,22.0726
238,3570,3584,15,PACKAGE_SCENE,500000000,122071,32768,0,0,0,4308,4308,4308,0,0,0,3.056e+06,2803964,3273971,21.0388,20.7029,21.6133
0,0,14,15,PACKAGE_SCENE,500000000,122071,32768,4950.67,2783,6164,733.4,292,1047,461.933,133,681,68264.6,0,165612,305.653,93.4415,944.785
1,15,29,15,PACKAGE_SCENE,500000000,122071,32768,4698.87,3064,5956,681.4,376,935,278.6,70,480,92628.1,5979,196944,188.973,81.2626,404.026
2,30,44,15,PACKAGE_SCENE,500000000,122071,32768,2941.4,0,5611,653.333,449,867,2.46667,0,19,205235,24876,451847,205.153,190.719,223.822
3,45,59,15,PACKAGE_SCENE,500000000,122071,32768,6083.93,5698,6380,546.667,460,618,21.6,4,42,35374.8,26269,47107,242.295,190.593,311.828
4,60,74,15,PACKAGE_SCENE,500000000,122071,32768,6432.87,5971,7072,621.467,529,721,21.4,4,95,36570.1,26124,51507,307.055,89.8506,682.431
5,75,89,15,PACKAGE_SCENE,500000000,122071,32768,6392.93,6001,6693,661.267,622,699,21.6,5,57,41306.8,28757,56010,337.669,268.528,394.267
6,90,104,15,PACKAGE_SCENE,500000000,122071,32768,6202.27,5527,6880,662.6,609,759,25.2667,0,67,41556.3,24997,60520,260.556,212.119,353.297
7,105,119,15,PACKAGE_SCENE,500000000,122071,32768,6115.13,5534,6801,692,620,893,36.4,2,116,50609.5,22488,177001,234.493,27.6682,359.247
8,120,134,15,PACKAGE_SCENE,500000000,122071,32768,5438.67,5338,5552,828.133,818,845,2.66667,0,6,195949,130796,251982,18.6696,14.4641,23.528
9,135,149,15,PACKAGE_SCENE,500000000,122071,32768,5372.07,4516,6008,812.2,460,852,17.8667,0,186,225362,28805,285974,229.999,13.5337,2138.85
10,150,164,15,PACKAGE_SCENE,500000000,122071,32768,913.733,0,4595,988.533,940,1148,11.5333,0,151,367983,308083,537588,34.3837,15.6423,170.033
11,165,179,15,PACKAGE_SCENE,500000000,122071,32768,0,0,0,980,980,980,0,0,0,354502,331010,376380,12.1262,11.6223,14.3026
12,180,194,15,PACKAGE_SCENE,500000000,122071,32768,0,0,0,980,980,980,0,0,0,351175,320913,381073,11.9506,11.5586,12.7326
13,195,209,15,PACKAGE_SCENE,500000000,122071,32768,0,0,0,980,980,980,0,0,0,355549,321260,392956,12.2166,11.5603,13.041
14,210,224,15,PACKAGE_SCENE,500000000,122071,32768,0,0,0,980,980,980,0,0,0,354946,318278,405665,12.5167,11.5677,19.3378
15,225,239,15,PACKAGE_SCENE,500000000,122071,32768,242.267,0,3634,597.933,459,980,9.6,0,144,110541,20739,365318,16.3255,9.9374,88.3433
16,240,254,15,PACKAGE_SCENE,500000000,122071,32768,0,0,0,459,459,459,0,0,0,23451.1,21445,24115,10.2926,9.805,11.7546
17,255,269,15,PACKAGE_SCENE,500000000,122071,32768,0,0,0,459,459,459,0,0,0,23700.5,22750,24908,10.4473,9.6738,12.4
18,270,284,15,PACKAGE_SCENE,500000000,122071,32768,2978.93,0,9286,962.067,459,1505,102.933,0,450,305864,24989,757374,65.5847,10.1079,253.504
19,285,299,15,PACKAGE_SCENE,500000000,122071,32768,1522.13,0,7973,1360,1081,1401,21.6667,0,124,569388,386922,694796,24.7343,14.273,72.6669
20,300,314,15,PACKAGE_SCENE,500000000,122071,32768,1662.4,0,8411,1349.07,1228,1358,15.0667,0,99,461709,380650,577330,21.0129,13.4287,60.0823
21,315,329,15,PACKAGE_SCENE,500000000,122071,32768,1942.4,0,10185,1385.2,1358,1643,47.5333,0,335,489268,425491,667170,42.5098,13.7153,188.631
22,330,344,15,PACKAGE_SCENE,500000000,122071,32768,2017.8,0,10179,1356.47,1301,1363,6.13333,0,58,413944,294687,596871,18.4598,13.745,55.3302
23,345,359,15,PACKAGE_SCENE,500000000,122071,32768,0,0,0,1363,1363,1363,0,0,0,410763,398519,435074,14.3064,13.7838,15.1698
24,360,374,15,PACKAGE_SCENE,500000000,122071,32768,1355.07,0,10245,1378.47,1303,1436,2.4,0,29,427330,366729,600671,16.0614,13.7907,29.1398
25,375,389,15,PACKAGE_SCENE,500000000,122071,32768,0,0,0,1436,1436,1436,0,0,0,477355,457388,504789,14.875,14.2261,15.3301
26,390,404,15,PACKAGE_SCENE,500000000,122071,32768,2977.73,0,11534,1368,1316,1534,48.8667,0,289,316435,187875,506884,39.7693,13.8766,161.521
27,405,419,15,PACKAGE_SCENE,500000000,122071,32768,0,0,0,1316,1316,1316,0,0,0,269405,237448,289712,14.4308,14.0165,15.353
28,420,434,15,PACKAGE_SCENE,500000000,122071,32768,0,0,0,1316,1316,1316,0,0,0,265496,210854,294117,14.3554,13.9313,15.4104
29,435,449,15,PACKAGE_SCENE,500000000,122071,32768,11480,11462,11497,1341.47,1337,1350,2.53333,0,16,238142,177190,277766,17.2063,14.4061,29.5991
30,450,464,15,PACKAGE_SCENE,500000000,122071,32768,11488,11478,11501,1366.07,1350,1381,2.93333,0,9,259531,195351,334228,16.2462,14.5415,19.8569
31,465,479,15,PACKAGE_SCENE,500000000,122071,32768,11446,11418,11474,1385.27,1369,1401,5.26667,0,24,294462,238198,352671,17.3095,14.9241,27.8104
32,480,494,15,PACKAGE_SCENE,500000000,122071,32768,11359.4,11289,11426,1415,1384,1450,10.8667,0,25,342029,280470,425674,23.024,15.6499,50.3441
33,495,509,15,PACKAGE_SCENE,500000000,122071,32768,11205.6,11116,11279,1407,1389,1435,8,2,14,365289,270791,451684,18.7571,15.7239,22.1588
34,510,524,15,PACKAGE_SCENE,500000000,122071,32768,11016,10946,11118,1448.73,1421,1522,8.53333,0,24,428125,373784,467512,18.7349,14.7957,24.9124
35,525,539,15,PACKAGE_SCENE,500000000,122071,32768,10889.7,10795,10969,1584.67,1522,1641,12.3333,0,28,569095,462810,660687,21.4148,15.3039,29.9934
36,540,554,15,PACKAGE_SCENE,500000000,122071,32768,10726.1,10653,10788,1611.33,1570,1660,9.06667,2,21,617345,553373,769287,19.3724,15.8555,24.6975
37,555,569,15,PACKAGE_SCENE,500000000,122071,32768,10608.1,10570,10657,1769.73,1656,1865,17.8667,0,48,676318,584509,814094,23.3228,15.2368,28.8925
38,570,584,15,PACKAGE_SCENE,500000000,122071,32768,10461.3,10245,10604,1843.47,1820,1876,11.5333,3,23,710969,605377,873485,22.6276,16.4529,51.1299
39,585,599,15,PACKAGE_SCENE,500000000,122071,32768,10045.5,9885,10222,1857.13,1827,1885,6.13333,0,17,801069,747174,903530,19.5793,15.4648,45.6269
40,600,614,15,PACKAGE_SCENE,500000000,122071,32768,9736.87,9601,9885,1880.73,1857,1900,5.86667,0,16,873096,786873,945770,19.6084,15.4697,35.7601
41,615,629,15,PACKAGE_SCENE,500000000,122071,32768,9514.6,9443,9595,1872.67,1846,1911,4.46667,0,15,940326,812474,1058900,18.1083,15.7603,24.8459
42,630,644,15,PACKAGE_SCENE,500000000,122071,32768,9227.47,8807,9417,1880.53,1846,1901,12.6667,0,93,909068,754201,981334,53.8804,15.3441,453.305
43,645,659,15,PACKAGE_SCENE,500000000,122071,32768,8612.2,8507,8745,1967.87,1955,1979,12.5333,0,51,993280,900089,1054959,24.1806,16.8862,61.9214
44,660,674,15,PACKAGE_SCENE,500000000,122071,32768,8469.07,8402,8507,1990.33,1966,2019,12.7333,1,45,1.061e+06,966628,1180746,23.8767,17.5549,45.3335
45,675,689,15,PACKAGE_SCENE,500000000,122071,32768,8274.87,8168,8394,1922.87,1890,1975,7.13333,0,15,1.02965e+06,967624,1096750,19.5107,15.6047,23.471
46,690,704,15,PACKAGE_SCENE,500000000,122071,32768,543.333,0,8150,1887,1887,1887,0.133333,0,2,1.05086e+06,970645,1124242,15.5581,14.8829,18.0881
47,705,719,15,PACKAGE_SCENE,500000000,122071,32768,0,0,0,1887,1887,1887,0,0,0,1.06291e+06,994104,1127159,15.2083,14.545,16.6113
48,720,734,15,PACKAGE_SCENE,500000000,122071,32768,0,0,0,1887,1887,1887,0,0,0,1.0613e+06,964138,1120536,15.2917,14.8504,16.2383
49,735,749,15,PACKAGE_SCENE,500000000,122071,32768,0,0,0,1887,1887,1887,0,0,0,1.05612e+06,941511,1164813,15.6409,15.2306,16.7398
50,750,764,15,PACKAGE_SCENE,500000000,122071,32768,4035.87,0,11143,1925.87,1847,2213,120.6,0,515,874246,512185,1112967,77.455,14.7312,288.165
51,765,779,15,PACKAGE_SCENE,500000000,122071,32768,0,0,0,1847,1847,1847,0,0,0,620747,559204,672024,15.4573,14.7888,16.0281
52,780,794,15,PACKAGE_SCENE,500000000,122071,32768,0,0,0,1847,1847,1847,0,0,0,632197,574651,676896,15.6342,15.094,16.1744
53,795,809,15,PACKAGE_SCENE,500000000,122071,32768,2973.27,0,11201,1827,1724,1847,25.8667,0,157,594592,502248,694203,28.7622,14.7731,87.7227
54,810,824,15,PACKAGE_SCENE,500000000,122071,32768,1498.4,0,11247,1688.13,1688,1690,4.8,0,49,445554,422906,504309,18.3697,14.1168,46.4212
55,825,839,15,PACKAGE_SCENE,500000000,122071,32768,0,0,0,1688,1688,1688,0,0,0,428225,378673,469094,14.9983,14.4403,15.5412
56,840,854,15,PACKAGE_SCENE,500000000,122071,32768,2278.8,0,11425,1636.13,1621,1717,30.7333,0,239,384933,310978,477175,29.1362,14.2308,129.329
57,855,869,15,PACKAGE_SCENE,500000000,122071,32768,0,0,0,1621,1621,1621,0,0,0,374258,333499,426709,15.0211,14.3411,16.4978
58,870,884,15,PACKAGE_SCENE,500000000,122071,32768,0,0,0,1621,1621,1621,0,0,0,371527,319492,420401,14.7502,14.3414,15.6734
59,885,899,15,PACKAGE_SCENE,500000000,122071,32768,0,0,0,1621,1621,1621,0,0,0,394839,351863,458715,15.5334,14.2472,24.4675
60,900,914,15,PACKAGE_SCENE,500000000,122071,32768,1508.53,0,11322,1567.33,1565,1600,4,0,47,376095,321799,396018,16.5349,14.0497,38.9744
61,915,929,15,PACKAGE_SCENE,500000000,122071,32768,757.667,0,11365,1567.2,1565,1576,7.13333,0,107,385092,333135,442472,19.1741,14.0102,82.7329
62,930,944,15,PACKAGE_SCENE,500000000,122071,32768,2793.87,0,11475,1547.53,1161,1673,124.067,0,648,339395,132136,406459,67.6857,14.402,294.674
63,945,959,15,PACKAGE_SCENE,500000000,122071,32768,2068.2,0,5668,530.067,471,883,65.6667,0,374,152263,125359,183709,43.2257,12.4279,163.127
64,960,974,15,PACKAGE_SCENE,500000000,122071,32768,0,0,0,471,471,471,0,0,0,151022,132536,155424,13.0976,12.2484,14.6569
65,975,989,15,PACKAGE_SCENE,500000000,122071,32768,4367.4,0,7233,685.533,471,983,112.267,0,365,160227,131784,205478,69.1356,12.7822,221.48
66,990,1004,15,PACKAGE_SCENE,500000000,122071,32768,1035.07,0,7813,832.867,817,834,22.4,0,279,147641,121121,187820,25.6145,12.5225,180.812
67,1005,1019,15,PACKAGE_SCENE,500000000,122071,32768,0,0,0,834,834,834,0,0,0,147681,128601,178837,13.9462,12.36,27.3134
68,1020,1034,15,PACKAGE_SCENE,500000000,122071,32768,0,0,0,834,834,834,0,0,0,142465,126955,167274,13.0444,12.5001,14.0135
69,1035,1049,15,PACKAGE_SCENE,500000000,122071,32768,0,0,0,834,834,834,0,0,0,143361,116665,165279,12.9107,12.393,13.2478
70,1050,1064,15,PACKAGE_SCENE,500000000,122071,32768,0,0,0,834,834,834,0,0,0,142080,116904,179495,13.1378,12.5203,13.8607
71,1065,1079,15,PACKAGE_SCENE,500000000,122071,32768,0,0,0,834,834,834,0,0,0,144721,117328,162532,13.0194,12.5811,14.2474
72,1080,1094,15,PACKAGE_SCENE,500000000,122071,32768,0,0,0,834,834,834,0,0,0,145265,126164,187181,13.0284,12.4455,13.9025
73,1095,1109,15,PACKAGE_SCENE,500000000,122071,32768,0,0,0,834,834,834,0,0,0,146871,122644,183046,13.0859,12.4275,15.2161
74,1110,1124,15,PACKAGE_SCENE,500000000,122071,32768,0,0,0,834,834,834,0,0,0,149729,126815,184064,13.0175,12.4177,14.7167
75,1125,1139,15,PACKAGE_SCENE,500000000,122071,32768,0,0,0,834,834,834,0,0,0,146770,136376,166221,13.079,12.5443,14.0555
76,1140,1154,15,PACKAGE_SCENE,500000000,122071,32768,0,0,0,834,834,834,0,0,0,148497,130127,166011,13.1067,12.6313,14.3275
77,1155,1169,15,PACKAGE_SCENE,500000000,122071,32768,0,0,0,834,834,834,0,0,0,148114,121120,183655,13.1412,12.4405,14.54
78,1170,1184,15,PACKAGE_SCENE,500000000,122071,32768,0,0,0,834,834,834,0,0,0,145897,126549,169251,12.9135,12.6326,13.876
79,1185,1199,15,PACKAGE_SCENE,500000000,122071,32768,0,0,0,834,834,834,0,0,0,144404,117240,184490,12.9498,12.4626,13.9772
80,1200,1214,15,PACKAGE_SCENE,500000000,122071,32768,0,0,0,834,834,834,0,0,0,147108,116873,189180,13.0005,12.4458,15.1368
81,1215,1229,15,PACKAGE_SCENE,500000000,122071,32768,0,0,0,834,834,834,0,0,0,145679,121089,178733,13.1082,12.5071,14.1117
82,1230,1244,15,PACKAGE_SCENE,500000000,122071,32768,0,0,0,834,834,834,0,0,0,143327,121212,169603,13.2243,12.5411,16.197
83,1245,1259,15,PACKAGE_SCENE,500000000,122071,32768,0,0,0,834,834,834,0,0,0,147668,136264,166269,13.2431,12.5274,14.3311
84,1260,1274,15,PACKAGE_SCENE,500000000,122071,32768,0,0,0,834,834,834,0,0,0,145649,116939,183248,12.9835,12.501,14.215
85,1275,1289,15,PACKAGE_SCENE,500000000,122071,32768,0,0,0,834,834,834,0,0,0,142003,117105,156001,13.0196,12.5834,14.005
86,1290,1296,7,PACKAGE_SCENE,500000000,122071,32768,0,0,0,834,834,834,0,0,0,150488,144500,159478,15.6126,12.7273,28.9169
