batch_index,first_frame,last_frame,frames,scene_type,sphere_count,total_blocks,pool_slots,avg_numVisible,min_numVisible,max_numVisible,avg_numFiltered,min_numFiltered,max_numFiltered,avg_numRequests,min_numRequests,max_numRequests,avg_activeCount,min_activeCount,max_activeCount,avg_frame_ms,min_frame_ms,max_frame_ms
0,0,14,15,PACKAGE_SCENE,10000000,2442,2442,630.867,363,853,281.333,143,453,76.6667,4,313,49264,0,88365,252.059,22.2484,486.999
1,15,29,15,PACKAGE_SCENE,10000000,2442,2442,734.267,453,876,287.467,169,457,21.2,0,76,78538.6,9739,245197,308.703,24.4209,1147.31
2,30,44,15,PACKAGE_SCENE,10000000,2442,2442,709,545,962,294.4,247,327,8.26667,0,42,68198.3,37312,112611,237.565,222.127,257.102
3,45,59,15,PACKAGE_SCENE,10000000,2442,2442,545,545,545,283,283,283,0,0,0,71170.6,56578,161382,228.718,223.511,233.717
4,60,74,15,PACKAGE_SCENE,10000000,2442,2442,545,545,545,283,283,283,0,0,0,62780.5,55740,94237,226.683,222.011,232.137
5,75,89,15,PACKAGE_SCENE,10000000,2442,2442,545,545,545,283,283,283,0,0,0,87951.2,56583,172982,228.423,220.646,234.531
6,90,104,15,PACKAGE_SCENE,10000000,2442,2442,700.267,453,962,293.6,246,394,2.2,0,13,71581.6,36965,154015,226.257,184.256,257.749
7,105,119,15,PACKAGE_SCENE,10000000,2442,2442,547.133,363,696,249.333,210,318,0.333333,0,3,57376.2,34415,92918,241.94,195.992,271.082
8,120,134,15,PACKAGE_SCENE,10000000,2442,2442,696,696,696,275,275,275,0,0,0,46265.3,23394,82839,271.875,263.545,277.767
0,0,14,15,PACKAGE_SCENE,10000000,2442,2442,547.133,362,686,280.533,150,479,77.9333,0,365,52054.7,0,138046,261.092,18.3927,616.558
1,15,29,15,PACKAGE_SCENE,10000000,2442,2442,568.8,362,703,266.467,150,308,4.73333,0,44,61152.9,23579,88402,268.75,20.7519,504.778
2,30,44,15,PACKAGE_SCENE,10000000,2442,2442,456.4,362,617,243.867,231,304,0.866667,0,11,64319.4,32405,87312,226.882,213.818,242.965
3,45,59,15,PACKAGE_SCENE,10000000,2442,2442,617,617,617,252,252,252,0,0,0,52683.2,42788,76539,235.615,232.155,240.438
4,60,74,15,PACKAGE_SCENE,10000000,2442,2442,649.667,617,666,283.333,252,299,0,0,0,45885.9,29182,56481,232.856,228.699,239.999
5,75,89,15,PACKAGE_SCENE,10000000,2442,2442,486,362,666,263.667,231,342,2.46667,0,16,67043.2,33331,112995,228.793,217.135,253.271
6,90,104,15,PACKAGE_SCENE,10000000,2442,2442,424.667,344,705,246.4,199,320,9.86667,0,73,86589.1,48925,152018,241.041,207.588,252.727
0,0,14,15,PACKAGE_SCENE,10000000,2442,2442,713,434,1067,294.8,148,619,83.9333,0,368,61294.9,0,156262,234.649,39.6798,523.167
1,15,29,15,PACKAGE_SCENE,10000000,2442,2442,865.533,474,974,305.333,171,412,0.266667,0,3,56714.1,18596,164376,292.277,231.694,516.926
2,30,44,15,PACKAGE_SCENE,10000000,2442,2442,702.8,547,974,306.8,274,403,4.6,0,31,66504.2,32560,149199,267.164,92.1948,294.808
3,45,59,15,PACKAGE_SCENE,10000000,2442,2442,599,362,812,269.133,214,367,18.5333,0,48,62412.5,24683,128409,175.051,22.8019,257.786
4,60,74,15,PACKAGE_SCENE,10000000,2442,2442,774.867,377,863,318.267,225,377,4.6,0,19,72859.1,52273,122527,195.954,31.6899,213.213
5,75,89,15,PACKAGE_SCENE,10000000,2442,2442,756,453,917,300.2,175,380,9.6,0,49,62268.7,22761,128918,225.471,182.752,272.804
6,90,104,15,PACKAGE_SCENE,10000000,2442,2442,665,349,912,282.667,233,355,10.8,0,39,75254.9,35222,162845,215.46,89.4486,273.448
7,105,119,15,PACKAGE_SCENE,10000000,2442,2442,635.2,361,901,262.4,169,397,3.13333,0,19,58148.3,27748,110825,173.519,19.218,220.628
8,120,134,15,PACKAGE_SCENE,10000000,2442,2442,1043.73,886,1224,303.733,263,399,1.13333,0,16,56559.1,27555,92025,38.8113,35.6198,41.9017
9,135,149,15,PACKAGE_SCENE,10000000,2442,2442,1224,1224,1224,263,263,263,0,0,0,45717.3,33441,86668,40.6268,39.6016,41.6886
10,150,164,15,PACKAGE_SCENE,10000000,2442,2442,1224,1224,1224,263,263,263,0,0,0,39839.5,33315,45739,40.853,39.9299,41.6074
11,165,179,15,PACKAGE_SCENE,10000000,2442,2442,1445.47,1224,1526,310.533,263,386,2,0,21,55692.5,33557,80794,39.7161,38.0346,42.4
12,180,194,15,PACKAGE_SCENE,10000000,2442,2442,1526,1526,1526,322,322,322,0,0,0,68847.7,36168,87404,39.0406,37.9461,42.3173
13,195,209,15,PACKAGE_SCENE,10000000,2442,2442,1452,1205,1526,290.267,239,368,2.4,0,18,54501.3,26146,126126,38.4613,25.7218,42.0516
14,210,224,15,PACKAGE_SCENE,10000000,2442,2442,1016,650,1444,316.067,244,462,4.86667,0,16,73097.8,23113,257280,95.9403,17.7968,242.832
15,225,239,15,PACKAGE_SCENE,10000000,2442,2442,1001,1001,1001,264,264,264,0,0,0,36012.6,28547,58049,18.3699,17.6536,20.208
16,240,254,15,PACKAGE_SCENE,10000000,2442,2442,1129.53,1001,1242,289.667,264,313,0.733333,0,11,40247.5,31021,101630,18.9368,17.6861,22.4609
17,255,269,15,PACKAGE_SCENE,10000000,2442,2442,1242,1242,1242,312,312,312,0,0,0,44909.3,30870,67343,19.3864,17.9636,21.6098
18,270,284,15,PACKAGE_SCENE,10000000,2442,2442,1242,1242,1242,312,312,312,0,0,0,37875.7,30654,61504,19.2381,17.9812,21.0425
19,285,299,15,PACKAGE_SCENE,10000000,2442,2442,1242,1242,1242,312,312,312,0,0,0,35599.9,30872,55902,18.8464,17.6789,21.5235
20,300,314,15,PACKAGE_SCENE,10000000,2442,2442,1242,1242,1242,312,312,312,0,0,0,48891.7,30778,99355,18.899,17.6234,20.3732
21,315,329,15,PACKAGE_SCENE,10000000,2442,2442,1242,1242,1242,312,312,312,0,0,0,38551.9,28827,61517,18.5167,17.8652,19.4602
22,330,344,15,PACKAGE_SCENE,10000000,2442,2442,1242,1242,1242,312,312,312,0,0,0,36204.1,28352,62372,19.1114,18.214,20.6605
23,345,359,15,PACKAGE_SCENE,10000000,2442,2442,1242,1242,1242,312,312,312,0,0,0,39370.1,30977,77176,19.0089,17.9576,21.446
24,360,374,15,PACKAGE_SCENE,10000000,2442,2442,1242,1242,1242,312,312,312,0,0,0,42457.9,30809,89200,18.8526,17.7262,20.7395
25,375,389,15,PACKAGE_SCENE,10000000,2442,2442,1193.8,1001,1242,302.4,264,312,0,0,0,37979.7,28575,61768,18.6415,17.8291,21.1554
26,390,404,15,PACKAGE_SCENE,10000000,2442,2442,1001,1001,1001,264,264,264,0,0,0,34640,28695,46723,18.2604,17.653,18.5498
27,405,419,15,PACKAGE_SCENE,10000000,2442,2442,974.067,650,1407,277.067,263,360,0.133333,0,1,50158.5,26180,115454,59.7877,16.6894,229.406
28,420,434,15,PACKAGE_SCENE,10000000,2442,2442,1095.4,797,1487,308.133,239,389,0.0666667,0,1,70583.3,24794,201124,79.3056,36.7889,252.393
29,435,449,15,PACKAGE_SCENE,10000000,2442,2442,1487,1487,1487,285,285,285,0,0,0,53511.4,44019,70758,39.5488,38.6142,43.5072
30,450,464,15,PACKAGE_SCENE,10000000,2442,2442,1523.4,1487,1526,319.533,285,322,0,0,0,62018.9,35888,82394,38.8815,37.7726,41.0596
31,465,479,15,PACKAGE_SCENE,10000000,2442,2442,1526,1526,1526,322,322,322,0,0,0,65633.9,35624,87036,39.3225,38.0198,41.3216
32,480,494,15,PACKAGE_SCENE,10000000,2442,2442,1526,1526,1526,322,322,322,0,0,0,67657.3,37978,92955,38.9307,37.4056,41.2558
33,495,509,15,PACKAGE_SCENE,10000000,2442,2442,1526,1526,1526,322,322,322,0,0,0,63030.5,34721,87102,38.8474,38.1683,39.6319
34,510,524,15,PACKAGE_SCENE,10000000,2442,2442,1526,1526,1526,322,322,322,0,0,0,60681.5,35506,73945,39.7935,38.2956,42.061
35,525,539,15,PACKAGE_SCENE,10000000,2442,2442,1526,1526,1526,322,322,322,0,0,0,63789.1,23024,87734,38.8444,37.8479,41.6818
36,540,554,15,PACKAGE_SCENE,10000000,2442,2442,1526,1526,1526,322,322,322,0,0,0,62588.7,35223,80059,39.0183,37.9368,40.4317
37,555,569,15,PACKAGE_SCENE,10000000,2442,2442,1526,1526,1526,322,322,322,0,0,0,67168.6,38155,87303,39.3994,37.9906,41.4359
38,570,584,15,PACKAGE_SCENE,10000000,2442,2442,1526,1526,1526,322,322,322,0,0,0,62105.8,35934,74906,39.6502,38.1848,43.3523
39,585,599,15,PACKAGE_SCENE,10000000,2442,2442,1526,1526,1526,322,322,322,0,0,0,68263.6,36096,101979,38.941,37.7571,41.7168
40,600,614,15,PACKAGE_SCENE,10000000,2442,2442,1526,1526,1526,322,322,322,0,0,0,71614.5,36447,103305,39.0188,37.9957,42.1727
41,615,629,15,PACKAGE_SCENE,10000000,2442,2442,1526,1526,1526,322,322,322,0,0,0,72688.4,50868,92801,40.0203,38.6167,43.4139
42,630,644,15,PACKAGE_SCENE,10000000,2442,2442,1526,1526,1526,322,322,322,0,0,0,63761.1,29228,90177,38.7562,37.844,39.9401
43,645,659,15,PACKAGE_SCENE,10000000,2442,2442,1526,1526,1526,322,322,322,0,0,0,60121.5,34063,81702,39.1811,37.9224,42.7337
44,660,674,15,PACKAGE_SCENE,10000000,2442,2442,1526,1526,1526,322,322,322,0,0,0,69776.7,35794,103756,39.2187,37.7061,42.9639
45,675,689,15,PACKAGE_SCENE,10000000,2442,2442,1526,1526,1526,322,322,322,0,0,0,62194.5,35273,95746,39.3254,38.284,42.0841
46,690,704,15,PACKAGE_SCENE,10000000,2442,2442,1526,1526,1526,322,322,322,0,0,0,64138.8,34800,89663,38.85,37.7323,41.3113
47,705,719,15,PACKAGE_SCENE,10000000,2442,2442,1526,1526,1526,322,322,322,0,0,0,65000.3,28762,104108,39.237,37.973,42.2353
48,720,734,15,PACKAGE_SCENE,10000000,2442,2442,1526,1526,1526,322,322,322,0,0,0,69708.9,27513,89861,38.8419,38.0526,40.8215
49,735,749,15,PACKAGE_SCENE,10000000,2442,2442,1526,1526,1526,322,322,322,0,0,0,69241.2,29353,100277,39.1504,38.211,41.1951
50,750,764,15,PACKAGE_SCENE,10000000,2442,2442,1526,1526,1526,322,322,322,0,0,0,57957.3,26951,100173,39.225,38.1823,42.7129
51,765,779,15,PACKAGE_SCENE,10000000,2442,2442,1526,1526,1526,322,322,322,0,0,0,63153.3,31554,102340,39.2171,37.8593,42.5382
52,780,794,15,PACKAGE_SCENE,10000000,2442,2442,1264.27,1224,1526,270.867,263,322,0,0,0,43423.1,32253,88309,40.5666,38.7564,41.8155
53,795,809,15,PACKAGE_SCENE,10000000,2442,2442,1043.73,886,1224,294.467,263,322,0,0,0,73425.2,33641,116518,38.246,35.824,40.9611
54,810,824,15,PACKAGE_SCENE,10000000,2442,2442,765.067,461,888,295.933,168,364,0.133333,0,1,74024.1,48839,119021,126.869,36.1045,215.398
55,825,839,15,PACKAGE_SCENE,10000000,2442,2442,663.8,349,901,291.4,205,372,0.0666667,0,1,75715.4,35217,258347,202.5,175.547,226.399
56,840,854,15,PACKAGE_SCENE,10000000,2442,2442,776.4,443,917,289.2,234,351,0.0666667,0,1,58587,33767,114808,259.337,214.624,278.866
57,855,869,15,PACKAGE_SCENE,10000000,2442,2442,609.333,362,863,285.733,216,362,0.8,0,6,69824.1,36462,141253,206.411,170.662,276.448
58,870,884,15,PACKAGE_SCENE,10000000,2442,2442,680.267,434,974,287.933,214,376,0,0,0,62356.9,38029,95888,243.367,193.998,290.361
59,885,899,15,PACKAGE_SCENE,10000000,2442,2442,974,974,974,331,331,331,0,0,0,47581.6,39405,56370,283.489,272.594,310.471
60,900,914,15,PACKAGE_SCENE,10000000,2442,2442,974,974,974,331,331,331,0,0,0,47069.7,22273,56799,279.848,274.359,285.057
61,915,929,15,PACKAGE_SCENE,10000000,2442,2442,974,974,974,331,331,331,0,0,0,45710.5,34703,53477,279.21,271.536,286.522
62,930,944,15,PACKAGE_SCENE,10000000,2442,2442,974,974,974,331,331,331,0,0,0,50046.5,38038,71034,282.042,277.628,287.999
63,945,959,15,PACKAGE_SCENE,10000000,2442,2442,974,974,974,331,331,331,0,0,0,45248.5,33837,62104,284.018,275.506,296.577
64,960,974,15,PACKAGE_SCENE,10000000,2442,2442,974,974,974,331,331,331,0,0,0,46738.4,39604,56839,1061.62,276.26,11362.6
65,975,989,15,PACKAGE_SCENE,10000000,2442,2442,974,974,974,331,331,331,0,0,0,43601.3,38435,50372,854.893,275.572,8886.29
66,990,1004,15,PACKAGE_SCENE,10000000,2442,2442,974,974,974,331,331,331,0,0,0,46311.7,39402,59656,324.383,272.684,930.739
67,1005,1019,15,PACKAGE_SCENE,10000000,2442,2442,974,974,974,331,331,331,0,0,0,47222.9,39267,58579,1441.66,277.284,17618
68,1020,1034,15,PACKAGE_SCENE,10000000,2442,2442,974,974,974,331,331,331,0,0,0,46548.3,38344,58763,793.897,277.446,7940.8
69,1035,1049,15,PACKAGE_SCENE,10000000,2442,2442,974,974,974,331,331,331,0,0,0,45697.8,37889,56179,627.223,276.051,5384.24
70,1050,1064,15,PACKAGE_SCENE,10000000,2442,2442,974,974,974,331,331,331,0,0,0,45982.9,39278,64580,595.813,276.975,4865.67
71,1065,1079,15,PACKAGE_SCENE,10000000,2442,2442,974,974,974,331,331,331,0,0,0,44776,38269,58104,291.123,272.537,347.474
72,1080,1094,15,PACKAGE_SCENE,10000000,2442,2442,974,974,974,331,331,331,0,0,0,44828.9,37965,51599,582.837,272.464,4816.65
73,1095,1109,15,PACKAGE_SCENE,10000000,2442,2442,974,974,974,331,331,331,0,0,0,47403.2,39484,61364,517.978,277.135,3812.57
74,1110,1124,15,PACKAGE_SCENE,10000000,2442,2442,974,974,974,331,331,331,0,0,0,45770.1,37223,56638,541.69,273.336,4171.52
75,1125,1139,15,PACKAGE_SCENE,10000000,2442,2442,974,974,974,331,331,331,0,0,0,49713.7,39154,83822,465.068,272.553,3005.36
76,1140,1154,15,PACKAGE_SCENE,10000000,2442,2442,974,974,974,331,331,331,0,0,0,43006.9,38155,51587,469.844,277.261,3028.03
77,1155,1169,15,PACKAGE_SCENE,10000000,2442,2442,974,974,974,331,331,331,0,0,0,46280.7,34018,61137,282.513,273.434,291.587
78,1170,1184,15,PACKAGE_SCENE,10000000,2442,2442,974,974,974,331,331,331,0,0,0,45231.8,36014,56043,454.098,277.513,2845.83
79,1185,1199,15,PACKAGE_SCENE,10000000,2442,2442,974,974,974,331,331,331,0,0,0,47017.8,34367,59892,439.127,274.482,2659.65
80,1200,1214,15,PACKAGE_SCENE,10000000,2442,2442,974,974,974,331,331,331,0,0,0,45187.1,35921,54368,440.874,276.824,2642.32
81,1215,1229,15,PACKAGE_SCENE,10000000,2442,2442,974,974,974,331,331,331,0,0,0,45607,37561,56573,435.769,275.498,2583.08
82,1230,1244,15,PACKAGE_SCENE,10000000,2442,2442,974,974,974,331,331,331,0,0,0,43573.1,37603,47908,437.216,272.047,2648.31
83,1245,1259,15,PACKAGE_SCENE,10000000,2442,2442,974,974,974,331,331,331,0,0,0,46524.5,38567,64685,283.568,273.153,316.473
84,1260,1274,15,PACKAGE_SCENE,10000000,2442,2442,974,974,974,331,331,331,0,0,0,46362.5,37731,58724,436.79,273.659,2587.53
85,1275,1289,15,PACKAGE_SCENE,10000000,2442,2442,974,974,974,331,331,331,0,0,0,48043.3,38157,70509,435.24,272.855,2601.54
86,1290,1304,15,PACKAGE_SCENE,10000000,2442,2442,974,974,974,331,331,331,0,0,0,45908.1,31632,56376,433.833,272.396,2568.22
87,1305,1319,15,PACKAGE_SCENE,10000000,2442,2442,974,974,974,331,331,331,0,0,0,47661.9,38272,55932,432.872,275.523,2563.16
88,1320,1334,15,PACKAGE_SCENE,10000000,2442,2442,974,974,974,331,331,331,0,0,0,45149.9,28080,60707,559.276,272.683,4476.35
89,1335,1349,15,PACKAGE_SCENE,10000000,2442,2442,974,974,974,331,331,331,0,0,0,45068.5,38518,53387,280.29,271.482,286.975
90,1350,1364,15,PACKAGE_SCENE,10000000,2442,2442,974,974,974,331,331,331,0,0,0,44314.8,21837,57322,491.696,271.894,3367.41
91,1365,1379,15,PACKAGE_SCENE,10000000,2442,2442,974,974,974,331,331,331,0,0,0,46712.6,37741,57347,491.572,272.005,3409.6
92,1380,1394,15,PACKAGE_SCENE,10000000,2442,2442,974,974,974,331,331,331,0,0,0,43174,21953,50945,470.143,275.93,3105.18
93,1395,1409,15,PACKAGE_SCENE,10000000,2442,2442,974,974,974,331,331,331,0,0,0,45723.7,38158,55589,485.674,275.676,3341.01
94,1410,1424,15,PACKAGE_SCENE,10000000,2442,2442,974,974,974,331,331,331,0,0,0,42443.1,37170,50350,291.097,275.043,325.399
95,1425,1439,15,PACKAGE_SCENE,10000000,2442,2442,974,974,974,331,331,331,0,0,0,45975,33725,76560,497.385,279.617,3318.36
96,1440,1454,15,PACKAGE_SCENE,10000000,2442,2442,974,974,974,331,331,331,0,0,0,45119.7,32664,58773,522.282,281.377,3751.72
97,1455,1469,15,PACKAGE_SCENE,10000000,2442,2442,974,974,974,331,331,331,0,0,0,46799.5,39527,67986,494.11,278.201,3364.66
98,1470,1484,15,PACKAGE_SCENE,10000000,2442,2442,974,974,974,331,331,331,0,0,0,43081.6,38023,52611,491.031,283.93,3295.38
99,1485,1499,15,PACKAGE_SCENE,10000000,2442,2442,974,974,974,331,331,331,0,0,0,47014.2,38641,61031,564.564,283.458,4342.13
100,1500,1514,15,PACKAGE_SCENE,10000000,2442,2442,974,974,974,331,331,331,0,0,0,43516.3,37831,55546,300.057,282.991,332.816
101,1515,1529,15,PACKAGE_SCENE,10000000,2442,2442,974,974,974,331,331,331,0,0,0,43863.1,38551,49702,509.184,293.303,3412.07
102,1530,1544,15,PACKAGE_SCENE,10000000,2442,2442,974,974,974,331,331,331,0,0,0,43846.1,26839,52413,570.574,285.772,4162.58
103,1545,1559,15,PACKAGE_SCENE,10000000,2442,2442,974,974,974,331,331,331,0,0,0,45413.5,37829,55398,519.516,282.608,3635.51
104,1560,1574,15,PACKAGE_SCENE,10000000,2442,2442,974,974,974,331,331,331,0,0,0,46642.5,36719,55886,531.886,269.318,3922.45
105,1575,1589,15,PACKAGE_SCENE,10000000,2442,2442,974,974,974,331,331,331,0,0,0,44869.5,36556,54793,467.619,268.119,3013.72
106,1590,1604,15,PACKAGE_SCENE,10000000,2442,2442,974,974,974,331,331,331,0,0,0,44755.7,27740,57165,275.616,268.224,279.871
107,1605,1619,15,PACKAGE_SCENE,10000000,2442,2442,974,974,974,331,331,331,0,0,0,46037.9,39212,57438,452.963,273.174,2886.23
108,1620,1634,15,PACKAGE_SCENE,10000000,2442,2442,974,974,974,331,331,331,0,0,0,44369.3,36688,56770,467.548,266.65,3165.44
109,1635,1649,15,PACKAGE_SCENE,10000000,2442,2442,974,974,974,331,331,331,0,0,0,46258.9,37103,56750,410.105,267.079,2260.94
110,1650,1664,15,PACKAGE_SCENE,10000000,2442,2442,974,974,974,331,331,331,0,0,0,45578.7,36597,59071,429.737,271.786,2443.53
111,1665,1679,15,PACKAGE_SCENE,10000000,2442,2442,974,974,974,331,331,331,0,0,0,47355.7,38992,56676,443.762,282.275,2524.55
112,1680,1694,15,PACKAGE_SCENE,10000000,2442,2442,974,974,974,331,331,331,0,0,0,47807.7,40070,58347,293.32,283.619,306.508
113,1695,1709,15,PACKAGE_SCENE,10000000,2442,2442,974,974,974,331,331,331,0,0,0,45497.1,38362,63218,2968.94,283.438,40331.2
114,1710,1724,15,PACKAGE_SCENE,10000000,2442,2442,974,974,974,331,331,331,0,0,0,44077.5,39015,53266,311.873,273.766,365.23
115,1725,1739,15,PACKAGE_SCENE,10000000,2442,2442,719.8,362,974,294.8,225,367,0,0,0,57167.7,23127,149881,239.419,172.601,285.115
116,1740,1754,15,PACKAGE_SCENE,10000000,2442,2442,749.267,377,863,303.733,221,377,0,0,0,65603.1,36585,109861,198.527,173.635,211.711
117,1755,1769,15,PACKAGE_SCENE,10000000,2442,2442,722.267,453,863,301.2,175,380,0,0,0,60764.7,23538,129951,221.45,178.151,271.964
118,1770,1784,15,PACKAGE_SCENE,10000000,2442,2442,680.133,443,917,271.867,234,296,0,0,0,64070.2,34298,103572,250.931,218.191,274.352
119,1785,1799,15,PACKAGE_SCENE,10000000,2442,2442,596.133,443,749,270.067,234,355,0,0,0,66222.5,42259,112978,237.856,218.229,274.514
120,1800,1814,15,PACKAGE_SCENE,10000000,2442,2442,710.6,443,823,291.133,234,355,0,0,0,64109.7,35903,106975,233.624,215.538,273.141
121,1815,1829,15,PACKAGE_SCENE,10000000,2442,2442,793.933,453,917,302.8,260,340,0,0,0,62352,35839,108315,233.669,190.634,282.118
122,1830,1844,15,PACKAGE_SCENE,10000000,2442,2442,863,863,863,328,328,328,0,0,0,68333.1,47862,79133,212.074,207.71,218.876
123,1845,1859,15,PACKAGE_SCENE,10000000,2442,2442,863,863,863,328,328,328,0,0,0,71003.5,47356,113796,207.535,199.844,214.663
124,1860,1874,15,PACKAGE_SCENE,10000000,2442,2442,863,863,863,328,328,328,0,0,0,61419.7,45684,74480,205.177,198.922,208.494
125,1875,1889,15,PACKAGE_SCENE,10000000,2442,2442,863,863,863,328,328,328,0,0,0,67003.7,48138,87887,204.074,200.102,211.963
126,1890,1904,15,PACKAGE_SCENE,10000000,2442,2442,863,863,863,328,328,328,0,0,0,67143.2,47769,89099,203.976,198.989,207.446
127,1905,1919,15,PACKAGE_SCENE,10000000,2442,2442,863,863,863,328,328,328,0,0,0,65672.1,45460,90312,208.442,203.254,245.48
128,1920,1934,15,PACKAGE_SCENE,10000000,2442,2442,863,863,863,328,328,328,0,0,0,65929,46909,94638,207.662,202.425,217.07
129,1935,1949,15,PACKAGE_SCENE,10000000,2442,2442,863,863,863,328,328,328,0,0,0,66043.8,50160,76989,771.043,198.442,8396.21
130,1950,1964,15,PACKAGE_SCENE,10000000,2442,2442,863,863,863,328,328,328,0,0,0,65408.6,45356,81159,638.852,213.539,6494.96
131,1965,1979,15,PACKAGE_SCENE,10000000,2442,2442,863,863,863,328,328,328,0,0,0,59833.3,42667,80395,476.097,213.347,3977.79
132,1980,1994,15,PACKAGE_SCENE,10000000,2442,2442,863,863,863,328,328,328,0,0,0,65934.9,47961,94976,456.305,208.793,3778.12
133,1995,2009,15,PACKAGE_SCENE,10000000,2442,2442,863,863,863,328,328,328,0,0,0,64249.7,47418,82735,442.128,208.493,3640.23
134,2010,2024,15,PACKAGE_SCENE,10000000,2442,2442,863,863,863,328,328,328,0,0,0,67239.2,45146,90622,220.829,214.285,233.795
135,2025,2039,15,PACKAGE_SCENE,10000000,2442,2442,863,863,863,328,328,328,0,0,0,72412.3,52315,92617,396.162,210.814,2882.54
136,2040,2054,15,PACKAGE_SCENE,10000000,2442,2442,863,863,863,328,328,328,0,0,0,62712.2,42070,78734,426.037,206.884,3321.39
137,2055,2069,15,PACKAGE_SCENE,10000000,2442,2442,863,863,863,328,328,328,0,0,0,62226,43626,81478,337.95,210.111,2014.77
138,2070,2084,15,PACKAGE_SCENE,10000000,2442,2442,863,863,863,328,328,328,0,0,0,70262.3,48192,90428,340.223,213.205,2012.52
139,2085,2099,15,PACKAGE_SCENE,10000000,2442,2442,863,863,863,328,328,328,0,0,0,68828.8,52714,75244,338.963,208.277,2073.45
140,2100,2114,15,PACKAGE_SCENE,10000000,2442,2442,863,863,863,328,328,328,0,0,0,67025.7,45849,107530,221.06,213.617,239.425
141,2115,2129,15,PACKAGE_SCENE,10000000,2442,2442,863,863,863,328,328,328,0,0,0,60043.4,46530,74176,334.257,208.549,1971.99
142,2130,2144,15,PACKAGE_SCENE,10000000,2442,2442,863,863,863,328,328,328,0,0,0,63093.7,47734,75505,344.346,210.876,2079.41
143,2145,2159,15,PACKAGE_SCENE,10000000,2442,2442,863,863,863,328,328,328,0,0,0,71312.3,52604,90326,341.912,209.335,2019.29
144,2160,2174,15,PACKAGE_SCENE,10000000,2442,2442,863,863,863,328,328,328,0,0,0,65208.5,47501,90626,352.999,215.009,2204.07
145,2175,2189,15,PACKAGE_SCENE,10000000,2442,2442,863,863,863,328,328,328,0,0,0,65815.9,47380,94372,351.835,209.261,2249.9
146,2190,2204,15,PACKAGE_SCENE,10000000,2442,2442,863,863,863,328,328,328,0,0,0,60625.8,33733,81985,223.413,217.359,246.841
147,2205,2219,15,PACKAGE_SCENE,10000000,2442,2442,863,863,863,328,328,328,0,0,0,67196.4,52527,93753,336.684,208.265,2025.33
148,2220,2234,15,PACKAGE_SCENE,10000000,2442,2442,863,863,863,328,328,328,0,0,0,65340.3,43994,80858,358.041,211.183,2298.24
149,2235,2249,15,PACKAGE_SCENE,10000000,2442,2442,863,863,863,328,328,328,0,0,0,64728.6,23905,122301,336.395,208.113,1977.63
150,2250,2264,15,PACKAGE_SCENE,10000000,2442,2442,863,863,863,328,328,328,0,0,0,63971.9,47673,74281,438.957,211.388,3473.61
151,2265,2279,15,PACKAGE_SCENE,10000000,2442,2442,863,863,863,328,328,328,0,0,0,64622,48479,76765,423.085,209.898,3281.91
152,2280,2294,15,PACKAGE_SCENE,10000000,2442,2442,863,863,863,328,328,328,0,0,0,71133.5,51389,108001,219.787,211.879,239.142
153,2295,2309,15,PACKAGE_SCENE,10000000,2442,2442,863,863,863,328,328,328,0,0,0,68894.9,52207,107231,373.218,209.505,2496.2
154,2310,2324,15,PACKAGE_SCENE,10000000,2442,2442,863,863,863,328,328,328,0,0,0,71905.5,55003,94641,1765.4,209.325,23396.8
155,2325,2339,15,PACKAGE_SCENE,10000000,2442,2442,863,863,863,328,328,328,0,0,0,66768.9,53107,74527,395.361,212.972,2841.84
156,2340,2354,15,PACKAGE_SCENE,10000000,2442,2442,863,863,863,328,328,328,0,0,0,68465.7,47561,107739,387.404,211.597,2696.65
157,2355,2369,15,PACKAGE_SCENE,10000000,2442,2442,863,863,863,328,328,328,0,0,0,66800.1,47635,84533,392.037,212.585,2799.48
158,2370,2384,15,PACKAGE_SCENE,10000000,2442,2442,863,863,863,328,328,328,0,0,0,62494.2,43787,80794,218.489,209.583,254.991
159,2385,2399,15,PACKAGE_SCENE,10000000,2442,2442,863,863,863,328,328,328,0,0,0,70376,52650,108886,374.865,213.997,2500.02
160,2400,2414,15,PACKAGE_SCENE,10000000,2442,2442,863,863,863,328,328,328,0,0,0,68065.3,47660,80965,368.912,211.939,2468.19
161,2415,2429,15,PACKAGE_SCENE,10000000,2442,2442,863,863,863,328,328,328,0,0,0,63661.5,47219,74571,398.302,209.935,2862.8
162,2430,2444,15,PACKAGE_SCENE,10000000,2442,2442,863,863,863,328,328,328,0,0,0,73658.8,47250,108832,369.925,211.227,2488.54
163,2445,2459,15,PACKAGE_SCENE,10000000,2442,2442,863,863,863,328,328,328,0,0,0,64763.4,46773,87658,404.42,218.716,2848.8
164,2460,2474,15,PACKAGE_SCENE,10000000,2442,2442,863,863,863,328,328,328,0,0,0,73413.5,52429,107770,218.047,212.138,224.163
165,2475,2489,15,PACKAGE_SCENE,10000000,2442,2442,863,863,863,328,328,328,0,0,0,68929.7,52104,91403,379.471,212.513,2565.88
166,2490,2504,15,PACKAGE_SCENE,10000000,2442,2442,863,863,863,328,328,328,0,0,0,66183.5,43498,107058,369.434,211.201,2473
167,2505,2519,15,PACKAGE_SCENE,10000000,2442,2442,863,863,863,328,328,328,0,0,0,69487.1,47078,98266,381.501,210.777,2605.17
168,2520,2534,15,PACKAGE_SCENE,10000000,2442,2442,863,863,863,328,328,328,0,0,0,70794.8,52438,80924,371.133,209.891,2511.48
169,2535,2549,15,PACKAGE_SCENE,10000000,2442,2442,863,863,863,328,328,328,0,0,0,74692.7,46126,112064,374.902,216.24,2502.12
170,2550,2564,15,PACKAGE_SCENE,10000000,2442,2442,863,863,863,328,328,328,0,0,0,76428.1,52497,97397,216.713,210.75,227.919
171,2565,2579,15,PACKAGE_SCENE,10000000,2442,2442,863,863,863,328,328,328,0,0,0,63579.7,47863,80910,343.271,213.369,2042.53
172,2580,2594,15,PACKAGE_SCENE,10000000,2442,2442,863,863,863,328,328,328,0,0,0,67695.1,43645,83990,322.788,209.189,1776.83
173,2595,2609,15,PACKAGE_SCENE,10000000,2442,2442,863,863,863,328,328,328,0,0,0,65236.5,47335,74502,337.298,214.357,1911.45
174,2610,2624,15,PACKAGE_SCENE,10000000,2442,2442,863,863,863,328,328,328,0,0,0,75650.3,46143,108982,1163.38,210.981,14358.2
175,2625,2639,15,PACKAGE_SCENE,10000000,2442,2442,863,863,863,328,328,328,0,0,0,66396.3,47714,98058,233.974,215.096,341.352
176,2640,2654,15,PACKAGE_SCENE,10000000,2442,2442,863,863,863,328,328,328,0,0,0,70358.6,50988,99859,225.687,199.935,254.499
177,2655,2669,15,PACKAGE_SCENE,10000000,2442,2442,796.733,453,917,312.733,175,380,0,0,0,61355.7,37977,109146,219.905,179.044,267.887
178,2670,2684,15,PACKAGE_SCENE,10000000,2442,2442,717.933,443,912,284,234,355,0,0,0,71960.6,36610,182784,224.602,209.834,264.732
179,2685,2699,15,PACKAGE_SCENE,10000000,2442,2442,823,823,823,295,295,295,0,0,0,79102.2,55851,127689,217.484,208.399,250.143
180,2700,2714,15,PACKAGE_SCENE,10000000,2442,2442,823,823,823,295,295,295,0,0,0,68305.2,45985,91936,773.982,210.918,8508.59
181,2715,2729,15,PACKAGE_SCENE,10000000,2442,2442,823,823,823,295,295,295,0,0,0,69893.5,46790,91566,1035.34,206.361,12301.9
182,2730,2744,15,PACKAGE_SCENE,10000000,2442,2442,823,823,823,295,295,295,0,0,0,73615.4,47492,100386,527.547,217.728,4723.81
183,2745,2759,15,PACKAGE_SCENE,10000000,2442,2442,823,823,823,295,295,295,0,0,0,66322.7,26567,100421,232.865,221.458,262.337
184,2760,2774,15,PACKAGE_SCENE,10000000,2442,2442,823,823,823,295,295,295,0,0,0,71755.2,35432,118769,521.742,228.145,4508.27
185,2775,2789,15,PACKAGE_SCENE,10000000,2442,2442,823,823,823,295,295,295,0,0,0,74571.6,46670,91540,515.402,221.439,4434.52
186,2790,2804,15,PACKAGE_SCENE,10000000,2442,2442,823,823,823,295,295,295,0,0,0,69494.3,47292,97015,447.967,223.068,3436.78
187,2805,2819,15,PACKAGE_SCENE,10000000,2442,2442,823,823,823,295,295,295,0,0,0,80903.1,49808,118903,492.866,217.159,4168.06
188,2820,2834,15,PACKAGE_SCENE,10000000,2442,2442,823,823,823,295,295,295,0,0,0,77804.1,50400,99271,356.284,216.974,2183.5
189,2835,2849,15,PACKAGE_SCENE,10000000,2442,2442,823,823,823,295,295,295,0,0,0,71011.8,46577,91960,234.619,227.836,260.642
190,2850,2864,15,PACKAGE_SCENE,10000000,2442,2442,823,823,823,295,295,295,0,0,0,69902.4,46452,92549,364.244,221.342,2259.71
191,2865,2879,15,PACKAGE_SCENE,10000000,2442,2442,823,823,823,295,295,295,0,0,0,69433.3,46019,87031,362.614,214.293,2210.97
192,2880,2894,15,PACKAGE_SCENE,10000000,2442,2442,823,823,823,295,295,295,0,0,0,68213.1,23607,98238,376.022,219.847,2415.73
193,2895,2909,15,PACKAGE_SCENE,10000000,2442,2442,823,823,823,295,295,295,0,0,0,65859.9,46714,92109,628.68,236.293,5953.93
194,2910,2924,15,PACKAGE_SCENE,10000000,2442,2442,823,823,823,295,295,295,0,0,0,79425.1,71485,99746,460.654,232.988,3307.41
195,2925,2939,15,PACKAGE_SCENE,10000000,2442,2442,823,823,823,295,295,295,0,0,0,80982.1,55739,107107,228.433,217.764,260.48
196,2940,2954,15,PACKAGE_SCENE,10000000,2442,2442,823,823,823,295,295,295,0,0,0,77562.9,48901,109290,386.098,215.407,2531.17
197,2955,2969,15,PACKAGE_SCENE,10000000,2442,2442,823,823,823,295,295,295,0,0,0,71885.3,46775,92545,427.88,210.698,3013.2
198,2970,2984,15,PACKAGE_SCENE,10000000,2442,2442,823,823,823,295,295,295,0,0,0,70984,45956,109870,416.351,209.952,2761.24
199,2985,2999,15,PACKAGE_SCENE,10000000,2442,2442,823,823,823,295,295,295,0,0,0,71608.5,43249,94740,412.744,206.962,3048.54
200,3000,3014,15,PACKAGE_SCENE,10000000,2442,2442,823,823,823,295,295,295,0,0,0,66373.5,25155,92083,333.178,206.308,1990.56
201,3015,3029,15,PACKAGE_SCENE,10000000,2442,2442,823,823,823,295,295,295,0,0,0,71333.4,42563,97504,213.856,208.619,229.956
202,3030,3044,15,PACKAGE_SCENE,10000000,2442,2442,823,823,823,295,295,295,0,0,0,74588.5,49267,90589,425.548,205.128,3381.99
203,3045,3059,15,PACKAGE_SCENE,10000000,2442,2442,823,823,823,295,295,295,0,0,0,64976.5,46860,101557,368.916,210.547,2505.33
204,3060,3074,15,PACKAGE_SCENE,10000000,2442,2442,823,823,823,295,295,295,0,0,0,74888.4,52856,100653,357.59,209.461,2318.42
205,3075,3089,15,PACKAGE_SCENE,10000000,2442,2442,823,823,823,295,295,295,0,0,0,68225.7,48371,86665,353.453,205.33,2280.28
206,3090,3104,15,PACKAGE_SCENE,10000000,2442,2442,823,823,823,295,295,295,0,0,0,70330.9,47227,86034,352.35,205.473,2281.73
207,3105,3119,15,PACKAGE_SCENE,10000000,2442,2442,823,823,823,295,295,295,0,0,0,74556.1,50658,105187,217.22,206.588,249.625
208,3120,3134,15,PACKAGE_SCENE,10000000,2442,2442,823,823,823,295,295,295,0,0,0,71814.5,49386,90203,373.823,208.585,2473.01
209,3135,3149,15,PACKAGE_SCENE,10000000,2442,2442,823,823,823,295,295,295,0,0,0,62619.1,40491,86417,366.199,209.115,2378.08
210,3150,3164,15,PACKAGE_SCENE,10000000,2442,2442,823,823,823,295,295,295,0,0,0,73302.7,49438,98672,362.49,211.339,2412.46
211,3165,3179,15,PACKAGE_SCENE,10000000,2442,2442,823,823,823,295,295,295,0,0,0,70744.5,50186,105001,359.267,207.311,2387.04
212,3180,3194,15,PACKAGE_SCENE,10000000,2442,2442,823,823,823,295,295,295,0,0,0,71472.2,47106,92914,373.876,209.118,2606.07
213,3195,3209,15,PACKAGE_SCENE,10000000,2442,2442,823,823,823,295,295,295,0,0,0,70285,46820,92645,214.396,205.191,251.357
214,3210,3224,15,PACKAGE_SCENE,10000000,2442,2442,823,823,823,295,295,295,0,0,0,71743.9,49815,98128,377.919,210.098,2336.57
215,3225,3239,15,PACKAGE_SCENE,10000000,2442,2442,823,823,823,295,295,295,0,0,0,71612.4,49382,97044,413.958,206.003,3178.43
216,3240,3254,15,PACKAGE_SCENE,10000000,2442,2442,823,823,823,295,295,295,0,0,0,65140,46929,85634,367.553,208.775,2506.18
217,3255,3269,15,PACKAGE_SCENE,10000000,2442,2442,823,823,823,295,295,295,0,0,0,67717.9,46899,83305,358.294,208.644,2355.21
218,3270,3284,15,PACKAGE_SCENE,10000000,2442,2442,823,823,823,295,295,295,0,0,0,67908.2,49510,82733,354.179,204.66,2302.51
219,3285,3299,15,PACKAGE_SCENE,10000000,2442,2442,823,823,823,295,295,295,0,0,0,71719.1,46852,104832,216.133,209.282,230.183
220,3300,3314,15,PACKAGE_SCENE,10000000,2442,2442,823,823,823,295,295,295,0,0,0,67728.9,47502,82154,357.687,208.354,2345.35
221,3315,3329,15,PACKAGE_SCENE,10000000,2442,2442,823,823,823,295,295,295,0,0,0,60579.3,43529,77948,389.432,210.34,2652.14
222,3330,3344,15,PACKAGE_SCENE,10000000,2442,2442,823,823,823,295,295,295,0,0,0,77995.5,49140,94862,326.055,210.066,1879.92
223,3345,3359,15,PACKAGE_SCENE,10000000,2442,2442,823,823,823,295,295,295,0,0,0,71382.5,48811,92153,310.972,207.552,1661.32
224,3360,3374,15,PACKAGE_SCENE,10000000,2442,2442,823,823,823,295,295,295,0,0,0,67767.6,46778,97346,367.863,205.144,2328.09
225,3375,3389,15,PACKAGE_SCENE,10000000,2442,2442,823,823,823,295,295,295,0,0,0,76517.9,46662,118934,226.104,206.473,261.163
226,3390,3404,15,PACKAGE_SCENE,10000000,2442,2442,823,823,823,295,295,295,0,0,0,69765.3,47276,95946,1276.87,208.619,16122
227,3405,3419,15,PACKAGE_SCENE,10000000,2442,2442,823,823,823,295,295,295,0,0,0,72115.9,46710,92320,214.079,208.533,225.409
228,3420,3434,15,PACKAGE_SCENE,10000000,2442,2442,823,823,823,295,295,295,0,0,0,65416.2,46812,80310,214.844,207.203,222.76
229,3435,3449,15,PACKAGE_SCENE,10000000,2442,2442,823,823,823,295,295,295,0,0,0,72091.5,47178,91558,226.148,208.003,270.335
230,3450,3464,15,PACKAGE_SCENE,10000000,2442,2442,823,823,823,295,295,295,0,0,0,73972.3,47014,92092,215.334,208.199,234.144
231,3465,3479,15,PACKAGE_SCENE,10000000,2442,2442,823,823,823,295,295,295,0,0,0,65540,46563,80216,237.868,210.077,280.572
232,3480,3494,15,PACKAGE_SCENE,10000000,2442,2442,823,823,823,295,295,295,0,0,0,69534.9,48734,91368,212.541,206.173,226.001
233,3495,3509,15,PACKAGE_SCENE,10000000,2442,2442,621,349,836,261.933,214,347,0,0,0,74055.6,36247,297996,194.216,171.442,229.275
234,3510,3524,15,PACKAGE_SCENE,10000000,2442,2442,738.333,455,901,296.4,169,397,0,0,0,65186.8,32257,101324,187.67,36.3677,222.751
235,3525,3539,15,PACKAGE_SCENE,10000000,2442,2442,1133.87,886,1224,287.667,261,399,0,0,0,51526.3,33287,92327,40.3454,36.7359,43.854
236,3540,3554,15,PACKAGE_SCENE,10000000,2442,2442,1445.47,1224,1526,306.267,263,322,0,0,0,54695.1,32002,75202,39.9197,38.7064,41.9946
237,3555,3569,15,PACKAGE_SCENE,10000000,2442,2442,1526,1526,1526,322,322,322,0,0,0,58186.9,35185,76394,40.3762,38.7134,44.4309
238,3570,3584,15,PACKAGE_SCENE,10000000,2442,2442,1526,1526,1526,322,322,322,0,0,0,55691.1,35975,74048,40.1571,38.7452,42.699
239,3585,3599,15,PACKAGE_SCENE,10000000,2442,2442,1526,1526,1526,322,322,322,0,0,0,57673.7,28155,104816,39.8686,38.2838,42.6212
240,3600,3614,15,PACKAGE_SCENE,10000000,2442,2442,1526,1526,1526,322,322,322,0,0,0,62435.1,35507,89533,39.3462,38.2666,42.8764
241,3615,3629,15,PACKAGE_SCENE,10000000,2442,2442,1526,1526,1526,322,322,322,0,0,0,53542.5,35444,73164,40.2449,38.8737,42.7525
242,3630,3644,15,PACKAGE_SCENE,10000000,2442,2442,1526,1526,1526,322,322,322,0,0,0,61221,36328,87645,39.7506,38.0697,42.0583
243,3645,3659,15,PACKAGE_SCENE,10000000,2442,2442,1526,1526,1526,322,322,322,0,0,0,59416,35487,90225,40.0099,38.6422,43.8074
244,3660,3674,15,PACKAGE_SCENE,10000000,2442,2442,1526,1526,1526,322,322,322,0,0,0,54908.3,34531,81915,39.4727,38.6981,41.7822
245,3675,3689,15,PACKAGE_SCENE,10000000,2442,2442,1526,1526,1526,322,322,322,0,0,0,69617.6,35561,91621,40.1023,37.959,49.1621
246,3690,3704,15,PACKAGE_SCENE,10000000,2442,2442,1526,1526,1526,322,322,322,0,0,0,69865.7,23440,111063,38.3747,37.445,39.6211
247,3705,3719,15,PACKAGE_SCENE,10000000,2442,2442,1526,1526,1526,322,322,322,0,0,0,64169.4,34934,104430,39.5214,37.6163,52.6813
248,3720,3734,15,PACKAGE_SCENE,10000000,2442,2442,1526,1526,1526,322,322,322,0,0,0,54772.1,34576,89783,39.4823,37.7373,48.9758
249,3735,3749,15,PACKAGE_SCENE,10000000,2442,2442,1526,1526,1526,322,322,322,0,0,0,64636.4,35574,98773,160.308,37.538,1843.94
250,3750,3764,15,PACKAGE_SCENE,10000000,2442,2442,1526,1526,1526,322,322,322,0,0,0,53573.3,35125,88028,131.91,37.4707,1420.36
251,3765,3779,15,PACKAGE_SCENE,10000000,2442,2442,1526,1526,1526,322,322,322,0,0,0,66618.9,38227,91955,86.3246,37.754,735.398
252,3780,3794,15,PACKAGE_SCENE,10000000,2442,2442,1526,1526,1526,322,322,322,0,0,0,62547.5,35446,98316,82.8398,37.3993,687.14
253,3795,3809,15,PACKAGE_SCENE,10000000,2442,2442,1526,1526,1526,322,322,322,0,0,0,55489,35462,89202,85.9654,37.8378,733.202
254,3810,3824,15,PACKAGE_SCENE,10000000,2442,2442,1526,1526,1526,322,322,322,0,0,0,62562.1,36051,88759,38.347,37.7227,39.9501
255,3825,3839,15,PACKAGE_SCENE,10000000,2442,2442,1526,1526,1526,322,322,322,0,0,0,59457.5,28358,100903,77.137,37.9184,603.009
256,3840,3854,15,PACKAGE_SCENE,10000000,2442,2442,1526,1526,1526,322,322,322,0,0,0,66819.7,35735,88971,931.96,37.8948,13333.7
257,3855,3869,15,PACKAGE_SCENE,10000000,2442,2442,1526,1526,1526,322,322,322,0,0,0,68335.7,35156,99558,72.7261,38.0696,495.807
258,3870,3884,15,PACKAGE_SCENE,10000000,2442,2442,1526,1526,1526,322,322,322,0,0,0,55959.9,35676,100967,92.0895,38.2588,518.743
259,3885,3899,15,PACKAGE_SCENE,10000000,2442,2442,1526,1526,1526,322,322,322,0,0,0,64862,34696,90131,102.209,41.3164,815.396
260,3900,3914,15,PACKAGE_SCENE,10000000,2442,2442,1526,1526,1526,322,322,322,0,0,0,60432.9,24239,92481,46.9154,38.0002,57.9102
261,3915,3929,15,PACKAGE_SCENE,10000000,2442,2442,1526,1526,1526,322,322,322,0,0,0,64991.1,35896,94235,72.6059,38.0749,520.314
262,3930,3944,15,PACKAGE_SCENE,10000000,2442,2442,1526,1526,1526,322,322,322,0,0,0,57572.9,34505,77154,65.7529,38.0409,420.663
263,3945,3959,15,PACKAGE_SCENE,10000000,2442,2442,1526,1526,1526,322,322,322,0,0,0,58622.7,35115,87078,67.5401,37.717,426.575
264,3960,3974,15,PACKAGE_SCENE,10000000,2442,2442,1526,1526,1526,322,322,322,0,0,0,62979.7,35947,88603,66.9466,38.004,427.683
265,3975,3989,15,PACKAGE_SCENE,10000000,2442,2442,1526,1526,1526,322,322,322,0,0,0,68472.7,34875,100114,71.3443,38.3474,446.813
266,3990,4004,15,PACKAGE_SCENE,10000000,2442,2442,1526,1526,1526,322,322,322,0,0,0,64942.4,34432,88565,41.3108,38.3944,48.0007
267,4005,4019,15,PACKAGE_SCENE,10000000,2442,2442,1526,1526,1526,322,322,322,0,0,0,61412.5,36815,91451,70.1105,37.8975,466.342
268,4020,4034,15,PACKAGE_SCENE,10000000,2442,2442,1526,1526,1526,322,322,322,0,0,0,64702.9,35669,88396,81.1776,38.5246,582.952
269,4035,4049,15,PACKAGE_SCENE,10000000,2442,2442,1526,1526,1526,322,322,322,0,0,0,62493.1,34649,91434,68.5906,38.2796,455.831
270,4050,4064,15,PACKAGE_SCENE,10000000,2442,2442,1526,1526,1526,322,322,322,0,0,0,70002.6,35501,106043,81.0125,38.3883,646.629
271,4065,4079,15,PACKAGE_SCENE,10000000,2442,2442,1526,1526,1526,322,322,322,0,0,0,62763.9,36239,86685,74.2741,38.4403,535.196
272,4080,4094,15,PACKAGE_SCENE,10000000,2442,2442,1526,1526,1526,322,322,322,0,0,0,66446.4,36067,88550,39.6021,38.2321,43.8544
273,4095,4109,15,PACKAGE_SCENE,10000000,2442,2442,1526,1526,1526,322,322,322,0,0,0,64232.3,37687,98582,70.3112,37.6589,484.106
274,4110,4124,15,PACKAGE_SCENE,10000000,2442,2442,1526,1526,1526,322,322,322,0,0,0,60040.7,36419,92772,71.9982,38.4379,497.349
275,4125,4139,15,PACKAGE_SCENE,10000000,2442,2442,1526,1526,1526,322,322,322,0,0,0,53109,34884,90783,71.6705,37.9459,506.025
276,4140,4154,15,PACKAGE_SCENE,10000000,2442,2442,1526,1526,1526,322,322,322,0,0,0,54260,35113,73654,71.0998,37.7568,501.249
277,4155,4169,15,PACKAGE_SCENE,10000000,2442,2442,1526,1526,1526,322,322,322,0,0,0,69318.6,36513,109246,71.5669,37.9943,499.485
278,4170,4184,15,PACKAGE_SCENE,10000000,2442,2442,1526,1526,1526,322,322,322,0,0,0,62474.7,27894,94123,39.4225,37.8225,43.2638
279,4185,4199,15,PACKAGE_SCENE,10000000,2442,2442,1526,1526,1526,322,322,322,0,0,0,55488.2,23714,83424,71.6195,37.8602,507.889
280,4200,4214,15,PACKAGE_SCENE,10000000,2442,2442,1526,1526,1526,322,322,322,0,0,0,60528.1,36566,87308,71.1801,38.187,495.54
281,4215,4229,15,PACKAGE_SCENE,10000000,2442,2442,1526,1526,1526,322,322,322,0,0,0,58832.8,23619,99728,71.8449,38.2316,499.122
282,4230,4244,15,PACKAGE_SCENE,10000000,2442,2442,1526,1526,1526,322,322,322,0,0,0,62115.1,36313,89551,72.3566,38.2418,492.725
283,4245,4259,15,PACKAGE_SCENE,10000000,2442,2442,1526,1526,1526,322,322,322,0,0,0,51894.6,28179,88849,69.5612,37.8596,479.102
284,4260,4274,15,PACKAGE_SCENE,10000000,2442,2442,1526,1526,1526,322,322,322,0,0,0,51684.1,23244,104731,40.4683,38.198,47.8754
285,4275,4289,15,PACKAGE_SCENE,10000000,2442,2442,1526,1526,1526,322,322,322,0,0,0,58521.9,23653,94938,86.8161,38.3017,672.824
286,4290,4304,15,PACKAGE_SCENE,10000000,2442,2442,1526,1526,1526,322,322,322,0,0,0,53825.2,36026,73936,74.1018,38.2773,519.45
287,4305,4319,15,PACKAGE_SCENE,10000000,2442,2442,1526,1526,1526,322,322,322,0,0,0,63594.1,35082,88394,84.7448,38.0529,625.982
288,4320,4334,15,PACKAGE_SCENE,10000000,2442,2442,1526,1526,1526,322,322,322,0,0,0,64963.7,36170,116898,86.4652,37.785,667.947
289,4335,4349,15,PACKAGE_SCENE,10000000,2442,2442,1526,1526,1526,322,322,322,0,0,0,58316.2,28063,104124,71.1309,37.8915,507.296
290,4350,4364,15,PACKAGE_SCENE,10000000,2442,2442,1526,1526,1526,322,322,322,0,0,0,57351.8,35518,85795,39.4642,37.7516,42.1105
291,4365,4379,15,PACKAGE_SCENE,10000000,2442,2442,1526,1526,1526,322,322,322,0,0,0,67822.9,34770,100725,64.6789,37.7451,405.499
292,4380,4394,15,PACKAGE_SCENE,10000000,2442,2442,1526,1526,1526,322,322,322,0,0,0,70350.4,38864,112100,65.4993,37.468,412.178
293,4395,4409,15,PACKAGE_SCENE,10000000,2442,2442,1526,1526,1526,322,322,322,0,0,0,54934.9,22847,87170,66.9969,37.9447,412.927
294,4410,4424,15,PACKAGE_SCENE,10000000,2442,2442,1526,1526,1526,322,322,322,0,0,0,50350.7,35296,74388,148.889,37.9643,1669.93
295,4425,4439,15,PACKAGE_SCENE,10000000,2442,2442,1526,1526,1526,322,322,322,0,0,0,64494,26713,89084,39.2445,37.5326,42.1163
296,4440,4454,15,PACKAGE_SCENE,10000000,2442,2442,1526,1526,1526,322,322,322,0,0,0,64603,22956,90983,39.6981,38.0952,42.7132
297,4455,4469,15,PACKAGE_SCENE,10000000,2442,2442,1526,1526,1526,322,322,322,0,0,0,52873.1,23733,92269,40.1854,37.7889,44.3895
298,4470,4484,15,PACKAGE_SCENE,10000000,2442,2442,1526,1526,1526,322,322,322,0,0,0,53533.3,34681,73599,39.5257,37.7275,43.4623
299,4485,4499,15,PACKAGE_SCENE,10000000,2442,2442,1526,1526,1526,322,322,322,0,0,0,59390,36633,84703,40.196,37.9992,45.6417
300,4500,4514,15,PACKAGE_SCENE,10000000,2442,2442,1526,1526,1526,322,322,322,0,0,0,58661.8,29211,74501,39.4851,37.8041,43.6934
301,4515,4529,15,PACKAGE_SCENE,10000000,2442,2442,1526,1526,1526,322,322,322,0,0,0,66913.9,36202,107217,38.7838,37.5571,42.7386
302,4530,4544,15,PACKAGE_SCENE,10000000,2442,2442,1526,1526,1526,322,322,322,0,0,0,62883.1,34940,108378,39.1551,37.6534,40.7554
303,4545,4559,15,PACKAGE_SCENE,10000000,2442,2442,1526,1526,1526,322,322,322,0,0,0,67313.3,35748,92037,39.0443,37.73,43.5382
304,4560,4574,15,PACKAGE_SCENE,10000000,2442,2442,1526,1526,1526,322,322,322,0,0,0,63572.3,35231,92528,38.7143,37.7894,41.4352
305,4575,4589,15,PACKAGE_SCENE,10000000,2442,2442,1526,1526,1526,322,322,322,0,0,0,56557.5,22992,82200,43.0322,37.6096,52.6471
306,4590,4604,15,PACKAGE_SCENE,10000000,2442,2442,1526,1526,1526,322,322,322,0,0,0,49460.9,23231,76256,48.3158,38.2765,51.7179
307,4605,4619,15,PACKAGE_SCENE,10000000,2442,2442,1526,1526,1526,322,322,322,0,0,0,52697.2,35636,88462,40.1435,38.0519,43.7566
308,4620,4634,15,PACKAGE_SCENE,10000000,2442,2442,1526,1526,1526,322,322,322,0,0,0,66626.3,38302,99758,39.5941,37.9011,41.5104
309,4635,4649,15,PACKAGE_SCENE,10000000,2442,2442,1526,1526,1526,322,322,322,0,0,0,64290.9,36556,85187,39.5446,37.7354,43.3029
310,4650,4664,15,PACKAGE_SCENE,10000000,2442,2442,1526,1526,1526,322,322,322,0,0,0,54973.4,35021,80278,38.9369,37.9462,42.2706
311,4665,4679,15,PACKAGE_SCENE,10000000,2442,2442,1526,1526,1526,322,322,322,0,0,0,64248.1,35461,90859,39.316,38.1489,41.6941
312,4680,4694,15,PACKAGE_SCENE,10000000,2442,2442,1526,1526,1526,322,322,322,0,0,0,61285.3,34645,88931,38.927,37.8291,42.1031
313,4695,4709,15,PACKAGE_SCENE,10000000,2442,2442,1526,1526,1526,322,322,322,0,0,0,59480.7,35274,92568,39.5617,37.7832,43.8104
314,4710,4724,15,PACKAGE_SCENE,10000000,2442,2442,1526,1526,1526,322,322,322,0,0,0,60473.1,35738,82226,39.5392,37.8615,43.7646
315,4725,4739,15,PACKAGE_SCENE,10000000,2442,2442,1526,1526,1526,322,322,322,0,0,0,65042.3,36519,110528,40.2083,38.0667,44.2983
316,4740,4754,15,PACKAGE_SCENE,10000000,2442,2442,1526,1526,1526,322,322,322,0,0,0,64070.3,35546,87602,38.8332,37.6187,42.5561
317,4755,4769,15,PACKAGE_SCENE,10000000,2442,2442,1526,1526,1526,322,322,322,0,0,0,50893.7,35609,76578,39.9241,37.8073,43.5467
318,4770,4784,15,PACKAGE_SCENE,10000000,2442,2442,1526,1526,1526,322,322,322,0,0,0,61524.7,23631,92794,39.4071,37.6317,42.8781
319,4785,4799,15,PACKAGE_SCENE,10000000,2442,2442,1526,1526,1526,322,322,322,0,0,0,68983.6,35802,88991,39.3853,37.8417,43.639
320,4800,4814,15,PACKAGE_SCENE,10000000,2442,2442,1526,1526,1526,322,322,322,0,0,0,59369.9,36641,73871,40.6608,38.8903,44.3226
321,4815,4829,15,PACKAGE_SCENE,10000000,2442,2442,1526,1526,1526,322,322,322,0,0,0,66110.6,35311,86505,40.3622,38.1633,42.5375
322,4830,4844,15,PACKAGE_SCENE,10000000,2442,2442,1526,1526,1526,322,322,322,0,0,0,65860.6,37672,88439,39.5959,38.1134,42.4406
323,4845,4859,15,PACKAGE_SCENE,10000000,2442,2442,1526,1526,1526,322,322,322,0,0,0,61130.4,36135,100331,39.9027,37.9944,42.4986
324,4860,4874,15,PACKAGE_SCENE,10000000,2442,2442,1526,1526,1526,322,322,322,0,0,0,62775.2,34846,99445,40.4815,38.0941,47.4843
325,4875,4889,15,PACKAGE_SCENE,10000000,2442,2442,1526,1526,1526,322,322,322,0,0,0,64271.4,27029,88706,42.5272,37.6589,52.4107
326,4890,4904,15,PACKAGE_SCENE,10000000,2442,2442,1526,1526,1526,322,322,322,0,0,0,66853.1,36128,92447,48.2877,38.6389,52.7967
327,4905,4919,15,PACKAGE_SCENE,10000000,2442,2442,1526,1526,1526,322,322,322,0,0,0,59663.9,34580,89065,39.0718,37.5765,41.7377
328,4920,4934,15,PACKAGE_SCENE,10000000,2442,2442,1526,1526,1526,322,322,322,0,0,0,64954.5,30012,88718,38.883,37.5511,44.7055
329,4935,4949,15,PACKAGE_SCENE,10000000,2442,2442,1526,1526,1526,322,322,322,0,0,0,67320.1,35647,104591,38.8761,37.8597,41.2276
330,4950,4964,15,PACKAGE_SCENE,10000000,2442,2442,1526,1526,1526,322,322,322,0,0,0,63872.6,35920,89748,38.9549,37.4906,42.3114
331,4965,4979,15,PACKAGE_SCENE,10000000,2442,2442,1526,1526,1526,322,322,322,0,0,0,64722.3,34994,88018,39.1094,37.8037,42.5884
332,4980,4994,15,PACKAGE_SCENE,10000000,2442,2442,1526,1526,1526,322,322,322,0,0,0,61613.9,28584,98416,39.0053,37.7072,43.1433
333,4995,5009,15,PACKAGE_SCENE,10000000,2442,2442,1526,1526,1526,322,322,322,0,0,0,67259.3,35962,103110,39.6204,37.8673,43.3349
334,5010,5024,15,PACKAGE_SCENE,10000000,2442,2442,1526,1526,1526,322,322,322,0,0,0,60917.7,34556,91589,39.3107,37.9285,41.5077
335,5025,5039,15,PACKAGE_SCENE,10000000,2442,2442,1526,1526,1526,322,322,322,0,0,0,62753.5,34891,89487,39.1837,37.9544,41.2136
336,5040,5054,15,PACKAGE_SCENE,10000000,2442,2442,1526,1526,1526,322,322,322,0,0,0,59983,31261,81369,39.151,37.9244,43.118
337,5055,5069,15,PACKAGE_SCENE,10000000,2442,2442,1526,1526,1526,322,322,322,0,0,0,63748.1,28455,94958,39.7376,37.7311,44.1828
338,5070,5084,15,PACKAGE_SCENE,10000000,2442,2442,1526,1526,1526,322,322,322,0,0,0,63756.7,35913,84589,39.2236,37.5016,41.3984
339,5085,5099,15,PACKAGE_SCENE,10000000,2442,2442,1526,1526,1526,322,322,322,0,0,0,58671.5,36186,88670,41.558,38.2072,48.4041
340,5100,5114,15,PACKAGE_SCENE,10000000,2442,2442,1526,1526,1526,322,322,322,0,0,0,60096.1,35395,81853,39.319,38.0091,42.6851
341,5115,5129,15,PACKAGE_SCENE,10000000,2442,2442,1526,1526,1526,322,322,322,0,0,0,66066.4,27786,99292,39.2308,37.6612,44.717
342,5130,5144,15,PACKAGE_SCENE,10000000,2442,2442,1526,1526,1526,322,322,322,0,0,0,66347.3,36016,108019,39.262,38.1073,44.3651
343,5145,5159,15,PACKAGE_SCENE,10000000,2442,2442,1526,1526,1526,322,322,322,0,0,0,67007.9,35971,86999,39.5698,37.7877,42.2792
344,5160,5174,15,PACKAGE_SCENE,10000000,2442,2442,1526,1526,1526,322,322,322,0,0,0,62255,34601,84675,38.9277,37.9579,42.8552
345,5175,5189,15,PACKAGE_SCENE,10000000,2442,2442,1526,1526,1526,322,322,322,0,0,0,66924.2,35064,80503,38.8348,37.9781,42.3502
346,5190,5204,15,PACKAGE_SCENE,10000000,2442,2442,1526,1526,1526,322,322,322,0,0,0,59671,36039,92664,39.1055,37.9524,43.4034
347,5205,5219,15,PACKAGE_SCENE,10000000,2442,2442,1526,1526,1526,322,322,322,0,0,0,58990.2,35818,76410,39.0679,38.0071,41.314
348,5220,5234,15,PACKAGE_SCENE,10000000,2442,2442,1526,1526,1526,322,322,322,0,0,0,64852.1,34276,100709,39.6714,37.7564,43.5516
349,5235,5249,15,PACKAGE_SCENE,10000000,2442,2442,1526,1526,1526,322,322,322,0,0,0,61015.4,23293,92906,38.8237,37.459,41.3909
350,5250,5264,15,PACKAGE_SCENE,10000000,2442,2442,1526,1526,1526,322,322,322,0,0,0,67415.3,34924,90664,39.8739,37.9886,41.528
351,5265,5279,15,PACKAGE_SCENE,10000000,2442,2442,1526,1526,1526,322,322,322,0,0,0,62163.9,27857,93846,39.7566,37.7403,42.0447
352,5280,5294,15,PACKAGE_SCENE,10000000,2442,2442,1526,1526,1526,322,322,322,0,0,0,60326.9,34561,84494,39.9666,37.929,49.0638
353,5295,5309,15,PACKAGE_SCENE,10000000,2442,2442,1526,1526,1526,322,322,322,0,0,0,59228,23510,81327,43.5123,37.8571,52.785
354,5310,5324,15,PACKAGE_SCENE,10000000,2442,2442,1526,1526,1526,322,322,322,0,0,0,65152.2,34879,87675,47.3338,37.9529,52.2254
355,5325,5339,15,PACKAGE_SCENE,10000000,2442,2442,1526,1526,1526,322,322,322,0,0,0,61783.1,35997,98472,39.09,37.6033,41.3197
356,5340,5354,15,PACKAGE_SCENE,10000000,2442,2442,1526,1526,1526,322,322,322,0,0,0,65802.5,35993,92383,38.8477,37.9228,40.6604
357,5355,5369,15,PACKAGE_SCENE,10000000,2442,2442,1526,1526,1526,322,322,322,0,0,0,54123.9,29961,75320,38.6877,37.6298,40.7372
358,5370,5384,15,PACKAGE_SCENE,10000000,2442,2442,1526,1526,1526,322,322,322,0,0,0,55049.7,23326,93375,39.0579,37.7715,44.161
359,5385,5399,15,PACKAGE_SCENE,10000000,2442,2442,1526,1526,1526,322,322,322,0,0,0,61082,35729,91256,39.2498,37.7314,41.3905
360,5400,5414,15,PACKAGE_SCENE,10000000,2442,2442,1526,1526,1526,322,322,322,0,0,0,60932,29585,90124,39.5239,38.0217,42.2936
361,5415,5429,15,PACKAGE_SCENE,10000000,2442,2442,1526,1526,1526,322,322,322,0,0,0,57267.7,35121,92844,39.5268,37.719,41.3026
362,5430,5444,15,PACKAGE_SCENE,10000000,2442,2442,1526,1526,1526,322,322,322,0,0,0,64123.1,37016,82232,39.0552,37.8127,41.1246
363,5445,5459,15,PACKAGE_SCENE,10000000,2442,2442,1526,1526,1526,322,322,322,0,0,0,46379.5,30628,73062,39.5152,37.9006,42.3717
364,5460,5474,15,PACKAGE_SCENE,10000000,2442,2442,1526,1526,1526,322,322,322,0,0,0,51966,35402,87688,39.2013,37.7726,42.2118
365,5475,5489,15,PACKAGE_SCENE,10000000,2442,2442,1526,1526,1526,322,322,322,0,0,0,53464.1,29204,85584,38.9574,37.6954,41.2723
366,5490,5504,15,PACKAGE_SCENE,10000000,2442,2442,1526,1526,1526,322,322,322,0,0,0,58335.8,26559,89344,38.8442,37.7311,41.5557
367,5505,5519,15,PACKAGE_SCENE,10000000,2442,2442,1526,1526,1526,322,322,322,0,0,0,49720.3,36118,75934,38.8972,37.5906,41.6093
368,5520,5534,15,PACKAGE_SCENE,10000000,2442,2442,1526,1526,1526,322,322,322,0,0,0,63137.4,35853,74425,39.4859,38.1246,41.5428
369,5535,5549,15,PACKAGE_SCENE,10000000,2442,2442,1526,1526,1526,322,322,322,0,0,0,56627.3,23568,81490,39.3031,38.1363,41.5219
370,5550,5564,15,PACKAGE_SCENE,10000000,2442,2442,1526,1526,1526,322,322,322,0,0,0,59222.2,23854,89950,39.3858,37.8902,42.9571
371,5565,5579,15,PACKAGE_SCENE,10000000,2442,2442,1526,1526,1526,322,322,322,0,0,0,68461.5,23415,104129,40.3206,38.069,43.7233
372,5580,5594,15,PACKAGE_SCENE,10000000,2442,2442,1526,1526,1526,322,322,322,0,0,0,64730.1,23047,97384,39.2551,37.5239,43.2575
373,5595,5609,15,PACKAGE_SCENE,10000000,2442,2442,1526,1526,1526,322,322,322,0,0,0,62712.3,35603,99551,39.2985,38.161,41.4113
374,5610,5624,15,PACKAGE_SCENE,10000000,2442,2442,1526,1526,1526,322,322,322,0,0,0,63307.3,36467,86316,39.2586,37.9889,41.8086
375,5625,5639,15,PACKAGE_SCENE,10000000,2442,2442,1526,1526,1526,322,322,322,0,0,0,67530.6,35468,108212,38.9235,37.6741,42.0078
376,5640,5654,15,PACKAGE_SCENE,10000000,2442,2442,1526,1526,1526,322,322,322,0,0,0,55879.1,35883,75965,39.1457,37.6602,43.3104
377,5655,5669,15,PACKAGE_SCENE,10000000,2442,2442,1526,1526,1526,322,322,322,0,0,0,63302.9,34626,86936,39.4612,37.9536,43.5
378,5670,5684,15,PACKAGE_SCENE,10000000,2442,2442,1526,1526,1526,322,322,322,0,0,0,57143.2,30419,76384,40.0997,38.1038,43.4687
379,5685,5699,15,PACKAGE_SCENE,10000000,2442,2442,1526,1526,1526,322,322,322,0,0,0,60158.4,34043,88976,39.7967,37.62,44.6087
380,5700,5714,15,PACKAGE_SCENE,10000000,2442,2442,1526,1526,1526,322,322,322,0,0,0,67657.3,36798,87349,38.9988,37.8799,40.7089
381,5715,5729,15,PACKAGE_SCENE,10000000,2442,2442,1526,1526,1526,322,322,322,0,0,0,55140.8,35833,83843,39.6696,37.5728,43.0536
382,5730,5744,15,PACKAGE_SCENE,10000000,2442,2442,1526,1526,1526,322,322,322,0,0,0,62307.7,29976,89090,40.1266,37.3991,43.8182
383,5745,5759,15,PACKAGE_SCENE,10000000,2442,2442,1526,1526,1526,322,322,322,0,0,0,61383.6,36066,80856,39.6519,37.8955,44.6515
384,5760,5774,15,PACKAGE_SCENE,10000000,2442,2442,1526,1526,1526,322,322,322,0,0,0,63504.9,35409,108722,39.6648,37.8304,43.2768
385,5775,5789,15,PACKAGE_SCENE,10000000,2442,2442,1526,1526,1526,322,322,322,0,0,0,63497.4,36686,89361,38.9499,37.7975,41.7244
386,5790,5804,15,PACKAGE_SCENE,10000000,2442,2442,1526,1526,1526,322,322,322,0,0,0,64853.5,38619,84734,39.4439,37.6251,45.4631
387,5805,5819,15,PACKAGE_SCENE,10000000,2442,2442,1526,1526,1526,322,322,322,0,0,0,49823.3,28710,88244,39.3767,37.6415,45.7483
388,5820,5834,15,PACKAGE_SCENE,10000000,2442,2442,1526,1526,1526,322,322,322,0,0,0,62272.7,35315,89141,38.97,37.4692,40.9518
389,5835,5849,15,PACKAGE_SCENE,10000000,2442,2442,1526,1526,1526,322,322,322,0,0,0,61018.2,35931,84392,39.1714,37.7963,42.4883
390,5850,5864,15,PACKAGE_SCENE,10000000,2442,2442,1526,1526,1526,322,322,322,0,0,0,59154.4,36071,89914,38.8311,37.6311,41.4342
391,5865,5879,15,PACKAGE_SCENE,10000000,2442,2442,1526,1526,1526,322,322,322,0,0,0,58344.3,27532,89474,39.1316,37.7694,42.0947
392,5880,5894,15,PACKAGE_SCENE,10000000,2442,2442,1526,1526,1526,322,322,322,0,0,0,60672.4,34634,100041,39.2989,37.6899,41.5306
393,5895,5909,15,PACKAGE_SCENE,10000000,2442,2442,1526,1526,1526,322,322,322,0,0,0,52189.3,34674,88120,39.1553,38.0792,41.5235
394,5910,5924,15,PACKAGE_SCENE,10000000,2442,2442,1526,1526,1526,322,322,322,0,0,0,57185.1,35644,87175,39.4887,37.829,43.4356
395,5925,5939,15,PACKAGE_SCENE,10000000,2442,2442,1526,1526,1526,322,322,322,0,0,0,69560.7,35310,112322,38.8747,37.8861,41.7492
396,5940,5954,15,PACKAGE_SCENE,10000000,2442,2442,1526,1526,1526,322,322,322,0,0,0,58666.1,23450,93849,39.3906,37.5773,42.2904
397,5955,5969,15,PACKAGE_SCENE,10000000,2442,2442,1526,1526,1526,322,322,322,0,0,0,57266.5,34354,88898,39.1298,37.3962,41.9377
398,5970,5984,15,PACKAGE_SCENE,10000000,2442,2442,1526,1526,1526,322,322,322,0,0,0,56974.5,35799,95322,39.3456,37.7246,42.6682
399,5985,5999,15,PACKAGE_SCENE,10000000,2442,2442,1526,1526,1526,322,322,322,0,0,0,68217.9,29375,109022,39.1046,37.6866,40.9717
400,6000,6014,15,PACKAGE_SCENE,10000000,2442,2442,1526,1526,1526,322,322,322,0,0,0,61464.4,35856,83912,39.8954,37.6609,45.2824
401,6015,6029,15,PACKAGE_SCENE,10000000,2442,2442,1526,1526,1526,322,322,322,0,0,0,67533.2,23775,103259,39.6562,37.5742,44.1809
402,6030,6044,15,PACKAGE_SCENE,10000000,2442,2442,1526,1526,1526,322,322,322,0,0,0,63070.5,35904,99194,39.2271,37.8143,43.5105
403,6045,6059,15,PACKAGE_SCENE,10000000,2442,2442,1526,1526,1526,322,322,322,0,0,0,67976.1,36108,88286,39.1008,37.8288,43.1225
404,6060,6074,15,PACKAGE_SCENE,10000000,2442,2442,1526,1526,1526,322,322,322,0,0,0,64552.9,23391,88071,38.8595,37.7875,40.9126
405,6075,6089,15,PACKAGE_SCENE,10000000,2442,2442,1526,1526,1526,322,322,322,0,0,0,60836.7,35635,97393,38.8368,37.687,41.8839
406,6090,6104,15,PACKAGE_SCENE,10000000,2442,2442,1526,1526,1526,322,322,322,0,0,0,58833.9,35827,93281,39.1345,37.6585,42.8914
407,6105,6119,15,PACKAGE_SCENE,10000000,2442,2442,1526,1526,1526,322,322,322,0,0,0,56251.8,35530,86247,39.893,38.0003,43.441
408,6120,6134,15,PACKAGE_SCENE,10000000,2442,2442,1526,1526,1526,322,322,322,0,0,0,49553.4,29485,85450,40.234,37.8198,44.5563
409,6135,6149,15,PACKAGE_SCENE,10000000,2442,2442,1526,1526,1526,322,322,322,0,0,0,68918.5,35916,87132,39.5393,37.7765,42.1948
410,6150,6164,15,PACKAGE_SCENE,10000000,2442,2442,1526,1526,1526,322,322,322,0,0,0,56048.3,35946,75414,39.2362,37.6305,42.0364
411,6165,6179,15,PACKAGE_SCENE,10000000,2442,2442,1526,1526,1526,322,322,322,0,0,0,64533.6,22998,99874,39.9732,37.7243,44.1832
412,6180,6194,15,PACKAGE_SCENE,10000000,2442,2442,1526,1526,1526,322,322,322,0,0,0,71160.8,35236,99368,42.2575,38.2197,49.6121
413,6195,6209,15,PACKAGE_SCENE,10000000,2442,2442,1526,1526,1526,322,322,322,0,0,0,61802.1,35172,88657,49.1463,45.8724,52.9517
414,6210,6224,15,PACKAGE_SCENE,10000000,2442,2442,1526,1526,1526,322,322,322,0,0,0,69478.1,35436,92526,38.9973,37.6634,41.2332
415,6225,6239,15,PACKAGE_SCENE,10000000,2442,2442,1526,1526,1526,322,322,322,0,0,0,54490.3,35298,82007,39.4851,37.5973,42.922
416,6240,6254,15,PACKAGE_SCENE,10000000,2442,2442,1526,1526,1526,322,322,322,0,0,0,54345.8,35870,87454,39.8415,37.8653,42.2304
417,6255,6269,15,PACKAGE_SCENE,10000000,2442,2442,1526,1526,1526,322,322,322,0,0,0,60015.1,35345,107228,39.6355,38.2056,42.3173
418,6270,6284,15,PACKAGE_SCENE,10000000,2442,2442,1526,1526,1526,322,322,322,0,0,0,58306.2,23591,76049,40.0894,37.9808,42.8673
419,6285,6299,15,PACKAGE_SCENE,10000000,2442,2442,1526,1526,1526,322,322,322,0,0,0,58196.3,23998,88767,39.6774,37.543,42.379
420,6300,6314,15,PACKAGE_SCENE,10000000,2442,2442,1526,1526,1526,322,322,322,0,0,0,70569.1,35561,106800,47.7158,38.2111,61.2057
421,6315,6329,15,PACKAGE_SCENE,10000000,2442,2442,1526,1526,1526,322,322,322,0,0,0,53963.1,23431,91431,40.5189,37.8227,44.2605
422,6330,6344,15,PACKAGE_SCENE,10000000,2442,2442,1526,1526,1526,322,322,322,0,0,0,59118.3,35886,99012,42.2433,39.4855,46.4034
423,6345,6359,15,PACKAGE_SCENE,10000000,2442,2442,1526,1526,1526,322,322,322,0,0,0,54519.2,28182,79384,49.2386,42.6565,53.5616
424,6360,6374,15,PACKAGE_SCENE,10000000,2442,2442,1526,1526,1526,322,322,322,0,0,0,60611.5,34440,92172,47.5393,39.119,52.9201
425,6375,6389,15,PACKAGE_SCENE,10000000,2442,2442,1526,1526,1526,322,322,322,0,0,0,55891.7,35183,86445,40.7207,37.2913,52.5788
426,6390,6404,15,PACKAGE_SCENE,10000000,2442,2442,1526,1526,1526,322,322,322,0,0,0,59416,35165,92096,38.6962,37.3586,40.8857
427,6405,6419,15,PACKAGE_SCENE,10000000,2442,2442,1526,1526,1526,322,322,322,0,0,0,70056.1,22951,113515,45.8661,38.7804,52.3262
428,6420,6434,15,PACKAGE_SCENE,10000000,2442,2442,1526,1526,1526,322,322,322,0,0,0,64801.7,35921,92106,43.5671,37.6582,51.937
429,6435,6449,15,PACKAGE_SCENE,10000000,2442,2442,1526,1526,1526,322,322,322,0,0,0,62949.1,35856,88629,43.9206,37.5013,77.756
430,6450,6464,15,PACKAGE_SCENE,10000000,2442,2442,1526,1526,1526,322,322,322,0,0,0,58295.1,35458,83419,41.649,37.5019,51.4103
431,6465,6479,15,PACKAGE_SCENE,10000000,2442,2442,1526,1526,1526,322,322,322,0,0,0,52687.3,35456,85413,39.069,37.7113,42.0721
432,6480,6494,15,PACKAGE_SCENE,10000000,2442,2442,1526,1526,1526,322,322,322,0,0,0,59517.9,35148,87300,39.3073,37.5242,41.7665
433,6495,6509,15,PACKAGE_SCENE,10000000,2442,2442,1526,1526,1526,322,322,322,0,0,0,62797.6,36154,98685,39.4683,38.0676,42.2407
434,6510,6524,15,PACKAGE_SCENE,10000000,2442,2442,1526,1526,1526,322,322,322,0,0,0,63104,35564,88830,38.884,37.122,41.5448
435,6525,6539,15,PACKAGE_SCENE,10000000,2442,2442,1526,1526,1526,322,322,322,0,0,0,55434.3,23064,88681,39.407,37.7364,42.0118
436,6540,6554,15,PACKAGE_SCENE,10000000,2442,2442,1526,1526,1526,322,322,322,0,0,0,58311.3,23209,80371,39.4021,37.8275,43.9338
437,6555,6569,15,PACKAGE_SCENE,10000000,2442,2442,1526,1526,1526,322,322,322,0,0,0,63619.4,34733,89412,38.8183,37.5689,40.5139
438,6570,6584,15,PACKAGE_SCENE,10000000,2442,2442,1526,1526,1526,322,322,322,0,0,0,53740.6,35839,79930,39.5614,37.6127,42.6346
439,6585,6599,15,PACKAGE_SCENE,10000000,2442,2442,1526,1526,1526,322,322,322,0,0,0,61264.3,35517,111793,39.4325,37.8243,42.0814
440,6600,6614,15,PACKAGE_SCENE,10000000,2442,2442,1526,1526,1526,322,322,322,0,0,0,59934.7,29601,88351,39.1602,37.7566,42.5683
441,6615,6629,15,PACKAGE_SCENE,10000000,2442,2442,1526,1526,1526,322,322,322,0,0,0,58621.4,34873,121546,39.1868,37.2716,45.2257
442,6630,6644,15,PACKAGE_SCENE,10000000,2442,2442,1526,1526,1526,322,322,322,0,0,0,60761.3,35329,86763,38.8589,37.7208,42.4946
443,6645,6659,15,PACKAGE_SCENE,10000000,2442,2442,1526,1526,1526,322,322,322,0,0,0,57560.9,23684,88576,38.6555,37.5914,41.5285
444,6660,6674,15,PACKAGE_SCENE,10000000,2442,2442,1526,1526,1526,322,322,322,0,0,0,69797.9,36432,100305,39.2857,37.5816,42.0875
445,6675,6689,15,PACKAGE_SCENE,10000000,2442,2442,1526,1526,1526,322,322,322,0,0,0,67412.9,39184,89575,39.1122,37.0243,41.6857
446,6690,6704,15,PACKAGE_SCENE,10000000,2442,2442,1526,1526,1526,322,322,322,0,0,0,61196.8,34305,91998,40.5261,37.923,43.936
447,6705,6719,15,PACKAGE_SCENE,10000000,2442,2442,1526,1526,1526,322,322,322,0,0,0,58393.7,35198,74380,38.7776,37.2181,41.8793
448,6720,6734,15,PACKAGE_SCENE,10000000,2442,2442,1526,1526,1526,322,322,322,0,0,0,56300.6,35317,86904,39.0021,37.5908,42.0278
449,6735,6749,15,PACKAGE_SCENE,10000000,2442,2442,1526,1526,1526,322,322,322,0,0,0,61202.4,22940,73807,38.6196,37.2873,40.6975
450,6750,6764,15,PACKAGE_SCENE,10000000,2442,2442,1526,1526,1526,322,322,322,0,0,0,57720.5,28706,91245,39.4719,37.3071,43.0447
451,6765,6779,15,PACKAGE_SCENE,10000000,2442,2442,1526,1526,1526,322,322,322,0,0,0,59703.1,35310,89063,39.5453,37.6818,43.0442
452,6780,6794,15,PACKAGE_SCENE,10000000,2442,2442,1526,1526,1526,322,322,322,0,0,0,53741.6,35636,89150,38.6389,37.5075,40.032
453,6795,6809,15,PACKAGE_SCENE,10000000,2442,2442,1526,1526,1526,322,322,322,0,0,0,68002.3,36431,97935,39.2353,37.9123,40.8029
454,6810,6824,15,PACKAGE_SCENE,10000000,2442,2442,1526,1526,1526,322,322,322,0,0,0,54525.9,34810,88495,38.8847,37.3515,42.1448
455,6825,6839,15,PACKAGE_SCENE,10000000,2442,2442,1526,1526,1526,322,322,322,0,0,0,69629.9,35677,114418,39.0084,37.1305,43.2182
456,6840,6854,15,PACKAGE_SCENE,10000000,2442,2442,1526,1526,1526,322,322,322,0,0,0,62677.8,34826,89246,39.4358,37.5733,45.2805
457,6855,6869,15,PACKAGE_SCENE,10000000,2442,2442,1526,1526,1526,322,322,322,0,0,0,58871.1,35607,88194,38.7427,37.6404,41.6673
458,6870,6884,15,PACKAGE_SCENE,10000000,2442,2442,1526,1526,1526,322,322,322,0,0,0,57593,22891,99666,38.6938,37.7198,40.3196
459,6885,6899,15,PACKAGE_SCENE,10000000,2442,2442,1526,1526,1526,322,322,322,0,0,0,58915,29210,101061,38.7651,37.6356,40.7591
460,6900,6914,15,PACKAGE_SCENE,10000000,2442,2442,1526,1526,1526,322,322,322,0,0,0,65414,34604,108987,38.7083,37.3079,41.1411
461,6915,6929,15,PACKAGE_SCENE,10000000,2442,2442,1526,1526,1526,322,322,322,0,0,0,64010.7,35420,79949,38.9837,37.4751,41.194
462,6930,6944,15,PACKAGE_SCENE,10000000,2442,2442,1526,1526,1526,322,322,322,0,0,0,61010.3,29309,100606,39.5963,37.8736,44.2426
463,6945,6959,15,PACKAGE_SCENE,10000000,2442,2442,1526,1526,1526,322,322,322,0,0,0,75089.2,36739,112827,39.3075,38.0453,42.0542
464,6960,6974,15,PACKAGE_SCENE,10000000,2442,2442,1526,1526,1526,322,322,322,0,0,0,49247,34603,73892,40.1542,37.681,45.0094
465,6975,6989,15,PACKAGE_SCENE,10000000,2442,2442,1526,1526,1526,322,322,322,0,0,0,64208.3,35810,91939,39.0651,37.5268,41.4494
466,6990,7004,15,PACKAGE_SCENE,10000000,2442,2442,1526,1526,1526,322,322,322,0,0,0,65909.1,27742,90769,39.3963,37.8491,41.7443
467,7005,7019,15,PACKAGE_SCENE,10000000,2442,2442,1526,1526,1526,322,322,322,0,0,0,64149.1,34777,99642,39.7387,37.9032,44.4798
468,7020,7034,15,PACKAGE_SCENE,10000000,2442,2442,1526,1526,1526,322,322,322,0,0,0,64908.4,35188,88339,39.2159,37.6721,42.1488
469,7035,7049,15,PACKAGE_SCENE,10000000,2442,2442,1526,1526,1526,322,322,322,0,0,0,60702.7,35654,92230,39.4029,37.1916,43.8514
470,7050,7064,15,PACKAGE_SCENE,10000000,2442,2442,1526,1526,1526,322,322,322,0,0,0,66169.4,36232,94508,40.5321,38.0967,50.2568
471,7065,7079,15,PACKAGE_SCENE,10000000,2442,2442,1526,1526,1526,322,322,322,0,0,0,57286.8,36054,75965,38.6107,37.2601,41.4706
472,7080,7094,15,PACKAGE_SCENE,10000000,2442,2442,1526,1526,1526,322,322,322,0,0,0,55322.9,36213,73529,38.8619,37.7206,41.3327
473,7095,7109,15,PACKAGE_SCENE,10000000,2442,2442,1526,1526,1526,322,322,322,0,0,0,67574.1,35577,102798,38.7037,37.6184,41.5985
474,7110,7124,15,PACKAGE_SCENE,10000000,2442,2442,1526,1526,1526,322,322,322,0,0,0,52873.9,34963,73399,39.4882,37.8458,42.086
475,7125,7139,15,PACKAGE_SCENE,10000000,2442,2442,1526,1526,1526,322,322,322,0,0,0,54142.5,35564,80001,39.5962,37.5857,44.9947
476,7140,7154,15,PACKAGE_SCENE,10000000,2442,2442,1526,1526,1526,322,322,322,0,0,0,56473.9,35729,89959,39.7324,37.0941,43.6112
477,7155,7169,15,PACKAGE_SCENE,10000000,2442,2442,1526,1526,1526,322,322,322,0,0,0,67031.6,29591,100452,39.2633,37.7417,41.3243
478,7170,7184,15,PACKAGE_SCENE,10000000,2442,2442,1526,1526,1526,322,322,322,0,0,0,67984.2,35599,100601,39.2621,37.5581,42.0595
479,7185,7199,15,PACKAGE_SCENE,10000000,2442,2442,1526,1526,1526,322,322,322,0,0,0,60896,35340,94115,39.0348,37.7516,43.0277
480,7200,7214,15,PACKAGE_SCENE,10000000,2442,2442,1526,1526,1526,322,322,322,0,0,0,68962.2,36685,89544,39.3302,37.3827,43.2117
481,7215,7229,15,PACKAGE_SCENE,10000000,2442,2442,1526,1526,1526,322,322,322,0,0,0,56642.5,35393,98967,38.4529,37.39,41.2407
482,7230,7244,15,PACKAGE_SCENE,10000000,2442,2442,1526,1526,1526,322,322,322,0,0,0,55058.7,34611,73910,38.7993,37.4757,41.3234
483,7245,7259,15,PACKAGE_SCENE,10000000,2442,2442,1526,1526,1526,322,322,322,0,0,0,62805.4,36464,86695,38.2458,37.4986,40.6171
484,7260,7274,15,PACKAGE_SCENE,10000000,2442,2442,1526,1526,1526,322,322,322,0,0,0,59686.6,23313,88963,38.9327,37.534,42.854
485,7275,7289,15,PACKAGE_SCENE,10000000,2442,2442,1526,1526,1526,322,322,322,0,0,0,66288.1,24134,101990,39.9417,37.6366,43.4697
486,7290,7304,15,PACKAGE_SCENE,10000000,2442,2442,1526,1526,1526,322,322,322,0,0,0,61113.4,28918,104059,38.6921,37.3592,43.167
487,7305,7319,15,PACKAGE_SCENE,10000000,2442,2442,1526,1526,1526,322,322,322,0,0,0,62526,26803,88908,38.8251,37.4868,45.8102
488,7320,7334,15,PACKAGE_SCENE,10000000,2442,2442,1526,1526,1526,322,322,322,0,0,0,60652,35616,100156,39.7265,37.1121,42.9679
489,7335,7349,15,PACKAGE_SCENE,10000000,2442,2442,1526,1526,1526,322,322,322,0,0,0,64306.7,35349,93297,39.4532,37.6212,44.2585
490,7350,7364,15,PACKAGE_SCENE,10000000,2442,2442,1526,1526,1526,322,322,322,0,0,0,58264.6,22903,87474,38.9788,37.8823,41.1964
491,7365,7379,15,PACKAGE_SCENE,10000000,2442,2442,1526,1526,1526,322,322,322,0,0,0,58387.6,24206,102406,38.8983,37.4139,44.1911
492,7380,7394,15,PACKAGE_SCENE,10000000,2442,2442,1526,1526,1526,322,322,322,0,0,0,56885.2,34398,94796,38.9838,37.6378,41.0702
493,7395,7409,15,PACKAGE_SCENE,10000000,2442,2442,1526,1526,1526,322,322,322,0,0,0,63208.1,35924,91174,38.7749,37.5664,41.9562
494,7410,7424,15,PACKAGE_SCENE,10000000,2442,2442,1526,1526,1526,322,322,322,0,0,0,57892.7,27602,93907,39.7565,38.05,41.9964
495,7425,7439,15,PACKAGE_SCENE,10000000,2442,2442,1526,1526,1526,322,322,322,0,0,0,65242.4,29930,99827,39.1998,37.514,43.1915
496,7440,7454,15,PACKAGE_SCENE,10000000,2442,2442,1526,1526,1526,322,322,322,0,0,0,59185.5,34447,101173,39.2275,37.6388,41.9098
497,7455,7469,15,PACKAGE_SCENE,10000000,2442,2442,1526,1526,1526,322,322,322,0,0,0,66438.5,34869,108045,39.117,37.3151,43.3632
498,7470,7484,15,PACKAGE_SCENE,10000000,2442,2442,1526,1526,1526,322,322,322,0,0,0,56036.1,27125,88347,39.2799,37.7907,41.3721
499,7485,7499,15,PACKAGE_SCENE,10000000,2442,2442,1526,1526,1526,322,322,322,0,0,0,58672.1,26569,103667,38.712,37.5243,43.4109
500,7500,7514,15,PACKAGE_SCENE,10000000,2442,2442,1526,1526,1526,322,322,322,0,0,0,63073.6,35521,87383,38.5714,37.5098,40.8393
501,7515,7529,15,PACKAGE_SCENE,10000000,2442,2442,1526,1526,1526,322,322,322,0,0,0,49033.7,24354,88902,40.1239,37.8543,49.1658
502,7530,7544,15,PACKAGE_SCENE,10000000,2442,2442,1526,1526,1526,322,322,322,0,0,0,59939.7,35296,75519,39.5291,37.5706,42.2183
503,7545,7559,15,PACKAGE_SCENE,10000000,2442,2442,1526,1526,1526,322,322,322,0,0,0,61092.2,35988,85800,39.4307,37.4177,41.1235
504,7560,7574,15,PACKAGE_SCENE,10000000,2442,2442,1526,1526,1526,322,322,322,0,0,0,64041.3,35191,90246,39.4577,37.3814,43.4279
505,7575,7589,15,PACKAGE_SCENE,10000000,2442,2442,1526,1526,1526,322,322,322,0,0,0,54817.8,35428,89377,38.7306,37.3594,42.53
506,7590,7604,15,PACKAGE_SCENE,10000000,2442,2442,1526,1526,1526,322,322,322,0,0,0,55885.2,27584,88540,39.68,37.7401,44.1326
507,7605,7619,15,PACKAGE_SCENE,10000000,2442,2442,1526,1526,1526,322,322,322,0,0,0,56828,35022,89628,38.731,37.1867,42.2349
508,7620,7634,15,PACKAGE_SCENE,10000000,2442,2442,1526,1526,1526,322,322,322,0,0,0,64650.9,36129,88033,39.5808,37.7772,45.1145
509,7635,7649,15,PACKAGE_SCENE,10000000,2442,2442,1526,1526,1526,322,322,322,0,0,0,61368.9,35271,92095,39.0407,37.4095,40.7223
510,7650,7664,15,PACKAGE_SCENE,10000000,2442,2442,1526,1526,1526,322,322,322,0,0,0,53109,34242,111815,38.7474,37.558,42.8885
511,7665,7679,15,PACKAGE_SCENE,10000000,2442,2442,1526,1526,1526,322,322,322,0,0,0,68993.9,37208,88268,38.5763,37.2587,40.5268
512,7680,7694,15,PACKAGE_SCENE,10000000,2442,2442,1526,1526,1526,322,322,322,0,0,0,56318.9,34667,84779,38.3014,37.207,41.9435
513,7695,7709,15,PACKAGE_SCENE,10000000,2442,2442,1526,1526,1526,322,322,322,0,0,0,53285,34792,92267,38.8433,37.5772,42.5945
514,7710,7724,15,PACKAGE_SCENE,10000000,2442,2442,1526,1526,1526,322,322,322,0,0,0,66126.3,36989,94144,38.8149,37.493,41.8916
515,7725,7739,15,PACKAGE_SCENE,10000000,2442,2442,1526,1526,1526,322,322,322,0,0,0,67099.4,36171,109144,38.9082,37.1672,41.9992
516,7740,7754,15,PACKAGE_SCENE,10000000,2442,2442,1526,1526,1526,322,322,322,0,0,0,56700.5,35677,108606,38.4153,37.2296,40.1956
517,7755,7769,15,PACKAGE_SCENE,10000000,2442,2442,1526,1526,1526,322,322,322,0,0,0,62017.2,22920,83837,38.6922,37.8658,40.4684
518,7770,7784,15,PACKAGE_SCENE,10000000,2442,2442,1526,1526,1526,322,322,322,0,0,0,65076,36011,85679,38.8178,37.6745,41.087
519,7785,7799,15,PACKAGE_SCENE,10000000,2442,2442,1526,1526,1526,322,322,322,0,0,0,59418.9,36065,100640,38.9944,37.7171,41.244
520,7800,7814,15,PACKAGE_SCENE,10000000,2442,2442,1526,1526,1526,322,322,322,0,0,0,59544.8,35229,93972,38.8377,37.5635,40.5967
521,7815,7829,15,PACKAGE_SCENE,10000000,2442,2442,1526,1526,1526,322,322,322,0,0,0,64369.4,35561,88330,39.0704,38.0472,41.8355
522,7830,7844,15,PACKAGE_SCENE,10000000,2442,2442,1526,1526,1526,322,322,322,0,0,0,66847.1,35861,110200,38.6548,37.5519,40.4214
523,7845,7859,15,PACKAGE_SCENE,10000000,2442,2442,1526,1526,1526,322,322,322,0,0,0,66565.5,35845,94811,38.7267,37.6694,40.6671
524,7860,7874,15,PACKAGE_SCENE,10000000,2442,2442,1526,1526,1526,322,322,322,0,0,0,67768.3,36339,106891,38.7072,37.6679,40.258
525,7875,7889,15,PACKAGE_SCENE,10000000,2442,2442,1526,1526,1526,322,322,322,0,0,0,64554.3,35324,86147,39.02,37.4001,41.2518
526,7890,7904,15,PACKAGE_SCENE,10000000,2442,2442,1526,1526,1526,322,322,322,0,0,0,57054.2,34616,87931,38.636,37.2849,40.6946
527,7905,7919,15,PACKAGE_SCENE,10000000,2442,2442,1526,1526,1526,322,322,322,0,0,0,59167,23264,92378,39.6247,38.1046,41.6447
528,7920,7934,15,PACKAGE_SCENE,10000000,2442,2442,1526,1526,1526,322,322,322,0,0,0,57170.1,35432,100524,38.6596,37.5382,41.9536
529,7935,7949,15,PACKAGE_SCENE,10000000,2442,2442,1526,1526,1526,322,322,322,0,0,0,60471.3,34768,101104,38.9212,37.5221,40.875
530,7950,7964,15,PACKAGE_SCENE,10000000,2442,2442,1526,1526,1526,322,322,322,0,0,0,69770.9,34770,109906,39.0989,37.5279,42.0606
531,7965,7979,15,PACKAGE_SCENE,10000000,2442,2442,1526,1526,1526,322,322,322,0,0,0,66318.9,38668,89572,39.5841,37.5827,42.5576
532,7980,7994,15,PACKAGE_SCENE,10000000,2442,2442,1526,1526,1526,322,322,322,0,0,0,55965.1,35583,87063,39.7685,37.5746,43.4443
533,7995,8009,15,PACKAGE_SCENE,10000000,2442,2442,1526,1526,1526,322,322,322,0,0,0,58260,30268,80130,38.736,37.4276,41.3832
534,8010,8024,15,PACKAGE_SCENE,10000000,2442,2442,1526,1526,1526,322,322,322,0,0,0,60309.7,35555,90610,39.0471,37.473,41.7355
535,8025,8039,15,PACKAGE_SCENE,10000000,2442,2442,1526,1526,1526,322,322,322,0,0,0,57348,31075,89575,38.6305,37.8197,40.8147
536,8040,8054,15,PACKAGE_SCENE,10000000,2442,2442,1526,1526,1526,322,322,322,0,0,0,57704.7,35611,76975,39.6057,37.7963,43.465
537,8055,8069,15,PACKAGE_SCENE,10000000,2442,2442,1526,1526,1526,322,322,322,0,0,0,58154,35533,89359,39.8037,37.4365,42.5488
538,8070,8084,15,PACKAGE_SCENE,10000000,2442,2442,1526,1526,1526,322,322,322,0,0,0,61221.9,35794,81940,40.2558,38.5354,42.6481
539,8085,8099,15,PACKAGE_SCENE,10000000,2442,2442,1526,1526,1526,322,322,322,0,0,0,64249.1,36056,74082,39.4027,37.6774,41.7517
540,8100,8114,15,PACKAGE_SCENE,10000000,2442,2442,1526,1526,1526,322,322,322,0,0,0,61344.8,33365,110035,39.7676,37.4159,45.3049
541,8115,8129,15,PACKAGE_SCENE,10000000,2442,2442,1526,1526,1526,322,322,322,0,0,0,62306,36177,103210,39.0074,37.4232,42.0987
542,8130,8144,15,PACKAGE_SCENE,10000000,2442,2442,1526,1526,1526,322,322,322,0,0,0,62134.5,34639,88888,38.9001,37.2081,41.3138
543,8145,8159,15,PACKAGE_SCENE,10000000,2442,2442,1526,1526,1526,322,322,322,0,0,0,58012.3,34624,82675,44.2173,38.1575,87.2975
544,8160,8174,15,PACKAGE_SCENE,10000000,2442,2442,1526,1526,1526,322,322,322,0,0,0,63121.2,34469,92187,38.7454,37.4094,42.2213
545,8175,8189,15,PACKAGE_SCENE,10000000,2442,2442,1526,1526,1526,322,322,322,0,0,0,58417,23785,89444,39.2468,37.2317,45.716
546,8190,8204,15,PACKAGE_SCENE,10000000,2442,2442,1526,1526,1526,322,322,322,0,0,0,57730.7,26966,79538,38.6741,37.4938,41.124
547,8205,8219,15,PACKAGE_SCENE,10000000,2442,2442,1526,1526,1526,322,322,322,0,0,0,59270.7,34859,86875,39.089,37.8639,42.0898
548,8220,8234,15,PACKAGE_SCENE,10000000,2442,2442,1526,1526,1526,322,322,322,0,0,0,64619.7,36213,85860,39.1668,37.4867,41.6894
549,8235,8249,15,PACKAGE_SCENE,10000000,2442,2442,1526,1526,1526,322,322,322,0,0,0,59050.1,36081,77288,39.1926,37.2379,43.3505
550,8250,8264,15,PACKAGE_SCENE,10000000,2442,2442,1526,1526,1526,322,322,322,0,0,0,63502.3,34829,87117,39.7198,37.694,46.4969
551,8265,8279,15,PACKAGE_SCENE,10000000,2442,2442,1526,1526,1526,322,322,322,0,0,0,66072.9,35722,88484,39.9942,38.1177,42.9082
552,8280,8294,15,PACKAGE_SCENE,10000000,2442,2442,1526,1526,1526,322,322,322,0,0,0,66061.9,37201,87389,39.1883,37.2084,43.2984
553,8295,8309,15,PACKAGE_SCENE,10000000,2442,2442,1526,1526,1526,322,322,322,0,0,0,60419.5,34576,82536,39.9876,37.7113,43.438
554,8310,8324,15,PACKAGE_SCENE,10000000,2442,2442,1526,1526,1526,322,322,322,0,0,0,61404.9,35296,88197,39.8272,37.9149,42.9358
555,8325,8339,15,PACKAGE_SCENE,10000000,2442,2442,1526,1526,1526,322,322,322,0,0,0,59336.5,35236,87730,39.4644,37.551,42.8429
556,8340,8354,15,PACKAGE_SCENE,10000000,2442,2442,1526,1526,1526,322,322,322,0,0,0,60881.4,34646,104139,39.1158,37.574,44.751
557,8355,8369,15,PACKAGE_SCENE,10000000,2442,2442,1526,1526,1526,322,322,322,0,0,0,58272,34970,91700,39.7224,37.9197,42.2527
558,8370,8384,15,PACKAGE_SCENE,10000000,2442,2442,1526,1526,1526,322,322,322,0,0,0,63767.8,34440,81892,38.7853,37.5842,41.1549
559,8385,8399,15,PACKAGE_SCENE,10000000,2442,2442,1526,1526,1526,322,322,322,0,0,0,57229.8,23199,88896,38.9161,37.553,41.9318
560,8400,8414,15,PACKAGE_SCENE,10000000,2442,2442,1526,1526,1526,322,322,322,0,0,0,61023.5,35239,80020,39.3305,37.5063,42.4496
561,8415,8429,15,PACKAGE_SCENE,10000000,2442,2442,1526,1526,1526,322,322,322,0,0,0,59474.6,30333,73918,38.7211,37.7757,40.4308
562,8430,8444,15,PACKAGE_SCENE,10000000,2442,2442,1526,1526,1526,322,322,322,0,0,0,57696.8,34901,87637,39.3385,37.316,42.0888
563,8445,8459,15,PACKAGE_SCENE,10000000,2442,2442,1526,1526,1526,322,322,322,0,0,0,63005.1,36165,91908,38.3955,37.351,40.4401
564,8460,8474,15,PACKAGE_SCENE,10000000,2442,2442,1526,1526,1526,322,322,322,0,0,0,54363.7,35523,86569,39.0635,37.9049,42.6192
565,8475,8489,15,PACKAGE_SCENE,10000000,2442,2442,1526,1526,1526,322,322,322,0,0,0,62144.1,35267,94994,38.9558,37.6823,41.1132
566,8490,8504,15,PACKAGE_SCENE,10000000,2442,2442,1526,1526,1526,322,322,322,0,0,0,71293.2,35659,89539,38.4476,37.4169,42.5362
567,8505,8519,15,PACKAGE_SCENE,10000000,2442,2442,1526,1526,1526,322,322,322,0,0,0,64897.9,46158,85624,39.0209,37.2403,41.7703
568,8520,8534,15,PACKAGE_SCENE,10000000,2442,2442,1526,1526,1526,322,322,322,0,0,0,64463.4,35174,92325,38.5438,37.5684,40.403
569,8535,8549,15,PACKAGE_SCENE,10000000,2442,2442,1526,1526,1526,322,322,322,0,0,0,47541.7,31102,74304,38.9987,37.6182,42.3701
570,8550,8564,15,PACKAGE_SCENE,10000000,2442,2442,1526,1526,1526,322,322,322,0,0,0,59965,35580,86305,39.0246,37.6072,41.1751
571,8565,8579,15,PACKAGE_SCENE,10000000,2442,2442,1526,1526,1526,322,322,322,0,0,0,67035.9,29278,99983,38.4008,37.4794,40.7835
572,8580,8594,15,PACKAGE_SCENE,10000000,2442,2442,1526,1526,1526,322,322,322,0,0,0,67196.1,50098,90975,39.1325,37.8352,42.0638
573,8595,8609,15,PACKAGE_SCENE,10000000,2442,2442,1526,1526,1526,322,322,322,0,0,0,60251.1,36241,88708,40.1255,37.4838,44.0858
574,8610,8624,15,PACKAGE_SCENE,10000000,2442,2442,1526,1526,1526,322,322,322,0,0,0,58289,35530,92826,39.0772,37.5769,46.3583
575,8625,8639,15,PACKAGE_SCENE,10000000,2442,2442,1526,1526,1526,322,322,322,0,0,0,62412.6,36212,89743,39.0492,37.4728,43.6896
576,8640,8654,15,PACKAGE_SCENE,10000000,2442,2442,1526,1526,1526,322,322,322,0,0,0,60410.7,23231,121803,39.3854,37.5634,45.7851
577,8655,8669,15,PACKAGE_SCENE,10000000,2442,2442,1526,1526,1526,322,322,322,0,0,0,51181.5,23792,103864,39.2794,37.6312,41.5398
578,8670,8684,15,PACKAGE_SCENE,10000000,2442,2442,1526,1526,1526,322,322,322,0,0,0,59903.9,35295,79798,39.3887,37.5062,42.0941
579,8685,8699,15,PACKAGE_SCENE,10000000,2442,2442,1526,1526,1526,322,322,322,0,0,0,67255.3,35842,99360,39.2283,37.2535,41.783
580,8700,8714,15,PACKAGE_SCENE,10000000,2442,2442,1526,1526,1526,322,322,322,0,0,0,61184.1,34520,97698,39.7968,37.4541,43.9912
581,8715,8729,15,PACKAGE_SCENE,10000000,2442,2442,1526,1526,1526,322,322,322,0,0,0,61590.9,36194,89970,39.1931,37.1409,41.7466
582,8730,8744,15,PACKAGE_SCENE,10000000,2442,2442,1526,1526,1526,322,322,322,0,0,0,56885.4,35056,92162,38.8393,37.3388,43.6542
583,8745,8759,15,PACKAGE_SCENE,10000000,2442,2442,1526,1526,1526,322,322,322,0,0,0,56495.5,35044,73548,39.6232,37.6085,43.8637
584,8760,8774,15,PACKAGE_SCENE,10000000,2442,2442,1526,1526,1526,322,322,322,0,0,0,61256.8,34781,104521,40.0078,37.6902,42.7432
585,8775,8789,15,PACKAGE_SCENE,10000000,2442,2442,1526,1526,1526,322,322,322,0,0,0,61341.4,35465,96538,39.5968,37.736,41.9302
586,8790,8804,15,PACKAGE_SCENE,10000000,2442,2442,1526,1526,1526,322,322,322,0,0,0,57298.3,28214,92584,38.7077,37.3084,41.173
587,8805,8819,15,PACKAGE_SCENE,10000000,2442,2442,1526,1526,1526,322,322,322,0,0,0,60732.9,35118,92117,38.514,37.755,41.0161
588,8820,8834,15,PACKAGE_SCENE,10000000,2442,2442,1526,1526,1526,322,322,322,0,0,0,56239.6,35412,96149,38.7513,37.6387,41.4746
589,8835,8849,15,PACKAGE_SCENE,10000000,2442,2442,1526,1526,1526,322,322,322,0,0,0,59974.5,36953,85818,39.3533,37.5374,43.968
590,8850,8864,15,PACKAGE_SCENE,10000000,2442,2442,1526,1526,1526,322,322,322,0,0,0,58863.5,34589,83912,38.3779,37.3886,40.8873
591,8865,8879,15,PACKAGE_SCENE,10000000,2442,2442,1526,1526,1526,322,322,322,0,0,0,56904.6,35584,88817,39.5672,37.5351,46.7787
592,8880,8894,15,PACKAGE_SCENE,10000000,2442,2442,1526,1526,1526,322,322,322,0,0,0,54616.9,23343,102563,38.8678,36.9181,40.6311
593,8895,8909,15,PACKAGE_SCENE,10000000,2442,2442,1526,1526,1526,322,322,322,0,0,0,50394.5,28310,85687,39.2239,37.2591,42.3564
594,8910,8924,15,PACKAGE_SCENE,10000000,2442,2442,1526,1526,1526,322,322,322,0,0,0,63262.4,35416,100516,38.6095,37.6579,41.1432
595,8925,8939,15,PACKAGE_SCENE,10000000,2442,2442,1526,1526,1526,322,322,322,0,0,0,60269,35880,93603,38.5663,37.3486,40.8383
596,8940,8954,15,PACKAGE_SCENE,10000000,2442,2442,1526,1526,1526,322,322,322,0,0,0,61779,26674,98953,38.5856,37.6002,40.9207
597,8955,8969,15,PACKAGE_SCENE,10000000,2442,2442,1526,1526,1526,322,322,322,0,0,0,63683.3,36300,75276,38.8963,37.4533,44.3826
598,8970,8984,15,PACKAGE_SCENE,10000000,2442,2442,1526,1526,1526,322,322,322,0,0,0,61765.7,34622,88599,38.706,37.7134,40.3596
599,8985,8999,15,PACKAGE_SCENE,10000000,2442,2442,1526,1526,1526,322,322,322,0,0,0,53125.5,36048,80744,38.7696,37.771,42.2046
600,9000,9014,15,PACKAGE_SCENE,10000000,2442,2442,1526,1526,1526,322,322,322,0,0,0,66401.1,35734,92992,38.6918,37.6096,40.711
601,9015,9029,15,PACKAGE_SCENE,10000000,2442,2442,1526,1526,1526,322,322,322,0,0,0,67853.5,38591,92056,39.2007,37.7098,41.5267
602,9030,9044,15,PACKAGE_SCENE,10000000,2442,2442,1526,1526,1526,322,322,322,0,0,0,57766.1,27233,100990,38.8418,37.5595,41.3237
603,9045,9059,15,PACKAGE_SCENE,10000000,2442,2442,1526,1526,1526,322,322,322,0,0,0,60644.4,35309,89665,38.976,37.1545,41.8966
604,9060,9074,15,PACKAGE_SCENE,10000000,2442,2442,1526,1526,1526,322,322,322,0,0,0,64768.1,33872,90663,39.0827,37.6211,41.4738
605,9075,9089,15,PACKAGE_SCENE,10000000,2442,2442,1526,1526,1526,322,322,322,0,0,0,60428.8,28356,99501,38.7557,37.4845,41.5977
606,9090,9104,15,PACKAGE_SCENE,10000000,2442,2442,1526,1526,1526,322,322,322,0,0,0,61331.7,30218,88814,39.3591,37.6245,42.3192
607,9105,9119,15,PACKAGE_SCENE,10000000,2442,2442,1526,1526,1526,322,322,322,0,0,0,63415.7,34755,105147,39.585,37.1457,41.899
608,9120,9134,15,PACKAGE_SCENE,10000000,2442,2442,1526,1526,1526,322,322,322,0,0,0,66569.9,34533,97123,38.8954,37.4534,42.6623
609,9135,9149,15,PACKAGE_SCENE,10000000,2442,2442,1526,1526,1526,322,322,322,0,0,0,65127.6,35141,89154,39.9068,37.9239,42.2648
610,9150,9164,15,PACKAGE_SCENE,10000000,2442,2442,1526,1526,1526,322,322,322,0,0,0,54001.5,22980,79622,39.4706,37.4948,43.9307
611,9165,9179,15,PACKAGE_SCENE,10000000,2442,2442,1526,1526,1526,322,322,322,0,0,0,62940.9,34876,91897,38.067,37.1202,39.6748
612,9180,9194,15,PACKAGE_SCENE,10000000,2442,2442,1526,1526,1526,322,322,322,0,0,0,57851.4,35010,88463,38.9613,37.1702,41.3192
613,9195,9209,15,PACKAGE_SCENE,10000000,2442,2442,1526,1526,1526,322,322,322,0,0,0,59751,35192,73256,38.7899,37.6287,41.0107
614,9210,9224,15,PACKAGE_SCENE,10000000,2442,2442,1526,1526,1526,322,322,322,0,0,0,63236.5,28775,89705,38.6324,37.4481,41.0169
615,9225,9239,15,PACKAGE_SCENE,10000000,2442,2442,1526,1526,1526,322,322,322,0,0,0,67940.1,35509,89396,38.6059,37.5901,41.1319
616,9240,9254,15,PACKAGE_SCENE,10000000,2442,2442,1526,1526,1526,322,322,322,0,0,0,60558.2,34261,89705,38.5103,37.5232,39.7386
617,9255,9269,15,PACKAGE_SCENE,10000000,2442,2442,1526,1526,1526,322,322,322,0,0,0,53486.9,28283,80113,38.507,37.321,41.0751
618,9270,9284,15,PACKAGE_SCENE,10000000,2442,2442,1526,1526,1526,322,322,322,0,0,0,60867.8,35145,88006,38.8846,37.2782,41.1589
619,9285,9299,15,PACKAGE_SCENE,10000000,2442,2442,1526,1526,1526,322,322,322,0,0,0,56851,30384,76012,38.6465,37.5975,40.7876
620,9300,9314,15,PACKAGE_SCENE,10000000,2442,2442,1526,1526,1526,322,322,322,0,0,0,70779.2,35082,113203,38.2556,37.4097,41.9904
621,9315,9329,15,PACKAGE_SCENE,10000000,2442,2442,1526,1526,1526,322,322,322,0,0,0,60181.1,29799,87501,38.4728,37.8002,39.9979
622,9330,9344,15,PACKAGE_SCENE,10000000,2442,2442,1526,1526,1526,322,322,322,0,0,0,60060.6,36299,94573,40.0915,37.3345,44.7236
623,9345,9359,15,PACKAGE_SCENE,10000000,2442,2442,1526,1526,1526,322,322,322,0,0,0,54150.3,34873,85440,38.691,37.539,43.6937
624,9360,9374,15,PACKAGE_SCENE,10000000,2442,2442,1526,1526,1526,322,322,322,0,0,0,59869.1,35509,89739,39.4319,37.644,41.4423
625,9375,9389,15,PACKAGE_SCENE,10000000,2442,2442,1526,1526,1526,322,322,322,0,0,0,71566.5,35635,89857,39.1198,37.7309,42.2352
626,9390,9404,15,PACKAGE_SCENE,10000000,2442,2442,1526,1526,1526,322,322,322,0,0,0,62650.6,35820,85251,39.0182,37.7953,43.1813
627,9405,9419,15,PACKAGE_SCENE,10000000,2442,2442,1526,1526,1526,322,322,322,0,0,0,53755.1,35161,87767,40.0962,37.5704,44.0676
628,9420,9434,15,PACKAGE_SCENE,10000000,2442,2442,1526,1526,1526,322,322,322,0,0,0,59083.7,29589,85026,39.5223,36.7419,42.2894
629,9435,9449,15,PACKAGE_SCENE,10000000,2442,2442,1526,1526,1526,322,322,322,0,0,0,70729.3,49943,88577,39.2667,37.3807,41.1375
630,9450,9464,15,PACKAGE_SCENE,10000000,2442,2442,1526,1526,1526,322,322,322,0,0,0,55456.4,29001,100760,38.4971,37.3573,41.1
631,9465,9479,15,PACKAGE_SCENE,10000000,2442,2442,1526,1526,1526,322,322,322,0,0,0,62244.3,34838,87379,38.3431,37.2663,41.6713
632,9480,9494,15,PACKAGE_SCENE,10000000,2442,2442,1526,1526,1526,322,322,322,0,0,0,61951,34360,101608,45.5459,37.8218,52.8592
633,9495,9509,15,PACKAGE_SCENE,10000000,2442,2442,1526,1526,1526,322,322,322,0,0,0,62990.9,36032,86499,49.5355,40.6652,71.1809
634,9510,9524,15,PACKAGE_SCENE,10000000,2442,2442,1526,1526,1526,322,322,322,0,0,0,66395.7,35253,88414,41.3579,37.6108,49.9117
635,9525,9539,15,PACKAGE_SCENE,10000000,2442,2442,1526,1526,1526,322,322,322,0,0,0,57926.7,34528,92575,39.2773,37.7063,40.5759
636,9540,9554,15,PACKAGE_SCENE,10000000,2442,2442,1526,1526,1526,322,322,322,0,0,0,65649.1,34890,92732,40.8259,37.7849,50.4497
637,9555,9569,15,PACKAGE_SCENE,10000000,2442,2442,1526,1526,1526,322,322,322,0,0,0,59656.7,36339,87979,40.1992,37.2168,48.429
638,9570,9584,15,PACKAGE_SCENE,10000000,2442,2442,1526,1526,1526,322,322,322,0,0,0,55581.5,35259,88444,43.9785,38.6163,53.9769
639,9585,9599,15,PACKAGE_SCENE,10000000,2442,2442,1526,1526,1526,322,322,322,0,0,0,56600.8,36498,74760,48.7875,40.0994,56.1038
640,9600,9614,15,PACKAGE_SCENE,10000000,2442,2442,1526,1526,1526,322,322,322,0,0,0,61077.7,32044,109149,46.2601,37.7069,53.857
641,9615,9629,15,PACKAGE_SCENE,10000000,2442,2442,1526,1526,1526,322,322,322,0,0,0,72393.4,38481,93068,38.6365,37.5644,41.1391
642,9630,9644,15,PACKAGE_SCENE,10000000,2442,2442,1526,1526,1526,322,322,322,0,0,0,65363.3,35566,108156,42.2905,37.5845,61.0898
643,9645,9659,15,PACKAGE_SCENE,10000000,2442,2442,1526,1526,1526,322,322,322,0,0,0,55546.7,35755,90937,41.0429,37.6867,51.1588
644,9660,9674,15,PACKAGE_SCENE,10000000,2442,2442,1526,1526,1526,322,322,322,0,0,0,63978.2,31051,89024,38.4955,37.6879,40.5177
645,9675,9689,15,PACKAGE_SCENE,10000000,2442,2442,1526,1526,1526,322,322,322,0,0,0,63731.4,34797,82791,44.9508,37.3648,63.4577
646,9690,9704,15,PACKAGE_SCENE,10000000,2442,2442,1526,1526,1526,322,322,322,0,0,0,64371.2,36672,87498,44.0458,37.5705,55.6278
647,9705,9719,15,PACKAGE_SCENE,10000000,2442,2442,1526,1526,1526,322,322,322,0,0,0,58434.1,23929,88677,43.2628,37.8829,75.5023
648,9720,9734,15,PACKAGE_SCENE,10000000,2442,2442,1526,1526,1526,322,322,322,0,0,0,64954.6,23752,102365,38.7073,37.4184,41.1226
649,9735,9749,15,PACKAGE_SCENE,10000000,2442,2442,1526,1526,1526,322,322,322,0,0,0,65932.4,35063,92294,38.8677,37.1965,41.7567
650,9750,9764,15,PACKAGE_SCENE,10000000,2442,2442,1526,1526,1526,322,322,322,0,0,0,59043.7,34870,83528,39.0582,37.3504,41.3436
651,9765,9779,15,PACKAGE_SCENE,10000000,2442,2442,1526,1526,1526,322,322,322,0,0,0,55908.4,35014,85911,39.3709,37.4906,42.8225
652,9780,9794,15,PACKAGE_SCENE,10000000,2442,2442,1526,1526,1526,322,322,322,0,0,0,53796.5,35370,85766,39.1356,37.4546,44.151
653,9795,9809,15,PACKAGE_SCENE,10000000,2442,2442,1526,1526,1526,322,322,322,0,0,0,53242.7,28682,87241,38.7866,37.5656,41.4886
654,9810,9824,15,PACKAGE_SCENE,10000000,2442,2442,1526,1526,1526,322,322,322,0,0,0,62674.7,35337,99700,38.7801,37.1639,43.2435
655,9825,9839,15,PACKAGE_SCENE,10000000,2442,2442,1526,1526,1526,322,322,322,0,0,0,66943.6,23778,100072,38.6895,37.7422,40.2018
656,9840,9854,15,PACKAGE_SCENE,10000000,2442,2442,1526,1526,1526,322,322,322,0,0,0,66971,35433,110103,39.7331,37.827,43.2804
657,9855,9869,15,PACKAGE_SCENE,10000000,2442,2442,1526,1526,1526,322,322,322,0,0,0,59384.1,35054,100633,42.1388,37.438,85.7898
658,9870,9884,15,PACKAGE_SCENE,10000000,2442,2442,1526,1526,1526,322,322,322,0,0,0,68518.1,36110,110583,38.9369,37.6935,41.5929
659,9885,9899,15,PACKAGE_SCENE,10000000,2442,2442,1526,1526,1526,322,322,322,0,0,0,62359.9,35101,86489,39.2637,37.5486,42.0114
660,9900,9914,15,PACKAGE_SCENE,10000000,2442,2442,1526,1526,1526,322,322,322,0,0,0,71107.8,36102,92024,39.5699,37.4917,45.2051
661,9915,9929,15,PACKAGE_SCENE,10000000,2442,2442,1526,1526,1526,322,322,322,0,0,0,57520.7,35788,92957,38.8533,37.4358,40.726
662,9930,9944,15,PACKAGE_SCENE,10000000,2442,2442,1526,1526,1526,322,322,322,0,0,0,53578.1,35776,74400,39.2467,37.5004,41.5848
663,9945,9959,15,PACKAGE_SCENE,10000000,2442,2442,1526,1526,1526,322,322,322,0,0,0,52938.9,29739,93591,39.1095,37.3489,42.0801
664,9960,9974,15,PACKAGE_SCENE,10000000,2442,2442,1526,1526,1526,322,322,322,0,0,0,65530.7,35135,91186,38.9204,37.5026,42.4208
665,9975,9989,15,PACKAGE_SCENE,10000000,2442,2442,1526,1526,1526,322,322,322,0,0,0,53862.3,35160,74045,39.4203,37.5986,45.9337
666,9990,10004,15,PACKAGE_SCENE,10000000,2442,2442,1526,1526,1526,322,322,322,0,0,0,56656.9,36040,88913,38.9206,37.3606,41.6152
667,10005,10019,15,PACKAGE_SCENE,10000000,2442,2442,1526,1526,1526,322,322,322,0,0,0,60544.4,35402,110596,39.4646,37.4041,42.3252
668,10020,10034,15,PACKAGE_SCENE,10000000,2442,2442,1526,1526,1526,322,322,322,0,0,0,57221.8,23491,92277,38.9714,37.5948,41.9575
669,10035,10049,15,PACKAGE_SCENE,10000000,2442,2442,1526,1526,1526,322,322,322,0,0,0,59912,36548,87394,38.8649,37.7357,43.3562
670,10050,10064,15,PACKAGE_SCENE,10000000,2442,2442,1526,1526,1526,322,322,322,0,0,0,60537.1,36253,101879,39.2178,37.7111,42.9747
671,10065,10079,15,PACKAGE_SCENE,10000000,2442,2442,1526,1526,1526,322,322,322,0,0,0,61008.4,36327,87616,39.1921,37.783,42.5496
672,10080,10094,15,PACKAGE_SCENE,10000000,2442,2442,1526,1526,1526,322,322,322,0,0,0,66312.2,27368,88254,38.8724,37.5027,43.1996
673,10095,10109,15,PACKAGE_SCENE,10000000,2442,2442,1526,1526,1526,322,322,322,0,0,0,63237.3,36640,99990,38.8445,37.6068,42.0247
674,10110,10124,15,PACKAGE_SCENE,10000000,2442,2442,1526,1526,1526,322,322,322,0,0,0,62246.7,35765,81873,38.9975,37.133,43.939
675,10125,10139,15,PACKAGE_SCENE,10000000,2442,2442,1526,1526,1526,322,322,322,0,0,0,61804,26966,92698,38.854,37.7699,41.4577
676,10140,10154,15,PACKAGE_SCENE,10000000,2442,2442,1526,1526,1526,322,322,322,0,0,0,62832.3,34629,98938,40.3149,37.6692,45.0446
677,10155,10169,15,PACKAGE_SCENE,10000000,2442,2442,1526,1526,1526,322,322,322,0,0,0,62727.9,35345,89350,39.3745,37.3231,42.9043
678,10170,10184,15,PACKAGE_SCENE,10000000,2442,2442,1526,1526,1526,322,322,322,0,0,0,58162.7,30613,88782,39.812,37.4588,42.8724
679,10185,10199,15,PACKAGE_SCENE,10000000,2442,2442,1526,1526,1526,322,322,322,0,0,0,52813,34114,74237,38.718,37.602,41.2934
680,10200,10214,15,PACKAGE_SCENE,10000000,2442,2442,1526,1526,1526,322,322,322,0,0,0,63128,27277,94990,39.048,37.5942,41.3738
681,10215,10229,15,PACKAGE_SCENE,10000000,2442,2442,1526,1526,1526,322,322,322,0,0,0,63655.7,35848,100629,38.858,37.4501,40.8803
682,10230,10244,15,PACKAGE_SCENE,10000000,2442,2442,1526,1526,1526,322,322,322,0,0,0,63343.5,27928,105377,38.7423,37.3793,42.7926
683,10245,10259,15,PACKAGE_SCENE,10000000,2442,2442,1526,1526,1526,322,322,322,0,0,0,62992.1,36587,93546,38.9237,37.2782,43.6137
684,10260,10274,15,PACKAGE_SCENE,10000000,2442,2442,1526,1526,1526,322,322,322,0,0,0,64708.1,35381,112207,39.2761,38.0189,41.6716
685,10275,10289,15,PACKAGE_SCENE,10000000,2442,2442,1526,1526,1526,322,322,322,0,0,0,60630.4,36055,81431,38.3028,37.477,40.3372
686,10290,10304,15,PACKAGE_SCENE,10000000,2442,2442,1526,1526,1526,322,322,322,0,0,0,48444.5,28076,88288,39.4589,37.7616,41.5103
687,10305,10319,15,PACKAGE_SCENE,10000000,2442,2442,1526,1526,1526,322,322,322,0,0,0,56936.5,27117,80368,39.2436,37.3724,41.895
688,10320,10334,15,PACKAGE_SCENE,10000000,2442,2442,1526,1526,1526,322,322,322,0,0,0,62855.1,36489,89669,39.7854,37.9196,42.2973
689,10335,10349,15,PACKAGE_SCENE,10000000,2442,2442,1526,1526,1526,322,322,322,0,0,0,58480.6,35942,84100,39.8067,37.8419,44.2615
690,10350,10364,15,PACKAGE_SCENE,10000000,2442,2442,1526,1526,1526,322,322,322,0,0,0,63948.9,22923,112326,38.7106,37.6921,41.3326
691,10365,10379,15,PACKAGE_SCENE,10000000,2442,2442,1526,1526,1526,322,322,322,0,0,0,53056.5,29139,98960,39.6009,37.97,43.0347
692,10380,10394,15,PACKAGE_SCENE,10000000,2442,2442,1526,1526,1526,322,322,322,0,0,0,60340.6,35849,80797,39.9146,37.4693,43.4484
693,10395,10409,15,PACKAGE_SCENE,10000000,2442,2442,1526,1526,1526,322,322,322,0,0,0,52415.2,29296,74485,39.047,37.6211,42.6677
694,10410,10424,15,PACKAGE_SCENE,10000000,2442,2442,1526,1526,1526,322,322,322,0,0,0,54553.1,35258,94822,39.4241,37.532,42.4658
695,10425,10439,15,PACKAGE_SCENE,10000000,2442,2442,1526,1526,1526,322,322,322,0,0,0,63825.7,35113,88578,38.5884,37.2345,40.6207
696,10440,10454,15,PACKAGE_SCENE,10000000,2442,2442,1526,1526,1526,322,322,322,0,0,0,57381.9,36171,101585,39.1247,37.5534,41.2164
697,10455,10469,15,PACKAGE_SCENE,10000000,2442,2442,1526,1526,1526,322,322,322,0,0,0,55276.8,29679,73521,39.6785,37.7678,41.712
698,10470,10484,15,PACKAGE_SCENE,10000000,2442,2442,1526,1526,1526,322,322,322,0,0,0,59389.9,36143,92141,39.3398,38.084,43.0023
699,10485,10499,15,PACKAGE_SCENE,10000000,2442,2442,1526,1526,1526,322,322,322,0,0,0,59979.1,28554,95963,39.1181,37.6455,41.2883
700,10500,10514,15,PACKAGE_SCENE,10000000,2442,2442,1526,1526,1526,322,322,322,0,0,0,54615.9,35406,112507,40.3017,37.38,44.0626
701,10515,10529,15,PACKAGE_SCENE,10000000,2442,2442,1526,1526,1526,322,322,322,0,0,0,55181.9,34556,99868,39.5076,37.1872,43.9115
702,10530,10544,15,PACKAGE_SCENE,10000000,2442,2442,1526,1526,1526,322,322,322,0,0,0,51731.4,33797,111419,39.909,37.4079,44.4656
703,10545,10559,15,PACKAGE_SCENE,10000000,2442,2442,1526,1526,1526,322,322,322,0,0,0,65693.1,36033,93066,39.6334,37.7111,42.3485
704,10560,10574,15,PACKAGE_SCENE,10000000,2442,2442,1526,1526,1526,322,322,322,0,0,0,67961.5,35353,89338,39.1666,37.4651,42.5788
705,10575,10589,15,PACKAGE_SCENE,10000000,2442,2442,1526,1526,1526,322,322,322,0,0,0,52885.2,23594,100338,38.7291,37.6373,40.1999
706,10590,10604,15,PACKAGE_SCENE,10000000,2442,2442,1526,1526,1526,322,322,322,0,0,0,65737.9,35592,90272,43.8388,37.8595,50.5534
707,10605,10619,15,PACKAGE_SCENE,10000000,2442,2442,1526,1526,1526,322,322,322,0,0,0,63444.5,23822,91582,44.4735,38.4215,49.0657
708,10620,10634,15,PACKAGE_SCENE,10000000,2442,2442,1526,1526,1526,322,322,322,0,0,0,58713.9,35063,99922,42.6021,37.5661,48.8903
709,10635,10649,15,PACKAGE_SCENE,10000000,2442,2442,1526,1526,1526,322,322,322,0,0,0,71235.9,25504,100995,41.2019,37.5975,50.0828
710,10650,10664,15,PACKAGE_SCENE,10000000,2442,2442,1526,1526,1526,322,322,322,0,0,0,54442.4,35779,88892,43.2981,39.2663,50.449
711,10665,10679,15,PACKAGE_SCENE,10000000,2442,2442,1526,1526,1526,322,322,322,0,0,0,60310.8,35657,90653,40.7048,37.3157,47.3563
712,10680,10694,15,PACKAGE_SCENE,10000000,2442,2442,1526,1526,1526,322,322,322,0,0,0,62664.9,35359,73920,38.3628,36.8584,41.5179
713,10695,10709,15,PACKAGE_SCENE,10000000,2442,2442,1526,1526,1526,322,322,322,0,0,0,57848.3,35239,98757,40.3149,37.5626,46.4949
714,10710,10724,15,PACKAGE_SCENE,10000000,2442,2442,1526,1526,1526,322,322,322,0,0,0,57834.1,35142,98988,39.4079,37.3751,44.4943
715,10725,10739,15,PACKAGE_SCENE,10000000,2442,2442,1526,1526,1526,322,322,322,0,0,0,65946.3,35934,99489,38.5149,37.4722,41.7234
716,10740,10754,15,PACKAGE_SCENE,10000000,2442,2442,1526,1526,1526,322,322,322,0,0,0,56429.8,28991,100724,38.7308,37.4193,42.8366
717,10755,10769,15,PACKAGE_SCENE,10000000,2442,2442,1526,1526,1526,322,322,322,0,0,0,58853.5,35230,103840,38.9643,37.6528,40.4999
718,10770,10784,15,PACKAGE_SCENE,10000000,2442,2442,1526,1526,1526,322,322,322,0,0,0,68238.9,36622,97059,40.5242,38.0566,51.3751
719,10785,10799,15,PACKAGE_SCENE,10000000,2442,2442,1526,1526,1526,322,322,322,0,0,0,50311.8,22388,74282,45.9186,37.7772,52.0967
720,10800,10814,15,PACKAGE_SCENE,10000000,2442,2442,1526,1526,1526,322,322,322,0,0,0,57264.1,36132,89112,38.8554,37.2794,41.2991
721,10815,10829,15,PACKAGE_SCENE,10000000,2442,2442,1526,1526,1526,322,322,322,0,0,0,59237.9,23739,100739,39.1742,37.4778,43.594
722,10830,10844,15,PACKAGE_SCENE,10000000,2442,2442,1526,1526,1526,322,322,322,0,0,0,64450,36164,81051,48.7855,44.79,55.4574
723,10845,10859,15,PACKAGE_SCENE,10000000,2442,2442,1526,1526,1526,322,322,322,0,0,0,61730.3,35748,92139,47.0595,37.979,51.6379
724,10860,10874,15,PACKAGE_SCENE,10000000,2442,2442,1526,1526,1526,322,322,322,0,0,0,54807.3,28402,91764,41.3343,37.5944,52.1528
725,10875,10889,15,PACKAGE_SCENE,10000000,2442,2442,1526,1526,1526,322,322,322,0,0,0,72250.3,36097,104652,40.9157,37.7761,49.5323
726,10890,10904,15,PACKAGE_SCENE,10000000,2442,2442,1526,1526,1526,322,322,322,0,0,0,52918.3,35660,94234,40.9637,37.5471,45.1879
727,10905,10919,15,PACKAGE_SCENE,10000000,2442,2442,1526,1526,1526,322,322,322,0,0,0,56777,23275,84255,41.5898,37.8458,47.4299
728,10920,10934,15,PACKAGE_SCENE,10000000,2442,2442,1526,1526,1526,322,322,322,0,0,0,60632.4,36123,95704,41.5911,38.1176,50.3
729,10935,10949,15,PACKAGE_SCENE,10000000,2442,2442,1526,1526,1526,322,322,322,0,0,0,47130.1,22782,74090,38.6361,37.6505,40.8564
730,10950,10964,15,PACKAGE_SCENE,10000000,2442,2442,1526,1526,1526,322,322,322,0,0,0,55934.5,29890,100993,38.6984,37.8101,41.0368
731,10965,10979,15,PACKAGE_SCENE,10000000,2442,2442,1526,1526,1526,322,322,322,0,0,0,49611.7,34652,73810,43.2679,37.7915,52.4761
732,10980,10994,15,PACKAGE_SCENE,10000000,2442,2442,1526,1526,1526,322,322,322,0,0,0,56851.3,23545,88608,47.7762,40.951,70.4879
733,10995,11009,15,PACKAGE_SCENE,10000000,2442,2442,1526,1526,1526,322,322,322,0,0,0,67591.2,34255,81632,44.3293,37.7276,51.1235
734,11010,11024,15,PACKAGE_SCENE,10000000,2442,2442,1526,1526,1526,322,322,322,0,0,0,63116.1,36247,112324,40.9972,37.705,50.234
735,11025,11039,15,PACKAGE_SCENE,10000000,2442,2442,1526,1526,1526,322,322,322,0,0,0,62511.7,28460,94096,38.5207,37.4761,41.5056
736,11040,11054,15,PACKAGE_SCENE,10000000,2442,2442,1526,1526,1526,322,322,322,0,0,0,63717,35509,92183,38.9587,37.8715,42.3577
737,11055,11069,15,PACKAGE_SCENE,10000000,2442,2442,1526,1526,1526,322,322,322,0,0,0,50255.9,30526,82158,38.2588,37.1904,41.4828
738,11070,11084,15,PACKAGE_SCENE,10000000,2442,2442,1526,1526,1526,322,322,322,0,0,0,59231.7,35876,98913,39.0336,37.833,41.6729
739,11085,11099,15,PACKAGE_SCENE,10000000,2442,2442,1526,1526,1526,322,322,322,0,0,0,65746.7,35984,101048,38.1445,37.5202,39.2853
740,11100,11114,15,PACKAGE_SCENE,10000000,2442,2442,1526,1526,1526,322,322,322,0,0,0,69630.7,36065,96763,38.1234,37.6387,40.1149
741,11115,11129,15,PACKAGE_SCENE,10000000,2442,2442,1526,1526,1526,322,322,322,0,0,0,59863.1,34686,87685,38.5839,36.9924,42.29
742,11130,11144,15,PACKAGE_SCENE,10000000,2442,2442,1526,1526,1526,322,322,322,0,0,0,67530.4,35916,104038,39.482,37.7494,46.9926
743,11145,11159,15,PACKAGE_SCENE,10000000,2442,2442,1526,1526,1526,322,322,322,0,0,0,62145,35416,87591,45.4531,39.6122,50.9666
744,11160,11174,15,PACKAGE_SCENE,10000000,2442,2442,1526,1526,1526,322,322,322,0,0,0,58025.4,29767,101454,42.982,37.8609,50.0164
745,11175,11189,15,PACKAGE_SCENE,10000000,2442,2442,1526,1526,1526,322,322,322,0,0,0,56230.1,23414,79361,39.102,37.5399,41.295
746,11190,11204,15,PACKAGE_SCENE,10000000,2442,2442,1526,1526,1526,322,322,322,0,0,0,65536.1,35774,92549,38.7283,37.3853,41.7303
747,11205,11219,15,PACKAGE_SCENE,10000000,2442,2442,1526,1526,1526,322,322,322,0,0,0,59047.7,35062,91681,39.54,37.5241,41.5277
748,11220,11234,15,PACKAGE_SCENE,10000000,2442,2442,1526,1526,1526,322,322,322,0,0,0,55074.4,30961,84208,39.4401,37.4493,43.87
749,11235,11249,15,PACKAGE_SCENE,10000000,2442,2442,1526,1526,1526,322,322,322,0,0,0,58501.9,35206,76747,38.6457,37.5874,40.7117
750,11250,11264,15,PACKAGE_SCENE,10000000,2442,2442,1526,1526,1526,322,322,322,0,0,0,61210.7,35518,101150,38.7315,37.5965,40.7406
751,11265,11279,15,PACKAGE_SCENE,10000000,2442,2442,1526,1526,1526,322,322,322,0,0,0,57105.1,29576,81145,38.5761,37.3584,43.3218
752,11280,11294,15,PACKAGE_SCENE,10000000,2442,2442,1526,1526,1526,322,322,322,0,0,0,61424.9,28299,106865,39.2696,37.5688,44.2429
753,11295,11309,15,PACKAGE_SCENE,10000000,2442,2442,1526,1526,1526,322,322,322,0,0,0,62412.1,35652,97944,39.6167,37.342,42.9759
754,11310,11324,15,PACKAGE_SCENE,10000000,2442,2442,1526,1526,1526,322,322,322,0,0,0,70160.5,35512,92914,38.7062,37.7002,41.0653
755,11325,11339,15,PACKAGE_SCENE,10000000,2442,2442,1526,1526,1526,322,322,322,0,0,0,58727.6,34880,86586,39.461,37.4781,42.1091
756,11340,11354,15,PACKAGE_SCENE,10000000,2442,2442,1526,1526,1526,322,322,322,0,0,0,58976,35759,84899,39.6816,37.1489,42.3579
757,11355,11369,15,PACKAGE_SCENE,10000000,2442,2442,1526,1526,1526,322,322,322,0,0,0,67829.2,23621,100523,39.3436,37.713,42.4855
758,11370,11384,15,PACKAGE_SCENE,10000000,2442,2442,1526,1526,1526,322,322,322,0,0,0,67488.3,36389,92213,39.568,37.6032,43.8496
759,11385,11399,15,PACKAGE_SCENE,10000000,2442,2442,1526,1526,1526,322,322,322,0,0,0,58660.3,34739,110373,39.7404,38.0352,42.2016
760,11400,11414,15,PACKAGE_SCENE,10000000,2442,2442,1526,1526,1526,322,322,322,0,0,0,67288.1,36383,100044,39.9642,37.6035,44.2738
761,11415,11429,15,PACKAGE_SCENE,10000000,2442,2442,1526,1526,1526,322,322,322,0,0,0,60117.3,34367,91957,38.8702,37.3562,41.4223
762,11430,11444,15,PACKAGE_SCENE,10000000,2442,2442,1526,1526,1526,322,322,322,0,0,0,64547.6,35717,99664,39.6606,38.0478,42.2077
763,11445,11459,15,PACKAGE_SCENE,10000000,2442,2442,1526,1526,1526,322,322,322,0,0,0,59585.9,23175,87948,39.1788,37.3162,42.4523
764,11460,11474,15,PACKAGE_SCENE,10000000,2442,2442,1526,1526,1526,322,322,322,0,0,0,66269.3,35850,99715,39.0989,37.7098,41.3363
765,11475,11489,15,PACKAGE_SCENE,10000000,2442,2442,1526,1526,1526,322,322,322,0,0,0,61026.1,35590,112312,39.4961,37.7828,41.3969
766,11490,11504,15,PACKAGE_SCENE,10000000,2442,2442,1526,1526,1526,322,322,322,0,0,0,62130.3,35036,99943,38.6368,37.4006,41.1255
767,11505,11519,15,PACKAGE_SCENE,10000000,2442,2442,1526,1526,1526,322,322,322,0,0,0,64830.2,35949,101513,39.3545,37.6591,42.2745
768,11520,11534,15,PACKAGE_SCENE,10000000,2442,2442,1526,1526,1526,322,322,322,0,0,0,59319.7,28456,89365,38.5788,37.351,40.9639
769,11535,11549,15,PACKAGE_SCENE,10000000,2442,2442,1526,1526,1526,322,322,322,0,0,0,61550.6,35822,89131,38.7117,37.1796,40.5227
770,11550,11564,15,PACKAGE_SCENE,10000000,2442,2442,1526,1526,1526,322,322,322,0,0,0,64124.5,28565,120167,38.8203,37.4838,40.956
771,11565,11579,15,PACKAGE_SCENE,10000000,2442,2442,1526,1526,1526,322,322,322,0,0,0,58806.1,35184,91213,38.5792,37.3346,41.4983
772,11580,11594,15,PACKAGE_SCENE,10000000,2442,2442,1526,1526,1526,322,322,322,0,0,0,60244.9,36377,79965,39.2902,37.2015,42.5946
773,11595,11609,15,PACKAGE_SCENE,10000000,2442,2442,1526,1526,1526,322,322,322,0,0,0,61428.2,35805,89391,39.105,37.5096,43.1725
774,11610,11624,15,PACKAGE_SCENE,10000000,2442,2442,1526,1526,1526,322,322,322,0,0,0,54292.5,35031,74927,38.5422,37.4461,42.8374
775,11625,11639,15,PACKAGE_SCENE,10000000,2442,2442,1526,1526,1526,322,322,322,0,0,0,63336.3,36361,91982,39.2445,37.8426,42.8984
776,11640,11654,15,PACKAGE_SCENE,10000000,2442,2442,1526,1526,1526,322,322,322,0,0,0,63522.5,28354,86534,39.6605,37.32,46.8382
777,11655,11669,15,PACKAGE_SCENE,10000000,2442,2442,1526,1526,1526,322,322,322,0,0,0,64100.2,36567,107689,38.693,37.6341,42.5554
778,11670,11684,15,PACKAGE_SCENE,10000000,2442,2442,1526,1526,1526,322,322,322,0,0,0,62207.3,35711,91521,39.4534,37.7948,42.8265
779,11685,11699,15,PACKAGE_SCENE,10000000,2442,2442,1526,1526,1526,322,322,322,0,0,0,59441.9,34825,99275,38.9601,37.2976,41.328
780,11700,11714,15,PACKAGE_SCENE,10000000,2442,2442,1526,1526,1526,322,322,322,0,0,0,67625.7,35286,88724,38.6709,37.2266,40.6691
781,11715,11729,15,PACKAGE_SCENE,10000000,2442,2442,1526,1526,1526,322,322,322,0,0,0,54155.2,33248,94183,38.6181,37.4449,41.8952
782,11730,11744,15,PACKAGE_SCENE,10000000,2442,2442,1526,1526,1526,322,322,322,0,0,0,57580.7,35927,81254,39.1801,37.6132,41.6441
783,11745,11759,15,PACKAGE_SCENE,10000000,2442,2442,1526,1526,1526,322,322,322,0,0,0,56979.1,29249,86929,39.1831,37.309,42.4649
784,11760,11774,15,PACKAGE_SCENE,10000000,2442,2442,1526,1526,1526,322,322,322,0,0,0,57889.3,34421,93264,38.9395,37.7084,41.5597
785,11775,11789,15,PACKAGE_SCENE,10000000,2442,2442,1526,1526,1526,322,322,322,0,0,0,62896.3,36088,99242,38.5958,37.2891,41.1136
786,11790,11804,15,PACKAGE_SCENE,10000000,2442,2442,1526,1526,1526,322,322,322,0,0,0,58511.3,22783,108730,38.9284,37.5864,43.8537
787,11805,11819,15,PACKAGE_SCENE,10000000,2442,2442,1526,1526,1526,322,322,322,0,0,0,51236.9,35507,73265,38.5019,37.4145,41.6736
788,11820,11834,15,PACKAGE_SCENE,10000000,2442,2442,1526,1526,1526,322,322,322,0,0,0,59738.4,21914,91719,38.3955,37.2805,41.4362
789,11835,11849,15,PACKAGE_SCENE,10000000,2442,2442,1526,1526,1526,322,322,322,0,0,0,56575.7,35265,91503,38.6291,37.7155,41.0259
790,11850,11864,15,PACKAGE_SCENE,10000000,2442,2442,1526,1526,1526,322,322,322,0,0,0,65430.9,35469,88520,38.6745,37.6344,40.841
791,11865,11879,15,PACKAGE_SCENE,10000000,2442,2442,1526,1526,1526,322,322,322,0,0,0,60358.9,34844,98573,39.0867,37.5063,42.9272
792,11880,11894,15,PACKAGE_SCENE,10000000,2442,2442,1526,1526,1526,322,322,322,0,0,0,64180.1,27486,100954,38.5313,37.5614,40.8691
793,11895,11909,15,PACKAGE_SCENE,10000000,2442,2442,1526,1526,1526,322,322,322,0,0,0,56335.8,35873,92311,39.3809,37.8683,41.793
794,11910,11924,15,PACKAGE_SCENE,10000000,2442,2442,1526,1526,1526,322,322,322,0,0,0,59334.7,29584,90527,38.6239,37.177,40.8714
795,11925,11939,15,PACKAGE_SCENE,10000000,2442,2442,1526,1526,1526,322,322,322,0,0,0,56845.5,34765,102776,39.5531,37.1711,43.6812
796,11940,11954,15,PACKAGE_SCENE,10000000,2442,2442,1526,1526,1526,322,322,322,0,0,0,67725.3,35963,99437,39.723,37.6405,41.8687
797,11955,11969,15,PACKAGE_SCENE,10000000,2442,2442,1526,1526,1526,322,322,322,0,0,0,61404.7,35757,88886,39.076,37.4601,42.5551
798,11970,11984,15,PACKAGE_SCENE,10000000,2442,2442,1526,1526,1526,322,322,322,0,0,0,45605.5,23294,76589,39.5245,37.4067,45.2428
799,11985,11999,15,PACKAGE_SCENE,10000000,2442,2442,1526,1526,1526,322,322,322,0,0,0,65617.8,23469,99650,38.964,37.3881,41.6927
800,12000,12014,15,PACKAGE_SCENE,10000000,2442,2442,1526,1526,1526,322,322,322,0,0,0,56443.9,22822,88543,38.8776,37.5845,41.2818
801,12015,12029,15,PACKAGE_SCENE,10000000,2442,2442,1526,1526,1526,322,322,322,0,0,0,54823.2,23803,86751,39.1603,37.395,41.2065
802,12030,12044,15,PACKAGE_SCENE,10000000,2442,2442,1526,1526,1526,322,322,322,0,0,0,61522.4,36621,79929,39.3614,37.7422,42.4875
803,12045,12059,15,PACKAGE_SCENE,10000000,2442,2442,1526,1526,1526,322,322,322,0,0,0,57892.7,35336,88081,39.7347,38.0109,43.8865
804,12060,12074,15,PACKAGE_SCENE,10000000,2442,2442,1526,1526,1526,322,322,322,0,0,0,59570,27723,87375,38.9441,37.4824,41.0993
805,12075,12089,15,PACKAGE_SCENE,10000000,2442,2442,1526,1526,1526,322,322,322,0,0,0,60332.9,35086,80356,39.0903,37.3841,41.3929
806,12090,12104,15,PACKAGE_SCENE,10000000,2442,2442,1526,1526,1526,322,322,322,0,0,0,60333.1,23038,99549,38.9808,37.4823,42.0264
807,12105,12119,15,PACKAGE_SCENE,10000000,2442,2442,1526,1526,1526,322,322,322,0,0,0,62478.7,36114,99673,39.0684,37.7146,41.1518
808,12120,12134,15,PACKAGE_SCENE,10000000,2442,2442,1526,1526,1526,322,322,322,0,0,0,55405.8,34566,86424,38.7189,37.2837,41.2236
809,12135,12149,15,PACKAGE_SCENE,10000000,2442,2442,1526,1526,1526,322,322,322,0,0,0,54963.3,36041,79552,39.1346,37.2975,42.2192
810,12150,12164,15,PACKAGE_SCENE,10000000,2442,2442,1526,1526,1526,322,322,322,0,0,0,61375.1,35212,104341,38.5466,37.6065,40.9695
811,12165,12179,15,PACKAGE_SCENE,10000000,2442,2442,1526,1526,1526,322,322,322,0,0,0,60758.4,23395,102790,38.8196,37.628,41.6412
812,12180,12194,15,PACKAGE_SCENE,10000000,2442,2442,1526,1526,1526,322,322,322,0,0,0,64780.6,35104,89004,38.4514,37.3595,40.6916
813,12195,12209,15,PACKAGE_SCENE,10000000,2442,2442,1526,1526,1526,322,322,322,0,0,0,64817.7,35890,94581,39.8973,37.2264,43.9674
814,12210,12224,15,PACKAGE_SCENE,10000000,2442,2442,1526,1526,1526,322,322,322,0,0,0,66725.7,35307,95699,39.0035,37.4568,41.431
815,12225,12239,15,PACKAGE_SCENE,10000000,2442,2442,1526,1526,1526,322,322,322,0,0,0,57998.1,36180,86853,39.585,37.4211,41.0272
816,12240,12254,15,PACKAGE_SCENE,10000000,2442,2442,1526,1526,1526,322,322,322,0,0,0,59161.7,34662,81226,39.3589,37.6384,44.1301
817,12255,12269,15,PACKAGE_SCENE,10000000,2442,2442,1526,1526,1526,322,322,322,0,0,0,67520.5,35758,100517,39.7054,37.7538,43.575
818,12270,12284,15,PACKAGE_SCENE,10000000,2442,2442,1526,1526,1526,322,322,322,0,0,0,62857,35373,99450,39.5138,37.0319,41.7397
819,12285,12299,15,PACKAGE_SCENE,10000000,2442,2442,1526,1526,1526,322,322,322,0,0,0,64380.1,37862,88885,38.725,37.3476,40.9329
820,12300,12314,15,PACKAGE_SCENE,10000000,2442,2442,1526,1526,1526,322,322,322,0,0,0,60131.7,33828,88414,38.4922,37.1178,41.0108
821,12315,12329,15,PACKAGE_SCENE,10000000,2442,2442,1526,1526,1526,322,322,322,0,0,0,65588.2,35392,88534,38.6865,37.4723,41.8091
822,12330,12344,15,PACKAGE_SCENE,10000000,2442,2442,1526,1526,1526,322,322,322,0,0,0,64010.8,35281,110070,39.204,37.5751,42.3264
823,12345,12359,15,PACKAGE_SCENE,10000000,2442,2442,1526,1526,1526,322,322,322,0,0,0,50766.9,34222,88216,38.6316,37.2757,41.3415
824,12360,12374,15,PACKAGE_SCENE,10000000,2442,2442,1526,1526,1526,322,322,322,0,0,0,65271.7,35055,83440,39.0047,37.2223,42.1731
825,12375,12389,15,PACKAGE_SCENE,10000000,2442,2442,1526,1526,1526,322,322,322,0,0,0,49715.6,23752,89290,39.2108,37.8542,41.3745
826,12390,12404,15,PACKAGE_SCENE,10000000,2442,2442,1526,1526,1526,322,322,322,0,0,0,67059.7,35835,89665,38.6957,37.4955,40.5901
827,12405,12419,15,PACKAGE_SCENE,10000000,2442,2442,1526,1526,1526,322,322,322,0,0,0,66199.3,34867,92618,38.5165,37.2908,40.8378
828,12420,12434,15,PACKAGE_SCENE,10000000,2442,2442,1526,1526,1526,322,322,322,0,0,0,60427.3,35027,92142,38.7735,37.6914,40.91
829,12435,12449,15,PACKAGE_SCENE,10000000,2442,2442,1526,1526,1526,322,322,322,0,0,0,52772.2,23774,82344,39.2578,37.3359,41.611
830,12450,12464,15,PACKAGE_SCENE,10000000,2442,2442,1526,1526,1526,322,322,322,0,0,0,62033.7,36684,93726,39.0769,37.5023,42.1756
831,12465,12479,15,PACKAGE_SCENE,10000000,2442,2442,1526,1526,1526,322,322,322,0,0,0,67792.7,37500,104541,39.0114,37.5464,41.5821
832,12480,12494,15,PACKAGE_SCENE,10000000,2442,2442,1526,1526,1526,322,322,322,0,0,0,62185.9,36304,88596,38.505,37.8625,40.3495
833,12495,12509,15,PACKAGE_SCENE,10000000,2442,2442,1526,1526,1526,322,322,322,0,0,0,63703.5,36570,87988,39.0441,37.8267,42.5867
834,12510,12524,15,PACKAGE_SCENE,10000000,2442,2442,1526,1526,1526,322,322,322,0,0,0,63137.3,35521,76118,38.9178,37.2889,43.3249
835,12525,12539,15,PACKAGE_SCENE,10000000,2442,2442,1526,1526,1526,322,322,322,0,0,0,53845.1,35203,82894,38.5403,37.6732,41.1428
836,12540,12554,15,PACKAGE_SCENE,10000000,2442,2442,1526,1526,1526,322,322,322,0,0,0,59620.1,22868,97995,38.8267,37.6974,42.7113
837,12555,12569,15,PACKAGE_SCENE,10000000,2442,2442,1526,1526,1526,322,322,322,0,0,0,61177.5,30301,104783,39.5672,37.8944,43.3805
838,12570,12584,15,PACKAGE_SCENE,10000000,2442,2442,1526,1526,1526,322,322,322,0,0,0,57168.9,34975,81729,38.3344,37.6439,39.7972
839,12585,12599,15,PACKAGE_SCENE,10000000,2442,2442,1526,1526,1526,322,322,322,0,0,0,61856.2,35605,88679,38.6365,37.6006,40.926
840,12600,12614,15,PACKAGE_SCENE,10000000,2442,2442,1526,1526,1526,322,322,322,0,0,0,58383.5,36210,74943,38.9627,37.391,44.6305
841,12615,12629,15,PACKAGE_SCENE,10000000,2442,2442,1526,1526,1526,322,322,322,0,0,0,52682.3,32883,89409,39.7827,37.5075,43.336
842,12630,12644,15,PACKAGE_SCENE,10000000,2442,2442,1526,1526,1526,322,322,322,0,0,0,56899.7,35653,100178,38.6191,37.4705,43.3632
843,12645,12659,15,PACKAGE_SCENE,10000000,2442,2442,1526,1526,1526,322,322,322,0,0,0,67905.3,35269,89145,38.6963,37.1222,44.8452
844,12660,12674,15,PACKAGE_SCENE,10000000,2442,2442,1526,1526,1526,322,322,322,0,0,0,51918.2,23207,73437,39.4332,37.5398,43.5011
845,12675,12689,15,PACKAGE_SCENE,10000000,2442,2442,1526,1526,1526,322,322,322,0,0,0,64114.5,39830,90517,39.3268,37.6198,42.7315
846,12690,12704,15,PACKAGE_SCENE,10000000,2442,2442,1526,1526,1526,322,322,322,0,0,0,56836.8,35964,74266,44.1274,37.9729,78.6402
847,12705,12719,15,PACKAGE_SCENE,10000000,2442,2442,1526,1526,1526,322,322,322,0,0,0,53686.1,32807,92744,39.4821,37.5251,45.9009
848,12720,12734,15,PACKAGE_SCENE,10000000,2442,2442,1526,1526,1526,322,322,322,0,0,0,64041.3,35449,99457,39.9517,37.6355,42.4443
849,12735,12749,15,PACKAGE_SCENE,10000000,2442,2442,1526,1526,1526,322,322,322,0,0,0,63586.6,29199,99704,39.1906,37.6442,40.8887
850,12750,12764,15,PACKAGE_SCENE,10000000,2442,2442,1526,1526,1526,322,322,322,0,0,0,58656.3,34798,86583,39.4283,37.2402,42.7584
851,12765,12779,15,PACKAGE_SCENE,10000000,2442,2442,1526,1526,1526,322,322,322,0,0,0,56715.4,34994,89793,39.8025,37.6037,42.6013
852,12780,12794,15,PACKAGE_SCENE,10000000,2442,2442,1526,1526,1526,322,322,322,0,0,0,65952.5,35831,109222,38.9729,38.0033,41.6127
853,12795,12809,15,PACKAGE_SCENE,10000000,2442,2442,1526,1526,1526,322,322,322,0,0,0,57725.5,29713,88631,38.9097,37.7043,42.797
854,12810,12824,15,PACKAGE_SCENE,10000000,2442,2442,1526,1526,1526,322,322,322,0,0,0,62316.8,36427,86131,39.6473,37.6217,43.6074
855,12825,12839,15,PACKAGE_SCENE,10000000,2442,2442,1526,1526,1526,322,322,322,0,0,0,50128.5,34596,92586,40.2573,37.3588,44.9745
856,12840,12854,15,PACKAGE_SCENE,10000000,2442,2442,1526,1526,1526,322,322,322,0,0,0,67008.3,36768,88504,38.8866,37.4446,42.1686
857,12855,12869,15,PACKAGE_SCENE,10000000,2442,2442,1526,1526,1526,322,322,322,0,0,0,54126.7,35522,86885,38.523,37.749,41.0733
858,12870,12884,15,PACKAGE_SCENE,10000000,2442,2442,1526,1526,1526,322,322,322,0,0,0,63437.7,34847,91858,38.8136,37.4864,41.5513
859,12885,12899,15,PACKAGE_SCENE,10000000,2442,2442,1526,1526,1526,322,322,322,0,0,0,59937.4,35289,108524,39.6547,37.7247,44.6634
860,12900,12914,15,PACKAGE_SCENE,10000000,2442,2442,1526,1526,1526,322,322,322,0,0,0,49911.8,35607,82229,39.7681,37.5165,42.7013
861,12915,12929,15,PACKAGE_SCENE,10000000,2442,2442,1526,1526,1526,322,322,322,0,0,0,57057.3,23560,92835,38.9571,37.382,43.5431
862,12930,12944,15,PACKAGE_SCENE,10000000,2442,2442,1526,1526,1526,322,322,322,0,0,0,51848.3,35589,80826,39.0998,37.4637,40.9152
863,12945,12959,15,PACKAGE_SCENE,10000000,2442,2442,1526,1526,1526,322,322,322,0,0,0,61355.9,34520,92815,39.2202,37.3311,44.4579
864,12960,12974,15,PACKAGE_SCENE,10000000,2442,2442,1526,1526,1526,322,322,322,0,0,0,59874.1,36416,90617,38.6255,37.3101,43.1673
865,12975,12989,15,PACKAGE_SCENE,10000000,2442,2442,1526,1526,1526,322,322,322,0,0,0,66953.1,35200,103971,39.0282,37.5305,42.996
866,12990,13004,15,PACKAGE_SCENE,10000000,2442,2442,1526,1526,1526,322,322,322,0,0,0,55073.2,29151,86525,38.6444,36.8354,40.5773
867,13005,13019,15,PACKAGE_SCENE,10000000,2442,2442,1526,1526,1526,322,322,322,0,0,0,68115.1,36478,100797,38.2839,37.2084,40.8914
868,13020,13034,15,PACKAGE_SCENE,10000000,2442,2442,1526,1526,1526,322,322,322,0,0,0,63918.1,35005,91637,39.0302,37.9929,41.8248
869,13035,13049,15,PACKAGE_SCENE,10000000,2442,2442,1526,1526,1526,322,322,322,0,0,0,63352.1,35334,84206,38.9058,37.5621,41.8825
870,13050,13064,15,PACKAGE_SCENE,10000000,2442,2442,1526,1526,1526,322,322,322,0,0,0,58950.2,24447,91820,38.896,37.5924,41.3585
871,13065,13079,15,PACKAGE_SCENE,10000000,2442,2442,1526,1526,1526,322,322,322,0,0,0,59121.4,34873,88092,39.5306,37.4189,43.96
872,13080,13094,15,PACKAGE_SCENE,10000000,2442,2442,1526,1526,1526,322,322,322,0,0,0,59033.2,35516,80716,39.303,37.9879,42.3423
873,13095,13109,15,PACKAGE_SCENE,10000000,2442,2442,1526,1526,1526,322,322,322,0,0,0,66620.9,35533,102305,39.4529,37.7356,46.0458
874,13110,13124,15,PACKAGE_SCENE,10000000,2442,2442,1526,1526,1526,322,322,322,0,0,0,55383.5,23908,86706,39.6523,37.7546,42.4435
875,13125,13139,15,PACKAGE_SCENE,10000000,2442,2442,1526,1526,1526,322,322,322,0,0,0,65685.3,28104,83137,39.928,38.052,41.6386
876,13140,13154,15,PACKAGE_SCENE,10000000,2442,2442,1526,1526,1526,322,322,322,0,0,0,65796.4,35746,93749,39.7189,37.6913,42.4513
877,13155,13169,15,PACKAGE_SCENE,10000000,2442,2442,1526,1526,1526,322,322,322,0,0,0,60173.1,29462,92043,41.5591,37.8711,55.498
878,13170,13184,15,PACKAGE_SCENE,10000000,2442,2442,1526,1526,1526,322,322,322,0,0,0,53927.5,28176,87996,40.3615,37.8927,43.9577
879,13185,13199,15,PACKAGE_SCENE,10000000,2442,2442,1526,1526,1526,322,322,322,0,0,0,54068.7,35038,81253,40.593,38.2358,45.1912
880,13200,13214,15,PACKAGE_SCENE,10000000,2442,2442,1526,1526,1526,322,322,322,0,0,0,60737.5,34161,92887,47.5334,37.752,72.6648
881,13215,13229,15,PACKAGE_SCENE,10000000,2442,2442,1526,1526,1526,322,322,322,0,0,0,57734.7,36062,76340,39.8521,37.8599,44.2986
882,13230,13244,15,PACKAGE_SCENE,10000000,2442,2442,1526,1526,1526,322,322,322,0,0,0,60216.3,34400,85039,39.816,36.9323,43.1485
883,13245,13259,15,PACKAGE_SCENE,10000000,2442,2442,1526,1526,1526,322,322,322,0,0,0,60569.6,23461,109608,39.58,37.3568,42.9015
884,13260,13274,15,PACKAGE_SCENE,10000000,2442,2442,1526,1526,1526,322,322,322,0,0,0,60326.4,35013,82433,39.3476,37.4101,41.7394
885,13275,13289,15,PACKAGE_SCENE,10000000,2442,2442,1526,1526,1526,322,322,322,0,0,0,65354.1,34642,94298,38.9608,37.3557,41.7733
886,13290,13304,15,PACKAGE_SCENE,10000000,2442,2442,1526,1526,1526,322,322,322,0,0,0,63055.7,35449,91521,38.5383,37.0062,40.0746
887,13305,13319,15,PACKAGE_SCENE,10000000,2442,2442,1526,1526,1526,322,322,322,0,0,0,55014.1,34974,89023,38.525,37.5208,40.8239
888,13320,13334,15,PACKAGE_SCENE,10000000,2442,2442,1526,1526,1526,322,322,322,0,0,0,58485.7,34546,85685,38.6786,37.095,42.3196
889,13335,13349,15,PACKAGE_SCENE,10000000,2442,2442,1526,1526,1526,322,322,322,0,0,0,52263.1,34960,73482,39.1331,37.7423,41.8464
890,13350,13364,15,PACKAGE_SCENE,10000000,2442,2442,1526,1526,1526,322,322,322,0,0,0,62979.7,35873,107437,38.6711,37.845,40.6357
891,13365,13379,15,PACKAGE_SCENE,10000000,2442,2442,1526,1526,1526,322,322,322,0,0,0,63278,35080,99510,39.4898,37.5127,45.0073
892,13380,13394,15,PACKAGE_SCENE,10000000,2442,2442,1526,1526,1526,322,322,322,0,0,0,62974.1,35888,86732,39.1662,37.5229,42.5032
893,13395,13409,15,PACKAGE_SCENE,10000000,2442,2442,1526,1526,1526,322,322,322,0,0,0,56959.7,27977,89667,38.9801,37.372,43.0816
894,13410,13424,15,PACKAGE_SCENE,10000000,2442,2442,1526,1526,1526,322,322,322,0,0,0,55954.8,34632,88989,38.9451,37.7407,42.218
895,13425,13439,15,PACKAGE_SCENE,10000000,2442,2442,1526,1526,1526,322,322,322,0,0,0,57754.9,23201,88499,38.577,37.6739,42.1194
896,13440,13454,15,PACKAGE_SCENE,10000000,2442,2442,1526,1526,1526,322,322,322,0,0,0,61314.1,35811,111513,38.448,37.2767,40.8855
897,13455,13469,15,PACKAGE_SCENE,10000000,2442,2442,1526,1526,1526,322,322,322,0,0,0,67507,27992,88673,38.2314,37.203,40.5754
898,13470,13484,15,PACKAGE_SCENE,10000000,2442,2442,1526,1526,1526,322,322,322,0,0,0,60300.4,35340,88099,38.6058,37.3361,40.9748
899,13485,13499,15,PACKAGE_SCENE,10000000,2442,2442,1526,1526,1526,322,322,322,0,0,0,55851.5,23013,87925,39.1259,37.9214,40.5723
900,13500,13514,15,PACKAGE_SCENE,10000000,2442,2442,1526,1526,1526,322,322,322,0,0,0,56711.9,35969,89100,38.7867,37.5501,42.0475
901,13515,13529,15,PACKAGE_SCENE,10000000,2442,2442,1526,1526,1526,322,322,322,0,0,0,56935.9,28998,112445,38.7252,37.2397,41.192
902,13530,13544,15,PACKAGE_SCENE,10000000,2442,2442,1526,1526,1526,322,322,322,0,0,0,67927.2,35449,106683,38.4738,37.4217,40.692
903,13545,13559,15,PACKAGE_SCENE,10000000,2442,2442,1526,1526,1526,322,322,322,0,0,0,62085.5,34767,100731,38.937,37.4514,42.9713
904,13560,13574,15,PACKAGE_SCENE,10000000,2442,2442,1526,1526,1526,322,322,322,0,0,0,60995.5,23100,95305,39.2101,37.4581,41.5745
905,13575,13589,15,PACKAGE_SCENE,10000000,2442,2442,1526,1526,1526,322,322,322,0,0,0,62458.5,29813,92017,38.8231,37.6798,40.4796
906,13590,13604,15,PACKAGE_SCENE,10000000,2442,2442,1526,1526,1526,322,322,322,0,0,0,51885.1,35811,98305,38.7307,37.5803,42.4963
907,13605,13619,15,PACKAGE_SCENE,10000000,2442,2442,1526,1526,1526,322,322,322,0,0,0,52906.3,28750,103868,39.0517,37.6923,40.8534
908,13620,13634,15,PACKAGE_SCENE,10000000,2442,2442,1526,1526,1526,322,322,322,0,0,0,58471.9,35723,109234,39.4612,37.9845,42.4067
909,13635,13649,15,PACKAGE_SCENE,10000000,2442,2442,1526,1526,1526,322,322,322,0,0,0,65172.1,36925,111790,38.2805,37.4011,40.3595
910,13650,13664,15,PACKAGE_SCENE,10000000,2442,2442,1526,1526,1526,322,322,322,0,0,0,64335.8,36244,89907,38.8269,37.0157,42.5454
911,13665,13679,15,PACKAGE_SCENE,10000000,2442,2442,1526,1526,1526,322,322,322,0,0,0,58948.5,35950,89580,38.5618,37.8417,41.7406
912,13680,13694,15,PACKAGE_SCENE,10000000,2442,2442,1526,1526,1526,322,322,322,0,0,0,56543.3,36546,73046,39.1835,37.4509,41.6017
913,13695,13709,15,PACKAGE_SCENE,10000000,2442,2442,1526,1526,1526,322,322,322,0,0,0,53527.3,36047,75222,39.0853,37.4625,42.2944
914,13710,13724,15,PACKAGE_SCENE,10000000,2442,2442,1526,1526,1526,322,322,322,0,0,0,56782.3,35217,86023,38.8014,37.5856,40.9776
915,13725,13739,15,PACKAGE_SCENE,10000000,2442,2442,1526,1526,1526,322,322,322,0,0,0,57393.6,22607,90561,39.0239,37.5405,41.341
916,13740,13754,15,PACKAGE_SCENE,10000000,2442,2442,1526,1526,1526,322,322,322,0,0,0,56026.6,34757,87573,39.2731,37.4948,41.7822
917,13755,13769,15,PACKAGE_SCENE,10000000,2442,2442,1526,1526,1526,322,322,322,0,0,0,57328.2,23540,88602,39.1212,37.3027,41.362
918,13770,13784,15,PACKAGE_SCENE,10000000,2442,2442,1526,1526,1526,322,322,322,0,0,0,52469.8,35737,88300,40.1961,37.7391,43.8704
919,13785,13799,15,PACKAGE_SCENE,10000000,2442,2442,1526,1526,1526,322,322,322,0,0,0,67660,35140,106459,39.7162,37.6729,43.3173
920,13800,13814,15,PACKAGE_SCENE,10000000,2442,2442,1526,1526,1526,322,322,322,0,0,0,63671.5,34344,100419,38.5891,36.9708,45.6257
921,13815,13829,15,PACKAGE_SCENE,10000000,2442,2442,1526,1526,1526,322,322,322,0,0,0,64807.7,34949,99477,39.1805,37.6846,43.5828
922,13830,13844,15,PACKAGE_SCENE,10000000,2442,2442,1526,1526,1526,322,322,322,0,0,0,59833.5,34651,89110,39.07,37.2826,45.0912
923,13845,13859,15,PACKAGE_SCENE,10000000,2442,2442,1526,1526,1526,322,322,322,0,0,0,61657.2,35477,86219,39.8644,37.701,42.768
924,13860,13874,15,PACKAGE_SCENE,10000000,2442,2442,1526,1526,1526,322,322,322,0,0,0,51122,23182,89352,39.3184,37.5902,42.9887
925,13875,13889,15,PACKAGE_SCENE,10000000,2442,2442,1526,1526,1526,322,322,322,0,0,0,59605.9,35539,105741,39.4395,37.2645,41.5833
926,13890,13904,15,PACKAGE_SCENE,10000000,2442,2442,1526,1526,1526,322,322,322,0,0,0,59399.3,35274,89992,39.0638,37.2165,41.665
927,13905,13919,15,PACKAGE_SCENE,10000000,2442,2442,1526,1526,1526,322,322,322,0,0,0,57514.7,22960,103531,39.7042,37.3036,43.2694
928,13920,13934,15,PACKAGE_SCENE,10000000,2442,2442,1526,1526,1526,322,322,322,0,0,0,65490.3,28899,93782,39.1153,37.1697,43.5608
929,13935,13949,15,PACKAGE_SCENE,10000000,2442,2442,1526,1526,1526,322,322,322,0,0,0,59645.7,28352,99453,38.6764,37.2772,41.6819
930,13950,13964,15,PACKAGE_SCENE,10000000,2442,2442,1526,1526,1526,322,322,322,0,0,0,57849.7,33864,85149,39.4454,37.6064,42.7479
931,13965,13979,15,PACKAGE_SCENE,10000000,2442,2442,1526,1526,1526,322,322,322,0,0,0,50736.5,28139,73811,39.1881,37.3412,42.8922
932,13980,13994,15,PACKAGE_SCENE,10000000,2442,2442,1526,1526,1526,322,322,322,0,0,0,63672.7,34772,100092,38.7255,37.4478,41.9173
933,13995,14009,15,PACKAGE_SCENE,10000000,2442,2442,1526,1526,1526,322,322,322,0,0,0,65777.7,35113,99558,38.5682,37.6754,40.5286
934,14010,14024,15,PACKAGE_SCENE,10000000,2442,2442,1526,1526,1526,322,322,322,0,0,0,63322.5,35469,92684,38.7333,37.4828,42.8453
935,14025,14039,15,PACKAGE_SCENE,10000000,2442,2442,1526,1526,1526,322,322,322,0,0,0,64562.5,34891,86922,40.1683,37.4032,43.9253
936,14040,14054,15,PACKAGE_SCENE,10000000,2442,2442,1526,1526,1526,322,322,322,0,0,0,66558.1,27587,87850,39.3942,37.4367,41.547
937,14055,14069,15,PACKAGE_SCENE,10000000,2442,2442,1526,1526,1526,322,322,322,0,0,0,52681.2,34632,73134,39.7199,37.4657,42.6456
938,14070,14084,15,PACKAGE_SCENE,10000000,2442,2442,1526,1526,1526,322,322,322,0,0,0,66676.5,35434,111653,39.874,37.6369,44.2607
939,14085,14099,15,PACKAGE_SCENE,10000000,2442,2442,1526,1526,1526,322,322,322,0,0,0,69018.8,36856,110880,39.5978,37.8632,42.9324
940,14100,14114,15,PACKAGE_SCENE,10000000,2442,2442,1526,1526,1526,322,322,322,0,0,0,55198.9,22735,72919,39.186,37.6975,41.5032
941,14115,14129,15,PACKAGE_SCENE,10000000,2442,2442,1526,1526,1526,322,322,322,0,0,0,59144.4,36355,87739,38.8692,37.5292,44.9604
942,14130,14144,15,PACKAGE_SCENE,10000000,2442,2442,1526,1526,1526,322,322,322,0,0,0,63427.3,34997,88048,38.6745,37.4347,41.8361
943,14145,14159,15,PACKAGE_SCENE,10000000,2442,2442,1526,1526,1526,322,322,322,0,0,0,60653.4,34726,89722,38.5528,37.4513,42.2182
944,14160,14174,15,PACKAGE_SCENE,10000000,2442,2442,1526,1526,1526,322,322,322,0,0,0,60877.5,36360,84894,38.7795,37.6288,43.6964
945,14175,14189,15,PACKAGE_SCENE,10000000,2442,2442,1526,1526,1526,322,322,322,0,0,0,56458.5,35892,83174,39.1815,37.2453,42.9212
946,14190,14204,15,PACKAGE_SCENE,10000000,2442,2442,1526,1526,1526,322,322,322,0,0,0,53767.7,35064,84933,39.1372,37.3506,42.0619
947,14205,14219,15,PACKAGE_SCENE,10000000,2442,2442,1526,1526,1526,322,322,322,0,0,0,64624.3,35215,89042,38.4597,37.5728,40.5156
948,14220,14234,15,PACKAGE_SCENE,10000000,2442,2442,1526,1526,1526,322,322,322,0,0,0,46633.1,35620,73032,38.8941,37.4042,41.7124
949,14235,14249,15,PACKAGE_SCENE,10000000,2442,2442,1526,1526,1526,322,322,322,0,0,0,61059.4,36708,88999,39.4697,37.448,41.6091
950,14250,14264,15,PACKAGE_SCENE,10000000,2442,2442,1526,1526,1526,322,322,322,0,0,0,67756,36000,98425,38.6672,37.5561,43.2264
951,14265,14279,15,PACKAGE_SCENE,10000000,2442,2442,1526,1526,1526,322,322,322,0,0,0,48141.5,35028,87091,38.4351,36.9866,41.3297
952,14280,14294,15,PACKAGE_SCENE,10000000,2442,2442,1526,1526,1526,322,322,322,0,0,0,56570.1,35092,98976,42.2423,37.2667,52.8867
953,14295,14309,15,PACKAGE_SCENE,10000000,2442,2442,1526,1526,1526,322,322,322,0,0,0,65759.3,35534,108144,48.1844,37.7094,54.902
954,14310,14324,15,PACKAGE_SCENE,10000000,2442,2442,1526,1526,1526,322,322,322,0,0,0,55212.8,35689,88872,38.9731,37.5416,42.5907
955,14325,14339,15,PACKAGE_SCENE,10000000,2442,2442,1526,1526,1526,322,322,322,0,0,0,61940.5,35765,100926,39.3709,37.7719,43.3689
956,14340,14354,15,PACKAGE_SCENE,10000000,2442,2442,1526,1526,1526,322,322,322,0,0,0,67866.3,35069,101501,39.6186,37.4047,47.1961
957,14355,14369,15,PACKAGE_SCENE,10000000,2442,2442,1526,1526,1526,322,322,322,0,0,0,62286.9,36529,89318,38.3363,37.2626,40.1974
958,14370,14384,15,PACKAGE_SCENE,10000000,2442,2442,1526,1526,1526,322,322,322,0,0,0,59614.1,27647,102140,38.8991,36.9706,42.5838
959,14385,14399,15,PACKAGE_SCENE,10000000,2442,2442,1526,1526,1526,322,322,322,0,0,0,62791.5,35798,90895,38.2933,37.2505,40.6634
960,14400,14414,15,PACKAGE_SCENE,10000000,2442,2442,1526,1526,1526,322,322,322,0,0,0,56017.9,35716,81900,38.8913,37.2691,42.0898
961,14415,14429,15,PACKAGE_SCENE,10000000,2442,2442,1526,1526,1526,322,322,322,0,0,0,60109.6,34031,89637,39.2653,38.0568,44.8328
962,14430,14444,15,PACKAGE_SCENE,10000000,2442,2442,1526,1526,1526,322,322,322,0,0,0,55857.8,30499,110381,39.2832,37.7788,41.4173
963,14445,14459,15,PACKAGE_SCENE,10000000,2442,2442,1526,1526,1526,322,322,322,0,0,0,57646.7,34814,84912,44.2937,37.2665,73.5529
964,14460,14474,15,PACKAGE_SCENE,10000000,2442,2442,1526,1526,1526,322,322,322,0,0,0,53252.9,35058,100865,38.739,37.5077,43.8903
965,14475,14489,15,PACKAGE_SCENE,10000000,2442,2442,1526,1526,1526,322,322,322,0,0,0,59571.3,28808,88408,40.8559,37.5722,55.8514
966,14490,14504,15,PACKAGE_SCENE,10000000,2442,2442,1526,1526,1526,322,322,322,0,0,0,50984.1,35767,74281,39.2486,37.8016,41.5802
967,14505,14519,15,PACKAGE_SCENE,10000000,2442,2442,1526,1526,1526,322,322,322,0,0,0,66010.9,35789,82087,42.0076,37.911,50.401
968,14520,14534,15,PACKAGE_SCENE,10000000,2442,2442,1526,1526,1526,322,322,322,0,0,0,69558.1,37117,106179,48.8008,46.0682,52.3486
969,14535,14549,15,PACKAGE_SCENE,10000000,2442,2442,1526,1526,1526,322,322,322,0,0,0,57313.7,33755,91098,49.9914,48.2907,53.7038
970,14550,14564,15,PACKAGE_SCENE,10000000,2442,2442,1526,1526,1526,322,322,322,0,0,0,66684.7,24256,88980,50.0606,46.6124,55.0607
971,14565,14579,15,PACKAGE_SCENE,10000000,2442,2442,1526,1526,1526,322,322,322,0,0,0,60037.3,34710,100813,49.7109,47.0651,53.3902
972,14580,14594,15,PACKAGE_SCENE,10000000,2442,2442,1526,1526,1526,322,322,322,0,0,0,62729.9,24321,89094,54.5782,47.8319,102.074
973,14595,14609,15,PACKAGE_SCENE,10000000,2442,2442,1526,1526,1526,322,322,322,0,0,0,58180.7,29861,98429,49.6321,46.594,52.5616
974,14610,14624,15,PACKAGE_SCENE,10000000,2442,2442,1526,1526,1526,322,322,322,0,0,0,68184.3,35603,104567,50.0304,48.0973,51.7502
975,14625,14639,15,PACKAGE_SCENE,10000000,2442,2442,1526,1526,1526,322,322,322,0,0,0,53586.3,35298,74310,49.9615,48.2565,52.2174
976,14640,14654,15,PACKAGE_SCENE,10000000,2442,2442,1526,1526,1526,322,322,322,0,0,0,55360.6,28313,77253,48.9835,39.0824,53.081
977,14655,14669,15,PACKAGE_SCENE,10000000,2442,2442,1526,1526,1526,322,322,322,0,0,0,56231.4,33020,92334,41.0484,37.4813,50.2895
978,14670,14684,15,PACKAGE_SCENE,10000000,2442,2442,1526,1526,1526,322,322,322,0,0,0,57901.8,34781,75074,43.0164,39.4087,50.9816
979,14685,14699,15,PACKAGE_SCENE,10000000,2442,2442,1526,1526,1526,322,322,322,0,0,0,54872.3,23540,104184,40.2275,38.8546,42.9583
980,14700,14714,15,PACKAGE_SCENE,10000000,2442,2442,1526,1526,1526,322,322,322,0,0,0,54101.3,34873,74900,40.6935,38.8065,44.4387
981,14715,14729,15,PACKAGE_SCENE,10000000,2442,2442,1526,1526,1526,322,322,322,0,0,0,59650.8,28086,108859,40.4456,38.9397,42.3023
982,14730,14744,15,PACKAGE_SCENE,10000000,2442,2442,1526,1526,1526,322,322,322,0,0,0,71566.3,29484,100628,40.4887,38.9014,42.7442
983,14745,14759,15,PACKAGE_SCENE,10000000,2442,2442,1526,1526,1526,322,322,322,0,0,0,58302.1,35369,75635,41.3919,39.7654,45.3262
984,14760,14774,15,PACKAGE_SCENE,10000000,2442,2442,1526,1526,1526,322,322,322,0,0,0,72814.3,53517,88687,44.0115,40.5135,53.4999
985,14775,14789,15,PACKAGE_SCENE,10000000,2442,2442,1526,1526,1526,322,322,322,0,0,0,51413.8,23945,88462,41.6339,39.4176,46.7893
986,14790,14804,15,PACKAGE_SCENE,10000000,2442,2442,1510.4,1487,1526,307.2,285,322,0,0,0,59481.2,35752,101425,41.95,39.2845,46.2035
987,14805,14819,15,PACKAGE_SCENE,10000000,2442,2442,1338.27,797,1487,320.667,239,401,0,0,0,67445.2,33214,120010,138.44,37.8645,264.031
988,14820,14834,15,PACKAGE_SCENE,10000000,2442,2442,1125.4,650,1407,319.533,244,398,0,0,0,68241.5,47058,115523,183.104,17.0888,247.79
989,14835,14849,15,PACKAGE_SCENE,10000000,2442,2442,673.4,650,1001,276.267,263,462,0,0,0,81118.3,28409,119292,17.3486,16.2743,21.4338
990,14850,14864,15,PACKAGE_SCENE,10000000,2442,2442,1001,1001,1001,264,264,264,0,0,0,40178.4,28958,82863,19.2322,18.325,20.0203
991,14865,14879,15,PACKAGE_SCENE,10000000,2442,2442,1001,1001,1001,264,264,264,0,0,0,47754.9,28410,91513,19.6743,18.7445,20.5954
992,14880,14894,15,PACKAGE_SCENE,10000000,2442,2442,1001,1001,1001,264,264,264,0,0,0,43563.9,28418,77319,20.5543,18.3387,29.7791
993,14895,14909,15,PACKAGE_SCENE,10000000,2442,2442,1129.53,1001,1242,289.6,264,312,0,0,0,38769.1,30874,68158,20.7564,19.0955,23.0788
994,14910,14924,15,PACKAGE_SCENE,10000000,2442,2442,1242,1242,1242,312,312,312,0,0,0,39450.7,29859,65822,19.9444,18.1608,22.29
995,14925,14939,15,PACKAGE_SCENE,10000000,2442,2442,1242,1242,1242,312,312,312,0,0,0,40671.2,31042,59854,20.1658,18.7093,22.884
996,14940,14954,15,PACKAGE_SCENE,10000000,2442,2442,1242,1242,1242,312,312,312,0,0,0,44684.5,31237,94912,19.4578,18.1248,20.6493
997,14955,14969,15,PACKAGE_SCENE,10000000,2442,2442,1242,1242,1242,312,312,312,0,0,0,42174.3,28766,95044,20.3628,19.1723,23.192
998,14970,14984,15,PACKAGE_SCENE,10000000,2442,2442,1242,1242,1242,312,312,312,0,0,0,43769.2,29253,75202,19.5459,17.6002,21.1078
999,14985,14999,15,PACKAGE_SCENE,10000000,2442,2442,1242,1242,1242,312,312,312,0,0,0,39223.9,29608,62349,20.278,17.895,21.9876
1000,15000,15014,15,PACKAGE_SCENE,10000000,2442,2442,1242,1242,1242,312,312,312,0,0,0,41680.1,31069,74419,20.0378,18.9172,21.68
1001,15015,15029,15,PACKAGE_SCENE,10000000,2442,2442,1242,1242,1242,312,312,312,0,0,0,42291.2,33398,63919,19.7622,18.735,22.3136
1002,15030,15044,15,PACKAGE_SCENE,10000000,2442,2442,1242,1242,1242,312,312,312,0,0,0,42961.6,30223,96002,20.6924,18.8734,23.7713
1003,15045,15059,15,PACKAGE_SCENE,10000000,2442,2442,1242,1242,1242,312,312,312,0,0,0,41280.2,30953,74404,19.7707,18.5242,21.9502
1004,15060,15074,15,PACKAGE_SCENE,10000000,2442,2442,1242,1242,1242,312,312,312,0,0,0,39417.3,31129,61472,19.4696,18.0047,21.9615
1005,15075,15089,15,PACKAGE_SCENE,10000000,2442,2442,1065.27,1001,1242,276.8,264,312,0,0,0,43371.2,29246,72520,18.8809,17.9845,20.037
1006,15090,15104,15,PACKAGE_SCENE,10000000,2442,2442,673.4,650,1001,263.2,263,265,0,0,0,75794.6,28779,92442,17.0648,15.8134,20.4952
1007,15105,15119,15,PACKAGE_SCENE,10000000,2442,2442,1034.53,650,1444,317.533,239,389,0,0,0,75768.6,33816,150471,144.869,16.8944,244.496
1008,15120,15134,15,PACKAGE_SCENE,10000000,2442,2442,1451.4,1205,1526,295.533,239,322,0,0,0,55136.6,33793,101912,40.4353,38.8428,44.2556
1009,15135,15149,15,PACKAGE_SCENE,10000000,2442,2442,1526,1526,1526,322,322,322,0,0,0,65691.1,35416,91854,40.3615,38.6531,43.7558
1010,15150,15164,15,PACKAGE_SCENE,10000000,2442,2442,1526,1526,1526,322,322,322,0,0,0,53069.8,23081,87806,40.801,38.9331,42.9096
1011,15165,15179,15,PACKAGE_SCENE,10000000,2442,2442,1497.4,1487,1526,294.867,285,322,0,0,0,49515.6,22298,99827,42.0016,40.5554,45.7989
1012,15180,15194,15,PACKAGE_SCENE,10000000,2442,2442,1328.87,797,1487,360.533,239,401,0,0,0,75931.2,34652,117089,211.809,39.099,281.446
1013,15195,15209,15,PACKAGE_SCENE,10000000,2442,2442,806.6,650,1131,285.467,244,462,0,0,0,80141.5,32365,252227,47.9829,16.4552,237.67
1014,15210,15224,15,PACKAGE_SCENE,10000000,2442,2442,1001,1001,1001,264,264,264,0,0,0,43517,28113,82368,19.7125,18.8827,21.7506
1015,15225,15239,15,PACKAGE_SCENE,10000000,2442,2442,1001,1001,1001,264,264,264,0,0,0,33516.9,28516,43020,19.674,18.496,22.0362
1016,15240,15254,15,PACKAGE_SCENE,10000000,2442,2442,767,650,1001,263.467,263,265,0,0,0,73263.7,32115,149845,18.3591,16.7351,20.2936
1017,15255,15269,15,PACKAGE_SCENE,10000000,2442,2442,650,650,650,263,263,263,0,0,0,84728.3,72559,108062,17.3962,16.1103,19.7865
1018,15270,15284,15,PACKAGE_SCENE,10000000,2442,2442,650,650,650,263,263,263,0,0,0,93554.6,72730,144635,16.9559,16.3182,18.1495
1019,15285,15299,15,PACKAGE_SCENE,10000000,2442,2442,954.2,650,1001,277.067,263,462,0,0,0,55686,28776,143584,19.2269,16.4354,22.1552
1020,15300,15314,15,PACKAGE_SCENE,10000000,2442,2442,1049.2,1001,1242,273.6,264,312,0,0,0,37714.1,31459,55839,19.5203,18.4852,20.574
1021,15315,15329,15,PACKAGE_SCENE,10000000,2442,2442,1242,1242,1242,312,312,312,0,0,0,45160.4,30664,83636,20.83,18.9742,24.0496
1022,15330,15344,15,PACKAGE_SCENE,10000000,2442,2442,1242,1242,1242,312,312,312,0,0,0,41418.6,30955,96559,21.0843,19.261,25.9752
1023,15345,15359,15,PACKAGE_SCENE,10000000,2442,2442,1242,1242,1242,312,312,312,0,0,0,43024.7,30991,61952,19.8228,18.3475,23.729
1024,15360,15374,15,PACKAGE_SCENE,10000000,2442,2442,1242,1242,1242,312,312,312,0,0,0,36829.4,30952,67427,20.4853,18.5801,25.1055
1025,15375,15389,15,PACKAGE_SCENE,10000000,2442,2442,1242,1242,1242,312,312,312,0,0,0,45676.8,31091,85995,20.5689,18.928,22.9223
1026,15390,15404,15,PACKAGE_SCENE,10000000,2442,2442,1242,1242,1242,312,312,312,0,0,0,40954.3,33334,74863,20.8054,18.7222,22.9005
1027,15405,15419,15,PACKAGE_SCENE,10000000,2442,2442,1242,1242,1242,312,312,312,0,0,0,49868.7,30958,85366,19.5623,18.3187,21.6977
1028,15420,15434,15,PACKAGE_SCENE,10000000,2442,2442,1242,1242,1242,312,312,312,0,0,0,47731.8,30703,74295,20.5476,18.8921,23.3314
1029,15435,15449,15,PACKAGE_SCENE,10000000,2442,2442,1242,1242,1242,312,312,312,0,0,0,41763.1,32687,62378,20.2373,18.6995,23.0187
1030,15450,15464,15,PACKAGE_SCENE,10000000,2442,2442,1241.53,1241,1242,307.8,303,312,0.133333,0,2,35082,27998,63292,19.9307,18.5111,26.0793
1031,15465,15479,15,PACKAGE_SCENE,10000000,2442,2442,1241,1241,1241,303,303,303,0,0,0,34720.9,28026,52509,19.8296,18.4657,21.8423
1032,15480,15494,15,PACKAGE_SCENE,10000000,2442,2442,1097.2,634,1414,308.067,226,382,1.73333,0,7,49215.5,28120,88520,124.939,18.2086,225.458
1033,15495,15509,15,PACKAGE_SCENE,10000000,2442,2442,1444.2,870,1535,337.067,246,419,2.4,0,11,41860.5,22906,78604,110.812,30.7964,122.325
1034,15510,15524,15,PACKAGE_SCENE,10000000,2442,2442,1383.67,1194,1535,293.133,246,337,0,0,0,55574.4,41440,72648,114.73,112.664,116.739
1035,15525,15539,15,PACKAGE_SCENE,10000000,2442,2442,998.533,761,1372,306.667,192,365,1.53333,0,11,52535.8,22055,98722,167.4,111.258,220.388
1036,15540,15554,15,PACKAGE_SCENE,10000000,2442,2442,799.333,692,1014,316.133,264,481,0.2,0,3,90072.1,30769,245903,18.4623,16.4287,26.7447
1037,15555,15569,15,PACKAGE_SCENE,10000000,2442,2442,1014,1014,1014,265,265,265,0,0,0,47395.9,35207,61855,19.8791,18.926,20.6589
1038,15570,15584,15,PACKAGE_SCENE,10000000,2442,2442,1149.2,1014,1352,311,265,380,0,0,0,48538.3,32339,77104,20.5231,18.7021,22.531
1039,15585,15599,15,PACKAGE_SCENE,10000000,2442,2442,1346.8,1313,1352,376.4,334,380,0.266667,0,4,49909.7,30708,78053,20.7291,18.6206,26.135
1040,15600,15614,15,PACKAGE_SCENE,10000000,2442,2442,1272.33,1008,1313,323.2,253,334,0,0,0,45150.9,32389,67268,20.2024,18.6455,24.9199
1041,15615,15629,15,PACKAGE_SCENE,10000000,2442,2442,901,687,1008,267.333,253,296,0,0,0,60282.4,26859,139097,19.6048,16.7037,22.4317
1042,15630,15644,15,PACKAGE_SCENE,10000000,2442,2442,687,687,687,296,296,296,0,0,0,106740,66914,196766,17.7209,16.4883,20.3186
1043,15645,15659,15,PACKAGE_SCENE,10000000,2442,2442,1053.53,687,1449,322.2,268,458,2.2,0,10,81152,24085,152695,121.504,15.962,236.7
1044,15660,15674,15,PACKAGE_SCENE,10000000,2442,2442,1222,1222,1222,305,305,305,0,0,0,94044.8,34532,176440,17.2461,15.6947,19.7922
1045,15675,15689,15,PACKAGE_SCENE,10000000,2442,2442,1222,1222,1222,305,305,305,0,0,0,99813.4,34182,134454,16.4079,15.7765,17.8023
1046,15690,15704,15,PACKAGE_SCENE,10000000,2442,2442,1092.53,776,1421,313.867,268,369,0,0,0,75211.5,53068,123851,193.131,16.7995,219.672
1047,15705,15719,15,PACKAGE_SCENE,10000000,2442,2442,1611.2,1222,1639,259.2,216,458,0,0,0,113140,68737,229402,16.6812,14.2637,19.5947
1048,15720,15734,15,PACKAGE_SCENE,10000000,2442,2442,1639,1639,1639,226,226,226,0,0,0,86661.4,61527,155683,15.635,14.8424,17.1714
1049,15735,15749,15,PACKAGE_SCENE,10000000,2442,2442,1639,1639,1639,226,226,226,0,0,0,73910.6,68656,96052,15.3158,14.7706,17.1121
1050,15750,15764,15,PACKAGE_SCENE,10000000,2442,2442,1639,1639,1639,226,226,226,0,0,0,74480.7,60530,112828,15.489,14.4276,17.1078
1051,15765,15779,15,PACKAGE_SCENE,10000000,2442,2442,1639,1639,1639,226,226,226,0,0,0,77759.5,61435,96297,15.4628,14.6471,16.7575
1052,15780,15794,15,PACKAGE_SCENE,10000000,2442,2442,1639,1639,1639,226,226,226,0,0,0,80491.7,68624,98372,15.3236,14.7856,16.4005
1053,15795,15809,15,PACKAGE_SCENE,10000000,2442,2442,1639,1639,1639,226,226,226,0,0,0,85379.3,68716,96256,15.7212,14.6441,17.5403
1054,15810,15824,15,PACKAGE_SCENE,10000000,2442,2442,1639,1639,1639,226,226,226,0,0,0,87911.3,68688,161126,15.4061,14.4265,16.6073
1055,15825,15839,15,PACKAGE_SCENE,10000000,2442,2442,1249.8,1222,1639,299.8,226,306,0,0,0,115098,69226,193967,18.5736,15.2671,28.1637
1056,15840,15854,15,PACKAGE_SCENE,10000000,2442,2442,1116.4,687,1449,322.733,268,432,0,0,0,96952.3,44134,157970,107.267,16.5677,228.09
1057,15855,15869,15,PACKAGE_SCENE,10000000,2442,2442,751.2,687,1008,301.4,253,463,0,0,0,100832,32590,134505,17.6727,16.4306,21.713
1058,15870,15884,15,PACKAGE_SCENE,10000000,2442,2442,1170.67,1008,1313,296.2,253,334,0,0,0,43101.5,32251,72264,19.9112,18.7563,22.7277
1059,15885,15899,15,PACKAGE_SCENE,10000000,2442,2442,1313,1313,1313,334,334,334,0,0,0,46975.7,34438,72060,19.7512,18.5214,22.7451
1060,15900,15914,15,PACKAGE_SCENE,10000000,2442,2442,1326,1313,1352,349.333,334,380,0,0,0,50570.2,32324,83670,19.8197,18.2006,22.3107
1061,15915,15929,15,PACKAGE_SCENE,10000000,2442,2442,1216.8,1014,1352,334,265,380,0,0,0,44995.2,30481,73756,20.0403,18.4378,24.1765
1062,15930,15944,15,PACKAGE_SCENE,10000000,2442,2442,1014,1014,1014,265,265,265,0,0,0,47580.9,34910,82599,20.1223,19.2025,22.4432
1063,15945,15959,15,PACKAGE_SCENE,10000000,2442,2442,734.933,692,1014,299.733,265,306,0,0,0,83874.2,38252,121670,18.1918,16.3041,22.0717
1064,15960,15974,15,PACKAGE_SCENE,10000000,2442,2442,692,692,692,305,305,305,0,0,0,93359.5,67330,133326,17.4752,16.406,19.6147
1065,15975,15989,15,PACKAGE_SCENE,10000000,2442,2442,1159.53,692,1535,315.067,246,389,0,0,0,74499.3,31718,136984,146.143,17.2985,223.393
1066,15990,16004,15,PACKAGE_SCENE,10000000,2442,2442,842,800,870,280.467,224,324,0.0666667,0,1,70152.3,24501,106147,145.301,107.343,207.077
1067,16005,16019,15,PACKAGE_SCENE,10000000,2442,2442,888.667,634,1414,297.467,226,395,0,0,0,70155.5,26513,113346,121.395,17.5209,223.139
1068,16020,16034,15,PACKAGE_SCENE,10000000,2442,2442,988,988,988,264.533,250,455,0,0,0,42802.6,28271,222465,20.0156,18.7972,23.8274
1069,16035,16049,15,PACKAGE_SCENE,10000000,2442,2442,988,988,988,251,251,251,0,0,0,34864.7,28724,57029,19.9547,18.8862,22.7869
1070,16050,16064,15,PACKAGE_SCENE,10000000,2442,2442,988,988,988,251,251,251,0,0,0,39560.9,28634,84332,20.0815,18.8493,23.5888
1071,16065,16079,15,PACKAGE_SCENE,10000000,2442,2442,988,988,988,251,251,251,0,0,0,36896.5,28469,84467,19.7222,18.9548,21.5768
1072,16080,16094,15,PACKAGE_SCENE,10000000,2442,2442,988,988,988,251,251,251,0,0,0,31776.3,28466,36348,19.9784,18.8584,23.4626
1073,16095,16109,15,PACKAGE_SCENE,10000000,2442,2442,1173.53,988,1241,289.133,251,303,0,0,0,30814.6,28151,33649,19.6571,18.6121,21.6623
1074,16110,16124,15,PACKAGE_SCENE,10000000,2442,2442,1241,1241,1241,303,303,303,0,0,0,32929.3,31201,52175,19.5905,18.4527,21.024
1075,16125,16139,15,PACKAGE_SCENE,10000000,2442,2442,1241,1241,1241,303,303,303,0,0,0,34356.8,31166,62348,19.5978,18.6437,20.5831
1076,16140,16154,15,PACKAGE_SCENE,10000000,2442,2442,1241,1241,1241,303,303,303,0,0,0,34841.5,28128,67898,19.8894,18.6842,22.0895
1077,16155,16169,15,PACKAGE_SCENE,10000000,2442,2442,1241,1241,1241,303,303,303,0,0,0,40675.5,31249,64253,20.2439,18.5333,22.9428
1078,16170,16184,15,PACKAGE_SCENE,10000000,2442,2442,1241,1241,1241,303,303,303,0,0,0,32119.1,31111,40588,19.4495,18.5253,21.5884
1079,16185,16199,15,PACKAGE_SCENE,10000000,2442,2442,1241,1241,1241,303,303,303,0,0,0,37852.5,31224,53500,20.0082,18.6194,21.9245
1080,16200,16214,15,PACKAGE_SCENE,10000000,2442,2442,1241,1241,1241,303,303,303,0,0,0,32737.4,28138,52764,20.1949,18.6352,23.1619
1081,16215,16229,15,PACKAGE_SCENE,10000000,2442,2442,1241,1241,1241,303,303,303,0,0,0,35856.1,28106,68468,20.1113,18.8488,23.3261
1082,16230,16244,15,PACKAGE_SCENE,10000000,2442,2442,1241,1241,1241,303,303,303,0,0,0,34655.8,28021,52212,23.4687,19.0666,31.5377
1083,16245,16259,15,PACKAGE_SCENE,10000000,2442,2442,1241,1241,1241,303,303,303,0,0,0,39376.4,31256,68330,23.951,18.7722,31.9339
1084,16260,16274,15,PACKAGE_SCENE,10000000,2442,2442,1241,1241,1241,303,303,303,0,0,0,35745.1,31107,60447,22.0467,18.5311,27.064
1085,16275,16289,15,PACKAGE_SCENE,10000000,2442,2442,1241,1241,1241,303,303,303,0,0,0,33602.7,28164,52604,22.5585,18.6058,26.6925
1086,16290,16304,15,PACKAGE_SCENE,10000000,2442,2442,1241,1241,1241,303,303,303,0,0,0,35517.5,31333,53925,23.9311,19.3324,30.3362
1087,16305,16319,15,PACKAGE_SCENE,10000000,2442,2442,1241,1241,1241,303,303,303,0,0,0,33771.5,28122,52607,24.4989,19.1213,40.7142
1088,16320,16334,15,PACKAGE_SCENE,10000000,2442,2442,1241,1241,1241,303,303,303,0,0,0,33635.9,28145,62408,23.2258,19.0838,31.9779
1089,16335,16349,15,PACKAGE_SCENE,10000000,2442,2442,1241,1241,1241,303,303,303,0,0,0,38623.9,31306,64244,22.1932,18.4555,28.4544
1090,16350,16364,15,PACKAGE_SCENE,10000000,2442,2442,1241,1241,1241,303,303,303,0,0,0,34914.5,31274,53957,29.4539,19.2769,69.8114
1091,16365,16379,15,PACKAGE_SCENE,10000000,2442,2442,1241,1241,1241,303,303,303,0,0,0,39161.6,28071,65625,22.2564,18.9771,26.1869
1092,16380,16394,15,PACKAGE_SCENE,10000000,2442,2442,1241,1241,1241,303,303,303,0,0,0,35193.8,28071,52849,23.3322,18.5839,32.415
1093,16395,16409,15,PACKAGE_SCENE,10000000,2442,2442,1241,1241,1241,303,303,303,0,0,0,36141.3,31216,52145,22.4306,18.6234,31.7163
1094,16410,16424,15,PACKAGE_SCENE,10000000,2442,2442,1241,1241,1241,303,303,303,0,0,0,34554.8,31209,54366,21.4278,19.1919,29.5062
1095,16425,16439,15,PACKAGE_SCENE,10000000,2442,2442,1241,1241,1241,303,303,303,0,0,0,36156.7,31139,73971,19.756,18.6062,22.5561
1096,16440,16454,15,PACKAGE_SCENE,10000000,2442,2442,1241,1241,1241,303,303,303,0,0,0,33712.5,31244,53568,22.0434,18.6369,28.2824
1097,16455,16469,15,PACKAGE_SCENE,10000000,2442,2442,1241,1241,1241,303,303,303,0,0,0,35328.8,31221,62528,20.2936,18.6506,23.3948
1098,16470,16484,15,PACKAGE_SCENE,10000000,2442,2442,1241,1241,1241,303,303,303,0,0,0,37485.7,31256,68360,24.1883,18.8279,35.5187
1099,16485,16499,15,PACKAGE_SCENE,10000000,2442,2442,1241,1241,1241,303,303,303,0,0,0,36982.4,31203,62885,20.0174,18.7213,22.9056
1100,16500,16514,15,PACKAGE_SCENE,10000000,2442,2442,1241,1241,1241,303,303,303,0,0,0,35471.5,28140,63103,22.3694,18.5088,28.3548
1101,16515,16529,15,PACKAGE_SCENE,10000000,2442,2442,1241,1241,1241,303,303,303,0,0,0,37419.1,31195,74961,21.9388,18.4244,30.6923
1102,16530,16544,15,PACKAGE_SCENE,10000000,2442,2442,1241,1241,1241,303,303,303,0,0,0,33506.2,31170,52128,20.2935,18.7875,23.7096
1103,16545,16559,15,PACKAGE_SCENE,10000000,2442,2442,1241,1241,1241,303,303,303,0,0,0,32225.8,28147,38471,20.2692,18.8526,22.6503
1104,16560,16574,15,PACKAGE_SCENE,10000000,2442,2442,1241,1241,1241,303,303,303,0,0,0,32131.9,31128,38281,20.6367,18.6741,24.7166
1105,16575,16589,15,PACKAGE_SCENE,10000000,2442,2442,1241,1241,1241,303,303,303,0,0,0,33339.7,28249,52376,20.7939,19.0828,22.6684
1106,16590,16604,15,PACKAGE_SCENE,10000000,2442,2442,1241,1241,1241,303,303,303,0,0,0,34359.9,28168,73491,20.1837,18.8437,23.8676
1107,16605,16619,15,PACKAGE_SCENE,10000000,2442,2442,1241,1241,1241,303,303,303,0,0,0,32131.3,28101,52133,19.8667,18.7571,23.1425
1108,16620,16634,15,PACKAGE_SCENE,10000000,2442,2442,1241,1241,1241,303,303,303,0,0,0,37169.3,31173,64515,19.7799,18.6134,22.6553
1109,16635,16649,15,PACKAGE_SCENE,10000000,2442,2442,1241,1241,1241,303,303,303,0,0,0,35751.5,31149,62522,20.0654,18.7373,22.7882
1110,16650,16664,15,PACKAGE_SCENE,10000000,2442,2442,1241,1241,1241,303,303,303,0,0,0,33669.8,31256,54217,19.6805,18.5594,21.4651
1111,16665,16679,15,PACKAGE_SCENE,10000000,2442,2442,1241,1241,1241,303,303,303,0,0,0,35698.5,31231,53946,19.6885,18.7144,23.1236
1112,16680,16694,15,PACKAGE_SCENE,10000000,2442,2442,1241,1241,1241,303,303,303,0,0,0,36201.8,31240,54395,19.6555,18.6201,22.1717
1113,16695,16709,15,PACKAGE_SCENE,10000000,2442,2442,1241,1241,1241,303,303,303,0,0,0,34970.9,28039,65103,20.2737,18.6127,22.1003
1114,16710,16724,15,PACKAGE_SCENE,10000000,2442,2442,1241,1241,1241,303,303,303,0,0,0,35977.2,31248,53249,19.8873,18.8341,22.3289
1115,16725,16739,15,PACKAGE_SCENE,10000000,2442,2442,1241,1241,1241,303,303,303,0,0,0,35681.1,31261,63361,20.1495,18.715,22.9522
1116,16740,16754,15,PACKAGE_SCENE,10000000,2442,2442,1241,1241,1241,303,303,303,0,0,0,35190.7,31229,60578,19.7818,18.7841,21.3177
1117,16755,16769,15,PACKAGE_SCENE,10000000,2442,2442,1241,1241,1241,303,303,303,0,0,0,32400.9,31189,40801,19.9053,18.735,21.9399
1118,16770,16784,15,PACKAGE_SCENE,10000000,2442,2442,1241,1241,1241,303,303,303,0,0,0,37799.9,31315,53796,20.3616,19.001,23.0784
1119,16785,16799,15,PACKAGE_SCENE,10000000,2442,2442,1241,1241,1241,303,303,303,0,0,0,33764.9,31190,53009,20.2706,19.0524,22.9269
1120,16800,16814,15,PACKAGE_SCENE,10000000,2442,2442,1241,1241,1241,303,303,303,0,0,0,33776.1,31199,53347,20.2722,18.7844,25.2032
1121,16815,16829,15,PACKAGE_SCENE,10000000,2442,2442,1241,1241,1241,303,303,303,0,0,0,35754.5,31131,67278,26.0157,18.8149,30.9505
1122,16830,16844,15,PACKAGE_SCENE,10000000,2442,2442,1241,1241,1241,303,303,303,0,0,0,32934.8,31231,40819,24.8465,18.7146,34.0606
1123,16845,16859,15,PACKAGE_SCENE,10000000,2442,2442,1241,1241,1241,303,303,303,0,0,0,35682.9,31214,66708,20.9398,18.3953,24.3989
1124,16860,16874,15,PACKAGE_SCENE,10000000,2442,2442,1241,1241,1241,303,303,303,0,0,0,31568.2,31269,33580,19.8787,18.9784,22.4456
1125,16875,16889,15,PACKAGE_SCENE,10000000,2442,2442,1241,1241,1241,303,303,303,0,0,0,36128.5,27977,62313,19.6069,18.7364,21.3724
1126,16890,16904,15,PACKAGE_SCENE,10000000,2442,2442,1241,1241,1241,303,303,303,0,0,0,35936.1,28270,54085,19.8614,18.6381,24.528
1127,16905,16919,15,PACKAGE_SCENE,10000000,2442,2442,1241,1241,1241,303,303,303,0,0,0,34957.8,31389,67780,21.28,18.4351,39.9903
1128,16920,16934,15,PACKAGE_SCENE,10000000,2442,2442,1241,1241,1241,303,303,303,0,0,0,33860.7,31176,53672,20.2467,19.0527,22.5011
1129,16935,16949,15,PACKAGE_SCENE,10000000,2442,2442,1241,1241,1241,303,303,303,0,0,0,33044.6,31302,53390,121.953,18.8758,1506.22
1130,16950,16964,15,PACKAGE_SCENE,10000000,2442,2442,1241,1241,1241,303,303,303,0,0,0,33840.3,31262,53905,79.0694,18.9223,863.768
1131,16965,16979,15,PACKAGE_SCENE,10000000,2442,2442,1241,1241,1241,303,303,303,0,0,0,35935.2,31285,53924,72.8323,19.1396,778.011
1132,16980,16994,15,PACKAGE_SCENE,10000000,2442,2442,1241,1241,1241,303,303,303,0,0,0,38228.2,31161,73453,57.4965,18.8964,553.906
1133,16995,17009,15,PACKAGE_SCENE,10000000,2442,2442,1241,1241,1241,303,303,303,0,0,0,32600.1,31283,40635,59.0282,19.0304,577.335
1134,17010,17024,15,PACKAGE_SCENE,10000000,2442,2442,1241,1241,1241,303,303,303,0,0,0,34598.9,31061,52000,20.1988,18.7949,23.4047
1135,17025,17039,15,PACKAGE_SCENE,10000000,2442,2442,1241,1241,1241,303,303,303,0,0,0,34873.1,28192,65535,52.5937,18.815,477.464
1136,17040,17054,15,PACKAGE_SCENE,10000000,2442,2442,1241,1241,1241,303,303,303,0,0,0,37498.1,31246,63029,50.5208,18.5398,451.017
1137,17055,17069,15,PACKAGE_SCENE,10000000,2442,2442,1241,1241,1241,303,303,303,0,0,0,32123.3,31200,38361,42.3041,19.0476,324.295
1138,17070,17084,15,PACKAGE_SCENE,10000000,2442,2442,1241,1241,1241,303,303,303,0,0,0,34226.3,28179,53714,40.0016,18.9067,297.188
1139,17085,17099,15,PACKAGE_SCENE,10000000,2442,2442,1241,1241,1241,303,303,303,0,0,0,34548.1,31197,53134,86.0486,18.8607,941.467
1140,17100,17114,15,PACKAGE_SCENE,10000000,2442,2442,1241,1241,1241,303,303,303,0,0,0,34039.5,27958,57691,20.3222,18.6883,25.3413
1141,17115,17129,15,PACKAGE_SCENE,10000000,2442,2442,1241,1241,1241,303,303,303,0,0,0,33567.1,28071,52269,41.0342,18.8359,308.74
1142,17130,17144,15,PACKAGE_SCENE,10000000,2442,2442,1241,1241,1241,303,303,303,0,0,0,34348,31183,52948,42.7554,19.0731,311.016
1143,17145,17159,15,PACKAGE_SCENE,10000000,2442,2442,1241,1241,1241,303,303,303,0,0,0,37205.3,31237,67160,40.4424,18.9413,303.435
1144,17160,17174,15,PACKAGE_SCENE,10000000,2442,2442,1241,1241,1241,303,303,303,0,0,0,32284.4,31171,40720,39.3164,18.8151,289.704
1145,17175,17189,15,PACKAGE_SCENE,10000000,2442,2442,1241,1241,1241,303,303,303,0,0,0,32779.1,31056,40698,42.3072,19.2415,332.8
1146,17190,17204,15,PACKAGE_SCENE,10000000,2442,2442,1241,1241,1241,303,303,303,0,0,0,32737.4,31020,52595,20.0391,18.7739,22.4587
1147,17205,17219,15,PACKAGE_SCENE,10000000,2442,2442,1241,1241,1241,303,303,303,0,0,0,40587.7,31290,66948,43.8788,19.0702,331.736
1148,17220,17234,15,PACKAGE_SCENE,10000000,2442,2442,1241,1241,1241,303,303,303,0,0,0,33349.1,28145,62209,40.9501,18.5864,309.934
1149,17235,17249,15,PACKAGE_SCENE,10000000,2442,2442,1241,1241,1241,303,303,303,0,0,0,37072.8,31238,53954,38.2722,18.4846,279.783
1150,17250,17264,15,PACKAGE_SCENE,10000000,2442,2442,1241,1241,1241,303,303,303,0,0,0,33582.7,31291,52344,56.0913,19.0575,484.828
1151,17265,17279,15,PACKAGE_SCENE,10000000,2442,2442,1241,1241,1241,303,303,303,0,0,0,35797,31192,54012,51.2958,19.5685,418.24
1152,17280,17294,15,PACKAGE_SCENE,10000000,2442,2442,1241,1241,1241,303,303,303,0,0,0,34255.5,31140,72476,21.6384,19.0629,26.9843
1153,17295,17309,15,PACKAGE_SCENE,10000000,2442,2442,1241,1241,1241,303,303,303,0,0,0,38776.2,31156,65644,62.214,19.0236,627.067
1154,17310,17324,15,PACKAGE_SCENE,10000000,2442,2442,1241,1241,1241,303,303,303,0,0,0,31665.3,28083,38493,49.2307,18.7454,428.083
1155,17325,17339,15,PACKAGE_SCENE,10000000,2442,2442,1241,1241,1241,303,303,303,0,0,0,33525.7,31255,51648,45.6439,18.7235,377.991
1156,17340,17354,15,PACKAGE_SCENE,10000000,2442,2442,1241,1241,1241,303,303,303,0,0,0,38878.9,31230,62485,47.8433,18.5213,414.281
1157,17355,17369,15,PACKAGE_SCENE,10000000,2442,2442,1241,1241,1241,303,303,303,0,0,0,39163.4,31260,65212,43.9506,18.7723,352.345
1158,17370,17384,15,PACKAGE_SCENE,10000000,2442,2442,1241,1241,1241,303,303,303,0,0,0,34435,31203,52287,19.9165,18.6616,23.0762
1159,17385,17399,15,PACKAGE_SCENE,10000000,2442,2442,1241,1241,1241,303,303,303,0,0,0,34306.9,28269,64622,44.283,18.7515,333.528
1160,17400,17414,15,PACKAGE_SCENE,10000000,2442,2442,1241,1241,1241,303,303,303,0,0,0,31781.5,31195,33686,48.0409,18.6825,419.434
1161,17415,17429,15,PACKAGE_SCENE,10000000,2442,2442,1241,1241,1241,303,303,303,0,0,0,35166.1,28129,58070,43.5599,19.052,347.407
1162,17430,17444,15,PACKAGE_SCENE,10000000,2442,2442,1241,1241,1241,303,303,303,0,0,0,35517.8,28110,53428,44.5136,18.8014,369.422
1163,17445,17459,15,PACKAGE_SCENE,10000000,2442,2442,1241,1241,1241,303,303,303,0,0,0,32998.3,31092,52594,42.5036,18.4626,342.35
1164,17460,17474,15,PACKAGE_SCENE,10000000,2442,2442,1241,1241,1241,303,303,303,0,0,0,31392,28452,33714,20.0056,18.5707,22.2823
1165,17475,17489,15,PACKAGE_SCENE,10000000,2442,2442,1241,1241,1241,303,303,303,0,0,0,33033.6,28155,40628,43.9391,19.2364,350.104
1166,17490,17504,15,PACKAGE_SCENE,10000000,2442,2442,1241,1241,1241,303,303,303,0,0,0,33200.9,31124,52098,65.759,19.0271,655.539
1167,17505,17519,15,PACKAGE_SCENE,10000000,2442,2442,1241,1241,1241,303,303,303,0,0,0,32964.7,30099,40713,43.1737,18.8921,347.255
1168,17520,17534,15,PACKAGE_SCENE,10000000,2442,2442,1241,1241,1241,303,303,303,0,0,0,34957.1,28196,66647,47.1518,18.9426,402.006
1169,17535,17549,15,PACKAGE_SCENE,10000000,2442,2442,1241,1241,1241,303,303,303,0,0,0,36205.2,31255,52008,42.2478,19.0443,343.35
1170,17550,17564,15,PACKAGE_SCENE,10000000,2442,2442,1241,1241,1241,303,303,303,0,0,0,35307.4,28159,63919,21.24,18.7163,39.159
1171,17565,17579,15,PACKAGE_SCENE,10000000,2442,2442,1241,1241,1241,303,303,303,0,0,0,38416.1,28095,73211,45.0093,18.8972,374.462
1172,17580,17594,15,PACKAGE_SCENE,10000000,2442,2442,1241,1241,1241,303,303,303,0,0,0,34087.7,31227,57795,37.7313,18.6297,267.201
1173,17595,17609,15,PACKAGE_SCENE,10000000,2442,2442,1241,1241,1241,303,303,303,0,0,0,33319.5,28124,51930,37.7073,19.0108,255.276
1174,17610,17624,15,PACKAGE_SCENE,10000000,2442,2442,1241,1241,1241,303,303,303,0,0,0,33337.1,31168,54599,123.045,18.5145,1561.42
1175,17625,17639,15,PACKAGE_SCENE,10000000,2442,2442,1241,1241,1241,303,303,303,0,0,0,31971.7,28110,38513,20.1521,18.5283,22.6766
1176,17640,17654,15,PACKAGE_SCENE,10000000,2442,2442,1241,1241,1241,303,303,303,0,0,0,34296,31194,63579,19.9616,18.6206,21.4997
1177,17655,17669,15,PACKAGE_SCENE,10000000,2442,2442,1241,1241,1241,303,303,303,0,0,0,34652.6,31198,53793,20.2518,18.7185,23.3545
1178,17670,17684,15,PACKAGE_SCENE,10000000,2442,2442,1241,1241,1241,303,303,303,0,0,0,33357.6,31195,53594,20.7771,18.7472,23.4191
1179,17685,17699,15,PACKAGE_SCENE,10000000,2442,2442,1241,1241,1241,303,303,303,0,0,0,36720.9,28117,56852,23.0138,18.7053,58.2083
1180,17700,17714,15,PACKAGE_SCENE,10000000,2442,2442,1241,1241,1241,303,303,303,0,0,0,37025.1,28198,63617,19.9067,18.6367,22.8643
1181,17715,17729,15,PACKAGE_SCENE,10000000,2442,2442,1241,1241,1241,303,303,303,0,0,0,37928.8,31220,65612,20.8254,19.2459,23.7854
1182,17730,17744,15,PACKAGE_SCENE,10000000,2442,2442,1241,1241,1241,303,303,303,0,0,0,35939.2,31112,62312,20.0878,18.8089,23.1689
1183,17745,17759,15,PACKAGE_SCENE,10000000,2442,2442,1241,1241,1241,303,303,303,0,0,0,37202.1,31261,62131,23.2585,18.7061,43.2115
1184,17760,17774,15,PACKAGE_SCENE,10000000,2442,2442,1241,1241,1241,303,303,303,0,0,0,39424.1,31297,65091,20.6217,18.3781,26.2871
1185,17775,17789,15,PACKAGE_SCENE,10000000,2442,2442,1241,1241,1241,303,303,303,0,0,0,31747.6,31284,33663,20.1204,18.7571,22.4519
1186,17790,17804,15,PACKAGE_SCENE,10000000,2442,2442,1241,1241,1241,303,303,303,0,0,0,35164.3,31183,62448,19.9545,18.7688,22.8272
1187,17805,17819,15,PACKAGE_SCENE,10000000,2442,2442,1241,1241,1241,303,303,303,0,0,0,31699.7,28296,33733,22.435,18.8548,30.7916
1188,17820,17834,15,PACKAGE_SCENE,10000000,2442,2442,1241,1241,1241,303,303,303,0,0,0,33994,31132,62043,22.6912,20.3285,27.4386
1189,17835,17849,15,PACKAGE_SCENE,10000000,2442,2442,1241,1241,1241,303,303,303,0,0,0,34480.1,31251,53984,24.5456,20.0578,49.4089
1190,17850,17864,15,PACKAGE_SCENE,10000000,2442,2442,1241,1241,1241,303,303,303,0,0,0,37120.9,31189,67091,24.0652,20.8781,27.7599
1191,17865,17879,15,PACKAGE_SCENE,10000000,2442,2442,1241,1241,1241,303,303,303,0,0,0,33621.8,28157,53669,23.0988,20.6052,26.5804
1192,17880,17894,15,PACKAGE_SCENE,10000000,2442,2442,1241,1241,1241,303,303,303,0,0,0,31920.5,31257,33880,24.4449,18.8595,40.1566
1193,17895,17909,15,PACKAGE_SCENE,10000000,2442,2442,1241,1241,1241,303,303,303,0,0,0,35822.7,28117,53122,21.1636,19.2505,24.3921
1194,17910,17924,15,PACKAGE_SCENE,10000000,2442,2442,1241,1241,1241,303,303,303,0,0,0,35671,28112,66934,21.0811,19.4707,23.8432
1195,17925,17939,15,PACKAGE_SCENE,10000000,2442,2442,1241,1241,1241,303,303,303,0,0,0,32762.2,28187,53005,20.1767,18.7245,23.4954
1196,17940,17954,15,PACKAGE_SCENE,10000000,2442,2442,1241,1241,1241,303,303,303,0,0,0,31685.7,31189,33940,20.4054,19.0301,22.7408
1197,17955,17969,15,PACKAGE_SCENE,10000000,2442,2442,1241,1241,1241,303,303,303,0,0,0,33360.7,31200,52134,20.4846,18.9376,24.0301
1198,17970,17984,15,PACKAGE_SCENE,10000000,2442,2442,1241,1241,1241,303,303,303,0,0,0,32521.2,28126,53361,20.2786,19.1866,21.8282
1199,17985,17999,15,PACKAGE_SCENE,10000000,2442,2442,1241,1241,1241,303,303,303,0,0,0,38261.7,28207,68091,20.4587,18.6236,22.4897
1200,18000,18014,15,PACKAGE_SCENE,10000000,2442,2442,1055.47,988,1241,264.867,251,303,0,0,0,29985,28325,35925,20.2311,18.7948,22.524
1201,18015,18029,15,PACKAGE_SCENE,10000000,2442,2442,988,988,988,251,251,251,0,0,0,34388.9,28526,69913,20.3702,19.0279,22.9837
1202,18030,18044,15,PACKAGE_SCENE,10000000,2442,2442,657.6,634,988,255.667,251,256,0,0,0,79211.9,29293,96887,18.806,17.3865,20.6233
1203,18045,18059,15,PACKAGE_SCENE,10000000,2442,2442,967.667,634,1414,300.267,226,382,0,0,0,69369.9,32066,123892,180.421,19.0035,229.503
1204,18060,18074,15,PACKAGE_SCENE,10000000,2442,2442,1310.27,870,1535,301,246,419,0,0,0,52904.2,26772,89167,117.52,111.843,121.187
1205,18075,18089,15,PACKAGE_SCENE,10000000,2442,2442,1001.8,761,1372,297.2,192,365,0,0,0,64755,29007,109172,171.133,112.284,229.085
1206,18090,18104,15,PACKAGE_SCENE,10000000,2442,2442,696.6,692,761,307.6,192,457,0,0,0,98547.9,34203,118529,30.4385,16.1214,201.327
1207,18105,18119,15,PACKAGE_SCENE,10000000,2442,2442,692,692,692,305,305,305,0,0,0,92109.9,71592,122277,17.9959,16.7815,20.0496
1208,18120,18134,15,PACKAGE_SCENE,10000000,2442,2442,906.667,692,1014,292.667,264,481,0,0,0,66469,29791,137614,21.3921,17.8121,25.2052
1209,18135,18149,15,PACKAGE_SCENE,10000000,2442,2442,1239.33,1014,1352,341.667,265,380,0,0,0,57141.6,32453,96740,21.3765,19.1084,25.4906
1210,18150,18164,15,PACKAGE_SCENE,10000000,2442,2442,1352,1352,1352,380,380,380,0,0,0,58008,27004,82028,20.3729,18.3896,26.504
1211,18165,18179,15,PACKAGE_SCENE,10000000,2442,2442,1352,1352,1352,380,380,380,0,0,0,47078.2,32214,74803,19.9172,18.7871,23.7449
1212,18180,18194,15,PACKAGE_SCENE,10000000,2442,2442,1339,1313,1352,364.667,334,380,0,0,0,54770.9,32232,95164,20.6327,18.8863,24.7543
1213,18195,18209,15,PACKAGE_SCENE,10000000,2442,2442,1313,1313,1313,334,334,334,0,0,0,46466.3,31528,79741,20.2605,19.2246,22.4145
1214,18210,18224,15,PACKAGE_SCENE,10000000,2442,2442,1313,1313,1313,334,334,334,0,0,0,52636.5,41480,79745,21.6156,19.2924,26.479
1215,18225,18239,15,PACKAGE_SCENE,10000000,2442,2442,1313,1313,1313,334,334,334,0,0,0,46509.7,41074,54726,20.0143,18.3691,22.3171
1216,18240,18254,15,PACKAGE_SCENE,10000000,2442,2442,1313,1313,1313,334,334,334,0,0,0,50282.4,41205,79262,20.4676,18.5705,25.3081
1217,18255,18269,15,PACKAGE_SCENE,10000000,2442,2442,1313,1313,1313,334,334,334,0,0,0,48901.9,32319,80070,20.3148,18.558,30.9409
1218,18270,18284,15,PACKAGE_SCENE,10000000,2442,2442,1313,1313,1313,334,334,334,0,0,0,46397.6,35134,73571,19.5856,18.4686,22.1067
1219,18285,18299,15,PACKAGE_SCENE,10000000,2442,2442,1313,1313,1313,334,334,334,0,0,0,47076.5,41538,74932,21.0889,18.6273,31.4705
1220,18300,18314,15,PACKAGE_SCENE,10000000,2442,2442,1313,1313,1313,334,334,334,0,0,0,50328.1,34859,79336,22.3988,18.382,30.2664
1221,18315,18329,15,PACKAGE_SCENE,10000000,2442,2442,1313,1313,1313,334,334,334,0,0,0,44948.3,40998,79684,20.4029,18.4217,23.5716
1222,18330,18344,15,PACKAGE_SCENE,10000000,2442,2442,1313,1313,1313,334,334,334,0,0,0,49611.3,40961,75273,19.8435,18.6922,22.7768
1223,18345,18359,15,PACKAGE_SCENE,10000000,2442,2442,1313,1313,1313,334,334,334,0,0,0,45148.9,31760,54653,21.8773,18.5132,30.9446
1224,18360,18374,15,PACKAGE_SCENE,10000000,2442,2442,1313,1313,1313,334,334,334,0,0,0,44463.7,31771,54889,24.0987,18.8581,32.6042
1225,18375,18389,15,PACKAGE_SCENE,10000000,2442,2442,1313,1313,1313,334,334,334,0,0,0,50359.7,34813,77062,22.8851,19.1558,30.5626
1226,18390,18404,15,PACKAGE_SCENE,10000000,2442,2442,1313,1313,1313,334,334,334,0,0,0,45281.5,34687,54565,20.2749,18.5697,23.0695
1227,18405,18419,15,PACKAGE_SCENE,10000000,2442,2442,1313,1313,1313,334,334,334,0,0,0,46426.3,31563,72256,23.7091,18.7462,48.1731
1228,18420,18434,15,PACKAGE_SCENE,10000000,2442,2442,1313,1313,1313,334,334,334,0,0,0,47580.9,41174,75040,20.0033,19.0125,22.266
1229,18435,18449,15,PACKAGE_SCENE,10000000,2442,2442,1313,1313,1313,334,334,334,0,0,0,51190.7,41287,78067,19.9625,18.3351,21.9526
1230,18450,18464,15,PACKAGE_SCENE,10000000,2442,2442,1313,1313,1313,334,334,334,0,0,0,44303.5,34346,53107,19.9906,18.6663,23.1813
1231,18465,18479,15,PACKAGE_SCENE,10000000,2442,2442,1313,1313,1313,334,334,334,0,0,0,50374.3,32375,76964,20.7109,18.5299,24.5829
1232,18480,18494,15,PACKAGE_SCENE,10000000,2442,2442,1313,1313,1313,334,334,334,0,0,0,46638.5,34663,79349,19.9206,18.8368,23.5344
1233,18495,18509,15,PACKAGE_SCENE,10000000,2442,2442,1313,1313,1313,334,334,334,0,0,0,52436,41097,81052,20.2503,18.4935,23.2625
1234,18510,18524,15,PACKAGE_SCENE,10000000,2442,2442,1313,1313,1313,334,334,334,0,0,0,47042.5,31662,79434,20.3324,18.3101,25.0313
1235,18525,18539,15,PACKAGE_SCENE,10000000,2442,2442,1313,1313,1313,334,334,334,0,0,0,49315.4,34840,77795,20.5007,18.8474,24.6163
1236,18540,18554,15,PACKAGE_SCENE,10000000,2442,2442,1313,1313,1313,334,334,334,0,0,0,51255.2,34724,79628,21.0146,18.7988,24.5232
1237,18555,18569,15,PACKAGE_SCENE,10000000,2442,2442,1313,1313,1313,334,334,334,0,0,0,46391.2,41217,67217,20.1653,19.0012,22.0746
1238,18570,18584,15,PACKAGE_SCENE,10000000,2442,2442,1313,1313,1313,334,334,334,0,0,0,47095.1,32361,74621,20.1785,18.8653,23.1587
1239,18585,18599,15,PACKAGE_SCENE,10000000,2442,2442,1313,1313,1313,334,334,334,0,0,0,48769.3,41417,79382,20.3768,18.5346,22.8907
1240,18600,18614,15,PACKAGE_SCENE,10000000,2442,2442,1313,1313,1313,334,334,334,0,0,0,46435.1,34706,73514,22.7296,19.1976,32.9559
1241,18615,18629,15,PACKAGE_SCENE,10000000,2442,2442,1313,1313,1313,334,334,334,0,0,0,48050.2,41231,54498,19.3969,18.4221,22.5921
1242,18630,18644,15,PACKAGE_SCENE,10000000,2442,2442,1313,1313,1313,334,334,334,0,0,0,48233.6,41527,54527,19.7391,18.513,23.0881
1243,18645,18659,15,PACKAGE_SCENE,10000000,2442,2442,1313,1313,1313,334,334,334,0,0,0,44937.3,35001,54349,22.0286,18.3018,49.2041
1244,18660,18674,15,PACKAGE_SCENE,10000000,2442,2442,1313,1313,1313,334,334,334,0,0,0,47837.1,40939,54317,20.144,18.8798,23.1636
1245,18675,18689,15,PACKAGE_SCENE,10000000,2442,2442,1313,1313,1313,334,334,334,0,0,0,51582.9,41069,79550,130.465,19.4771,1571.33
1246,18690,18704,15,PACKAGE_SCENE,10000000,2442,2442,1313,1313,1313,334,334,334,0,0,0,50083.5,41305,80899,116.143,19.8345,1406.92
1247,18705,18719,15,PACKAGE_SCENE,10000000,2442,2442,1313,1313,1313,334,334,334,0,0,0,46175.1,31561,67276,71.0668,18.4051,758.866
1248,18720,18734,15,PACKAGE_SCENE,10000000,2442,2442,1313,1313,1313,334,334,334,0,0,0,47779,31593,78288,57.5542,18.9129,553.454
1249,18735,18749,15,PACKAGE_SCENE,10000000,2442,2442,1313,1313,1313,334,334,334,0,0,0,46460.9,31848,73811,59.9286,19.0553,597.605
1250,18750,18764,15,PACKAGE_SCENE,10000000,2442,2442,1313,1313,1313,334,334,334,0,0,0,49558.4,41242,68830,21.1173,19.1208,24.5883
1251,18765,18779,15,PACKAGE_SCENE,10000000,2442,2442,1313,1313,1313,334,334,334,0,0,0,47447.6,31579,73993,47.7582,18.8701,400.614
1252,18780,18794,15,PACKAGE_SCENE,10000000,2442,2442,1313,1313,1313,334,334,334,0,0,0,47272.1,41052,73347,50.9681,18.7207,458.073
1253,18795,18809,15,PACKAGE_SCENE,10000000,2442,2442,1313,1313,1313,334,334,334,0,0,0,46952.7,40909,71901,38.9376,18.9866,284.386
1254,18810,18824,15,PACKAGE_SCENE,10000000,2442,2442,1313,1313,1313,334,334,334,0,0,0,46591.8,31438,76840,79.6881,18.6506,882.453
1255,18825,18839,15,PACKAGE_SCENE,10000000,2442,2442,1313,1313,1313,334,334,334,0,0,0,45175.1,34581,54491,47.6711,18.8227,393.311
1256,18840,18854,15,PACKAGE_SCENE,10000000,2442,2442,1313,1313,1313,334,334,334,0,0,0,43209.1,32272,57298,21.1271,19.0603,23.959
1257,18855,18869,15,PACKAGE_SCENE,10000000,2442,2442,1313,1313,1313,334,334,334,0,0,0,46788.5,41002,56737,44.5993,18.9364,347.492
1258,18870,18884,15,PACKAGE_SCENE,10000000,2442,2442,1313,1313,1313,334,334,334,0,0,0,44513.5,35150,54625,91.5876,20.7729,946.544
1259,18885,18899,15,PACKAGE_SCENE,10000000,2442,2442,1313,1313,1313,334,334,334,0,0,0,44559.6,31633,54621,68.17,24.4693,613.511
1260,18900,18914,15,PACKAGE_SCENE,10000000,2442,2442,1313,1313,1313,334,334,334,0,0,0,45109.9,32321,54504,65.9123,22.4286,580.437
1261,18915,18929,15,PACKAGE_SCENE,10000000,2442,2442,1313,1313,1313,334,334,334,0,0,0,49365,40897,73458,69.8123,26.3175,606.878
1262,18930,18944,15,PACKAGE_SCENE,10000000,2442,2442,1313,1313,1313,334,334,334,0,0,0,49315.6,41279,71993,26.9175,22.3086,33.7755
1263,18945,18959,15,PACKAGE_SCENE,10000000,2442,2442,1313,1313,1313,334,334,334,0,0,0,47951.2,32432,77668,75.9466,24.5806,672.888
1264,18960,18974,15,PACKAGE_SCENE,10000000,2442,2442,1313,1313,1313,334,334,334,0,0,0,43596,31828,52517,72.2389,25.3184,631.119
1265,18975,18989,15,PACKAGE_SCENE,10000000,2442,2442,1313,1313,1313,334,334,334,0,0,0,46872.9,41113,54197,86.2142,24.9141,847.361
1266,18990,19004,15,PACKAGE_SCENE,10000000,2442,2442,1313,1313,1313,334,334,334,0,0,0,46045.1,41202,54476,82.4518,21.4763,837.381
1267,19005,19019,15,PACKAGE_SCENE,10000000,2442,2442,1313,1313,1313,334,334,334,0,0,0,46771.7,40912,78813,68.5096,23.7517,612.536
1268,19020,19034,15,PACKAGE_SCENE,10000000,2442,2442,1313,1313,1313,334,334,334,0,0,0,47461.4,32008,73972,26.2642,20.3459,28.9883
1269,19035,19049,15,PACKAGE_SCENE,10000000,2442,2442,1313,1313,1313,334,334,334,0,0,0,46250.4,32253,54526,68.6027,22.7149,618.837
1270,19050,19064,15,PACKAGE_SCENE,10000000,2442,2442,1313,1313,1313,334,334,334,0,0,0,47916.1,40748,81845,66.6937,25.114,577.881
1271,19065,19079,15,PACKAGE_SCENE,10000000,2442,2442,1313,1313,1313,334,334,334,0,0,0,48150.3,41261,75559,72.5086,21.3508,675.967
1272,19080,19094,15,PACKAGE_SCENE,10000000,2442,2442,1313,1313,1313,334,334,334,0,0,0,48313.6,34821,71400,65.3554,22.0181,579.575
1273,19095,19109,15,PACKAGE_SCENE,10000000,2442,2442,1313,1313,1313,334,334,334,0,0,0,46965.3,41200,70512,65.8855,23.145,620.93
1274,19110,19124,15,PACKAGE_SCENE,10000000,2442,2442,1313,1313,1313,334,334,334,0,0,0,47425.1,34687,54372,38.484,24.8575,79.0289
1275,19125,19139,15,PACKAGE_SCENE,10000000,2442,2442,1313,1313,1313,334,334,334,0,0,0,50280,43761,76689,83.7567,23.8899,843.077
1276,19140,19154,15,PACKAGE_SCENE,10000000,2442,2442,1313,1313,1313,334,334,334,0,0,0,46618,41064,67403,68.5904,22.0392,624.292
1277,19155,19169,15,PACKAGE_SCENE,10000000,2442,2442,1313,1313,1313,334,334,334,0,0,0,47039.1,43913,54462,68.2966,22.1829,625.593
1278,19170,19184,15,PACKAGE_SCENE,10000000,2442,2442,1313,1313,1313,334,334,334,0,0,0,47175.3,34793,65087,70.193,24.409,642.542
1279,19185,19199,15,PACKAGE_SCENE,10000000,2442,2442,1313,1313,1313,334,334,334,0,0,0,47513.7,34799,71781,66.3448,25.6454,602.613
1280,19200,19214,15,PACKAGE_SCENE,10000000,2442,2442,1313,1313,1313,334,334,334,0,0,0,49219.7,41511,74186,28.3315,23.1286,55.9424
1281,19215,19229,15,PACKAGE_SCENE,10000000,2442,2442,1313,1313,1313,334,334,334,0,0,0,48338.7,32571,71370,68.6365,21.289,635.583
1282,19230,19244,15,PACKAGE_SCENE,10000000,2442,2442,1313,1313,1313,334,334,334,0,0,0,47222.6,34978,75346,71.8746,22.8212,658.163
1283,19245,19259,15,PACKAGE_SCENE,10000000,2442,2442,1313,1313,1313,334,334,334,0,0,0,43516.7,34815,51681,60.2897,22.0585,501.477
1284,19260,19274,15,PACKAGE_SCENE,10000000,2442,2442,1313,1313,1313,334,334,334,0,0,0,44706.9,34745,54447,60.3044,21.5033,535.673
1285,19275,19289,15,PACKAGE_SCENE,10000000,2442,2442,1313,1313,1313,334,334,334,0,0,0,50075.9,35030,74083,66.2868,23.9983,591.809
1286,19290,19304,15,PACKAGE_SCENE,10000000,2442,2442,1313,1313,1313,334,334,334,0,0,0,47345.4,41133,54740,27.8148,23.1199,44.9666
1287,19305,19319,15,PACKAGE_SCENE,10000000,2442,2442,1313,1313,1313,334,334,334,0,0,0,47162.6,32047,73973,58.8802,22.5956,480.645
1288,19320,19334,15,PACKAGE_SCENE,10000000,2442,2442,1313,1313,1313,334,334,334,0,0,0,47888.3,32292,74233,56.2602,22.9236,448.423
1289,19335,19349,15,PACKAGE_SCENE,10000000,2442,2442,1313,1313,1313,334,334,334,0,0,0,50577.9,41027,76867,63.7831,22.0832,551.51
1290,19350,19364,15,PACKAGE_SCENE,10000000,2442,2442,1313,1313,1313,334,334,334,0,0,0,42848.7,32300,50938,207.514,23.6539,2734.81
1291,19365,19379,15,PACKAGE_SCENE,10000000,2442,2442,1313,1313,1313,334,334,334,0,0,0,49722.6,44021,80206,29.1079,25.5124,35.0791
1292,19380,19394,15,PACKAGE_SCENE,10000000,2442,2442,1313,1313,1313,334,334,334,0,0,0,50210.1,41118,75877,26.6466,22.0362,32.1918
1293,19395,19409,15,PACKAGE_SCENE,10000000,2442,2442,1313,1313,1313,334,334,334,0,0,0,47687.4,35005,57049,25.719,20.9731,29.5445
1294,19410,19424,15,PACKAGE_SCENE,10000000,2442,2442,1313,1313,1313,334,334,334,0,0,0,53464.9,41032,80422,28.2991,22.6014,34.4654
1295,19425,19439,15,PACKAGE_SCENE,10000000,2442,2442,1313,1313,1313,334,334,334,0,0,0,45560.9,41436,53891,33.643,23.5681,71.27
1296,19440,19454,15,PACKAGE_SCENE,10000000,2442,2442,1313,1313,1313,334,334,334,0,0,0,44832.7,32159,54407,29.3063,25.2874,34.4912
1297,19455,19469,15,PACKAGE_SCENE,10000000,2442,2442,1313,1313,1313,334,334,334,0,0,0,45233.7,32494,57119,28.1088,24.3852,35.0935
1298,19470,19484,15,PACKAGE_SCENE,10000000,2442,2442,1313,1313,1313,334,334,334,0,0,0,50901.3,44250,79838,27.7181,23.8729,34.9044
1299,19485,19499,15,PACKAGE_SCENE,10000000,2442,2442,1313,1313,1313,334,334,334,0,0,0,44916.6,32314,54669,24.8086,21.4892,28.5887
1300,19500,19514,15,PACKAGE_SCENE,10000000,2442,2442,1313,1313,1313,334,334,334,0,0,0,47097.8,41389,54591,25.5646,22.0313,30.7588
1301,19515,19529,15,PACKAGE_SCENE,10000000,2442,2442,1313,1313,1313,334,334,334,0,0,0,46044.4,41132,54682,25.7482,21.3419,30.7461
1302,19530,19544,15,PACKAGE_SCENE,10000000,2442,2442,1313,1313,1313,334,334,334,0,0,0,47691.2,41268,72662,26.3267,22.6156,29.6793
1303,19545,19559,15,PACKAGE_SCENE,10000000,2442,2442,1313,1313,1313,334,334,334,0,0,0,44155.9,31531,54516,26.7184,23.0493,30.5721
1304,19560,19574,15,PACKAGE_SCENE,10000000,2442,2442,1313,1313,1313,334,334,334,0,0,0,44825.9,35052,54833,61.3763,26.5615,160.582
1305,19575,19589,15,PACKAGE_SCENE,10000000,2442,2442,1313,1313,1313,334,334,334,0,0,0,45452.3,34434,79612,22.2686,19.2705,40.4051
1306,19590,19604,15,PACKAGE_SCENE,10000000,2442,2442,1313,1313,1313,334,334,334,0,0,0,46686.3,41405,70887,23.2948,19.1414,28.3864
1307,19605,19619,15,PACKAGE_SCENE,10000000,2442,2442,1313,1313,1313,334,334,334,0,0,0,49588.5,41309,79265,22.4607,19.4195,27.5415
1308,19620,19634,15,PACKAGE_SCENE,10000000,2442,2442,1313,1313,1313,334,334,334,0,0,0,52299.2,41333,74474,23.3684,19.1758,34.3487
1309,19635,19649,15,PACKAGE_SCENE,10000000,2442,2442,1313,1313,1313,334,334,334,0,0,0,47986.7,41330,76149,21.6527,18.7753,27.7051
1310,19650,19664,15,PACKAGE_SCENE,10000000,2442,2442,1313,1313,1313,334,334,334,0,0,0,46458.7,41068,54615,20.6953,18.6335,26.8863
1311,19665,19679,15,PACKAGE_SCENE,10000000,2442,2442,1313,1313,1313,334,334,334,0,0,0,44119.3,31347,79548,21.9792,18.7984,27.069
1312,19680,19694,15,PACKAGE_SCENE,10000000,2442,2442,1313,1313,1313,334,334,334,0,0,0,51361.6,41021,79378,23.1501,18.8347,31.9115
1313,19695,19709,15,PACKAGE_SCENE,10000000,2442,2442,1313,1313,1313,334,334,334,0,0,0,49162.1,34848,75280,21.1524,18.8451,27.0637
1314,19710,19724,15,PACKAGE_SCENE,10000000,2442,2442,1313,1313,1313,334,334,334,0,0,0,45766,41168,54421,22.2687,18.6331,27.1662
1315,19725,19739,15,PACKAGE_SCENE,10000000,2442,2442,1313,1313,1313,334,334,334,0,0,0,45211.5,34487,74175,24.3478,19.7907,30.3743
1316,19740,19754,15,PACKAGE_SCENE,10000000,2442,2442,1313,1313,1313,334,334,334,0,0,0,46823.9,41058,80983,21.9148,18.9699,26.1769
1317,19755,19769,15,PACKAGE_SCENE,10000000,2442,2442,1313,1313,1313,334,334,334,0,0,0,49057.4,32465,71579,21.9452,19.5374,26.8826
1318,19770,19784,15,PACKAGE_SCENE,10000000,2442,2442,1313,1313,1313,334,334,334,0,0,0,45307.5,32451,68720,22.4437,18.9593,28.5485
1319,19785,19799,15,PACKAGE_SCENE,10000000,2442,2442,1313,1313,1313,334,334,334,0,0,0,43040.3,32415,54000,22.4415,19.0339,30.8118
1320,19800,19814,15,PACKAGE_SCENE,10000000,2442,2442,1313,1313,1313,334,334,334,0,0,0,45447.7,32404,54500,21.8329,18.8057,28.8797
1321,19815,19829,15,PACKAGE_SCENE,10000000,2442,2442,1313,1313,1313,334,334,334,0,0,0,48236.2,41462,74007,23.66,19.8351,28.9602
1322,19830,19844,15,PACKAGE_SCENE,10000000,2442,2442,1313,1313,1313,334,334,334,0,0,0,49861.3,40898,72986,23.6169,19.8144,30.3345
1323,19845,19859,15,PACKAGE_SCENE,10000000,2442,2442,1313,1313,1313,334,334,334,0,0,0,49517.7,41430,67669,22.1029,19.4809,28.5178
1324,19860,19874,15,PACKAGE_SCENE,10000000,2442,2442,1313,1313,1313,334,334,334,0,0,0,48349.8,35063,79324,26.0041,20.955,30.4496
1325,19875,19889,15,PACKAGE_SCENE,10000000,2442,2442,1313,1313,1313,334,334,334,0,0,0,44691.3,41312,54338,23.076,19.6229,29.3425
1326,19890,19904,15,PACKAGE_SCENE,10000000,2442,2442,1313,1313,1313,334,334,334,0,0,0,47583.8,32210,75849,21.15,19.1159,25.5521
1327,19905,19919,15,PACKAGE_SCENE,10000000,2442,2442,1313,1313,1313,334,334,334,0,0,0,43823.9,31860,69958,22.9461,19.4829,29.8012
1328,19920,19934,15,PACKAGE_SCENE,10000000,2442,2442,1313,1313,1313,334,334,334,0,0,0,49125.5,31711,74253,23.6295,18.7916,30.4375
1329,19935,19949,15,PACKAGE_SCENE,10000000,2442,2442,1313,1313,1313,334,334,334,0,0,0,45554.7,32178,54581,24.2016,19.2614,41.4365
1330,19950,19964,15,PACKAGE_SCENE,10000000,2442,2442,1313,1313,1313,334,334,334,0,0,0,47245.6,41030,76442,21.0631,18.9354,24.6219
1331,19965,19979,15,PACKAGE_SCENE,10000000,2442,2442,1313,1313,1313,334,334,334,0,0,0,51265.7,41126,80372,20.0897,18.4527,24.3148
1332,19980,19994,15,PACKAGE_SCENE,10000000,2442,2442,1231.67,1008,1313,312.4,253,334,0,0,0,42641.9,26810,74180,20.2391,18.6492,22.8506
1333,19995,20009,15,PACKAGE_SCENE,10000000,2442,2442,1008,1008,1008,253,253,253,0,0,0,35065.1,32274,68851,19.4664,18.3779,21.1165
1334,20010,20024,15,PACKAGE_SCENE,10000000,2442,2442,1010.6,687,1449,291.6,253,393,0,0,0,59304.8,25845,169995,98.8294,16.9084,229.72
1335,20025,20039,15,PACKAGE_SCENE,10000000,2442,2442,1416.6,1222,1639,296.067,216,458,0,0,0,119733,68808,297402,17.3371,14.9604,22.7885
1336,20040,20054,15,PACKAGE_SCENE,10000000,2442,2442,1639,1639,1639,226,226,226,0,0,0,93999.3,68946,154351,15.6035,14.4697,17.4012
1337,20055,20069,15,PACKAGE_SCENE,10000000,2442,2442,1821.47,1639,2030,262.2,226,404,0.866667,0,8,103813,68633,299639,17.2987,14.9432,23.1506
1338,20070,20084,15,PACKAGE_SCENE,10000000,2442,2442,2030,2030,2030,289,289,289,0,0,0,113642,68678,140407,16.6132,15.6501,17.6749
1339,20085,20099,15,PACKAGE_SCENE,10000000,2442,2442,2030,2030,2030,289,289,289,0,0,0,117478,63162,173514,16.7661,15.8598,18.5928
1340,20100,20114,15,PACKAGE_SCENE,10000000,2442,2442,2030,2030,2030,289,289,289,0,0,0,113302,65596,152569,16.679,15.6608,18.0929
1341,20115,20129,15,PACKAGE_SCENE,10000000,2442,2442,2030,2030,2030,289,289,289,0,0,0,124078,86915,144155,16.5473,15.3342,17.9884
1342,20130,20144,15,PACKAGE_SCENE,10000000,2442,2442,2030,2030,2030,289,289,289,0,0,0,109789,65432,192532,16.5189,15.731,17.1174
1343,20145,20159,15,PACKAGE_SCENE,10000000,2442,2442,2030,2030,2030,289,289,289,0,0,0,124164,68848,194794,16.8439,15.9221,18.7739
1344,20160,20174,15,PACKAGE_SCENE,10000000,2442,2442,2030,2030,2030,289,289,289,0,0,0,126275,68541,177131,16.5039,15.7058,17.471
1345,20175,20189,15,PACKAGE_SCENE,10000000,2442,2442,2030,2030,2030,289,289,289,0,0,0,123072,68767,173430,16.5142,15.828,17.6194
1346,20190,20204,15,PACKAGE_SCENE,10000000,2442,2442,2030,2030,2030,289,289,289,0,0,0,115875,65595,132468,16.821,15.8016,18.5536
1347,20205,20219,15,PACKAGE_SCENE,10000000,2442,2442,2030,2030,2030,289,289,289,0,0,0,126313,89751,148130,16.541,15.6328,18.8625
1348,20220,20234,15,PACKAGE_SCENE,10000000,2442,2442,2030,2030,2030,289,289,289,0,0,0,129749,68592,157613,17.0924,16.3622,18.1316
1349,20235,20249,15,PACKAGE_SCENE,10000000,2442,2442,2030,2030,2030,289,289,289,0,0,0,130043,68972,185312,17.3816,15.4481,20.8559
1350,20250,20264,15,PACKAGE_SCENE,10000000,2442,2442,2030,2030,2030,289,289,289,0,0,0,123961,68612,167607,16.158,15.5325,17.1612
1351,20265,20279,15,PACKAGE_SCENE,10000000,2442,2442,2030,2030,2030,289,289,289,0,0,0,116037,65579,201251,16.5994,15.7573,17.6279
1352,20280,20294,15,PACKAGE_SCENE,10000000,2442,2442,2030,2030,2030,289,289,289,0,0,0,118567,65561,197159,16.5841,15.7345,17.6001
1353,20295,20309,15,PACKAGE_SCENE,10000000,2442,2442,2030,2030,2030,289,289,289,0,0,0,140382,68920,207182,16.574,15.567,18.1748
1354,20310,20324,15,PACKAGE_SCENE,10000000,2442,2442,2030,2030,2030,289,289,289,0,0,0,123801,68785,188876,19.1914,15.9916,47.1504
1355,20325,20339,15,PACKAGE_SCENE,10000000,2442,2442,2030,2030,2030,289,289,289,0,0,0,130432,65764,191663,102.041,15.8057,1271.91
1356,20340,20354,15,PACKAGE_SCENE,10000000,2442,2442,2030,2030,2030,289,289,289,0,0,0,116500,65595,152462,114.36,16.0925,1462.99
1357,20355,20369,15,PACKAGE_SCENE,10000000,2442,2442,2030,2030,2030,289,289,289,0,0,0,120834,65440,202856,49.7633,15.6731,498.012
1358,20370,20384,15,PACKAGE_SCENE,10000000,2442,2442,2030,2030,2030,289,289,289,0,0,0,128349,63457,206188,16.4096,15.6566,18.0375
1359,20385,20399,15,PACKAGE_SCENE,10000000,2442,2442,2030,2030,2030,289,289,289,0,0,0,110713,59844,178302,48.9674,15.8288,469.877
1360,20400,20414,15,PACKAGE_SCENE,10000000,2442,2442,2030,2030,2030,289,289,289,0,0,0,127761,65528,165361,53.3829,16.0587,550.23
1361,20415,20429,15,PACKAGE_SCENE,10000000,2442,2442,2030,2030,2030,289,289,289,0,0,0,124189,65464,201257,48.7878,15.75,446.485
1362,20430,20444,15,PACKAGE_SCENE,10000000,2442,2442,2030,2030,2030,289,289,289,0,0,0,136191,69294,173886,44.2245,15.8893,401.677
1363,20445,20459,15,PACKAGE_SCENE,10000000,2442,2442,2030,2030,2030,289,289,289,0,0,0,118186,69105,132844,36.5332,15.839,299.897
1364,20460,20474,15,PACKAGE_SCENE,10000000,2442,2442,2030,2030,2030,289,289,289,0,0,0,133078,68741,194009,16.6082,15.9269,17.9311
1365,20475,20489,15,PACKAGE_SCENE,10000000,2442,2442,2030,2030,2030,289,289,289,0,0,0,126354,68869,211834,34.2938,15.7218,257.626
1366,20490,20504,15,PACKAGE_SCENE,10000000,2442,2442,2030,2030,2030,289,289,289,0,0,0,121577,65730,197757,36.9179,15.834,270.134
1367,20505,20519,15,PACKAGE_SCENE,10000000,2442,2442,2030,2030,2030,289,289,289,0,0,0,119720,68465,173696,98.6371,16.1727,1198.9
1368,20520,20534,15,PACKAGE_SCENE,10000000,2442,2442,2030,2030,2030,289,289,289,0,0,0,117733,68715,173430,36.8355,16.1741,295.661
1369,20535,20549,15,PACKAGE_SCENE,10000000,2442,2442,2030,2030,2030,289,289,289,0,0,0,119295,68990,174970,38.3389,15.8737,297.566
1370,20550,20564,15,PACKAGE_SCENE,10000000,2442,2442,2030,2030,2030,289,289,289,0,0,0,107063,63670,152699,18.2327,16.2815,22.475
1371,20565,20579,15,PACKAGE_SCENE,10000000,2442,2442,2030,2030,2030,289,289,289,0,0,0,114470,60249,192862,60.5123,16.0977,575.263
1372,20580,20594,15,PACKAGE_SCENE,10000000,2442,2442,2030,2030,2030,289,289,289,0,0,0,112102,65423,184804,40.2243,16.0231,345.656
1373,20595,20609,15,PACKAGE_SCENE,10000000,2442,2442,2030,2030,2030,289,289,289,0,0,0,110478,65692,164918,37.6298,15.9204,311.532
1374,20610,20624,15,PACKAGE_SCENE,10000000,2442,2442,2030,2030,2030,289,289,289,0,0,0,114859,68676,153177,36.6497,16.0133,286.706
1375,20625,20639,15,PACKAGE_SCENE,10000000,2442,2442,2030,2030,2030,289,289,289,0,0,0,124998,68917,174041,36.3048,15.9512,283.159
1376,20640,20654,15,PACKAGE_SCENE,10000000,2442,2442,2030,2030,2030,289,289,289,0,0,0,127542,65553,201110,17.8367,16.2469,21.1007
1377,20655,20669,15,PACKAGE_SCENE,10000000,2442,2442,2030,2030,2030,289,289,289,0,0,0,116149,63918,173062,51.3026,17.034,492.479
1378,20670,20684,15,PACKAGE_SCENE,10000000,2442,2442,2030,2030,2030,289,289,289,0,0,0,128949,65936,191972,63.3861,16.7616,653.967
1379,20685,20699,15,PACKAGE_SCENE,10000000,2442,2442,2030,2030,2030,289,289,289,0,0,0,116093,68628,173670,40.6339,16.0475,345.881
1380,20700,20714,15,PACKAGE_SCENE,10000000,2442,2442,2030,2030,2030,289,289,289,0,0,0,109771,63712,152514,46.9983,17.1122,409.348
1381,20715,20729,15,PACKAGE_SCENE,10000000,2442,2442,2030,2030,2030,289,289,289,0,0,0,139988,65602,205745,43.5488,16.0449,381.008
1382,20730,20744,15,PACKAGE_SCENE,10000000,2442,2442,2030,2030,2030,289,289,289,0,0,0,114424,65500,132644,16.8172,15.8851,18.2833
1383,20745,20759,15,PACKAGE_SCENE,10000000,2442,2442,2030,2030,2030,289,289,289,0,0,0,120184,68590,174380,40.7759,15.8821,340.904
1384,20760,20774,15,PACKAGE_SCENE,10000000,2442,2442,2030,2030,2030,289,289,289,0,0,0,131297,65314,211541,50.0508,16.0784,478.544
1385,20775,20789,15,PACKAGE_SCENE,10000000,2442,2442,2030,2030,2030,289,289,289,0,0,0,121679,60621,173803,38.6447,15.8769,325.316
1386,20790,20804,15,PACKAGE_SCENE,10000000,2442,2442,2030,2030,2030,289,289,289,0,0,0,107720,63406,173272,38.6916,15.9665,321.511
1387,20805,20819,15,PACKAGE_SCENE,10000000,2442,2442,2030,2030,2030,289,289,289,0,0,0,134536,69066,206762,37.885,15.8094,302.66
1388,20820,20834,15,PACKAGE_SCENE,10000000,2442,2442,2030,2030,2030,289,289,289,0,0,0,125131,68727,173366,16.4367,15.5365,18.7208
1389,20835,20849,15,PACKAGE_SCENE,10000000,2442,2442,2030,2030,2030,289,289,289,0,0,0,126119,69441,153261,37.6776,15.9574,316.018
1390,20850,20864,15,PACKAGE_SCENE,10000000,2442,2442,2030,2030,2030,289,289,289,0,0,0,103529,63690,178316,37.8762,16.0249,313.195
1391,20865,20879,15,PACKAGE_SCENE,10000000,2442,2442,2030,2030,2030,289,289,289,0,0,0,127218,65983,173347,37.3864,15.9527,313.428
1392,20880,20894,15,PACKAGE_SCENE,10000000,2442,2442,2030,2030,2030,289,289,289,0,0,0,118031,63380,175658,39.1375,15.8208,322.062
1393,20895,20909,15,PACKAGE_SCENE,10000000,2442,2442,2030,2030,2030,289,289,289,0,0,0,113708,60485,173528,42.1046,15.8424,377.076
1394,20910,20924,15,PACKAGE_SCENE,10000000,2442,2442,2030,2030,2030,289,289,289,0,0,0,132023,69304,194480,17.2479,15.6247,18.9897
1395,20925,20939,15,PACKAGE_SCENE,10000000,2442,2442,2030,2030,2030,289,289,289,0,0,0,127344,68866,205227,40.398,15.8939,353.586
1396,20940,20954,15,PACKAGE_SCENE,10000000,2442,2442,2030,2030,2030,289,289,289,0,0,0,112261,68701,167768,39.8118,15.8578,345.707
1397,20955,20969,15,PACKAGE_SCENE,10000000,2442,2442,2030,2030,2030,289,289,289,0,0,0,117388,68654,206635,34.5414,15.8733,247.132
1398,20970,20984,15,PACKAGE_SCENE,10000000,2442,2442,2030,2030,2030,289,289,289,0,0,0,128021,68792,177630,40.7919,15.8505,355.066
1399,20985,20999,15,PACKAGE_SCENE,10000000,2442,2442,2030,2030,2030,289,289,289,0,0,0,111140,63271,170613,34.3832,15.7152,262.508
1400,21000,21014,15,PACKAGE_SCENE,10000000,2442,2442,2030,2030,2030,289,289,289,0,0,0,114877,60538,172487,16.7053,15.9035,19.5483
1401,21015,21029,15,PACKAGE_SCENE,10000000,2442,2442,2030,2030,2030,289,289,289,0,0,0,126218,65775,174140,110.391,15.5854,1418.47
1402,21030,21044,15,PACKAGE_SCENE,10000000,2442,2442,2030,2030,2030,289,289,289,0,0,0,133681,68766,194986,17.1166,15.3238,18.8005
1403,21045,21059,15,PACKAGE_SCENE,10000000,2442,2442,2030,2030,2030,289,289,289,0,0,0,120135,68967,173818,16.377,15.7291,18.5395
1404,21060,21074,15,PACKAGE_SCENE,10000000,2442,2442,2030,2030,2030,289,289,289,0,0,0,119044,65485,173283,16.6242,15.355,18.2535
1405,21075,21089,15,PACKAGE_SCENE,10000000,2442,2442,2030,2030,2030,289,289,289,0,0,0,111649,68925,188862,16.6451,15.8876,18.3392
1406,21090,21104,15,PACKAGE_SCENE,10000000,2442,2442,2030,2030,2030,289,289,289,0,0,0,128822,68666,193343,17.6262,16.0423,21.9741
1407,21105,21119,15,PACKAGE_SCENE,10000000,2442,2442,2030,2030,2030,289,289,289,0,0,0,114603,68997,172888,19.4403,16.2579,43.5903
1408,21120,21134,15,PACKAGE_SCENE,10000000,2442,2442,2030,2030,2030,289,289,289,0,0,0,132269,68958,163946,17.2584,16.0248,19.853
1409,21135,21149,15,PACKAGE_SCENE,10000000,2442,2442,2030,2030,2030,289,289,289,0,0,0,115704,68863,164892,16.8266,15.6846,17.6496
1410,21150,21164,15,PACKAGE_SCENE,10000000,2442,2442,2030,2030,2030,289,289,289,0,0,0,132509,65359,203477,16.3239,15.6354,17.9559
1411,21165,21179,15,PACKAGE_SCENE,10000000,2442,2442,2030,2030,2030,289,289,289,0,0,0,127229,65588,174208,16.5044,15.4413,17.6447
1412,21180,21194,15,PACKAGE_SCENE,10000000,2442,2442,2030,2030,2030,289,289,289,0,0,0,122087,65557,153361,16.6133,15.9034,17.715
1413,21195,21209,15,PACKAGE_SCENE,10000000,2442,2442,2030,2030,2030,289,289,289,0,0,0,123445,68836,173962,16.622,15.8437,18.431
1414,21210,21224,15,PACKAGE_SCENE,10000000,2442,2442,2030,2030,2030,289,289,289,0,0,0,132596,68929,206599,16.7439,15.6653,19.6556
1415,21225,21239,15,PACKAGE_SCENE,10000000,2442,2442,2030,2030,2030,289,289,289,0,0,0,113888,60469,152244,16.5975,15.7661,19.1906
1416,21240,21254,15,PACKAGE_SCENE,10000000,2442,2442,2030,2030,2030,289,289,289,0,0,0,120320,63181,201870,16.612,15.9231,19.6218
1417,21255,21269,15,PACKAGE_SCENE,10000000,2442,2442,2030,2030,2030,289,289,289,0,0,0,119965,65788,205731,16.8432,15.5827,18.7361
1418,21270,21284,15,PACKAGE_SCENE,10000000,2442,2442,2030,2030,2030,289,289,289,0,0,0,129705,65445,212804,17.444,16.2418,19.9862
1419,21285,21299,15,PACKAGE_SCENE,10000000,2442,2442,2030,2030,2030,289,289,289,0,0,0,134003,68755,195650,17.3651,15.8574,19.4334
1420,21300,21314,15,PACKAGE_SCENE,10000000,2442,2442,2030,2030,2030,289,289,289,0,0,0,122585,65711,194966,16.7126,15.7946,18.7598
1421,21315,21329,15,PACKAGE_SCENE,10000000,2442,2442,2030,2030,2030,289,289,289,0,0,0,130503,68830,196655,16.5496,15.742,17.7316
1422,21330,21344,15,PACKAGE_SCENE,10000000,2442,2442,2030,2030,2030,289,289,289,0,0,0,120544,63398,152895,16.4608,15.8535,17.3997
1423,21345,21359,15,PACKAGE_SCENE,10000000,2442,2442,2030,2030,2030,289,289,289,0,0,0,114074,65541,173863,16.5239,15.8156,18.1654
1424,21360,21374,15,PACKAGE_SCENE,10000000,2442,2442,2030,2030,2030,289,289,289,0,0,0,122819,65604,174800,16.647,15.6566,18.6454
1425,21375,21389,15,PACKAGE_SCENE,10000000,2442,2442,2030,2030,2030,289,289,289,0,0,0,123412,63185,192250,16.6938,15.8959,19.2984
1426,21390,21404,15,PACKAGE_SCENE,10000000,2442,2442,2030,2030,2030,289,289,289,0,0,0,109133,65255,209617,16.6012,15.676,17.8251
1427,21405,21419,15,PACKAGE_SCENE,10000000,2442,2442,2030,2030,2030,289,289,289,0,0,0,128964,63158,192475,17.3516,16.1551,19.0704
1428,21420,21434,15,PACKAGE_SCENE,10000000,2442,2442,2030,2030,2030,289,289,289,0,0,0,125211,65439,174033,16.9267,15.9759,18.4228
1429,21435,21449,15,PACKAGE_SCENE,10000000,2442,2442,2030,2030,2030,289,289,289,0,0,0,129365,65904,210489,16.2727,15.6737,17.1888
1430,21450,21464,15,PACKAGE_SCENE,10000000,2442,2442,2030,2030,2030,289,289,289,0,0,0,123483,65522,206070,16.6197,15.7296,18.354
1431,21465,21479,15,PACKAGE_SCENE,10000000,2442,2442,2030,2030,2030,289,289,289,0,0,0,129682,68735,174362,16.5608,15.6768,17.7994
1432,21480,21494,15,PACKAGE_SCENE,10000000,2442,2442,2030,2030,2030,289,289,289,0,0,0,121095,68736,174169,16.7828,15.8588,18.7485
1433,21495,21509,15,PACKAGE_SCENE,10000000,2442,2442,2030,2030,2030,289,289,289,0,0,0,125547,65979,162113,16.4533,15.5747,17.417
1434,21510,21524,15,PACKAGE_SCENE,10000000,2442,2442,2030,2030,2030,289,289,289,0,0,0,114718,65520,168785,16.6307,15.9142,17.5482
1435,21525,21539,15,PACKAGE_SCENE,10000000,2442,2442,2030,2030,2030,289,289,289,0,0,0,137067,65425,194109,16.758,15.7484,18.1133
1436,21540,21554,15,PACKAGE_SCENE,10000000,2442,2442,2030,2030,2030,289,289,289,0,0,0,144626,111675,197400,16.637,16.0141,17.7693
1437,21555,21569,15,PACKAGE_SCENE,10000000,2442,2442,2030,2030,2030,289,289,289,0,0,0,109466,65655,147466,16.3745,15.5007,17.5468
1438,21570,21584,15,PACKAGE_SCENE,10000000,2442,2442,2030,2030,2030,289,289,289,0,0,0,104372,63831,170855,18.0331,15.9096,24.6035
1439,21585,21599,15,PACKAGE_SCENE,10000000,2442,2442,2030,2030,2030,289,289,289,0,0,0,120473,60289,192943,17.8023,15.7147,21.9751
1440,21600,21614,15,PACKAGE_SCENE,10000000,2442,2442,2030,2030,2030,289,289,289,0,0,0,110600,63685,173674,16.6258,15.7081,17.7258
1441,21615,21629,15,PACKAGE_SCENE,10000000,2442,2442,2030,2030,2030,289,289,289,0,0,0,124662,68719,175061,17.8247,15.934,24.5363
1442,21630,21644,15,PACKAGE_SCENE,10000000,2442,2442,2030,2030,2030,289,289,289,0,0,0,131870,68768,194309,16.3077,15.5671,17.7208
1443,21645,21659,15,PACKAGE_SCENE,10000000,2442,2442,2030,2030,2030,289,289,289,0,0,0,106413,60073,132712,16.5183,15.7038,18.3804
1444,21660,21674,15,PACKAGE_SCENE,10000000,2442,2442,2030,2030,2030,289,289,289,0,0,0,119352,68813,132471,16.7317,16.0794,17.9927
1445,21675,21689,15,PACKAGE_SCENE,10000000,2442,2442,2030,2030,2030,289,289,289,0,0,0,121954,59897,186641,16.6469,15.6195,17.7274
1446,21690,21704,15,PACKAGE_SCENE,10000000,2442,2442,2030,2030,2030,289,289,289,0,0,0,121070,68854,194548,16.2545,15.5591,17.7217
1447,21705,21719,15,PACKAGE_SCENE,10000000,2442,2442,2030,2030,2030,289,289,289,0,0,0,136868,68742,207259,16.5918,16.0976,17.8753
1448,21720,21734,15,PACKAGE_SCENE,10000000,2442,2442,2030,2030,2030,289,289,289,0,0,0,124483,63368,191743,16.6921,15.8086,18.5591
1449,21735,21749,15,PACKAGE_SCENE,10000000,2442,2442,2030,2030,2030,289,289,289,0,0,0,119825,65485,167163,16.3673,15.5929,17.5089
1450,21750,21764,15,PACKAGE_SCENE,10000000,2442,2442,2009.47,2002,2030,287.667,245,330,0,0,0,116971,64271,179421,16.6188,15.781,18.7687
1451,21765,21779,15,PACKAGE_SCENE,10000000,2442,2442,2002,2002,2002,290.333,245,330,0,0,0,128812,64157,180216,16.5544,15.2801,18.9516
1452,21780,21794,15,PACKAGE_SCENE,10000000,2442,2442,1701.53,1178,2002,315.133,231,470,0.8,0,4,108867,50451,213566,18.3162,15.6227,33.6129
1453,21795,21809,15,PACKAGE_SCENE,10000000,2442,2442,1631,1631,1631,299,299,299,0,0,0,59316.6,50183,74363,17.1384,15.8029,19.8313
1454,21810,21824,15,PACKAGE_SCENE,10000000,2442,2442,1631,1631,1631,299,299,299,0,0,0,73658.1,50333,152155,16.8454,16.2828,18.3356
1455,21825,21839,15,PACKAGE_SCENE,10000000,2442,2442,1845.87,1631,1924,285.067,280,299,0,0,0,75223.9,49792,113164,16.5164,15.9405,18.5992
1456,21840,21854,15,PACKAGE_SCENE,10000000,2442,2442,1924,1924,1924,280,280,280,0,0,0,86657.7,52683,117561,16.7112,15.8925,17.8555
1457,21855,21869,15,PACKAGE_SCENE,10000000,2442,2442,1924,1924,1924,280,280,280,0,0,0,90852.5,64663,128173,16.6806,15.9713,19.0866
1458,21870,21884,15,PACKAGE_SCENE,10000000,2442,2442,1924,1924,1924,280,280,280,0,0,0,84701.9,80470,103709,16.4832,16.0498,18.215
1459,21885,21899,15,PACKAGE_SCENE,10000000,2442,2442,1924,1924,1924,280,280,280,0,0,0,81004.7,51892,127010,16.6502,15.9685,18.0472
1460,21900,21914,15,PACKAGE_SCENE,10000000,2442,2442,1924,1924,1924,280,280,280,0,0,0,87105.5,77133,121585,16.8168,15.9522,18.4378
1461,21915,21929,15,PACKAGE_SCENE,10000000,2442,2442,1924,1924,1924,280,280,280,0,0,0,89242.1,77152,122823,17.6384,16.1775,19.7587
1462,21930,21944,15,PACKAGE_SCENE,10000000,2442,2442,1924,1924,1924,280,280,280,0,0,0,84365.3,52295,111550,16.9053,15.7931,18.3621
1463,21945,21959,15,PACKAGE_SCENE,10000000,2442,2442,1924,1924,1924,280,280,280,0,0,0,91736.6,59893,126077,16.9796,15.8477,20.1242
1464,21960,21974,15,PACKAGE_SCENE,10000000,2442,2442,1924,1924,1924,280,280,280,0,0,0,88346.9,73084,128057,16.4921,15.8564,17.6261
1465,21975,21989,15,PACKAGE_SCENE,10000000,2442,2442,1924,1924,1924,280,280,280,0,0,0,95803.5,80310,126298,16.6924,15.9279,18.5548
1466,21990,22004,15,PACKAGE_SCENE,10000000,2442,2442,1924,1924,1924,280,280,280,0,0,0,82150.5,48201,125179,18.8975,16.1215,46.5729
1467,22005,22019,15,PACKAGE_SCENE,10000000,2442,2442,1924,1924,1924,280,280,280,0,0,0,84183.9,66763,124149,111.04,16.3666,1396.39
1468,22020,22034,15,PACKAGE_SCENE,10000000,2442,2442,1924,1924,1924,280,280,280,0,0,0,86971.1,68376,150490,116.618,16.117,1486.61
1469,22035,22049,15,PACKAGE_SCENE,10000000,2442,2442,1924,1924,1924,280,280,280,0,0,0,85613.3,68487,124067,59.1797,15.9986,655.768
1470,22050,22064,15,PACKAGE_SCENE,10000000,2442,2442,1924,1924,1924,280,280,280,0,0,0,80798.9,66928,102920,18.25,15.9432,40.4339
1471,22065,22079,15,PACKAGE_SCENE,10000000,2442,2442,1924,1924,1924,280,280,280,0,0,0,89856.8,66513,128716,45.7176,16.2396,436.774
1472,22080,22094,15,PACKAGE_SCENE,10000000,2442,2442,1924,1924,1924,280,280,280,0,0,0,85052.5,65774,125016,45.4728,16.2462,420.914
1473,22095,22109,15,PACKAGE_SCENE,10000000,2442,2442,1924,1924,1924,280,280,280,0,0,0,89993.2,68167,126463,41.1384,16.1142,360.611
1474,22110,22124,15,PACKAGE_SCENE,10000000,2442,2442,1924,1924,1924,280,280,280,0,0,0,85336.5,80292,117440,43.1053,16.0268,384.142
1475,22125,22139,15,PACKAGE_SCENE,10000000,2442,2442,1924,1924,1924,280,280,280,0,0,0,84167.9,66258,123990,32.9694,16.1363,261.13
1476,22140,22154,15,PACKAGE_SCENE,10000000,2442,2442,1924,1924,1924,280,280,280,0,0,0,84962.3,64331,133068,18.6523,16.0276,41.5354
1477,22155,22169,15,PACKAGE_SCENE,10000000,2442,2442,1924,1924,1924,280,280,280,0,0,0,82472.3,64110,113402,78.4605,16.4987,890.193
1478,22170,22184,15,PACKAGE_SCENE,10000000,2442,2442,1924,1924,1924,280,280,280,0,0,0,88549,52739,112496,37.2706,16.4862,297.386
1479,22185,22199,15,PACKAGE_SCENE,10000000,2442,2442,1924,1924,1924,280,280,280,0,0,0,92681.7,52915,125528,35.221,16.296,257.415
1480,22200,22214,15,PACKAGE_SCENE,10000000,2442,2442,1924,1924,1924,280,280,280,0,0,0,81802.2,52683,112784,47.3739,16.6247,433.274
1481,22215,22229,15,PACKAGE_SCENE,10000000,2442,2442,1924,1924,1924,280,280,280,0,0,0,88147.3,60154,127395,17.3429,16.3161,21.4731
1482,22230,22244,15,PACKAGE_SCENE,10000000,2442,2442,1924,1924,1924,280,280,280,0,0,0,80212,64117,111599,43.5696,15.9499,373.472
1483,22245,22259,15,PACKAGE_SCENE,10000000,2442,2442,1924,1924,1924,280,280,280,0,0,0,101372,80121,131073,35.7018,16.2551,258.811
1484,22260,22274,15,PACKAGE_SCENE,10000000,2442,2442,1924,1924,1924,280,280,280,0,0,0,91199.1,77623,111763,49.8105,16.4063,463.134
1485,22275,22289,15,PACKAGE_SCENE,10000000,2442,2442,1924,1924,1924,280,280,280,0,0,0,83210.2,59814,122001,51.6638,16.2852,484.734
1486,22290,22304,15,PACKAGE_SCENE,10000000,2442,2442,1924,1924,1924,280,280,280,0,0,0,88278,63636,133406,47.7818,16.8952,405.499
1487,22305,22319,15,PACKAGE_SCENE,10000000,2442,2442,1924,1924,1924,280,280,280,0,0,0,81786.1,51530,127256,16.8173,16.0434,18.0261
1488,22320,22334,15,PACKAGE_SCENE,10000000,2442,2442,1924,1924,1924,280,280,280,0,0,0,84545.9,80365,103611,48.5097,17.068,357.888
1489,22335,22349,15,PACKAGE_SCENE,10000000,2442,2442,1924,1924,1924,280,280,280,0,0,0,79390.3,67857,85542,93.3174,16.3442,1124.66
1490,22350,22364,15,PACKAGE_SCENE,10000000,2442,2442,1924,1924,1924,280,280,280,0,0,0,82142.4,67048,94143,41.0511,16.0516,351.899
1491,22365,22379,15,PACKAGE_SCENE,10000000,2442,2442,1924,1924,1924,280,280,280,0,0,0,85315.2,60061,126306,48.9356,16.5097,426.882
1492,22380,22394,15,PACKAGE_SCENE,10000000,2442,2442,1924,1924,1924,280,280,280,0,0,0,81552.1,79970,86411,48.7971,16.7857,437.218
1493,22395,22409,15,PACKAGE_SCENE,10000000,2442,2442,1924,1924,1924,280,280,280,0,0,0,84267.1,60134,106152,18.7548,16.7292,23.2642
1494,22410,22424,15,PACKAGE_SCENE,10000000,2442,2442,1924,1924,1924,280,280,280,0,0,0,84967.9,63455,125320,50.8581,16.7445,481.135
1495,22425,22439,15,PACKAGE_SCENE,10000000,2442,2442,1924,1924,1924,280,280,280,0,0,0,89873.8,71349,124879,40.0574,16.1823,336.271
1496,22440,22454,15,PACKAGE_SCENE,10000000,2442,2442,1924,1924,1924,280,280,280,0,0,0,86234.7,80106,133807,48.0059,16.9287,430.18
1497,22455,22469,15,PACKAGE_SCENE,10000000,2442,2442,1924,1924,1924,280,280,280,0,0,0,81240.2,64194,111521,49.3587,16.743,467.947
1498,22470,22484,15,PACKAGE_SCENE,10000000,2442,2442,1924,1924,1924,280,280,280,0,0,0,85089.9,80038,123616,46.5421,16.744,422.495
1499,22485,22499,15,PACKAGE_SCENE,10000000,2442,2442,1924,1924,1924,280,280,280,0,0,0,86318.3,73495,118519,21.5661,16.2495,50.0596
1500,22500,22514,15,PACKAGE_SCENE,10000000,2442,2442,1924,1924,1924,280,280,280,0,0,0,83174.8,47146,136897,50.1051,16.2084,469.063
1501,22515,22529,15,PACKAGE_SCENE,10000000,2442,2442,1924,1924,1924,280,280,280,0,0,0,81810.9,59779,103843,36.3896,16.0469,287.31
1502,22530,22544,15,PACKAGE_SCENE,10000000,2442,2442,1924,1924,1924,280,280,280,0,0,0,87291,53041,125894,39.0222,16.0716,308.404
1503,22545,22559,15,PACKAGE_SCENE,10000000,2442,2442,1924,1924,1924,280,280,280,0,0,0,85153.2,69268,111627,38.7828,16.1435,317.582
1504,22560,22574,15,PACKAGE_SCENE,10000000,2442,2442,1924,1924,1924,280,280,280,0,0,0,81748.9,53134,103060,40.1638,16.6007,345.327
1505,22575,22589,15,PACKAGE_SCENE,10000000,2442,2442,1924,1924,1924,280,280,280,0,0,0,83044.5,59939,126208,17.4779,15.8314,22.4698
1506,22590,22604,15,PACKAGE_SCENE,10000000,2442,2442,1924,1924,1924,280,280,280,0,0,0,85305.1,65157,104323,39.2548,16.3058,325.276
1507,22605,22619,15,PACKAGE_SCENE,10000000,2442,2442,1924,1924,1924,280,280,280,0,0,0,86539.8,52714,116770,48.8479,16.6079,450.619
1508,22620,22634,15,PACKAGE_SCENE,10000000,2442,2442,1924,1924,1924,280,280,280,0,0,0,90646.8,52996,128401,46.5243,16.6704,414.979
1509,22635,22649,15,PACKAGE_SCENE,10000000,2442,2442,1924,1924,1924,280,280,280,0,0,0,84325.4,65608,112242,38.8255,16.0685,301.24
1510,22650,22664,15,PACKAGE_SCENE,10000000,2442,2442,1924,1924,1924,280,280,280,0,0,0,83180.6,75427,103197,48.4915,16.7446,435.96
1511,22665,22679,15,PACKAGE_SCENE,10000000,2442,2442,1924,1924,1924,280,280,280,0,0,0,90257.9,80451,133034,18.7638,16.6581,22.6151
1512,22680,22694,15,PACKAGE_SCENE,10000000,2442,2442,1924,1924,1924,280,280,280,0,0,0,87076,67879,113350,41.0708,16.7192,326.213
1513,22695,22709,15,PACKAGE_SCENE,10000000,2442,2442,1924,1924,1924,280,280,280,0,0,0,82463.5,62775,137160,179.009,16.9368,2418.63
1514,22710,22724,15,PACKAGE_SCENE,10000000,2442,2442,1924,1924,1924,280,280,280,0,0,0,83072.4,59643,107040,17.2572,16.189,21.0155
1515,22725,22739,15,PACKAGE_SCENE,10000000,2442,2442,1924,1924,1924,280,280,280,0,0,0,90048.5,80022,125460,16.8338,16.2627,17.9651
1516,22740,22754,15,PACKAGE_SCENE,10000000,2442,2442,1924,1924,1924,280,280,280,0,0,0,82425.5,63961,103032,17.8391,16.7524,21.409
1517,22755,22769,15,PACKAGE_SCENE,10000000,2442,2442,1924,1924,1924,280,280,280,0,0,0,83758.1,68896,103185,18.6599,16.5373,23.8855
1518,22770,22784,15,PACKAGE_SCENE,10000000,2442,2442,1924,1924,1924,280,280,280,0,0,0,82819,64283,112382,17.7437,16.6388,23.3789
1519,22785,22799,15,PACKAGE_SCENE,10000000,2442,2442,1924,1924,1924,280,280,280,0,0,0,82899.3,68554,103676,17.8631,16.3978,23.1149
1520,22800,22814,15,PACKAGE_SCENE,10000000,2442,2442,1924,1924,1924,280,280,280,0,0,0,84952.7,67329,111056,17.0801,16.1263,20.5938
1521,22815,22829,15,PACKAGE_SCENE,10000000,2442,2442,1924,1924,1924,280,280,280,0,0,0,80618.7,64610,107686,16.5963,16.0144,17.9135
1522,22830,22844,15,PACKAGE_SCENE,10000000,2442,2442,1924,1924,1924,280,280,280,0,0,0,80865.5,48463,108169,17.574,16.1045,21.0072
1523,22845,22859,15,PACKAGE_SCENE,10000000,2442,2442,1924,1924,1924,280,280,280,0,0,0,85935,69407,111967,17.152,16.5778,18.5672
1524,22860,22874,15,PACKAGE_SCENE,10000000,2442,2442,1924,1924,1924,280,280,280,0,0,0,89288.3,60245,150274,17.2811,15.8445,19.9584
1525,22875,22889,15,PACKAGE_SCENE,10000000,2442,2442,1924,1924,1924,280,280,280,0,0,0,90131.1,80286,125452,18.9359,17.1675,22.9044
1526,22890,22904,15,PACKAGE_SCENE,10000000,2442,2442,1924,1924,1924,280,280,280,0,0,0,80346.3,48710,112197,18.8438,16.6628,24.5167
1527,22905,22919,15,PACKAGE_SCENE,10000000,2442,2442,1924,1924,1924,280,280,280,0,0,0,92453.5,64021,121665,17.0974,15.949,21.5134
1528,22920,22934,15,PACKAGE_SCENE,10000000,2442,2442,1924,1924,1924,280,280,280,0,0,0,89062.6,66520,128448,17.9461,16.0682,23.336
1529,22935,22949,15,PACKAGE_SCENE,10000000,2442,2442,1924,1924,1924,280,280,280,0,0,0,84808.2,74448,118530,18.8561,16.6955,22.6746
1530,22950,22964,15,PACKAGE_SCENE,10000000,2442,2442,1924,1924,1924,280,280,280,0,0,0,90363,68566,126513,18.4697,16.7642,22.4606
1531,22965,22979,15,PACKAGE_SCENE,10000000,2442,2442,1924,1924,1924,280,280,280,0,0,0,83920.1,59788,125774,17.7484,16.6646,23.9524
1532,22980,22994,15,PACKAGE_SCENE,10000000,2442,2442,1924,1924,1924,280,280,280,0,0,0,84108,80397,111311,16.7839,16.4174,17.697
1533,22995,23009,15,PACKAGE_SCENE,10000000,2442,2442,1924,1924,1924,280,280,280,0,0,0,83844.3,71845,124015,17.3489,15.9689,23.1644
1534,23010,23024,15,PACKAGE_SCENE,10000000,2442,2442,1924,1924,1924,280,280,280,0,0,0,86722.5,64589,113975,16.8132,16.0793,18.0471
1535,23025,23039,15,PACKAGE_SCENE,10000000,2442,2442,1924,1924,1924,280,280,280,0,0,0,83869.9,68412,99730,17.8183,16.4272,22.7899
1536,23040,23054,15,PACKAGE_SCENE,10000000,2442,2442,1924,1924,1924,280,280,280,0,0,0,83386.3,53106,124005,17.6018,16.4399,22.5504
1537,23055,23069,15,PACKAGE_SCENE,10000000,2442,2442,1924,1924,1924,280,280,280,0,0,0,88670.7,69065,125918,17.249,16.332,20.4737
1538,23070,23084,15,PACKAGE_SCENE,10000000,2442,2442,1924,1924,1924,280,280,280,0,0,0,83445.8,68933,123461,19.2414,16.4208,27.6116
1539,23085,23099,15,PACKAGE_SCENE,10000000,2442,2442,1924,1924,1924,280,280,280,0,0,0,84511.7,64193,116500,17.4525,15.9481,23.2908
1540,23100,23114,15,PACKAGE_SCENE,10000000,2442,2442,1924,1924,1924,280,280,280,0,0,0,85195.7,48209,121297,17.1386,16.4033,18.3344
1541,23115,23129,15,PACKAGE_SCENE,10000000,2442,2442,1924,1924,1924,280,280,280,0,0,0,87519.3,64707,125370,17.4026,16.3194,20.5389
1542,23130,23144,15,PACKAGE_SCENE,10000000,2442,2442,1924,1924,1924,280,280,280,0,0,0,83287.1,51559,111451,17.7265,16.5759,22.2484
1543,23145,23159,15,PACKAGE_SCENE,10000000,2442,2442,1924,1924,1924,280,280,280,0,0,0,82563.1,80298,102754,17.5787,16.3339,22.297
1544,23160,23174,15,PACKAGE_SCENE,10000000,2442,2442,1924,1924,1924,280,280,280,0,0,0,86443.3,68598,124688,17.9109,16.5188,24.5083
1545,23175,23189,15,PACKAGE_SCENE,10000000,2442,2442,1924,1924,1924,280,280,280,0,0,0,88219.4,70263,111537,17.3815,15.9872,20.7364
1546,23190,23204,15,PACKAGE_SCENE,10000000,2442,2442,1924,1924,1924,280,280,280,0,0,0,84479,66476,124225,16.4881,15.8862,18.4105
1547,23205,23219,15,PACKAGE_SCENE,10000000,2442,2442,1924,1924,1924,280,280,280,0,0,0,86084.5,64668,125613,16.744,16.1544,17.7053
1548,23220,23234,15,PACKAGE_SCENE,10000000,2442,2442,1924,1924,1924,280,280,280,0,0,0,87800.6,73879,125652,16.9281,16.2416,18.8222
1549,23235,23249,15,PACKAGE_SCENE,10000000,2442,2442,1924,1924,1924,280,280,280,0,0,0,90218.8,80359,132594,17.356,16.2737,22.4252
1550,23250,23264,15,PACKAGE_SCENE,10000000,2442,2442,1924,1924,1924,280,280,280,0,0,0,79586.9,52621,94647,16.7345,16.3227,17.69
1551,23265,23279,15,PACKAGE_SCENE,10000000,2442,2442,1924,1924,1924,280,280,280,0,0,0,91314.5,67032,125091,18.1771,16.6064,23.5257
1552,23280,23294,15,PACKAGE_SCENE,10000000,2442,2442,1924,1924,1924,280,280,280,0,0,0,91509.7,68440,146490,16.915,16.0371,18.7515
1553,23295,23309,15,PACKAGE_SCENE,10000000,2442,2442,1924,1924,1924,280,280,280,0,0,0,85738.2,76188,111384,16.5832,15.9496,18.2114
1554,23310,23324,15,PACKAGE_SCENE,10000000,2442,2442,1924,1924,1924,280,280,280,0,0,0,83051.6,63298,104689,17.3792,16.5016,20.6926
1555,23325,23339,15,PACKAGE_SCENE,10000000,2442,2442,1924,1924,1924,280,280,280,0,0,0,85266.5,68786,126506,17.107,16.4063,18.7052
1556,23340,23354,15,PACKAGE_SCENE,10000000,2442,2442,1924,1924,1924,280,280,280,0,0,0,86964.9,80377,111698,20.7951,16.8972,29.7416
1557,23355,23369,15,PACKAGE_SCENE,10000000,2442,2442,1924,1924,1924,280,280,280,0,0,0,89977.2,59846,146721,17.36,15.8356,25.4329
1558,23370,23384,15,PACKAGE_SCENE,10000000,2442,2442,1924,1924,1924,280,280,280,0,0,0,81331.5,52653,103668,16.7756,15.9587,18.2111
1559,23385,23399,15,PACKAGE_SCENE,10000000,2442,2442,1924,1924,1924,280,280,280,0,0,0,83635.8,79953,108025,17.6909,16.5258,22.0249
1560,23400,23414,15,PACKAGE_SCENE,10000000,2442,2442,1924,1924,1924,280,280,280,0,0,0,82418.2,52880,106583,16.6814,16.135,17.6925
1561,23415,23429,15,PACKAGE_SCENE,10000000,2442,2442,1924,1924,1924,280,280,280,0,0,0,79449.7,52791,100600,16.6048,15.9107,17.121
1562,23430,23444,15,PACKAGE_SCENE,10000000,2442,2442,1924,1924,1924,280,280,280,0,0,0,85300.8,80255,111678,17.6395,16.5728,23.1246
1563,23445,23459,15,PACKAGE_SCENE,10000000,2442,2442,1924,1924,1924,280,280,280,0,0,0,82934.1,54373,114283,16.5948,16.0373,17.5089
1564,23460,23474,15,PACKAGE_SCENE,10000000,2442,2442,1924,1924,1924,280,280,280,0,0,0,89368.8,68301,137812,17.3797,16.0163,19.4705
1565,23475,23489,15,PACKAGE_SCENE,10000000,2442,2442,1924,1924,1924,280,280,280,0,0,0,82112.1,66953,112725,18.0282,16.1913,24.086
1566,23490,23504,15,PACKAGE_SCENE,10000000,2442,2442,1924,1924,1924,280,280,280,0,0,0,86243.5,73269,125494,17.1138,16.3671,19.582
1567,23505,23519,15,PACKAGE_SCENE,10000000,2442,2442,1924,1924,1924,280,280,280,0,0,0,86300.4,67435,103280,17.1621,16.3374,18.4266
1568,23520,23534,15,PACKAGE_SCENE,10000000,2442,2442,1924,1924,1924,280,280,280,0,0,0,84216.3,77981,117210,17.4651,16.3513,22.7242
1569,23535,23549,15,PACKAGE_SCENE,10000000,2442,2442,1924,1924,1924,280,280,280,0,0,0,82767.3,69585,94716,16.6823,16.0831,17.7952
1570,23550,23564,15,PACKAGE_SCENE,10000000,2442,2442,1924,1924,1924,280,280,280,0,0,0,88707.7,79731,106774,16.7108,15.9496,18.4953
1571,23565,23579,15,PACKAGE_SCENE,10000000,2442,2442,1924,1924,1924,280,280,280,0,0,0,86568.6,64928,128099,16.4913,15.9594,17.9618
1572,23580,23594,15,PACKAGE_SCENE,10000000,2442,2442,1924,1924,1924,280,280,280,0,0,0,91340.5,61396,121909,17.5844,16.2095,21.8662
1573,23595,23609,15,PACKAGE_SCENE,10000000,2442,2442,1924,1924,1924,280,280,280,0,0,0,85425.9,49521,113320,16.6811,16.1922,17.5977
1574,23610,23624,15,PACKAGE_SCENE,10000000,2442,2442,1924,1924,1924,280,280,280,0,0,0,86647.8,65503,118553,16.6537,16.2729,18.1348
1575,23625,23639,15,PACKAGE_SCENE,10000000,2442,2442,1924,1924,1924,280,280,280,0,0,0,85148.5,68365,111640,16.9272,16.2227,18.7215
1576,23640,23654,15,PACKAGE_SCENE,10000000,2442,2442,1924,1924,1924,280,280,280,0,0,0,85498.1,77106,103363,17.1219,16.374,20.0164
1577,23655,23669,15,PACKAGE_SCENE,10000000,2442,2442,1924,1924,1924,280,280,280,0,0,0,86076.9,72432,117625,18.0773,16.8307,21.7923
1578,23670,23684,15,PACKAGE_SCENE,10000000,2442,2442,1924,1924,1924,280,280,280,0,0,0,89460.4,60061,123874,17.1019,15.7832,22.369
1579,23685,23699,15,PACKAGE_SCENE,10000000,2442,2442,1924,1924,1924,280,280,280,0,0,0,84186.3,76814,112098,16.4988,15.9917,18.2451
1580,23700,23714,15,PACKAGE_SCENE,10000000,2442,2442,1924,1924,1924,280,280,280,0,0,0,84256.3,71024,104377,16.7389,15.929,18.8234
1581,23715,23729,15,PACKAGE_SCENE,10000000,2442,2442,1924,1924,1924,280,280,280,0,0,0,82360.8,63106,102959,16.5466,15.9372,18.4075
1582,23730,23744,15,PACKAGE_SCENE,10000000,2442,2442,1924,1924,1924,280,280,280,0,0,0,88685.3,67917,128054,16.6456,15.9102,17.8211
1583,23745,23759,15,PACKAGE_SCENE,10000000,2442,2442,1924,1924,1924,280,280,280,0,0,0,84165.1,60018,125287,16.4531,15.8923,17.033
1584,23760,23774,15,PACKAGE_SCENE,10000000,2442,2442,1924,1924,1924,280,280,280,0,0,0,83268.7,64681,105255,16.6811,16.1278,18.0277
1585,23775,23789,15,PACKAGE_SCENE,10000000,2442,2442,1924,1924,1924,280,280,280,0,0,0,87047.4,54894,127561,16.5002,15.9774,17.929
1586,23790,23804,15,PACKAGE_SCENE,10000000,2442,2442,1924,1924,1924,280,280,280,0,0,0,81585.3,73483,99760,16.4716,15.8561,18.0494
1587,23805,23819,15,PACKAGE_SCENE,10000000,2442,2442,1924,1924,1924,280,280,280,0,0,0,80815.5,55912,126242,16.5809,15.9286,18.2352
1588,23820,23834,15,PACKAGE_SCENE,10000000,2442,2442,1924,1924,1924,280,280,280,0,0,0,84408.9,66192,105912,16.7961,15.8301,18.8554
1589,23835,23849,15,PACKAGE_SCENE,10000000,2442,2442,1924,1924,1924,280,280,280,0,0,0,79770.5,66549,96421,17.7911,16.2115,22.2755
1590,23850,23864,15,PACKAGE_SCENE,10000000,2442,2442,1924,1924,1924,280,280,280,0,0,0,81330.7,52817,103180,16.9755,16.4274,18.0953
1591,23865,23879,15,PACKAGE_SCENE,10000000,2442,2442,1924,1924,1924,280,280,280,0,0,0,81677.7,50157,124234,17.5299,16.4169,24.0184
1592,23880,23894,15,PACKAGE_SCENE,10000000,2442,2442,1924,1924,1924,280,280,280,0,0,0,80226.4,52848,94675,17.743,16.4209,21.837
1593,23895,23909,15,PACKAGE_SCENE,10000000,2442,2442,1924,1924,1924,280,280,280,0,0,0,80486.4,52980,118941,20.3116,16.0466,30.5803
1594,23910,23924,15,PACKAGE_SCENE,10000000,2442,2442,1924,1924,1924,280,280,280,0,0,0,81524.2,63454,94298,18.0624,16.042,23.704
1595,23925,23939,15,PACKAGE_SCENE,10000000,2442,2442,1924,1924,1924,280,280,280,0,0,0,87535.8,76952,125772,16.4761,16.1009,17.8427
1596,23940,23954,15,PACKAGE_SCENE,10000000,2442,2442,1924,1924,1924,280,280,280,0,0,0,91395.2,79627,115828,16.6684,15.8376,18.0792
1597,23955,23969,15,PACKAGE_SCENE,10000000,2442,2442,1924,1924,1924,280,280,280,0,0,0,87876.8,64488,150251,16.6179,16.0854,17.7542
1598,23970,23984,15,PACKAGE_SCENE,10000000,2442,2442,1924,1924,1924,280,280,280,0,0,0,87196.5,64539,107770,16.8336,15.9611,18.9818
1599,23985,23999,15,PACKAGE_SCENE,10000000,2442,2442,1924,1924,1924,280,280,280,0,0,0,87546.9,67553,151106,17.7565,16.1172,20.7227
1600,24000,24014,15,PACKAGE_SCENE,10000000,2442,2442,1924,1924,1924,280,280,280,0,0,0,86944.8,77149,132881,20.2082,17.8478,30.4206
1601,24015,24029,15,PACKAGE_SCENE,10000000,2442,2442,1924,1924,1924,280,280,280,0,0,0,85403.3,78298,111989,17.6783,16.5776,20.1299
1602,24030,24044,15,PACKAGE_SCENE,10000000,2442,2442,1924,1924,1924,280,280,280,0,0,0,83096.3,66394,103347,17.0672,16.1703,19.7228
1603,24045,24059,15,PACKAGE_SCENE,10000000,2442,2442,1924,1924,1924,280,280,280,0,0,0,84344.7,67238,111787,17.5418,16.5246,19.8213
1604,24060,24074,15,PACKAGE_SCENE,10000000,2442,2442,1924,1924,1924,280,280,280,0,0,0,84883.9,59892,124048,17.6381,16.3218,20.2924
1605,24075,24089,15,PACKAGE_SCENE,10000000,2442,2442,1924,1924,1924,280,280,280,0,0,0,83943.3,52819,111862,16.833,16.1864,18.3575
1606,24090,24104,15,PACKAGE_SCENE,10000000,2442,2442,1924,1924,1924,280,280,280,0,0,0,78423.3,60345,85752,16.8972,16.0003,19.2186
1607,24105,24119,15,PACKAGE_SCENE,10000000,2442,2442,1924,1924,1924,280,280,280,0,0,0,81305.5,53202,122952,19.5157,16.118,26.4579
1608,24120,24134,15,PACKAGE_SCENE,10000000,2442,2442,1924,1924,1924,280,280,280,0,0,0,83931.3,59715,111585,18.68,16.0489,24.7927
1609,24135,24149,15,PACKAGE_SCENE,10000000,2442,2442,1924,1924,1924,280,280,280,0,0,0,85876.1,50182,150638,17.4927,16.1948,20.3027
1610,24150,24164,15,PACKAGE_SCENE,10000000,2442,2442,1924,1924,1924,280,280,280,0,0,0,93389.3,68254,124459,16.9283,15.9997,18.6624
1611,24165,24179,15,PACKAGE_SCENE,10000000,2442,2442,1924,1924,1924,280,280,280,0,0,0,79266.1,48190,95305,17.3428,16.2251,20.0186
1612,24180,24194,15,PACKAGE_SCENE,10000000,2442,2442,1924,1924,1924,280,280,280,0,0,0,86791.4,60153,132267,17.5942,16.4787,19.8603
1613,24195,24209,15,PACKAGE_SCENE,10000000,2442,2442,1924,1924,1924,280,280,280,0,0,0,79857.5,61291,94750,18.032,16.6773,21.8449
1614,24210,24224,15,PACKAGE_SCENE,10000000,2442,2442,1924,1924,1924,280,280,280,0,0,0,85314.1,64529,121327,17.5423,15.895,19.5984
1615,24225,24239,15,PACKAGE_SCENE,10000000,2442,2442,1924,1924,1924,280,280,280,0,0,0,84311.2,68538,124770,16.7148,16.0206,17.8317
1616,24240,24254,15,PACKAGE_SCENE,10000000,2442,2442,1924,1924,1924,280,280,280,0,0,0,87653,80586,128172,16.6624,15.9198,17.9247
1617,24255,24269,15,PACKAGE_SCENE,10000000,2442,2442,1924,1924,1924,280,280,280,0,0,0,82254,68935,93616,17.0301,16.1825,18.2199
1618,24270,24284,15,PACKAGE_SCENE,10000000,2442,2442,1924,1924,1924,280,280,280,0,0,0,84613.8,64283,125333,16.8961,15.6745,19.1102
1619,24285,24299,15,PACKAGE_SCENE,10000000,2442,2442,1924,1924,1924,280,280,280,0,0,0,82829.3,68661,109363,26.0678,16.6192,69.4537
1620,24300,24314,15,PACKAGE_SCENE,10000000,2442,2442,1865.4,1631,1924,283.867,280,300,0,0,0,83943.5,50565,124229,18.5888,16.1708,32.2706
1621,24315,24329,15,PACKAGE_SCENE,10000000,2442,2442,1631,1631,1631,299,299,299,0,0,0,64993.5,49869,127576,17.0549,15.8667,19.162
1622,24330,24344,15,PACKAGE_SCENE,10000000,2442,2442,1540.13,1160,1631,330.8,299,632,0.0666667,0,1,72403.9,35461,145773,17.8879,15.5778,32.1623
1623,24345,24359,15,PACKAGE_SCENE,10000000,2442,2442,1399.53,1164,1880,395.133,261,549,0.0666667,0,1,188272,107670,432059,17.7508,15.3346,24.6184
1624,24360,24374,15,PACKAGE_SCENE,10000000,2442,2442,1167.4,1164,1181,393.933,323,410,0.266667,0,4,168698,58847,234692,17.2017,15.2801,25.7316
1625,24375,24389,15,PACKAGE_SCENE,10000000,2442,2442,1399.67,1181,1591,320,291,449,0.666667,0,7,77405.7,48947,116614,17.6934,14.8606,25.2469
1626,24390,24404,15,PACKAGE_SCENE,10000000,2442,2442,1894.33,1591,1941,328.067,291,367,0.266667,0,4,107613,63758,180386,17.4798,15.878,22.93
1627,24405,24419,15,PACKAGE_SCENE,10000000,2442,2442,1918,1918,1918,288,288,288,0.4,0,6,65964.1,49268,77095,17.2921,15.8179,32.1273
1628,24420,24434,15,PACKAGE_SCENE,10000000,2442,2442,1918,1918,1918,288,288,288,0,0,0,67647.7,49159,84157,16.4735,15.6784,17.8645
1629,24435,24449,15,PACKAGE_SCENE,10000000,2442,2442,1918,1918,1918,288,288,288,0,0,0,73341.3,51825,126635,16.758,15.8429,18.617
1630,24450,24464,15,PACKAGE_SCENE,10000000,2442,2442,1918,1918,1918,288,288,288,0,0,0,72281,52152,89011,16.3757,15.5921,16.8947
1631,24465,24479,15,PACKAGE_SCENE,10000000,2442,2442,1918,1918,1918,288,288,288,0,0,0,74035.8,52057,134778,16.6176,15.7541,18.2189
1632,24480,24494,15,PACKAGE_SCENE,10000000,2442,2442,1918,1918,1918,288,288,288,0,0,0,65960.7,51949,110132,16.7634,15.6301,19.8809
1633,24495,24509,15,PACKAGE_SCENE,10000000,2442,2442,1918,1918,1918,288,288,288,0,0,0,74846,52814,118060,17.4918,16.239,19.1277
1634,24510,24524,15,PACKAGE_SCENE,10000000,2442,2442,1918,1918,1918,288,288,288,0,0,0,70939.8,49971,97710,16.8473,15.5984,18.7694
1635,24525,24539,15,PACKAGE_SCENE,10000000,2442,2442,1918,1918,1918,288,288,288,0,0,0,74662.2,52032,106529,16.7683,15.8758,18.6104
1636,24540,24554,15,PACKAGE_SCENE,10000000,2442,2442,1918,1918,1918,288,288,288,0,0,0,77803.6,51258,145535,16.5207,16.017,17.9908
1637,24555,24569,15,PACKAGE_SCENE,10000000,2442,2442,1918,1918,1918,288,288,288,0,0,0,76114,52516,114100,16.4762,15.7885,18.3804
1638,24570,24584,15,PACKAGE_SCENE,10000000,2442,2442,1918,1918,1918,288,288,288,0,0,0,70346.4,50336,81202,16.7328,16.1736,17.7687
1639,24585,24599,15,PACKAGE_SCENE,10000000,2442,2442,1918,1918,1918,288,288,288,0,0,0,77195,52982,155840,19.098,16.1907,34.5334
1640,24600,24614,15,PACKAGE_SCENE,10000000,2442,2442,1918,1918,1918,288,288,288,0,0,0,76038.9,49339,141795,119.612,16.0696,1489.61
1641,24615,24629,15,PACKAGE_SCENE,10000000,2442,2442,1918,1918,1918,288,288,288,0,0,0,67489.3,49537,105713,17.7255,16.5496,20.6403
1642,24630,24644,15,PACKAGE_SCENE,10000000,2442,2442,1918,1918,1918,288,288,288,0,0,0,75515.9,52253,102082,75.1297,16.063,848.091
1643,24645,24659,15,PACKAGE_SCENE,10000000,2442,2442,1918,1918,1918,288,288,288,0,0,0,65337.2,51855,73089,109.012,16.2135,1367.35
1644,24660,24674,15,PACKAGE_SCENE,10000000,2442,2442,1918,1918,1918,288,288,288,0,0,0,70505.4,51509,129130,54.2915,16.2254,554.823
1645,24675,24689,15,PACKAGE_SCENE,10000000,2442,2442,1918,1918,1918,288,288,288,0,0,0,72819.9,52602,154125,52.3347,16.2077,529.827
1646,24690,24704,15,PACKAGE_SCENE,10000000,2442,2442,1918,1918,1918,288,288,288,0,0,0,68332.6,52184,109341,53.0881,16.028,534.391
1647,24705,24719,15,PACKAGE_SCENE,10000000,2442,2442,1918,1918,1918,288,288,288,0,0,0,69905.7,51822,133850,17.0396,15.8353,19.0875
1648,24720,24734,15,PACKAGE_SCENE,10000000,2442,2442,1918,1918,1918,288,288,288,0,0,0,72831.5,50751,128641,51.6452,16.0122,511.996
1649,24735,24749,15,PACKAGE_SCENE,10000000,2442,2442,1918,1918,1918,288,288,288,0,0,0,65410.1,49133,106529,42.1689,15.754,380.178
1650,24750,24764,15,PACKAGE_SCENE,10000000,2442,2442,1918,1918,1918,288,288,288,0,0,0,71356.6,52125,118091,37.7228,16.0137,305.609
1651,24765,24779,15,PACKAGE_SCENE,10000000,2442,2442,1918,1918,1918,288,288,288,0,0,0,68921.9,52219,76423,77.7576,15.911,906.716
1652,24780,24794,15,PACKAGE_SCENE,10000000,2442,2442,1918,1918,1918,288,288,288,0,0,0,69053.2,49779,80606,71.2926,16.1184,679.851
1653,24795,24809,15,PACKAGE_SCENE,10000000,2442,2442,1918,1918,1918,288,288,288,0,0,0,69616.5,52036,104280,18.4736,15.9022,22.7489
1654,24810,24824,15,PACKAGE_SCENE,10000000,2442,2442,1918,1918,1918,288,288,288,0,0,0,70054.3,49105,102760,79.7484,15.8873,937.017
1655,24825,24839,15,PACKAGE_SCENE,10000000,2442,2442,1918,1918,1918,288,288,288,0,0,0,66372.9,49413,81076,72.0939,15.6234,803.214
1656,24840,24854,15,PACKAGE_SCENE,10000000,2442,2442,1918,1918,1918,288,288,288,0,0,0,65751.1,51844,78505,51.0599,15.7247,485.415
1657,24855,24869,15,PACKAGE_SCENE,10000000,2442,2442,1918,1918,1918,288,288,288,0,0,0,67048.2,52028,73789,42.3356,15.8025,337.368
1658,24870,24884,15,PACKAGE_SCENE,10000000,2442,2442,1918,1918,1918,288,288,288,0,0,0,65624.8,52229,73765,52.0887,15.8152,491.583
1659,24885,24899,15,PACKAGE_SCENE,10000000,2442,2442,1918,1918,1918,288,288,288,0,0,0,79100.7,56207,126784,16.4368,16.0036,17.5668
1660,24900,24914,15,PACKAGE_SCENE,10000000,2442,2442,1918,1918,1918,288,288,288,0,0,0,73531.9,52105,109812,43.2813,15.7067,353.327
1661,24915,24929,15,PACKAGE_SCENE,10000000,2442,2442,1918,1918,1918,288,288,288,0,0,0,73065.1,51732,146241,53.2629,15.8546,545.679
1662,24930,24944,15,PACKAGE_SCENE,10000000,2442,2442,1918,1918,1918,288,288,288,0,0,0,67491.8,52435,113364,47.7726,15.9577,460.077
1663,24945,24959,15,PACKAGE_SCENE,10000000,2442,2442,1918,1918,1918,288,288,288,0,0,0,69400.5,52095,106511,41.3397,15.798,361.289
1664,24960,24974,15,PACKAGE_SCENE,10000000,2442,2442,1918,1918,1918,288,288,288,0,0,0,67729.5,52231,107638,57.524,15.8938,580.866
1665,24975,24989,15,PACKAGE_SCENE,10000000,2442,2442,1918,1918,1918,288,288,288,0,0,0,76384.6,52607,126608,16.6807,15.7878,19.6791
1666,24990,25004,15,PACKAGE_SCENE,10000000,2442,2442,1918,1918,1918,288,288,288,0,0,0,73194.4,49797,113680,48.8028,16.0411,413.536
1667,25005,25019,15,PACKAGE_SCENE,10000000,2442,2442,1918,1918,1918,288,288,288,0,0,0,78474.5,49229,118249,93.3596,15.8572,1138.25
1668,25020,25034,15,PACKAGE_SCENE,10000000,2442,2442,1918,1918,1918,288,288,288,0,0,0,74178.7,50492,133009,68.8152,16.0446,718.151
1669,25035,25049,15,PACKAGE_SCENE,10000000,2442,2442,1918,1918,1918,288,288,288,0,0,0,85228.7,52606,128194,70.9892,16.3045,757.259
1670,25050,25064,15,PACKAGE_SCENE,10000000,2442,2442,1918,1918,1918,288,288,288,0,0,0,79167.2,49506,133648,67.6358,15.8451,609.429
1671,25065,25079,15,PACKAGE_SCENE,10000000,2442,2442,1918,1918,1918,288,288,288,0,0,0,72062.1,49221,114278,21.2027,16.4339,52.8315
1672,25080,25094,15,PACKAGE_SCENE,10000000,2442,2442,1918,1918,1918,288,288,288,0,0,0,71092.2,52322,87417,63.9848,15.9453,682.798
1673,25095,25109,15,PACKAGE_SCENE,10000000,2442,2442,1918,1918,1918,288,288,288,0,0,0,71691.7,52079,122462,57.7078,15.8752,539.724
1674,25110,25124,15,PACKAGE_SCENE,10000000,2442,2442,1918,1918,1918,288,288,288,0,0,0,76529.8,52232,125234,83.258,15.9205,943.996
1675,25125,25139,15,PACKAGE_SCENE,10000000,2442,2442,1918,1918,1918,288,288,288,0,0,0,68058.5,49458,108387,59.9365,15.9774,580.974
1676,25140,25154,15,PACKAGE_SCENE,10000000,2442,2442,1918,1918,1918,288,288,288,0,0,0,72471.7,51959,113983,74.5182,15.5739,866.737
1677,25155,25169,15,PACKAGE_SCENE,10000000,2442,2442,1918,1918,1918,288,288,288,0,0,0,69086.2,49281,112783,16.8666,15.6468,18.7246
1678,25170,25184,15,PACKAGE_SCENE,10000000,2442,2442,1918,1918,1918,288,288,288,0,0,0,71660.1,52264,113798,62.8911,15.8418,678.296
1679,25185,25199,15,PACKAGE_SCENE,10000000,2442,2442,1918,1918,1918,288,288,288,0,0,0,73621.8,51883,106589,53.299,15.7744,518.485
1680,25200,25214,15,PACKAGE_SCENE,10000000,2442,2442,1918,1918,1918,288,288,288,0,0,0,70481,52197,106037,62.2069,15.8399,649.655
1681,25215,25229,15,PACKAGE_SCENE,10000000,2442,2442,1918,1918,1918,288,288,288,0,0,0,71824.7,49414,119676,56.7786,16.017,576.304
1682,25230,25244,15,PACKAGE_SCENE,10000000,2442,2442,1918,1918,1918,288,288,288,0,0,0,77725.1,52129,130760,34.5017,15.8152,258.755
1683,25245,25259,15,PACKAGE_SCENE,10000000,2442,2442,1918,1918,1918,288,288,288,0,0,0,59009.8,49212,72819,16.4771,15.8448,17.8815
1684,25260,25274,15,PACKAGE_SCENE,10000000,2442,2442,1918,1918,1918,288,288,288,0,0,0,68977.3,52213,90157,34.2575,15.8957,259.709
1685,25275,25289,15,PACKAGE_SCENE,10000000,2442,2442,1918,1918,1918,288,288,288,0,0,0,70809.1,52215,121274,33.3626,15.6485,238.275
1686,25290,25304,15,PACKAGE_SCENE,10000000,2442,2442,1918,1918,1918,288,288,288,0,0,0,67690.9,49586,81063,109.422,15.9471,1407.51
1687,25305,25319,15,PACKAGE_SCENE,10000000,2442,2442,1918,1918,1918,288,288,288,0,0,0,77635.9,49557,134224,17.1108,15.7286,20.4149
1688,25320,25334,15,PACKAGE_SCENE,10000000,2442,2442,1918,1918,1918,288,288,288,0,0,0,70333.1,52690,103074,16.5155,15.7248,18.7001
1689,25335,25349,15,PACKAGE_SCENE,10000000,2442,2442,1918,1918,1918,288,288,288,0,0,0,80528.1,52205,161880,16.7185,15.7917,18.9607
1690,25350,25364,15,PACKAGE_SCENE,10000000,2442,2442,1918,1918,1918,288,288,288,0,0,0,77110.3,52461,133476,16.4737,15.7154,17.7015
1691,25365,25379,15,PACKAGE_SCENE,10000000,2442,2442,1918,1918,1918,288,288,288,0,0,0,75958.8,52116,112512,16.6832,15.6504,20.7631
1692,25380,25394,15,PACKAGE_SCENE,10000000,2442,2442,1918,1918,1918,288,288,288,0,0,0,68444.2,51790,89633,16.3968,15.7061,18.4167
1693,25395,25409,15,PACKAGE_SCENE,10000000,2442,2442,1918,1918,1918,288,288,288,0,0,0,68261.3,49386,134178,16.6728,15.7588,18.5399
1694,25410,25424,15,PACKAGE_SCENE,10000000,2442,2442,1918,1918,1918,288,288,288,0,0,0,70843.4,52152,103223,16.6585,15.7765,19.5007
1695,25425,25439,15,PACKAGE_SCENE,10000000,2442,2442,1918,1918,1918,288,288,288,0,0,0,80938.3,52503,128655,17.5402,14.9269,25.9257
1696,25440,25454,15,PACKAGE_SCENE,10000000,2442,2442,1918,1918,1918,288,288,288,0,0,0,73293,52384,126487,16.5344,15.6897,18.5767
1697,25455,25469,15,PACKAGE_SCENE,10000000,2442,2442,1918,1918,1918,288,288,288,0,0,0,67699.7,52575,87953,16.6554,15.6808,17.7557
1698,25470,25484,15,PACKAGE_SCENE,10000000,2442,2442,1918,1918,1918,288,288,288,0,0,0,72997.7,52334,126653,16.7911,15.5846,18.6153
1699,25485,25499,15,PACKAGE_SCENE,10000000,2442,2442,1918,1918,1918,288,288,288,0,0,0,76011.9,51853,118148,16.4465,15.5547,18.0941
1700,25500,25514,15,PACKAGE_SCENE,10000000,2442,2442,1918,1918,1918,288,288,288,0,0,0,67122.9,51900,126337,16.5674,15.7331,17.8279
1701,25515,25529,15,PACKAGE_SCENE,10000000,2442,2442,1918,1918,1918,288,288,288,0,0,0,69483.3,49411,113810,16.6361,15.6987,19.3298
1702,25530,25544,15,PACKAGE_SCENE,10000000,2442,2442,1918,1918,1918,288,288,288,0,0,0,85266.5,52080,154860,16.5482,15.668,19.0728
1703,25545,25559,15,PACKAGE_SCENE,10000000,2442,2442,1918,1918,1918,288,288,288,0,0,0,69796.5,52785,107510,16.5665,15.5053,17.9236
1704,25560,25574,15,PACKAGE_SCENE,10000000,2442,2442,1918,1918,1918,288,288,288,0,0,0,64371.7,51790,73093,16.6273,15.6698,17.9786
1705,25575,25589,15,PACKAGE_SCENE,10000000,2442,2442,1918,1918,1918,288,288,288,0,0,0,66704.7,51681,80610,16.7097,15.8272,17.683
1706,25590,25604,15,PACKAGE_SCENE,10000000,2442,2442,1918,1918,1918,288,288,288,0,0,0,75850.8,52394,106211,16.5392,15.6779,18.1048
1707,25605,25619,15,PACKAGE_SCENE,10000000,2442,2442,1918,1918,1918,288,288,288,0,0,0,81713.4,52088,134171,16.6332,15.65,18.2019
1708,25620,25634,15,PACKAGE_SCENE,10000000,2442,2442,1918,1918,1918,288,288,288,0,0,0,78368.3,52198,127180,16.572,15.568,19.012
1709,25635,25649,15,PACKAGE_SCENE,10000000,2442,2442,1918,1918,1918,288,288,288,0,0,0,71721.5,51875,102900,16.666,15.7824,18.4539
1710,25650,25664,15,PACKAGE_SCENE,10000000,2442,2442,1918,1918,1918,288,288,288,0,0,0,72305.9,52161,104048,16.6981,15.9882,18.8232
1711,25665,25679,15,PACKAGE_SCENE,10000000,2442,2442,1918,1918,1918,288,288,288,0,0,0,71176,52195,108864,16.5102,15.8901,18.1504
1712,25680,25694,15,PACKAGE_SCENE,10000000,2442,2442,1918,1918,1918,288,288,288,0,0,0,78619.8,60559,120563,16.5698,15.7586,18.6405
1713,25695,25709,15,PACKAGE_SCENE,10000000,2442,2442,1918,1918,1918,288,288,288,0,0,0,77588.5,49867,145559,16.6979,15.6806,18.5018
1714,25710,25724,15,PACKAGE_SCENE,10000000,2442,2442,1918,1918,1918,288,288,288,0,0,0,72149.9,52269,120232,16.4787,15.7467,18.9208
1715,25725,25739,15,PACKAGE_SCENE,10000000,2442,2442,1918,1918,1918,288,288,288,0,0,0,76205.3,52180,102007,16.7947,15.973,18.3248
1716,25740,25754,15,PACKAGE_SCENE,10000000,2442,2442,1918,1918,1918,288,288,288,0,0,0,73624.7,49615,114237,16.4733,15.6795,18.0751
1717,25755,25769,15,PACKAGE_SCENE,10000000,2442,2442,1918,1918,1918,288,288,288,0,0,0,65701.1,52405,85964,16.5768,15.6185,18.9993
1718,25770,25784,15,PACKAGE_SCENE,10000000,2442,2442,1918,1918,1918,288,288,288,0,0,0,70221.9,49047,125813,16.6202,15.8205,17.6671
1719,25785,25799,15,PACKAGE_SCENE,10000000,2442,2442,1918,1918,1918,288,288,288,0,0,0,68562.8,52035,121789,17.8528,15.8946,21.6447
1720,25800,25814,15,PACKAGE_SCENE,10000000,2442,2442,1918,1918,1918,288,288,288,0,0,0,67010.9,52184,101599,17.8185,15.8434,20.3365
1721,25815,25829,15,PACKAGE_SCENE,10000000,2442,2442,1918,1918,1918,288,288,288,0,0,0,75211.4,51712,149416,16.3793,15.5164,17.8223
1722,25830,25844,15,PACKAGE_SCENE,10000000,2442,2442,1918,1918,1918,288,288,288,0,0,0,75546.6,51702,146313,16.6291,15.638,18.6056
1723,25845,25859,15,PACKAGE_SCENE,10000000,2442,2442,1918,1918,1918,288,288,288,0,0,0,81669.5,52234,162355,16.5891,15.8598,18.599
1724,25860,25874,15,PACKAGE_SCENE,10000000,2442,2442,1918,1918,1918,288,288,288,0,0,0,68358.3,52682,101475,16.6356,15.6296,19.2688
1725,25875,25889,15,PACKAGE_SCENE,10000000,2442,2442,1918,1918,1918,288,288,288,0,0,0,77014.2,49617,117819,16.5681,15.8068,18.129
1726,25890,25904,15,PACKAGE_SCENE,10000000,2442,2442,1918,1918,1918,288,288,288,0,0,0,78802.4,49809,141610,16.5905,15.8401,18.0838
1727,25905,25919,15,PACKAGE_SCENE,10000000,2442,2442,1918,1918,1918,288,288,288,0,0,0,74174.6,52073,104780,16.7445,15.731,19.3313
1728,25920,25934,15,PACKAGE_SCENE,10000000,2442,2442,1918,1918,1918,288,288,288,0,0,0,75633.3,52152,154443,16.5209,15.7837,18.4114
1729,25935,25949,15,PACKAGE_SCENE,10000000,2442,2442,1918,1918,1918,288,288,288,0,0,0,73487.7,52213,113496,16.675,15.7895,18.8389
1730,25950,25964,15,PACKAGE_SCENE,10000000,2442,2442,1918,1918,1918,288,288,288,0,0,0,80824.5,51976,122512,16.4856,15.9353,17.9246
1731,25965,25979,15,PACKAGE_SCENE,10000000,2442,2442,1918,1918,1918,288,288,288,0,0,0,71616.7,52096,107039,16.5997,15.805,17.6943
1732,25980,25994,15,PACKAGE_SCENE,10000000,2442,2442,1918,1918,1918,288,288,288,0,0,0,73473.6,49343,118114,16.6289,15.8159,18.1549
1733,25995,26009,15,PACKAGE_SCENE,10000000,2442,2442,1918,1918,1918,288,288,288,0,0,0,68562.2,52389,86167,16.5932,15.5915,17.545
1734,26010,26024,15,PACKAGE_SCENE,10000000,2442,2442,1918,1918,1918,288,288,288,0,0,0,74981.1,52366,126580,16.7493,15.8383,18.9351
1735,26025,26039,15,PACKAGE_SCENE,10000000,2442,2442,1918,1918,1918,288,288,288,0,0,0,75507.1,52686,102461,16.5644,15.6553,17.6797
1736,26040,26054,15,PACKAGE_SCENE,10000000,2442,2442,1918,1918,1918,288,288,288,0,0,0,77710.6,50298,105870,16.8709,15.6676,19.2472
1737,26055,26069,15,PACKAGE_SCENE,10000000,2442,2442,1918,1918,1918,288,288,288,0,0,0,77633.3,52334,133134,16.2667,15.674,17.6081
1738,26070,26084,15,PACKAGE_SCENE,10000000,2442,2442,1918,1918,1918,288,288,288,0,0,0,77025,52568,161596,16.7787,15.5133,18.2607
1739,26085,26099,15,PACKAGE_SCENE,10000000,2442,2442,1918,1918,1918,288,288,288,0,0,0,74725.6,52081,128421,16.5893,15.8068,18.7713
1740,26100,26114,15,PACKAGE_SCENE,10000000,2442,2442,1918,1918,1918,288,288,288,0,0,0,78780.9,52114,145304,16.5119,16.0139,17.2897
1741,26115,26129,15,PACKAGE_SCENE,10000000,2442,2442,1918,1918,1918,288,288,288,0,0,0,78252.6,49375,154324,16.4885,15.7669,17.9811
1742,26130,26144,15,PACKAGE_SCENE,10000000,2442,2442,1918,1918,1918,288,288,288,0,0,0,73324.3,52213,121060,16.5709,15.8989,17.5965
1743,26145,26159,15,PACKAGE_SCENE,10000000,2442,2442,1918,1918,1918,288,288,288,0,0,0,71137.3,49451,113556,16.7466,15.7128,18.097
1744,26160,26174,15,PACKAGE_SCENE,10000000,2442,2442,1918,1918,1918,288,288,288,0,0,0,67489.1,50356,87530,16.5463,15.61,18.123
1745,26175,26189,15,PACKAGE_SCENE,10000000,2442,2442,1918,1918,1918,288,288,288,0,0,0,82961.7,51616,126254,16.5794,15.6024,19.3991
1746,26190,26204,15,PACKAGE_SCENE,10000000,2442,2442,1918,1918,1918,288,288,288,0,0,0,84440.5,51826,146485,16.668,15.8672,18.2892
1747,26205,26219,15,PACKAGE_SCENE,10000000,2442,2442,1918,1918,1918,288,288,288,0,0,0,74489.5,48909,152237,16.4611,15.7803,17.8633
1748,26220,26234,15,PACKAGE_SCENE,10000000,2442,2442,1918,1918,1918,288,288,288,0,0,0,67197,51509,106182,16.6653,15.6561,18.3668
1749,26235,26249,15,PACKAGE_SCENE,10000000,2442,2442,1918,1918,1918,288,288,288,0,0,0,67248.7,52130,74803,16.605,15.7036,18.432
1750,26250,26264,15,PACKAGE_SCENE,10000000,2442,2442,1918,1918,1918,288,288,288,0,0,0,69534.4,49583,119130,16.5609,15.7339,17.7682
1751,26265,26279,15,PACKAGE_SCENE,10000000,2442,2442,1918,1918,1918,288,288,288,0,0,0,63378.4,49380,106090,16.614,15.625,17.8389
1752,26280,26294,15,PACKAGE_SCENE,10000000,2442,2442,1918,1918,1918,288,288,288,0,0,0,78526.3,52139,104473,16.771,15.7435,19.3227
1753,26295,26309,15,PACKAGE_SCENE,10000000,2442,2442,1918,1918,1918,288,288,288,0,0,0,83650.5,69232,125278,16.6448,16.0778,17.9181
1754,26310,26324,15,PACKAGE_SCENE,10000000,2442,2442,1918,1918,1918,288,288,288,0,0,0,69374.1,49586,106138,16.5839,15.8233,18.8032
1755,26325,26339,15,PACKAGE_SCENE,10000000,2442,2442,1918,1918,1918,288,288,288,0,0,0,68730.3,52027,90901,16.8672,15.9129,18.363
1756,26340,26354,15,PACKAGE_SCENE,10000000,2442,2442,1918,1918,1918,288,288,288,0,0,0,66822.5,52136,113482,16.3505,15.6355,17.8551
1757,26355,26369,15,PACKAGE_SCENE,10000000,2442,2442,1918,1918,1918,288,288,288,0,0,0,81408.9,51952,142527,16.8308,15.8635,18.3438
1758,26370,26384,15,PACKAGE_SCENE,10000000,2442,2442,1918,1918,1918,288,288,288,0,0,0,67735.2,52104,73193,18.7793,15.6977,40.1493
1759,26385,26399,15,PACKAGE_SCENE,10000000,2442,2442,1918,1918,1918,288,288,288,0,0,0,70275.2,49225,153888,16.2951,15.7823,17.6757
1760,26400,26414,15,PACKAGE_SCENE,10000000,2442,2442,1918,1918,1918,288,288,288,0,0,0,74795.4,52828,105694,16.4982,15.7506,17.6403
1761,26415,26429,15,PACKAGE_SCENE,10000000,2442,2442,1918,1918,1918,288,288,288,0,0,0,68832.9,52038,114048,16.6248,15.7976,17.6935
1762,26430,26444,15,PACKAGE_SCENE,10000000,2442,2442,1918,1918,1918,288,288,288,0,0,0,72819.5,52275,109392,16.9087,15.6861,18.6343
1763,26445,26459,15,PACKAGE_SCENE,10000000,2442,2442,1918,1918,1918,288,288,288,0,0,0,70257.7,52008,113738,16.4332,15.5792,18.706
1764,26460,26474,15,PACKAGE_SCENE,10000000,2442,2442,1918,1918,1918,288,288,288,0,0,0,70785,49207,101766,16.5915,15.8422,18.5771
1765,26475,26489,15,PACKAGE_SCENE,10000000,2442,2442,1918,1918,1918,288,288,288,0,0,0,77423.1,52240,161794,16.4486,15.6385,17.884
1766,26490,26504,15,PACKAGE_SCENE,10000000,2442,2442,1918,1918,1918,288,288,288,0,0,0,70530.1,49673,102796,16.7306,15.826,17.7365
1767,26505,26519,15,PACKAGE_SCENE,10000000,2442,2442,1918,1918,1918,288,288,288,0,0,0,70235.5,51744,111975,16.5134,15.6756,17.9853
1768,26520,26534,15,PACKAGE_SCENE,10000000,2442,2442,1918,1918,1918,288,288,288,0,0,0,70172.1,52243,117492,16.5884,15.9819,17.7051
1769,26535,26549,15,PACKAGE_SCENE,10000000,2442,2442,1918,1918,1918,288,288,288,0,0,0,66856.9,52020,119690,16.9324,15.9197,19.3646
1770,26550,26564,15,PACKAGE_SCENE,10000000,2442,2442,1918,1918,1918,288,288,288,0,0,0,66148.5,52220,97114,16.6821,15.5869,18.7903
1771,26565,26579,15,PACKAGE_SCENE,10000000,2442,2442,1918,1918,1918,288,288,288,0,0,0,66484.1,49502,73458,16.5173,15.9128,18.4737
1772,26580,26594,15,PACKAGE_SCENE,10000000,2442,2442,1918,1918,1918,288,288,288,0,0,0,78641.6,52722,146957,16.4379,15.4773,19.1513
1773,26595,26609,15,PACKAGE_SCENE,10000000,2442,2442,1918,1918,1918,288,288,288,0,0,0,76678.5,52121,145683,16.7411,15.6186,18.1494
1774,26610,26624,15,PACKAGE_SCENE,10000000,2442,2442,1918,1918,1918,288,288,288,0,0,0,65167.8,49487,78314,16.3994,15.893,17.7602
1775,26625,26639,15,PACKAGE_SCENE,10000000,2442,2442,1918,1918,1918,288,288,288,0,0,0,74164.5,52463,108599,16.6111,15.7824,18.5664
1776,26640,26654,15,PACKAGE_SCENE,10000000,2442,2442,1918,1918,1918,288,288,288,0,0,0,69690.3,49114,134175,16.5676,15.6371,17.7255
1777,26655,26669,15,PACKAGE_SCENE,10000000,2442,2442,1918,1918,1918,288,288,288,0,0,0,68902.7,52056,97063,16.6094,15.7818,18.1386
1778,26670,26684,15,PACKAGE_SCENE,10000000,2442,2442,1918,1918,1918,288,288,288,0,0,0,71616.2,52038,106590,16.6841,15.9192,19.5247
1779,26685,26699,15,PACKAGE_SCENE,10000000,2442,2442,1918,1918,1918,288,288,288,0,0,0,69515.9,51675,96366,16.8004,15.6944,19.8135
1780,26700,26714,15,PACKAGE_SCENE,10000000,2442,2442,1918,1918,1918,288,288,288,0,0,0,73390.7,49379,156512,16.2785,15.7411,17.3101
1781,26715,26729,15,PACKAGE_SCENE,10000000,2442,2442,1918,1918,1918,288,288,288,0,0,0,70569.7,52372,120930,16.6668,15.5249,19.0082
1782,26730,26744,15,PACKAGE_SCENE,10000000,2442,2442,1918,1918,1918,288,288,288,0,0,0,70524.5,52158,104360,16.5571,15.7097,18.5814
1783,26745,26759,15,PACKAGE_SCENE,10000000,2442,2442,1918,1918,1918,288,288,288,0,0,0,67112.8,50282,88082,16.5612,15.6006,18.4404
1784,26760,26774,15,PACKAGE_SCENE,10000000,2442,2442,1918,1918,1918,288,288,288,0,0,0,83237.7,52785,134523,16.6564,15.7955,17.9047
1785,26775,26789,15,PACKAGE_SCENE,10000000,2442,2442,1918,1918,1918,288,288,288,0,0,0,68982.6,52204,133477,16.6273,15.7024,18.7379
1786,26790,26804,15,PACKAGE_SCENE,10000000,2442,2442,1918,1918,1918,288,288,288,0,0,0,75876,52662,119538,16.5464,15.707,17.8015
1787,26805,26819,15,PACKAGE_SCENE,10000000,2442,2442,1918,1918,1918,288,288,288,0,0,0,76149.7,52154,109047,17.2603,15.9865,18.7604
1788,26820,26834,15,PACKAGE_SCENE,10000000,2442,2442,1918,1918,1918,288,288,288,0,0,0,74159.9,52332,133300,17.1054,15.711,21.5207
1789,26835,26849,15,PACKAGE_SCENE,10000000,2442,2442,1918,1918,1918,288,288,288,0,0,0,71826.4,51938,105941,16.7388,15.7048,19.4081
1790,26850,26864,15,PACKAGE_SCENE,10000000,2442,2442,1918,1918,1918,288,288,288,0,0,0,73119.4,52206,110923,16.399,15.7989,18.0971
1791,26865,26879,15,PACKAGE_SCENE,10000000,2442,2442,1918,1918,1918,288,288,288,0,0,0,76961,51899,133681,16.6556,15.7789,18.3425
1792,26880,26894,15,PACKAGE_SCENE,10000000,2442,2442,1918,1918,1918,288,288,288,0,0,0,71048.7,52130,104780,16.589,15.6022,18.5942
1793,26895,26909,15,PACKAGE_SCENE,10000000,2442,2442,1918,1918,1918,288,288,288,0,0,0,66801.9,49577,119725,16.5542,15.6351,17.8155
1794,26910,26924,15,PACKAGE_SCENE,10000000,2442,2442,1918,1918,1918,288,288,288,0,0,0,72618.7,52172,118868,16.5361,15.8641,17.3024
1795,26925,26939,15,PACKAGE_SCENE,10000000,2442,2442,1918,1918,1918,288,288,288,0,0,0,74651.7,49805,120034,16.5567,15.7959,17.8323
1796,26940,26954,15,PACKAGE_SCENE,10000000,2442,2442,1918,1918,1918,288,288,288,0,0,0,76028.1,51871,113821,16.7637,15.6343,18.6316
1797,26955,26969,15,PACKAGE_SCENE,10000000,2442,2442,1918,1918,1918,288,288,288,0,0,0,71175.5,51898,106419,16.4577,15.7353,17.6451
1798,26970,26984,15,PACKAGE_SCENE,10000000,2442,2442,1918,1918,1918,288,288,288,0,0,0,62961.7,52072,85337,16.7001,15.6455,18.264
1799,26985,26999,15,PACKAGE_SCENE,10000000,2442,2442,1918,1918,1918,288,288,288,0,0,0,78128,51974,134305,16.5638,15.7405,17.5957
1800,27000,27014,15,PACKAGE_SCENE,10000000,2442,2442,1918,1918,1918,288,288,288,0,0,0,69254.3,52334,114839,16.539,15.6708,17.8338
1801,27015,27029,15,PACKAGE_SCENE,10000000,2442,2442,1918,1918,1918,288,288,288,0,0,0,64003.4,49710,81776,16.5612,16.0186,17.08
1802,27030,27044,15,PACKAGE_SCENE,10000000,2442,2442,1918,1918,1918,288,288,288,0,0,0,64774.2,52127,80897,16.6185,15.5369,18.2898
1803,27045,27059,15,PACKAGE_SCENE,10000000,2442,2442,1918,1918,1918,288,288,288,0,0,0,64606.6,49205,97293,16.5927,15.6658,17.8483
1804,27060,27074,15,PACKAGE_SCENE,10000000,2442,2442,1918,1918,1918,288,288,288,0,0,0,69964,51925,101447,16.6499,15.6639,18.5254
1805,27075,27089,15,PACKAGE_SCENE,10000000,2442,2442,1918,1918,1918,288,288,288,0,0,0,67466.2,52199,73446,16.5796,15.5479,17.2278
1806,27090,27104,15,PACKAGE_SCENE,10000000,2442,2442,1918,1918,1918,288,288,288,0,0,0,67094.1,49238,87822,16.657,15.6638,18.4203
1807,27105,27119,15,PACKAGE_SCENE,10000000,2442,2442,1918,1918,1918,288,288,288,0,0,0,61803.6,50370,72761,16.594,15.7957,18.3221
1808,27120,27134,15,PACKAGE_SCENE,10000000,2442,2442,1918,1918,1918,288,288,288,0,0,0,76174.8,52036,152753,16.8541,15.613,19.2041
1809,27135,27149,15,PACKAGE_SCENE,10000000,2442,2442,1918,1918,1918,288,288,288,0,0,0,68500.8,52205,113400,16.4147,15.8191,18.0589
1810,27150,27164,15,PACKAGE_SCENE,10000000,2442,2442,1918,1918,1918,288,288,288,0,0,0,69464,52390,93886,17.0287,16.0069,19.3392
1811,27165,27179,15,PACKAGE_SCENE,10000000,2442,2442,1918,1918,1918,288,288,288,0,0,0,68149.6,52220,126203,16.1071,15.6725,17.7737
1812,27180,27194,15,PACKAGE_SCENE,10000000,2442,2442,1918,1918,1918,288,288,288,0,0,0,68413.2,52454,88148,16.6787,15.797,18.4932
1813,27195,27209,15,PACKAGE_SCENE,10000000,2442,2442,1918,1918,1918,288,288,288,0,0,0,72511.5,52072,132486,16.531,15.928,18.3774
1814,27210,27224,15,PACKAGE_SCENE,10000000,2442,2442,1918,1918,1918,288,288,288,0,0,0,79405.6,52411,110980,16.6601,15.7078,18.2002
1815,27225,27239,15,PACKAGE_SCENE,10000000,2442,2442,1918,1918,1918,288,288,288,0,0,0,75801,51753,113537,16.5512,15.9029,18.5779
1816,27240,27254,15,PACKAGE_SCENE,10000000,2442,2442,1918,1918,1918,288,288,288,0,0,0,70647.2,52280,104939,16.8943,15.7135,18.5226
1817,27255,27269,15,PACKAGE_SCENE,10000000,2442,2442,1918,1918,1918,288,288,288,0,0,0,70507.7,52578,101705,16.5945,15.7464,18.1029
1818,27270,27284,15,PACKAGE_SCENE,10000000,2442,2442,1918,1918,1918,288,288,288,0,0,0,65816.8,51271,87722,17.4671,15.933,20.8314
1819,27285,27299,15,PACKAGE_SCENE,10000000,2442,2442,1918,1918,1918,288,288,288,0,0,0,78970,49288,154935,16.6259,15.8474,17.7346
1820,27300,27314,15,PACKAGE_SCENE,10000000,2442,2442,1918,1918,1918,288,288,288,0,0,0,71770.1,52688,103127,16.4233,15.8019,18.28
1821,27315,27329,15,PACKAGE_SCENE,10000000,2442,2442,1918,1918,1918,288,288,288,0,0,0,80510.8,52151,134213,16.5927,15.7267,18.0494
1822,27330,27344,15,PACKAGE_SCENE,10000000,2442,2442,1918,1918,1918,288,288,288,0,0,0,69889.5,49328,109880,16.7292,15.9129,17.7707
1823,27345,27359,15,PACKAGE_SCENE,10000000,2442,2442,1918,1918,1918,288,288,288,0,0,0,70572.9,49766,118136,16.5152,15.6252,17.8189
1824,27360,27374,15,PACKAGE_SCENE,10000000,2442,2442,1918,1918,1918,288,288,288,0,0,0,84205.6,52907,129462,16.6789,15.8706,17.3682
1825,27375,27389,15,PACKAGE_SCENE,10000000,2442,2442,1918,1918,1918,288,288,288,0,0,0,77753.5,52127,126987,16.4946,15.6608,17.8686
1826,27390,27404,15,PACKAGE_SCENE,10000000,2442,2442,1918,1918,1918,288,288,288,0,0,0,73001.1,51914,97715,16.6091,15.9064,17.7053
1827,27405,27419,15,PACKAGE_SCENE,10000000,2442,2442,1918,1918,1918,288,288,288,0,0,0,79070.7,52409,122258,16.7045,15.7949,17.9189
1828,27420,27434,15,PACKAGE_SCENE,10000000,2442,2442,1918,1918,1918,288,288,288,0,0,0,64431.9,49213,106480,16.4713,15.7423,17.9799
1829,27435,27449,15,PACKAGE_SCENE,10000000,2442,2442,1918,1918,1918,288,288,288,0,0,0,70630.3,49033,126630,16.8101,15.9326,18.6449
1830,27450,27464,15,PACKAGE_SCENE,10000000,2442,2442,1918,1918,1918,288,288,288,0,0,0,70525,52746,108135,16.5547,15.6757,18.8807
1831,27465,27479,15,PACKAGE_SCENE,10000000,2442,2442,1918,1918,1918,288,288,288,0,0,0,73206.6,52416,104638,16.4946,15.6506,18.693
1832,27480,27494,15,PACKAGE_SCENE,10000000,2442,2442,1918,1918,1918,288,288,288,0,0,0,70745.7,51985,101657,16.5694,15.7377,17.9097
1833,27495,27509,15,PACKAGE_SCENE,10000000,2442,2442,1918,1918,1918,288,288,288,0,0,0,67862.5,49692,101900,16.5337,15.8896,18.6431
1834,27510,27524,15,PACKAGE_SCENE,10000000,2442,2442,1918,1918,1918,288,288,288,0,0,0,65804.9,50101,119351,16.6096,15.8369,18.0598
1835,27525,27539,15,PACKAGE_SCENE,10000000,2442,2442,1918,1918,1918,288,288,288,0,0,0,71903.9,49656,117941,16.6115,15.7355,17.6806
1836,27540,27554,15,PACKAGE_SCENE,10000000,2442,2442,1918,1918,1918,288,288,288,0,0,0,74267.6,49218,146002,16.5881,15.7807,17.9079
1837,27555,27569,15,PACKAGE_SCENE,10000000,2442,2442,1918,1918,1918,288,288,288,0,0,0,75880,52174,136358,16.6708,15.8539,17.751
1838,27570,27584,15,PACKAGE_SCENE,10000000,2442,2442,1918,1918,1918,288,288,288,0,0,0,75082.1,52129,125396,16.5896,15.757,17.924
1839,27585,27599,15,PACKAGE_SCENE,10000000,2442,2442,1918,1918,1918,288,288,288,0,0,0,71788.6,52381,84404,16.8396,15.606,17.8995
1840,27600,27614,15,PACKAGE_SCENE,10000000,2442,2442,1918,1918,1918,288,288,288,0,0,0,64390.8,51809,72994,16.6537,15.6142,19.8712
1841,27615,27629,15,PACKAGE_SCENE,10000000,2442,2442,1918,1918,1918,288,288,288,0,0,0,68026.5,52211,102137,16.2959,15.5641,17.6627
1842,27630,27644,15,PACKAGE_SCENE,10000000,2442,2442,1918,1918,1918,288,288,288,0,0,0,69126,51911,154284,16.6094,15.6688,18.9105
1843,27645,27659,15,PACKAGE_SCENE,10000000,2442,2442,1918,1918,1918,288,288,288,0,0,0,84146.8,53365,126821,16.5642,15.6311,17.5786
1844,27660,27674,15,PACKAGE_SCENE,10000000,2442,2442,1918,1918,1918,288,288,288,0,0,0,67149.9,49404,113184,16.7172,15.7856,17.8107
1845,27675,27689,15,PACKAGE_SCENE,10000000,2442,2442,1918,1918,1918,288,288,288,0,0,0,79669,52248,119391,16.5677,15.6554,18.6691
1846,27690,27704,15,PACKAGE_SCENE,10000000,2442,2442,1918,1918,1918,288,288,288,0,0,0,73757.3,52240,118171,16.5577,15.6067,17.6386
1847,27705,27719,15,PACKAGE_SCENE,10000000,2442,2442,1918,1918,1918,288,288,288,0,0,0,72269.1,52767,102311,16.5823,15.6851,17.6107
1848,27720,27734,15,PACKAGE_SCENE,10000000,2442,2442,1918,1918,1918,288,288,288,0,0,0,73148.1,52595,102456,16.6278,15.6796,18.0957
1849,27735,27749,15,PACKAGE_SCENE,10000000,2442,2442,1918,1918,1918,288,288,288,0,0,0,67020.1,51998,99676,16.5546,15.8483,17.6582
1850,27750,27764,15,PACKAGE_SCENE,10000000,2442,2442,1918,1918,1918,288,288,288,0,0,0,69479.6,52361,113108,16.711,16.0683,17.8825
1851,27765,27779,15,PACKAGE_SCENE,10000000,2442,2442,1918,1918,1918,288,288,288,0,0,0,69088.4,52333,77570,16.6667,15.6437,18.48
1852,27780,27794,15,PACKAGE_SCENE,10000000,2442,2442,1918,1918,1918,288,288,288,0,0,0,70049.1,51966,105741,16.3169,15.7376,17.4875
1853,27795,27809,15,PACKAGE_SCENE,10000000,2442,2442,1918,1918,1918,288,288,288,0,0,0,69016.7,51667,109253,16.5999,15.8551,18.1881
1854,27810,27824,15,PACKAGE_SCENE,10000000,2442,2442,1918,1918,1918,288,288,288,0,0,0,68586.2,52303,116932,16.6484,15.8438,17.5001
1855,27825,27839,15,PACKAGE_SCENE,10000000,2442,2442,1918,1918,1918,288,288,288,0,0,0,72413.6,52152,101002,16.5726,15.7116,17.529
1856,27840,27854,15,PACKAGE_SCENE,10000000,2442,2442,1918,1918,1918,288,288,288,0,0,0,70123.4,51910,117771,16.6021,15.79,18.0434
1857,27855,27869,15,PACKAGE_SCENE,10000000,2442,2442,1918,1918,1918,288,288,288,0,0,0,72057.9,51455,112349,16.7695,15.4796,18.1761
1858,27870,27884,15,PACKAGE_SCENE,10000000,2442,2442,1918,1918,1918,288,288,288,0,0,0,75561.5,53293,129611,16.4578,15.81,17.5756
1859,27885,27899,15,PACKAGE_SCENE,10000000,2442,2442,1918,1918,1918,288,288,288,0,0,0,78655.4,49394,119157,16.6,15.8701,19.4503
1860,27900,27914,15,PACKAGE_SCENE,10000000,2442,2442,1918,1918,1918,288,288,288,0,0,0,68718.3,52167,106042,16.6226,15.7976,18.1212
1861,27915,27929,15,PACKAGE_SCENE,10000000,2442,2442,1918,1918,1918,288,288,288,0,0,0,72299.3,52084,102488,16.7256,16.0047,18.1635
1862,27930,27944,15,PACKAGE_SCENE,10000000,2442,2442,1918,1918,1918,288,288,288,0,0,0,73798.7,52566,138987,16.6891,15.735,18.2669
1863,27945,27959,15,PACKAGE_SCENE,10000000,2442,2442,1918,1918,1918,288,288,288,0,0,0,68812.1,51972,105509,16.4864,15.7269,18.4173
1864,27960,27974,15,PACKAGE_SCENE,10000000,2442,2442,1918,1918,1918,288,288,288,0,0,0,80015.3,52372,154448,16.6049,15.8196,18.1138
1865,27975,27989,15,PACKAGE_SCENE,10000000,2442,2442,1918,1918,1918,288,288,288,0,0,0,72481.9,52265,112034,16.6645,15.6127,18.7155
1866,27990,28004,15,PACKAGE_SCENE,10000000,2442,2442,1918,1918,1918,288,288,288,0,0,0,79580.5,49341,133227,16.4994,15.8956,18.4386
1867,28005,28019,15,PACKAGE_SCENE,10000000,2442,2442,1918,1918,1918,288,288,288,0,0,0,77522.5,52146,126588,16.6276,15.8107,17.639
1868,28020,28034,15,PACKAGE_SCENE,10000000,2442,2442,1918,1918,1918,288,288,288,0,0,0,77072.9,52673,146539,16.6511,15.7923,19.5484
1869,28035,28049,15,PACKAGE_SCENE,10000000,2442,2442,1918,1918,1918,288,288,288,0,0,0,70077.9,49546,160988,16.5351,15.6166,18.6912
1870,28050,28064,15,PACKAGE_SCENE,10000000,2442,2442,1918,1918,1918,288,288,288,0,0,0,83826,72012,145733,16.5641,15.9978,18.4566
1871,28065,28079,15,PACKAGE_SCENE,10000000,2442,2442,1918,1918,1918,288,288,288,0,0,0,68396.1,52089,112746,16.7578,15.9051,18.0101
1872,28080,28094,15,PACKAGE_SCENE,10000000,2442,2442,1918,1918,1918,288,288,288,0,0,0,76808.5,51829,151727,16.482,15.7068,17.8473
1873,28095,28109,15,PACKAGE_SCENE,10000000,2442,2442,1918,1918,1918,288,288,288,0,0,0,72717.5,49766,152497,16.6101,15.7405,17.8858
1874,28110,28124,15,PACKAGE_SCENE,10000000,2442,2442,1918,1918,1918,288,288,288,0,0,0,73382.7,51616,137962,16.696,15.6319,18.1504
1875,28125,28139,15,PACKAGE_SCENE,10000000,2442,2442,1918,1918,1918,288,288,288,0,0,0,69158,52543,113936,16.4782,15.7021,17.3293
1876,28140,28154,15,PACKAGE_SCENE,10000000,2442,2442,1918,1918,1918,288,288,288,0,0,0,68817.3,52045,134313,16.6632,15.741,18.7807
1877,28155,28169,15,PACKAGE_SCENE,10000000,2442,2442,1918,1918,1918,288,288,288,0,0,0,77191.9,52177,160649,16.7548,15.817,18.377
1878,28170,28184,15,PACKAGE_SCENE,10000000,2442,2442,1918,1918,1918,288,288,288,0,0,0,78984.1,52286,102202,18.6222,15.7544,33.9505
1879,28185,28199,15,PACKAGE_SCENE,10000000,2442,2442,1918,1918,1918,288,288,288,0,0,0,67288.6,50314,81333,16.5865,15.8744,17.4446
1880,28200,28214,15,PACKAGE_SCENE,10000000,2442,2442,1918,1918,1918,288,288,288,0,0,0,77901.8,49456,126549,16.7501,15.807,18.4073
1881,28215,28229,15,PACKAGE_SCENE,10000000,2442,2442,1918,1918,1918,288,288,288,0,0,0,66087.7,52123,120155,16.471,15.7644,17.8883
1882,28230,28244,15,PACKAGE_SCENE,10000000,2442,2442,1918,1918,1918,288,288,288,0,0,0,85367.5,52326,151019,16.696,15.7884,18.0447
1883,28245,28259,15,PACKAGE_SCENE,10000000,2442,2442,1918,1918,1918,288,288,288,0,0,0,71436,51723,133302,16.4499,15.8738,17.9696
1884,28260,28274,15,PACKAGE_SCENE,10000000,2442,2442,1918,1918,1918,288,288,288,0,0,0,67292,52631,84361,16.8124,15.8814,18.962
1885,28275,28289,15,PACKAGE_SCENE,10000000,2442,2442,1918,1918,1918,288,288,288,0,0,0,67751.8,49156,106166,16.5032,15.8969,18.0951
1886,28290,28304,15,PACKAGE_SCENE,10000000,2442,2442,1918,1918,1918,288,288,288,0,0,0,60883.2,49412,73733,16.5916,15.7161,17.4118
1887,28305,28319,15,PACKAGE_SCENE,10000000,2442,2442,1918,1918,1918,288,288,288,0,0,0,80085.5,49717,156596,16.6104,15.9859,17.9353
1888,28320,28334,15,PACKAGE_SCENE,10000000,2442,2442,1918,1918,1918,288,288,288,0,0,0,75685.2,52262,130493,16.7352,15.6022,18.3014
1889,28335,28349,15,PACKAGE_SCENE,10000000,2442,2442,1918,1918,1918,288,288,288,0,0,0,62286.5,50151,90234,16.4551,15.5749,17.3511
1890,28350,28364,15,PACKAGE_SCENE,10000000,2442,2442,1918,1918,1918,288,288,288,0,0,0,78602.8,51932,149909,16.585,15.8761,17.3275
1891,28365,28379,15,PACKAGE_SCENE,10000000,2442,2442,1918,1918,1918,288,288,288,0,0,0,68244.1,52073,113171,16.5781,15.6504,18.9728
1892,28380,28394,15,PACKAGE_SCENE,10000000,2442,2442,1918,1918,1918,288,288,288,0,0,0,75882.9,52081,151204,16.5868,15.828,18.3362
1893,28395,28409,15,PACKAGE_SCENE,10000000,2442,2442,1918,1918,1918,288,288,288,0,0,0,62937.7,51993,82542,16.6713,15.6846,18.255
1894,28410,28424,15,PACKAGE_SCENE,10000000,2442,2442,1918,1918,1918,288,288,288,0,0,0,78341.9,52535,114074,16.5694,15.8121,18.0282
1895,28425,28439,15,PACKAGE_SCENE,10000000,2442,2442,1918,1918,1918,288,288,288,0,0,0,68145.3,52065,98617,16.7914,16.0018,18.5969
1896,28440,28454,15,PACKAGE_SCENE,10000000,2442,2442,1918,1918,1918,288,288,288,0,0,0,69634.1,49271,89533,16.5468,15.9855,17.6555
1897,28455,28469,15,PACKAGE_SCENE,10000000,2442,2442,1918,1918,1918,288,288,288,0,0,0,64693.1,49526,77560,16.5195,15.8382,19.0215
1898,28470,28484,15,PACKAGE_SCENE,10000000,2442,2442,1918,1918,1918,288,288,288,0,0,0,73490.6,49556,113878,16.6719,15.8988,17.981
1899,28485,28499,15,PACKAGE_SCENE,10000000,2442,2442,1918,1918,1918,288,288,288,0,0,0,72441.7,51527,121475,16.4236,15.9534,17.0493
1900,28500,28514,15,PACKAGE_SCENE,10000000,2442,2442,1918,1918,1918,288,288,288,0,0,0,75327.7,49807,109604,16.557,15.89,17.9439
1901,28515,28529,15,PACKAGE_SCENE,10000000,2442,2442,1918,1918,1918,288,288,288,0,0,0,72974.2,52267,112924,16.6105,15.761,18.5832
1902,28530,28544,15,PACKAGE_SCENE,10000000,2442,2442,1918,1918,1918,288,288,288,0,0,0,77338.9,52863,117223,16.761,15.6428,19.0173
1903,28545,28559,15,PACKAGE_SCENE,10000000,2442,2442,1918,1918,1918,288,288,288,0,0,0,79072.7,49468,115464,16.4829,15.763,18.4587
1904,28560,28574,15,PACKAGE_SCENE,10000000,2442,2442,1918,1918,1918,288,288,288,0,0,0,79008.1,52542,145608,16.519,15.5757,17.2779
1905,28575,28589,15,PACKAGE_SCENE,10000000,2442,2442,1918,1918,1918,288,288,288,0,0,0,72100.5,52482,151352,16.5916,15.7343,18.2338
1906,28590,28604,15,PACKAGE_SCENE,10000000,2442,2442,1918,1918,1918,288,288,288,0,0,0,69113.1,52229,119692,16.6231,15.7283,18.314
1907,28605,28619,15,PACKAGE_SCENE,10000000,2442,2442,1918,1918,1918,288,288,288,0,0,0,66205.2,52067,93877,16.6029,15.8494,17.2291
1908,28620,28634,15,PACKAGE_SCENE,10000000,2442,2442,1918,1918,1918,288,288,288,0,0,0,67954.5,52025,89712,16.6171,15.7045,18.1308
1909,28635,28649,15,PACKAGE_SCENE,10000000,2442,2442,1918,1918,1918,288,288,288,0,0,0,76600.7,52457,154257,16.6379,15.599,19.1414
1910,28650,28664,15,PACKAGE_SCENE,10000000,2442,2442,1918,1918,1918,288,288,288,0,0,0,73320.7,52464,126831,16.5791,15.6331,18.6892
1911,28665,28679,15,PACKAGE_SCENE,10000000,2442,2442,1918,1918,1918,288,288,288,0,0,0,77716.7,51935,104552,16.5722,15.6697,17.6987
1912,28680,28694,15,PACKAGE_SCENE,10000000,2442,2442,1918,1918,1918,288,288,288,0,0,0,79297.5,51783,157401,16.5764,15.6236,18.5029
1913,28695,28709,15,PACKAGE_SCENE,10000000,2442,2442,1918,1918,1918,288,288,288,0,0,0,76526.1,52762,107440,16.7144,15.5471,18.3767
1914,28710,28724,15,PACKAGE_SCENE,10000000,2442,2442,1918,1918,1918,288,288,288,0,0,0,68663.5,49502,113630,16.4849,15.8693,17.4155
1915,28725,28739,15,PACKAGE_SCENE,10000000,2442,2442,1918,1918,1918,288,288,288,0,0,0,71229.2,51712,120970,16.5598,15.8381,17.8466
1916,28740,28754,15,PACKAGE_SCENE,10000000,2442,2442,1918,1918,1918,288,288,288,0,0,0,73109.6,52419,118312,16.7035,15.7196,18.1501
1917,28755,28769,15,PACKAGE_SCENE,10000000,2442,2442,1918,1918,1918,288,288,288,0,0,0,70806.1,52246,102543,16.5589,15.7282,18.0548
1918,28770,28784,15,PACKAGE_SCENE,10000000,2442,2442,1918,1918,1918,288,288,288,0,0,0,74500.5,52254,104040,16.686,15.714,17.9505
1919,28785,28799,15,PACKAGE_SCENE,10000000,2442,2442,1918,1918,1918,288,288,288,0,0,0,65378.7,49232,96434,16.5312,15.795,18.7758
1920,28800,28814,15,PACKAGE_SCENE,10000000,2442,2442,1918,1918,1918,288,288,288,0,0,0,75986.3,52106,128738,16.792,15.7436,18.2944
1921,28815,28829,15,PACKAGE_SCENE,10000000,2442,2442,1918,1918,1918,288,288,288,0,0,0,74940.9,49159,108727,16.4217,15.5786,18.0022
1922,28830,28844,15,PACKAGE_SCENE,10000000,2442,2442,1918,1918,1918,288,288,288,0,0,0,68016,50061,108797,16.596,15.8775,18.3017
1923,28845,28859,15,PACKAGE_SCENE,10000000,2442,2442,1918,1918,1918,288,288,288,0,0,0,67606.9,52422,84061,16.5807,15.7622,17.4711
1924,28860,28874,15,PACKAGE_SCENE,10000000,2442,2442,1918,1918,1918,288,288,288,0,0,0,65171.7,49363,129315,16.6337,15.6539,18.102
1925,28875,28889,15,PACKAGE_SCENE,10000000,2442,2442,1918,1918,1918,288,288,288,0,0,0,67141.1,52150,93937,16.7869,15.8751,19.8608
1926,28890,28904,15,PACKAGE_SCENE,10000000,2442,2442,1918,1918,1918,288,288,288,0,0,0,68654.3,52163,117575,16.4415,15.8501,17.2404
1927,28905,28919,15,PACKAGE_SCENE,10000000,2442,2442,1918,1918,1918,288,288,288,0,0,0,70000.3,52443,124607,16.5949,15.7828,18.1115
1928,28920,28934,15,PACKAGE_SCENE,10000000,2442,2442,1918,1918,1918,288,288,288,0,0,0,66666.7,51930,81696,16.6059,15.5734,18.4524
1929,28935,28949,15,PACKAGE_SCENE,10000000,2442,2442,1918,1918,1918,288,288,288,0,0,0,71163.5,51848,109890,16.6008,15.7748,17.9618
1930,28950,28964,15,PACKAGE_SCENE,10000000,2442,2442,1918,1918,1918,288,288,288,0,0,0,65414.5,49456,80784,16.6033,15.7738,21.3447
1931,28965,28979,15,PACKAGE_SCENE,10000000,2442,2442,1918,1918,1918,288,288,288,0,0,0,82759.1,56221,126844,16.6183,15.8658,17.7097
1932,28980,28994,15,PACKAGE_SCENE,10000000,2442,2442,1918,1918,1918,288,288,288,0,0,0,72365.5,52076,105737,16.6093,15.8494,17.799
1933,28995,29009,15,PACKAGE_SCENE,10000000,2442,2442,1918,1918,1918,288,288,288,0,0,0,61831.9,50161,73347,16.6049,15.6097,17.6863
1934,29010,29024,15,PACKAGE_SCENE,10000000,2442,2442,1918,1918,1918,288,288,288,0,0,0,71323.7,52594,108517,16.6252,15.6866,17.405
1935,29025,29039,15,PACKAGE_SCENE,10000000,2442,2442,1918,1918,1918,288,288,288,0,0,0,76355.1,52627,102615,16.5579,15.8415,18.5478
1936,29040,29054,15,PACKAGE_SCENE,10000000,2442,2442,1918,1918,1918,288,288,288,0,0,0,79186.5,52730,145513,16.7974,15.8529,20.1001
1937,29055,29069,15,PACKAGE_SCENE,10000000,2442,2442,1918,1918,1918,288,288,288,0,0,0,74718.3,49387,129154,16.4739,15.764,18.5165
1938,29070,29084,15,PACKAGE_SCENE,10000000,2442,2442,1918,1918,1918,288,288,288,0,0,0,67158.1,49256,94039,16.5165,15.841,17.6931
1939,29085,29099,15,PACKAGE_SCENE,10000000,2442,2442,1918,1918,1918,288,288,288,0,0,0,74087.9,52171,105690,16.9805,15.8447,19.9032
1940,29100,29114,15,PACKAGE_SCENE,10000000,2442,2442,1918,1918,1918,288,288,288,0,0,0,69034.9,52535,97616,16.3583,15.7537,17.2586
1941,29115,29129,15,PACKAGE_SCENE,10000000,2442,2442,1918,1918,1918,288,288,288,0,0,0,70077.1,52566,103961,16.7638,15.7226,18.2884
1942,29130,29144,15,PACKAGE_SCENE,10000000,2442,2442,1918,1918,1918,288,288,288,0,0,0,68228.9,52463,81145,16.4551,15.6737,18.7051
1943,29145,29159,15,PACKAGE_SCENE,10000000,2442,2442,1918,1918,1918,288,288,288,0,0,0,69821.2,52113,106076,16.4639,15.7348,18.5398
1944,29160,29174,15,PACKAGE_SCENE,10000000,2442,2442,1918,1918,1918,288,288,288,0,0,0,69648.5,52133,127330,16.5835,15.7792,17.6878
1945,29175,29189,15,PACKAGE_SCENE,10000000,2442,2442,1918,1918,1918,288,288,288,0,0,0,67859.2,51901,94514,23.414,16.1908,50.3595
1946,29190,29204,15,PACKAGE_SCENE,10000000,2442,2442,1918,1918,1918,288,288,288,0,0,0,74435.7,52272,146566,18.5295,16.531,28.3103
1947,29205,29219,15,PACKAGE_SCENE,10000000,2442,2442,1918,1918,1918,288,288,288,0,0,0,63706,52312,80797,16.5414,15.7664,18.1234
1948,29220,29234,15,PACKAGE_SCENE,10000000,2442,2442,1918,1918,1918,288,288,288,0,0,0,71343,52195,90043,16.6894,15.9515,17.6914
1949,29235,29249,15,PACKAGE_SCENE,10000000,2442,2442,1918,1918,1918,288,288,288,0,0,0,81589.2,52491,125248,16.3694,15.6622,18.8387
1950,29250,29264,15,PACKAGE_SCENE,10000000,2442,2442,1918,1918,1918,288,288,288,0,0,0,73952.7,51922,114593,16.758,15.9881,18.191
1951,29265,29279,15,PACKAGE_SCENE,10000000,2442,2442,1918,1918,1918,288,288,288,0,0,0,66877.5,51535,89907,16.7633,15.8772,20.9084
1952,29280,29294,15,PACKAGE_SCENE,10000000,2442,2442,1918,1918,1918,288,288,288,0,0,0,79907.9,69378,154535,18.7477,15.979,39.5542
1953,29295,29309,15,PACKAGE_SCENE,10000000,2442,2442,1918,1918,1918,288,288,288,0,0,0,74303.1,50021,105307,16.7008,15.7267,19.3472
1954,29310,29324,15,PACKAGE_SCENE,10000000,2442,2442,1918,1918,1918,288,288,288,0,0,0,72305.9,51828,128237,16.3875,15.7228,17.6953
1955,29325,29339,15,PACKAGE_SCENE,10000000,2442,2442,1918,1918,1918,288,288,288,0,0,0,69977.7,52062,132874,16.4724,15.6593,17.6038
1956,29340,29354,15,PACKAGE_SCENE,10000000,2442,2442,1918,1918,1918,288,288,288,0,0,0,69834.3,52379,118413,16.5676,15.6944,18.0598
1957,29355,29369,15,PACKAGE_SCENE,10000000,2442,2442,1918,1918,1918,288,288,288,0,0,0,71041.1,53069,87460,16.6166,15.7762,17.7073
1958,29370,29384,15,PACKAGE_SCENE,10000000,2442,2442,1918,1918,1918,288,288,288,0,0,0,69709,49619,113884,16.5791,15.8065,17.6678
1959,29385,29399,15,PACKAGE_SCENE,10000000,2442,2442,1918,1918,1918,288,288,288,0,0,0,77046.1,49046,136269,16.6351,15.841,17.6217
1960,29400,29414,15,PACKAGE_SCENE,10000000,2442,2442,1918,1918,1918,288,288,288,0,0,0,75616.6,52140,118190,16.5474,15.7017,18.0485
1961,29415,29429,15,PACKAGE_SCENE,10000000,2442,2442,1918,1918,1918,288,288,288,0,0,0,70561.9,51774,84209,19.3216,16.3866,25.8819
1962,29430,29444,15,PACKAGE_SCENE,10000000,2442,2442,1918,1918,1918,288,288,288,0,0,0,69722.1,52752,105486,21.0839,17.0394,33.4409
1963,29445,29459,15,PACKAGE_SCENE,10000000,2442,2442,1918,1918,1918,288,288,288,0,0,0,71901.6,51980,113350,18.3066,16.3706,22.0759
1964,29460,29474,15,PACKAGE_SCENE,10000000,2442,2442,1918,1918,1918,288,288,288,0,0,0,78749.3,52108,134514,16.938,16.2838,18.0563
1965,29475,29489,15,PACKAGE_SCENE,10000000,2442,2442,1918,1918,1918,288,288,288,0,0,0,64503.2,49323,77351,16.9772,15.7912,18.308
1966,29490,29504,15,PACKAGE_SCENE,10000000,2442,2442,1918,1918,1918,288,288,288,0,0,0,69955.3,53388,73653,16.9821,16.0588,20.0771
1967,29505,29519,15,PACKAGE_SCENE,10000000,2442,2442,1918,1918,1918,288,288,288,0,0,0,66382.7,49497,104914,17.0326,16.408,18.783
1968,29520,29534,15,PACKAGE_SCENE,10000000,2442,2442,1918,1918,1918,288,288,288,0,0,0,65029.9,52182,72990,17.2088,15.7849,19.3523
1969,29535,29549,15,PACKAGE_SCENE,10000000,2442,2442,1918,1918,1918,288,288,288,0,0,0,78404.8,52505,142024,16.6185,15.8316,18.8828
1970,29550,29564,15,PACKAGE_SCENE,10000000,2442,2442,1918,1918,1918,288,288,288,0,0,0,78107,52363,112255,16.6507,15.8351,18.532
1971,29565,29579,15,PACKAGE_SCENE,10000000,2442,2442,1918,1918,1918,288,288,288,0,0,0,77939.1,51890,116814,16.7711,16.0394,18.1097
1972,29580,29594,15,PACKAGE_SCENE,10000000,2442,2442,1918,1918,1918,288,288,288,0,0,0,78905.9,52276,145437,16.6887,16.2343,17.2034
1973,29595,29609,15,PACKAGE_SCENE,10000000,2442,2442,1918,1918,1918,288,288,288,0,0,0,70568.6,51520,109348,16.5913,16.052,18.7342
1974,29610,29624,15,PACKAGE_SCENE,10000000,2442,2442,1918,1918,1918,288,288,288,0,0,0,69820,52261,134816,16.8704,16.0561,18.5577
1975,29625,29639,15,PACKAGE_SCENE,10000000,2442,2442,1918,1918,1918,288,288,288,0,0,0,70695.8,52449,101529,17.1529,15.9896,18.8682
1976,29640,29654,15,PACKAGE_SCENE,10000000,2442,2442,1918,1918,1918,288,288,288,0,0,0,70622.1,52534,104629,16.7473,16.0622,18.527
1977,29655,29669,15,PACKAGE_SCENE,10000000,2442,2442,1918,1918,1918,288,288,288,0,0,0,87487.6,52279,149957,16.7592,16.2038,18.1507
1978,29670,29684,15,PACKAGE_SCENE,10000000,2442,2442,1837.47,1616,1918,289.867,288,295,0.2,0,3,70199.3,48997,101091,17.6445,16.327,20.4493
1979,29685,29699,15,PACKAGE_SCENE,10000000,2442,2442,1616,1616,1616,295,295,295,0,0,0,68716.6,53272,94048,16.9154,15.9859,17.9029
1980,29700,29714,15,PACKAGE_SCENE,10000000,2442,2442,1479.4,1181,1616,306.267,226,480,0.0666667,0,1,71777.6,36388,140601,18.0572,13.712,27.3703
1981,29715,29729,15,PACKAGE_SCENE,10000000,2442,2442,1705.73,1174,2010,324.267,262,478,1.93333,0,8,85285.1,51082,189848,19.4877,16.4389,25.5066
1982,29730,29744,15,PACKAGE_SCENE,10000000,2442,2442,1494.93,1158,1894,389.133,286,625,0.4,0,2,181841,44106,384279,18.5948,15.2702,20.8611
1983,29745,29759,15,PACKAGE_SCENE,10000000,2442,2442,1699.73,1628,1961,309.067,292,335,0.0666667,0,1,73901,54780,133417,17.4499,15.9459,20.2324
1984,29760,29774,15,PACKAGE_SCENE,10000000,2442,2442,1676.67,1638,1928,304.133,292,306,0,0,0,66456.9,54876,123914,16.816,16.2006,19.4176
1985,29775,29789,15,PACKAGE_SCENE,10000000,2442,2442,1316.07,1203,1638,274.067,225,630,0,0,0,75856,38923,368419,15.8016,13.7503,19.6354
1986,29790,29804,15,PACKAGE_SCENE,10000000,2442,2442,1864,1616,2081,357.2,292,560,0,0,0,245302,147284,422499,17.0198,15.6868,21.8163
1987,29805,29819,15,PACKAGE_SCENE,10000000,2442,2442,2097.8,2081,2333,324.867,315,463,0,0,0,235679,224372,336234,17.0924,15.5373,24.436
1988,29820,29834,15,PACKAGE_SCENE,10000000,2442,2442,2333,2333,2333,305.6,302,343,0,0,0,327742,233134,372553,16.7987,15.3258,19.0076
1989,29835,29849,15,PACKAGE_SCENE,10000000,2442,2442,2333,2333,2333,277.267,275,303,0.2,0,3,272543,246468,348902,16.8501,15.0636,19.8826
1990,29850,29864,15,PACKAGE_SCENE,10000000,2442,2442,2333,2333,2333,275,275,275,0,0,0,272630,255788,328850,16.678,15.5379,17.5526
1991,29865,29879,15,PACKAGE_SCENE,10000000,2442,2442,2333,2333,2333,275,275,275,0,0,0,276469,234349,327977,16.5543,15.54,17.9794
1992,29880,29894,15,PACKAGE_SCENE,10000000,2442,2442,2333,2333,2333,275,275,275,0,0,0,277716,257080,330432,17.2565,15.2854,18.8178
1993,29895,29909,15,PACKAGE_SCENE,10000000,2442,2442,2333,2333,2333,275,275,275,0,0,0,297772,257112,351035,16.8773,15.1862,18.1849
1994,29910,29924,15,PACKAGE_SCENE,10000000,2442,2442,2333,2333,2333,275,275,275,0,0,0,286810,257202,350533,18.4033,14.9489,22.4789
1995,29925,29939,15,PACKAGE_SCENE,10000000,2442,2442,2333,2333,2333,275,275,275,0,0,0,281884,258219,379769,15.8697,15.111,16.9246
1996,29940,29954,15,PACKAGE_SCENE,10000000,2442,2442,2333,2333,2333,275,275,275,0,0,0,273135,257914,327839,17.7478,15.4879,34.8136
1997,29955,29969,15,PACKAGE_SCENE,10000000,2442,2442,2333,2333,2333,275,275,275,0,0,0,276442,239265,350264,115.607,15.6134,1465.35
1998,29970,29984,15,PACKAGE_SCENE,10000000,2442,2442,2333,2333,2333,275,275,275,0,0,0,276131,217374,392468,64.5735,15.3869,691.432
1999,29985,29999,15,PACKAGE_SCENE,10000000,2442,2442,2333,2333,2333,275,275,275,0,0,0,277134,257136,350672,47.3433,15.1353,441.67
2000,30000,30014,15,PACKAGE_SCENE,10000000,2442,2442,2333,2333,2333,275,275,275,0,0,0,278310,231645,377251,17.1184,15.5441,21.5192
2001,30015,30029,15,PACKAGE_SCENE,10000000,2442,2442,2333,2333,2333,275,275,275,0,0,0,271298,224108,325678,70.5125,15.3525,797.37
2002,30030,30044,15,PACKAGE_SCENE,10000000,2442,2442,2333,2333,2333,275,275,275,0,0,0,263980,251326,280338,46.5611,15.4221,439.966
2003,30045,30059,15,PACKAGE_SCENE,10000000,2442,2442,2333,2333,2333,275,275,275,0,0,0,263832,217350,296221,46.7919,15.8445,449.94
2004,30060,30074,15,PACKAGE_SCENE,10000000,2442,2442,2333,2333,2333,275,275,275,0,0,0,268821,231761,320439,50.152,15.2493,500.252
2005,30075,30089,15,PACKAGE_SCENE,10000000,2442,2442,2333,2333,2333,275,275,275,0,0,0,263319,216964,309788,36.2279,15.1694,304.832
2006,30090,30104,15,PACKAGE_SCENE,10000000,2442,2442,2333,2333,2333,275,275,275,0,0,0,283413,257864,350794,16.5154,15.5066,19.0844
2007,30105,30119,15,PACKAGE_SCENE,10000000,2442,2442,2333,2333,2333,275,275,275,0,0,0,276019,257635,342871,34.3859,15.1476,270.531
2008,30120,30134,15,PACKAGE_SCENE,10000000,2442,2442,2333,2333,2333,275,275,275,0,0,0,271330,217712,378260,38.8544,15.4458,322.438
2009,30135,30149,15,PACKAGE_SCENE,10000000,2442,2442,2333,2333,2333,275,275,275,0,0,0,268127,257413,350305,34.5828,15.5927,261.401
2010,30150,30164,15,PACKAGE_SCENE,10000000,2442,2442,2333,2333,2333,275,275,275,0,0,0,286171,256493,370205,35.4287,15.2251,276.494
2011,30165,30179,15,PACKAGE_SCENE,10000000,2442,2442,2333,2333,2333,275,275,275,0,0,0,272864,216878,344472,81.1056,15.4345,965.322
2012,30180,30194,15,PACKAGE_SCENE,10000000,2442,2442,2333,2333,2333,275,275,275,0,0,0,263030,231919,298344,16.3621,15.4456,17.4841
2013,30195,30209,15,PACKAGE_SCENE,10000000,2442,2442,2333,2333,2333,275,275,275,0,0,0,287256,257665,385123,35.475,15.2482,276.679
2014,30210,30224,15,PACKAGE_SCENE,10000000,2442,2442,2333,2333,2333,275,275,275,0,0,0,284671,216497,370929,34.4161,15.2155,252.473
2015,30225,30239,15,PACKAGE_SCENE,10000000,2442,2442,2333,2333,2333,275,275,275,0,0,0,272760,218721,332083,43.2467,16.0025,382.239
2016,30240,30254,15,PACKAGE_SCENE,10000000,2442,2442,2333,2333,2333,275,275,275,0,0,0,274551,257660,340162,35.564,15.5421,281.119
2017,30255,30269,15,PACKAGE_SCENE,10000000,2442,2442,2333,2333,2333,275,275,275,0,0,0,270712,258174,349552,42.2281,15.2453,372.273
2018,30270,30284,15,PACKAGE_SCENE,10000000,2442,2442,2333,2333,2333,275,275,275,0,0,0,267641,257744,327100,28.1362,16.0221,139.566
2019,30285,30299,15,PACKAGE_SCENE,10000000,2442,2442,2333,2333,2333,275,275,275,0,0,0,265656,217252,297726,55.9448,15.8661,592.636
2020,30300,30314,15,PACKAGE_SCENE,10000000,2442,2442,2333,2333,2333,275,275,275,0,0,0,255571,216786,284030,41.1021,15.4285,353.719
2021,30315,30329,15,PACKAGE_SCENE,10000000,2442,2442,2333,2333,2333,275,275,275,0,0,0,284656,234694,357325,41.1334,15.5435,366.4
2022,30330,30344,15,PACKAGE_SCENE,10000000,2442,2442,2333,2333,2333,275,275,275,0,0,0,275844,231523,332196,40.0343,15.3516,321.658
2023,30345,30359,15,PACKAGE_SCENE,10000000,2442,2442,2333,2333,2333,275,275,275,0,0,0,261762,247071,283887,38.6766,15.576,323.865
2024,30360,30374,15,PACKAGE_SCENE,10000000,2442,2442,2333,2333,2333,275,275,275,0,0,0,268763,217286,307954,16.4117,15.6708,17.7133
2025,30375,30389,15,PACKAGE_SCENE,10000000,2442,2442,2333,2333,2333,275,275,275,0,0,0,277391,245141,376831,36.5114,15.8567,300.017
2026,30390,30404,15,PACKAGE_SCENE,10000000,2442,2442,2333,2333,2333,275,275,275,0,0,0,268940,217459,355300,37.6742,15.9477,316.25
2027,30405,30419,15,PACKAGE_SCENE,10000000,2442,2442,2333,2333,2333,275,275,275,0,0,0,262949,217657,304782,35.5583,15.544,288.65
2028,30420,30434,15,PACKAGE_SCENE,10000000,2442,2442,2333,2333,2333,275,275,275,0,0,0,267761,217709,303061,35.8738,15.2078,287.49
2029,30435,30449,15,PACKAGE_SCENE,10000000,2442,2442,2333,2333,2333,275,275,275,0,0,0,266753,234579,324786,37.7927,15.3998,292.187
2030,30450,30464,15,PACKAGE_SCENE,10000000,2442,2442,2333,2333,2333,275,275,275,0,0,0,265643,258186,298498,17.2024,15.0785,24.6532
2031,30465,30479,15,PACKAGE_SCENE,10000000,2442,2442,2333,2333,2333,275,275,275,0,0,0,278503,249830,377689,39.9545,15.4255,331.483
2032,30480,30494,15,PACKAGE_SCENE,10000000,2442,2442,2333,2333,2333,275,275,275,0,0,0,281305,209564,350880,37.6979,15.4312,309.906
2033,30495,30509,15,PACKAGE_SCENE,10000000,2442,2442,2333,2333,2333,275,275,275,0,0,0,281131,217036,397541,39.127,15.6927,329.505
2034,30510,30524,15,PACKAGE_SCENE,10000000,2442,2442,2333,2333,2333,275,275,275,0,0,0,275578,257648,353943,36.4476,15.2594,291.723
2035,30525,30539,15,PACKAGE_SCENE,10000000,2442,2442,2333,2333,2333,275,275,275,0,0,0,278471,257559,348991,42.3748,15.439,336.708
2036,30540,30554,15,PACKAGE_SCENE,10000000,2442,2442,2333,2333,2333,275,275,275,0,0,0,262529,223898,305529,16.2495,15.3259,17.0571
2037,30555,30569,15,PACKAGE_SCENE,10000000,2442,2442,2333,2333,2333,275,275,275,0,0,0,267224,230029,343534,33.165,15.1675,239.358
2038,30570,30584,15,PACKAGE_SCENE,10000000,2442,2442,2333,2333,2333,275,275,275,0,0,0,276320,256981,332769,33.3674,15.5942,249.086
2039,30585,30599,15,PACKAGE_SCENE,10000000,2442,2442,2333,2333,2333,275,275,275,0,0,0,268328,257123,302768,29.8931,15.4535,200.527
2040,30600,30614,15,PACKAGE_SCENE,10000000,2442,2442,2333,2333,2333,275,275,275,0,0,0,284720,257413,350955,28.9102,15.4634,182.948
2041,30615,30629,15,PACKAGE_SCENE,10000000,2442,2442,2333,2333,2333,275,275,275,0,0,0,273117,250468,310127,29.933,16.1423,189.7
2042,30630,30644,15,PACKAGE_SCENE,10000000,2442,2442,2333,2333,2333,275,275,275,0,0,0,261584,188183,326839,16.4474,15.6381,17.937
2043,30645,30659,15,PACKAGE_SCENE,10000000,2442,2442,2333,2333,2333,275,275,275,0,0,0,270382,251240,333639,99.0909,16.2933,1221.55
2044,30660,30674,15,PACKAGE_SCENE,10000000,2442,2442,2333,2333,2333,275,275,275,0,0,0,265336,223801,332688,16.6601,14.745,20.4959
2045,30675,30689,15,PACKAGE_SCENE,10000000,2442,2442,2333,2333,2333,275,275,275,0,0,0,267269,249153,308309,16.8893,15.0041,20.8383
2046,30690,30704,15,PACKAGE_SCENE,10000000,2442,2442,2333,2333,2333,275,275,275,0,0,0,265915,230581,327715,16.8821,15.8044,20.9483
2047,30705,30719,15,PACKAGE_SCENE,10000000,2442,2442,2333,2333,2333,275,275,275,0,0,0,269453,257778,327471,16.7167,15.3118,18.5529
2048,30720,30734,15,PACKAGE_SCENE,10000000,2442,2442,2333,2333,2333,275,275,275,0,0,0,274624,257988,332175,16.5038,15.6039,18.5361
2049,30735,30749,15,PACKAGE_SCENE,10000000,2442,2442,2333,2333,2333,275,275,275,0,0,0,280995,251149,384279,18.0061,15.8054,25.6348
2050,30750,30764,15,PACKAGE_SCENE,10000000,2442,2442,2333,2333,2333,275,275,275,0,0,0,264167,248814,299185,16.561,15.2097,18.5622
2051,30765,30779,15,PACKAGE_SCENE,10000000,2442,2442,2333,2333,2333,275,275,275,0,0,0,282319,248144,365551,18.6081,15.7727,32.2558
2052,30780,30794,15,PACKAGE_SCENE,10000000,2442,2442,2333,2333,2333,275,275,275,0,0,0,260126,217528,359671,16.9517,15.9133,18.1786
2053,30795,30809,15,PACKAGE_SCENE,10000000,2442,2442,2333,2333,2333,275,275,275,0,0,0,263897,218928,305045,19.5732,16.23,24.8441
2054,30810,30824,15,PACKAGE_SCENE,10000000,2442,2442,2333,2333,2333,275,275,275,0,0,0,272935,258192,305393,18.4268,15.7015,29.5222
2055,30825,30839,15,PACKAGE_SCENE,10000000,2442,2442,2333,2333,2333,275,275,275,0,0,0,264840,250517,304323,16.6826,15.5131,19.7714
2056,30840,30854,15,PACKAGE_SCENE,10000000,2442,2442,2333,2333,2333,275,275,275,0,0,0,279039,216495,397477,16.2696,15.568,17.3363
2057,30855,30869,15,PACKAGE_SCENE,10000000,2442,2442,2333,2333,2333,275,275,275,0,0,0,279124,234012,398048,16.6657,15.5506,17.3538
2058,30870,30884,15,PACKAGE_SCENE,10000000,2442,2442,2333,2333,2333,275,275,275,0,0,0,273577,216980,384406,16.5289,15.2734,17.5755
2059,30885,30899,15,PACKAGE_SCENE,10000000,2442,2442,2333,2333,2333,275,275,275,0,0,0,273405,257406,328251,16.6195,15.4961,18.4392
2060,30900,30914,15,PACKAGE_SCENE,10000000,2442,2442,2333,2333,2333,275,275,275,0,0,0,262165,217045,324122,16.6658,15.3622,17.5587
2061,30915,30929,15,PACKAGE_SCENE,10000000,2442,2442,2333,2333,2333,275,275,275,0,0,0,275905,234606,379649,16.5793,15.4403,17.4862
2062,30930,30944,15,PACKAGE_SCENE,10000000,2442,2442,2333,2333,2333,275,275,275,0,0,0,268667,253922,332406,16.8562,15.705,19.025
2063,30945,30959,15,PACKAGE_SCENE,10000000,2442,2442,2249.8,2021,2333,267.867,236,275,0,0,0,254120,184690,333059,16.3069,13.9864,17.7441
2064,30960,30974,15,PACKAGE_SCENE,10000000,2442,2442,2021,2021,2021,243,243,243,0,0,0,208892,185708,237644,15.0809,14.2402,16.1729
2065,30975,30989,15,PACKAGE_SCENE,10000000,2442,2442,1992.53,1594,2021,249.867,243,346,0,0,0,205850,147576,239337,15.6735,14.119,17.5418
2066,30990,31004,15,PACKAGE_SCENE,10000000,2442,2442,2041.13,1594,2327,480.467,346,653,0,0,0,293216,154143,517974,17.8441,15.6745,24.136
2067,31005,31019,15,PACKAGE_SCENE,10000000,2442,2442,2086,2086,2086,448,448,448,0,0,0,238651,184714,320351,18.6196,15.8607,25.2564
2068,31020,31034,15,PACKAGE_SCENE,10000000,2442,2442,2133.6,2086,2324,460,448,590,0,0,0,249898,180104,452884,17.4442,15.8978,23.6859
2069,31035,31049,15,PACKAGE_SCENE,10000000,2442,2442,2324,2324,2324,467,467,467,0,0,0,305326,230681,376565,17.8942,16.3855,26.5013
2070,31050,31064,15,PACKAGE_SCENE,10000000,2442,2442,2324,2324,2324,467,467,467,0,0,0,300214,240320,439647,19.1973,16.811,25.8604
2071,31065,31079,15,PACKAGE_SCENE,10000000,2442,2442,2324,2324,2324,467,467,467,0,0,0,300649,233868,390163,17.8318,16.4275,25.7643
2072,31080,31094,15,PACKAGE_SCENE,10000000,2442,2442,2324,2324,2324,467,467,467,0,0,0,325665,230807,443680,17.4729,16.7555,19.1666
2073,31095,31109,15,PACKAGE_SCENE,10000000,2442,2442,2324,2324,2324,467,467,467,0,0,0,330423,239672,460453,18.757,16.5256,27.592
2074,31110,31124,15,PACKAGE_SCENE,10000000,2442,2442,2324,2324,2324,467,467,467,0,0,0,312610,245931,411938,17.6537,16.5068,20.2597
2075,31125,31139,15,PACKAGE_SCENE,10000000,2442,2442,2324,2324,2324,467,467,467,0,0,0,301035,236633,397071,18.2155,17.1776,23.5598
2076,31140,31154,15,PACKAGE_SCENE,10000000,2442,2442,2324,2324,2324,467,467,467,0,0,0,307780,233785,484873,18.3851,16.3294,27.6276
2077,31155,31169,15,PACKAGE_SCENE,10000000,2442,2442,2324,2324,2324,467,467,467,0,0,0,323151,220801,393940,20.1322,17.1802,25.991
2078,31170,31184,15,PACKAGE_SCENE,10000000,2442,2442,2324,2324,2324,467,467,467,0,0,0,319939,254312,369781,18.0318,16.6614,26.3292
2079,31185,31199,15,PACKAGE_SCENE,10000000,2442,2442,2324,2324,2324,467,467,467,0,0,0,321380,254270,371784,18.6089,16.8086,24.6805
2080,31200,31214,15,PACKAGE_SCENE,10000000,2442,2442,2324,2324,2324,467,467,467,0,0,0,333119,260374,433315,19.7495,16.9522,27.1566
2081,31215,31229,15,PACKAGE_SCENE,10000000,2442,2442,2324,2324,2324,467,467,467,0,0,0,307290,217393,379594,19.4409,17.0153,28.4885
2082,31230,31244,15,PACKAGE_SCENE,10000000,2442,2442,2324,2324,2324,467,467,467,0,0,0,328749,234646,399149,21.2231,16.8683,52.2534
2083,31245,31259,15,PACKAGE_SCENE,10000000,2442,2442,2324,2324,2324,467,467,467,0,0,0,305287,234030,402261,112.314,17.0966,1400.15
2084,31260,31274,15,PACKAGE_SCENE,10000000,2442,2442,2324,2324,2324,467,467,467,0,0,0,308411,239766,383473,19.9849,16.7504,46.0007
2085,31275,31289,15,PACKAGE_SCENE,10000000,2442,2442,2324,2324,2324,467,467,467,0,0,0,304418,238616,409650,84.2225,16.3153,981.944
2086,31290,31304,15,PACKAGE_SCENE,10000000,2442,2442,2324,2324,2324,467,467,467,0,0,0,308974,238371,410362,49.9631,16.5091,476.575
2087,31305,31319,15,PACKAGE_SCENE,10000000,2442,2442,2324,2324,2324,467,467,467,0,0,0,307496,244018,385358,44.33,16.5033,395.145
2088,31320,31334,15,PACKAGE_SCENE,10000000,2442,2442,2324,2324,2324,467,467,467,0,0,0,306315,224625,358611,49.1086,16.4527,466.713
2089,31335,31349,15,PACKAGE_SCENE,10000000,2442,2442,2324,2324,2324,467,467,467,0,0,0,325131,245581,453390,41.7639,16.6617,370.389
2090,31350,31364,15,PACKAGE_SCENE,10000000,2442,2442,2324,2324,2324,467,467,467,0,0,0,326400,234565,419495,19.9477,16.3441,33.4391
2091,31365,31379,15,PACKAGE_SCENE,10000000,2442,2442,2324,2324,2324,467,467,467,0,0,0,284589,230140,340048,43.6819,16.4445,381.932
2092,31380,31394,15,PACKAGE_SCENE,10000000,2442,2442,2324,2324,2324,467,467,467,0,0,0,323336,235072,410104,33.6707,16.5723,244.656
2093,31395,31409,15,PACKAGE_SCENE,10000000,2442,2442,2324,2324,2324,467,467,467,0,0,0,363149,242438,434810,63.2476,16.8408,634.147
2094,31410,31424,15,PACKAGE_SCENE,10000000,2442,2442,2324,2324,2324,467,467,467,0,0,0,348090,239743,485160,36.0963,16.4543,277.949
2095,31425,31439,15,PACKAGE_SCENE,10000000,2442,2442,2324,2324,2324,467,467,467,0,0,0,305923,251195,363844,32.2397,16.3818,237.669
2096,31440,31454,15,PACKAGE_SCENE,10000000,2442,2442,2324,2324,2324,467,467,467,0,0,0,316836,234243,399899,19.6605,16.6474,43.9186
2097,31455,31469,15,PACKAGE_SCENE,10000000,2442,2442,2324,2324,2324,467,467,467,0,0,0,316119,227014,355233,35.1564,16.6375,252.73
2098,31470,31484,15,PACKAGE_SCENE,10000000,2442,2442,2324,2324,2324,467,467,467,0,0,0,314720,234064,387166,39.1072,16.4337,269.933
2099,31485,31499,15,PACKAGE_SCENE,10000000,2442,2442,2324,2324,2324,467,467,467,0,0,0,294198,240562,358127,35.5733,16.3655,252.976
2100,31500,31514,15,PACKAGE_SCENE,10000000,2442,2442,2324,2324,2324,467,467,467,0,0,0,313082,248162,418800,36.5446,16.4668,266.976
2101,31515,31529,15,PACKAGE_SCENE,10000000,2442,2442,2324,2324,2324,467,467,467,0,0,0,322711,235442,407012,31.8164,16.3666,238.4
2102,31530,31544,15,PACKAGE_SCENE,10000000,2442,2442,2324,2324,2324,467,467,467,0,0,0,320284,240347,359239,18.6869,16.4793,36.7712
2103,31545,31559,15,PACKAGE_SCENE,10000000,2442,2442,2324,2324,2324,467,467,467,0,0,0,313290,240244,382900,34.2383,16.2345,243.151
2104,31560,31574,15,PACKAGE_SCENE,10000000,2442,2442,2324,2324,2324,467,467,467,0,0,0,288772,242513,377189,34.0305,16.5718,238.185
2105,31575,31589,15,PACKAGE_SCENE,10000000,2442,2442,2324,2324,2324,467,467,467,0,0,0,293780,239476,404179,44.4653,16.4019,384.582
2106,31590,31604,15,PACKAGE_SCENE,10000000,2442,2442,2324,2324,2324,467,467,467,0,0,0,334037,241244,527328,38.5885,16.4958,300.266
2107,31605,31619,15,PACKAGE_SCENE,10000000,2442,2442,2324,2324,2324,467,467,467,0,0,0,305112,234023,360364,39.6141,16.1482,329.607
2108,31620,31634,15,PACKAGE_SCENE,10000000,2442,2442,2324,2324,2324,467,467,467,0,0,0,306105,255032,383487,20.7814,16.501,36.1078
2109,31635,31649,15,PACKAGE_SCENE,10000000,2442,2442,2324,2324,2324,467,467,467,0,0,0,329236,255419,505119,42.7329,16.547,343.026
2110,31650,31664,15,PACKAGE_SCENE,10000000,2442,2442,2324,2324,2324,467,467,467,0,0,0,321963,247357,389024,39.3893,16.1739,308.244
2111,31665,31679,15,PACKAGE_SCENE,10000000,2442,2442,2324,2324,2324,467,467,467,0,0,0,296637,234755,372785,37.5673,16.5409,293.664
2112,31680,31694,15,PACKAGE_SCENE,10000000,2442,2442,2324,2324,2324,467,467,467,0,0,0,315901,234922,400386,37.3781,16.4349,287.454
2113,31695,31709,15,PACKAGE_SCENE,10000000,2442,2442,2324,2324,2324,467,467,467,0,0,0,295884,237213,371734,34.9314,16.3605,282.509
2114,31710,31724,15,PACKAGE_SCENE,10000000,2442,2442,2324,2324,2324,467,467,467,0,0,0,313052,255516,391787,19.7059,16.4493,37.3104
2115,31725,31739,15,PACKAGE_SCENE,10000000,2442,2442,2324,2324,2324,467,467,467,0,0,0,329318,242118,431496,40.7506,16.5275,314.075
2116,31740,31754,15,PACKAGE_SCENE,10000000,2442,2442,2324,2324,2324,467,467,467,0,0,0,317960,245987,406122,41.9043,16.6654,324.215
2117,31755,31769,15,PACKAGE_SCENE,10000000,2442,2442,2324,2324,2324,467,467,467,0,0,0,300413,233507,373968,39.1086,16.423,305.883
2118,31770,31784,15,PACKAGE_SCENE,10000000,2442,2442,2324,2324,2324,467,467,467,0,0,0,322529,245011,402174,46.686,16.9656,417.854
2119,31785,31799,15,PACKAGE_SCENE,10000000,2442,2442,2324,2324,2324,467,467,467,0,0,0,306294,219317,371675,42.3247,17.0389,362.155
2120,31800,31814,15,PACKAGE_SCENE,10000000,2442,2442,2324,2324,2324,467,467,467,0,0,0,284946,212071,367849,19.7936,16.3355,40.0416
2121,31815,31829,15,PACKAGE_SCENE,10000000,2442,2442,2324,2324,2324,467,467,467,0,0,0,308099,247511,402071,38.888,16.582,316.527
2122,31830,31844,15,PACKAGE_SCENE,10000000,2442,2442,2324,2324,2324,467,467,467,0,0,0,330501,233785,466703,38.7592,16.3051,305.572
2123,31845,31859,15,PACKAGE_SCENE,10000000,2442,2442,2324,2324,2324,467,467,467,0,0,0,321367,234325,429299,43.3773,16.406,384.518
2124,31860,31874,15,PACKAGE_SCENE,10000000,2442,2442,2324,2324,2324,467,467,467,0,0,0,335596,244150,492154,41.6893,16.4501,341.265
2125,31875,31889,15,PACKAGE_SCENE,10000000,2442,2442,2324,2324,2324,467,467,467,0,0,0,325709,233597,418232,32.0558,16.1158,237.439
2126,31890,31904,15,PACKAGE_SCENE,10000000,2442,2442,2324,2324,2324,467,467,467,0,0,0,320331,247257,416520,18.0417,16.3817,32.1278
2127,31905,31919,15,PACKAGE_SCENE,10000000,2442,2442,2324,2324,2324,467,467,467,0,0,0,309187,197104,401863,32.2502,16.3156,212.041
2128,31920,31934,15,PACKAGE_SCENE,10000000,2442,2442,2324,2324,2324,467,467,467,0,0,0,320427,256507,398651,40.0326,16.7159,301.07
2129,31935,31949,15,PACKAGE_SCENE,10000000,2442,2442,2324,2324,2324,467,467,467,0,0,0,314678,234282,392079,106.826,16.0887,1343.79
2130,31950,31964,15,PACKAGE_SCENE,10000000,2442,2442,2324,2324,2324,467,467,467,0,0,0,317923,267105,354120,17.9445,16.2829,24.5055
2131,31965,31979,15,PACKAGE_SCENE,10000000,2442,2442,2324,2324,2324,467,467,467,0,0,0,325505,234702,449276,18.0243,16.3096,25.5991
2132,31980,31994,15,PACKAGE_SCENE,10000000,2442,2442,2324,2324,2324,467,467,467,0,0,0,325953,245938,385748,17.4864,16.2927,26.2072
2133,31995,32009,15,PACKAGE_SCENE,10000000,2442,2442,2324,2324,2324,467,467,467,0,0,0,336657,246840,456652,19.4305,16.8634,30.4198
2134,32010,32024,15,PACKAGE_SCENE,10000000,2442,2442,2324,2324,2324,467,467,467,0,0,0,319858,234538,377356,21.284,16.6926,56.962
2135,32025,32039,15,PACKAGE_SCENE,10000000,2442,2442,2324,2324,2324,467,467,467,0,0,0,302725,238604,357849,17.2989,16.3149,24.0366
2136,32040,32054,15,PACKAGE_SCENE,10000000,2442,2442,2324,2324,2324,467,467,467,0,0,0,318853,234555,421714,17.7817,16.416,24.6027
2137,32055,32069,15,PACKAGE_SCENE,10000000,2442,2442,2324,2324,2324,467,467,467,0,0,0,304795,237121,359273,17.4976,16.3217,24.6267
2138,32070,32084,15,PACKAGE_SCENE,10000000,2442,2442,2324,2324,2324,467,467,467,0,0,0,318198,240068,416753,18.2535,16.2977,25.0656
2139,32085,32099,15,PACKAGE_SCENE,10000000,2442,2442,2324,2324,2324,467,467,467,0,0,0,318175,260767,400193,17.6064,16.4556,24.4293
2140,32100,32114,15,PACKAGE_SCENE,10000000,2442,2442,2324,2324,2324,467,467,467,0,0,0,325730,234004,412470,18.0075,16.5184,25.3929
2141,32115,32129,15,PACKAGE_SCENE,10000000,2442,2442,2324,2324,2324,467,467,467,0,0,0,305782,250521,373456,17.6832,16.259,25.0304
2142,32130,32144,15,PACKAGE_SCENE,10000000,2442,2442,2324,2324,2324,467,467,467,0,0,0,315144,234486,422440,16.8707,16.3342,17.3226
2143,32145,32159,15,PACKAGE_SCENE,10000000,2442,2442,2324,2324,2324,467,467,467,0,0,0,299296,234020,387691,17.6123,16.4296,24.9557
2144,32160,32174,15,PACKAGE_SCENE,10000000,2442,2442,2324,2324,2324,467,467,467,0,0,0,315605,234876,372662,16.7922,16.4659,17.7685
2145,32175,32189,15,PACKAGE_SCENE,10000000,2442,2442,2324,2324,2324,467,467,467,0,0,0,306521,229775,383664,20.0494,16.4462,26.2442
2146,32190,32204,15,PACKAGE_SCENE,10000000,2442,2442,2324,2324,2324,467,467,467,0,0,0,303531,242481,380198,17.1013,16.2968,24.6695
2147,32205,32219,15,PACKAGE_SCENE,10000000,2442,2442,2324,2324,2324,467,467,467,0,0,0,321865,252539,391676,20.1166,16.6042,25.504
2148,32220,32234,15,PACKAGE_SCENE,10000000,2442,2442,2324,2324,2324,467,467,467,0,0,0,299130,232966,374957,17.1467,16.3751,24.02
2149,32235,32249,15,PACKAGE_SCENE,10000000,2442,2442,2324,2324,2324,467,467,467,0,0,0,298490,239275,391431,16.7124,15.8772,17.2936
2150,32250,32264,15,PACKAGE_SCENE,10000000,2442,2442,2324,2324,2324,467,467,467,0,0,0,316752,243036,378702,17.4095,16.2711,23.9113
2151,32265,32279,15,PACKAGE_SCENE,10000000,2442,2442,2324,2324,2324,467,467,467,0,0,0,296879,241470,405896,18.5293,16.1183,25.8881
2152,32280,32294,15,PACKAGE_SCENE,10000000,2442,2442,2324,2324,2324,467,467,467,0,0,0,297671,236005,373992,18.0972,16.2694,25.0179
2153,32295,32309,15,PACKAGE_SCENE,10000000,2442,2442,2324,2324,2324,467,467,467,0,0,0,311823,235166,448302,16.5358,16.3006,17.3808
2154,32310,32324,15,PACKAGE_SCENE,10000000,2442,2442,2324,2324,2324,467,467,467,0,0,0,317667,254516,407141,17.3596,16.3529,23.0395
2155,32325,32339,15,PACKAGE_SCENE,10000000,2442,2442,2324,2324,2324,467,467,467,0,0,0,300680,232019,371808,17.9882,16.1106,22.0789
2156,32340,32354,15,PACKAGE_SCENE,10000000,2442,2442,2260.53,2086,2324,461.933,448,467,0,0,0,317680,222708,360732,17.8045,15.8669,22.9145
2157,32355,32369,15,PACKAGE_SCENE,10000000,2442,2442,2086,2086,2086,448,448,448,0,0,0,228417,186845,283433,16.8749,15.1547,23.6878
2158,32370,32384,15,PACKAGE_SCENE,10000000,2442,2442,1974.07,1570,2086,481.267,344,784,0,0,0,300713,162000,716622,18.1585,15.3599,26.2247
2159,32385,32399,15,PACKAGE_SCENE,10000000,2442,2442,2011.13,1549,2284,446.667,375,634,0,0,0,320034,146823,729697,17.2409,15.1167,22.7049
2160,32400,32414,15,PACKAGE_SCENE,10000000,2442,2442,2079.67,2045,2305,424.733,406,613,0.0666667,0,1,250975,191613,402868,17.0652,15.6596,24.1331
2161,32415,32429,15,PACKAGE_SCENE,10000000,2442,2442,2305,2305,2305,480,480,480,0,0,0,343601,232756,421944,16.6155,16.2621,17.3656
2162,32430,32444,15,PACKAGE_SCENE,10000000,2442,2442,2294.73,2291,2305,450,439,480,0,0,0,347650,252220,466827,17.6408,16.0656,24.335
2163,32445,32459,15,PACKAGE_SCENE,10000000,2442,2442,2291,2291,2291,439,439,439,0,0,0,342506,253833,479689,16.867,16.0244,23.0943
2164,32460,32474,15,PACKAGE_SCENE,10000000,2442,2442,2291,2291,2291,439,439,439,0,0,0,334979,256892,394628,17.4995,16.2387,26.2017
2165,32475,32489,15,PACKAGE_SCENE,10000000,2442,2442,2291,2291,2291,439,439,439,0,0,0,341278,222914,447227,17.6167,16.1592,23.5048
2166,32490,32504,15,PACKAGE_SCENE,10000000,2442,2442,2291,2291,2291,439,439,439,0,0,0,324336,247884,425128,16.6027,16.0007,18.0789
2167,32505,32519,15,PACKAGE_SCENE,10000000,2442,2442,2291,2291,2291,439,439,439,0,0,0,344719,266889,423927,16.8351,16.1788,22.9397
2168,32520,32534,15,PACKAGE_SCENE,10000000,2442,2442,2291,2291,2291,439,439,439,0,0,0,314817,245200,402550,17.9141,16.2579,24.873
2169,32535,32549,15,PACKAGE_SCENE,10000000,2442,2442,2291,2291,2291,439,439,439,0,0,0,324713,255910,414675,16.5927,16.1069,17.1231
2170,32550,32564,15,PACKAGE_SCENE,10000000,2442,2442,2291,2291,2291,439,439,439,0,0,0,342731,248677,459212,17.7431,16.3432,32.2866
2171,32565,32579,15,PACKAGE_SCENE,10000000,2442,2442,2291,2291,2291,439,439,439,0,0,0,324834,253984,413292,159.855,16.612,2079.32
2172,32580,32594,15,PACKAGE_SCENE,10000000,2442,2442,2291,2291,2291,439,439,439,0,0,0,349035,246491,427735,106.084,17.3934,1267.38
2173,32595,32609,15,PACKAGE_SCENE,10000000,2442,2442,2291,2291,2291,439,439,439,0,0,0,330047,249678,414746,54.6021,16.462,528.058
2174,32610,32624,15,PACKAGE_SCENE,10000000,2442,2442,2291,2291,2291,439,439,439,0,0,0,291092,238355,380943,16.9465,16.3395,18.5786
2175,32625,32639,15,PACKAGE_SCENE,10000000,2442,2442,2291,2291,2291,439,439,439,0,0,0,295764,245947,425958,82.8645,16.5259,974.999
2176,32640,32654,15,PACKAGE_SCENE,10000000,2442,2442,2291,2291,2291,439,439,439,0,0,0,327213,243183,472776,56.6861,16.4814,567.509
2177,32655,32669,15,PACKAGE_SCENE,10000000,2442,2442,2291,2291,2291,439,439,439,0,0,0,337017,245775,410758,41.6303,16.5036,358.788
2178,32670,32684,15,PACKAGE_SCENE,10000000,2442,2442,2291,2291,2291,439,439,439,0,0,0,310939,245337,399013,49.4289,16.7771,463.415
2179,32685,32699,15,PACKAGE_SCENE,10000000,2442,2442,2291,2291,2291,439,439,439,0,0,0,306019,244678,372576,37.4268,16.4001,295.38
2180,32700,32714,15,PACKAGE_SCENE,10000000,2442,2442,2291,2291,2291,439,439,439,0,0,0,329315,244612,449701,19.2528,16.9619,25.3465
2181,32715,32729,15,PACKAGE_SCENE,10000000,2442,2442,2291,2291,2291,439,439,439,0,0,0,300704,243166,399861,57.4419,16.4264,578.821
2182,32730,32744,15,PACKAGE_SCENE,10000000,2442,2442,2291,2291,2291,439,439,439,0,0,0,338831,251105,469542,42.1668,16.4932,366.963
2183,32745,32759,15,PACKAGE_SCENE,10000000,2442,2442,2291,2291,2291,439,439,439,0,0,0,332925,247614,394795,46.4689,16.3626,391.777
2184,32760,32774,15,PACKAGE_SCENE,10000000,2442,2442,2291,2291,2291,439,439,439,0,0,0,336280,244701,466207,52.2433,16.7282,461.697
2185,32775,32789,15,PACKAGE_SCENE,10000000,2442,2442,2291,2291,2291,439,439,439,0,0,0,340823,245462,454203,43.063,16.3724,362.209
2186,32790,32804,15,PACKAGE_SCENE,10000000,2442,2442,2291,2291,2291,439,439,439,0,0,0,308156,250534,368227,17.2191,16.2935,23.6616
2187,32805,32819,15,PACKAGE_SCENE,10000000,2442,2442,2291,2291,2291,439,439,439,0,0,0,313858,240996,395464,37.2,16.2673,283.935
2188,32820,32834,15,PACKAGE_SCENE,10000000,2442,2442,2291,2291,2291,439,439,439,0,0,0,315738,244908,455479,33.5486,16.358,246.281
2189,32835,32849,15,PACKAGE_SCENE,10000000,2442,2442,2291,2291,2291,439,439,439,0,0,0,318583,243999,459269,37.4635,16.3338,284.859
2190,32850,32864,15,PACKAGE_SCENE,10000000,2442,2442,2291,2291,2291,439,439,439,0,0,0,327143,252621,381251,34.3215,16.2441,251.117
2191,32865,32879,15,PACKAGE_SCENE,10000000,2442,2442,2291,2291,2291,439,439,439,0,0,0,322817,250547,428996,34.181,16.3982,265.183
2192,32880,32894,15,PACKAGE_SCENE,10000000,2442,2442,2291,2291,2291,439,439,439,0,0,0,315118,252561,413574,17.7171,16.3834,24.8352
2193,32895,32909,15,PACKAGE_SCENE,10000000,2442,2442,2291,2291,2291,439,439,439,0,0,0,328309,248800,445500,95.6647,16.4449,1183.18
2194,32910,32924,15,PACKAGE_SCENE,10000000,2442,2442,2291,2291,2291,439,439,439,0,0,0,332340,252834,408554,53.7283,16.4016,506.242
2195,32925,32939,15,PACKAGE_SCENE,10000000,2442,2442,2291,2291,2291,439,439,439,0,0,0,345445,267667,419465,40.8779,16.3189,322.738
2196,32940,32954,15,PACKAGE_SCENE,10000000,2442,2442,2291,2291,2291,439,439,439,0,0,0,333709,248891,482731,39.5057,16.4469,312.863
2197,32955,32969,15,PACKAGE_SCENE,10000000,2442,2442,2291,2291,2291,439,439,439,0,0,0,337042,245197,442609,50.8874,16.4324,445.221
2198,32970,32984,15,PACKAGE_SCENE,10000000,2442,2442,2291,2291,2291,439,439,439,0,0,0,345748,262758,397534,25.7466,18.238,74.8487
2199,32985,32999,15,PACKAGE_SCENE,10000000,2442,2442,2291,2291,2291,439,439,439,0,0,0,324723,243058,466463,61.014,17.1927,587.85
2200,33000,33014,15,PACKAGE_SCENE,10000000,2442,2442,2291,2291,2291,439,439,439,0,0,0,344076,259276,428083,55.292,17.3635,471.932
2201,33015,33029,15,PACKAGE_SCENE,10000000,2442,2442,2291,2291,2291,439,439,439,0,0,0,327481,242531,416471,57.5501,17.5357,524.664
2202,33030,33044,15,PACKAGE_SCENE,10000000,2442,2442,2291,2291,2291,439,439,439,0,0,0,336103,249600,435169,60.1429,17.1592,472.304
2203,33045,33059,15,PACKAGE_SCENE,10000000,2442,2442,2291,2291,2291,439,439,439,0,0,0,334167,246628,403238,58.1742,17.4771,541.704
2204,33060,33074,15,PACKAGE_SCENE,10000000,2442,2442,2291,2291,2291,439,439,439,0,0,0,325255,251261,398920,18.8582,16.6732,25.8818
2205,33075,33089,15,PACKAGE_SCENE,10000000,2442,2442,2291,2291,2291,439,439,439,0,0,0,318265,256839,381802,45.0582,16.6937,405.278
2206,33090,33104,15,PACKAGE_SCENE,10000000,2442,2442,2291,2291,2291,439,439,439,0,0,0,340217,248377,479056,44.5659,16.6463,392.469
2207,33105,33119,15,PACKAGE_SCENE,10000000,2442,2442,2291,2291,2291,439,439,439,0,0,0,324962,235891,462400,43.7263,16.6135,369.303
2208,33120,33134,15,PACKAGE_SCENE,10000000,2442,2442,2291,2291,2291,439,439,439,0,0,0,315890,250851,398023,41.277,16.513,338.994
2209,33135,33149,15,PACKAGE_SCENE,10000000,2442,2442,2291,2291,2291,439,439,439,0,0,0,344947,255124,519266,42.2436,16.7157,348.107
2210,33150,33164,15,PACKAGE_SCENE,10000000,2442,2442,2291,2291,2291,439,439,439,0,0,0,361999,245582,458493,18.774,16.4072,24.5212
2211,33165,33179,15,PACKAGE_SCENE,10000000,2442,2442,2291,2291,2291,439,439,439,0,0,0,302565,249788,436982,44.3436,16.4892,374.449
2212,33180,33194,15,PACKAGE_SCENE,10000000,2442,2442,2291,2291,2291,439,439,439,0,0,0,337094,258185,396292,63.1525,16.4007,659.528
2213,33195,33209,15,PACKAGE_SCENE,10000000,2442,2442,2291,2291,2291,439,439,439,0,0,0,345570,252850,478236,36.9671,16.3483,286.178
2214,33210,33224,15,PACKAGE_SCENE,10000000,2442,2442,2291,2291,2291,439,439,439,0,0,0,296504,252406,368382,37.7284,16.255,298.408
2215,33225,33239,15,PACKAGE_SCENE,10000000,2442,2442,2291,2291,2291,439,439,439,0,0,0,342267,231202,504747,41.8495,16.4394,362.98
2216,33240,33254,15,PACKAGE_SCENE,10000000,2442,2442,2291,2291,2291,439,439,439,0,0,0,322708,245967,434208,17.8988,16.3838,26.9471
2217,33255,33269,15,PACKAGE_SCENE,10000000,2442,2442,2291,2291,2291,439,439,439,0,0,0,324607,246363,379943,109.248,16.1361,1389.78
2218,33270,33284,15,PACKAGE_SCENE,10000000,2442,2442,2291,2291,2291,439,439,439,0,0,0,323575,255640,402203,17.1083,16.138,18.9838
2219,33285,33299,15,PACKAGE_SCENE,10000000,2442,2442,2291,2291,2291,439,439,439,0,0,0,312679,241336,377419,16.8819,16.08,23.0699
2220,33300,33314,15,PACKAGE_SCENE,10000000,2442,2442,2291,2291,2291,439,439,439,0,0,0,322984,250313,400969,17.3786,16.2381,23.7486
2221,33315,33329,15,PACKAGE_SCENE,10000000,2442,2442,2291,2291,2291,439,439,439,0,0,0,305973,226051,399130,17.0784,16.1529,18.3418
2222,33330,33344,15,PACKAGE_SCENE,10000000,2442,2442,2291,2291,2291,439,439,439,0,0,0,340545,244735,444239,20.2067,17.5563,24.6693
2223,33345,33359,15,PACKAGE_SCENE,10000000,2442,2442,2291,2291,2291,439,439,439,0,0,0,331595,245981,444712,19.5555,16.1913,44.7815
2224,33360,33374,15,PACKAGE_SCENE,10000000,2442,2442,2291,2291,2291,439,439,439,0,0,0,320256,245421,402514,17.9761,16.2059,24.0121
2225,33375,33389,15,PACKAGE_SCENE,10000000,2442,2442,2291,2291,2291,439,439,439,0,0,0,299987,244811,387750,18.2393,16.4186,24.1551
2226,33390,33404,15,PACKAGE_SCENE,10000000,2442,2442,2291,2291,2291,439,439,439,0,0,0,328137,244359,433501,16.6925,16.1242,17.7938
2227,33405,33419,15,PACKAGE_SCENE,10000000,2442,2442,2291,2291,2291,439,439,439,0,0,0,322496,243210,414772,17.6315,16.33,24.1557
2228,33420,33434,15,PACKAGE_SCENE,10000000,2442,2442,2291,2291,2291,439,439,439,0,0,0,332861,245233,514616,17.7892,16.3336,23.6704
2229,33435,33449,15,PACKAGE_SCENE,10000000,2442,2442,2291,2291,2291,439,439,439,0,0,0,346792,257293,428962,19.2487,16.3239,29.5081
2230,33450,33464,15,PACKAGE_SCENE,10000000,2442,2442,2291,2291,2291,439,439,439,0,0,0,344109,245310,465968,20.65,16.2918,31.0592
2231,33465,33479,15,PACKAGE_SCENE,10000000,2442,2442,2291,2291,2291,439,439,439,0,0,0,331634,247076,398598,16.773,16.4064,17.8243
2232,33480,33494,15,PACKAGE_SCENE,10000000,2442,2442,2291,2291,2291,439,439,439,0,0,0,340612,245942,409323,19.8219,16.5075,29.3802
2233,33495,33509,15,PACKAGE_SCENE,10000000,2442,2442,2291,2291,2291,439,439,439,0,0,0,327076,250313,392994,19.0396,16.5365,28.4288
2234,33510,33524,15,PACKAGE_SCENE,10000000,2442,2442,2291,2291,2291,439,439,439,0,0,0,347982,259250,444869,19.7882,16.7877,27.4053
2235,33525,33539,15,PACKAGE_SCENE,10000000,2442,2442,2291,2291,2291,439,439,439,0,0,0,325725,234912,408043,21.1905,16.8376,31.5302
2236,33540,33554,15,PACKAGE_SCENE,10000000,2442,2442,2291,2291,2291,439,439,439,0,0,0,322679,244442,374590,19.5227,16.3261,26.6778
2237,33555,33569,15,PACKAGE_SCENE,10000000,2442,2442,2291,2291,2291,439,439,439,0,0,0,329828,246323,395445,19.9979,16.5047,27.3283
2238,33570,33584,15,PACKAGE_SCENE,10000000,2442,2442,2291,2291,2291,439,439,439,0,0,0,321029,244919,431066,17.1748,16.1956,24.335
2239,33585,33599,15,PACKAGE_SCENE,10000000,2442,2442,2291,2291,2291,439,439,439,0,0,0,332510,253147,538880,16.6366,16.3052,17.6632
2240,33600,33614,15,PACKAGE_SCENE,10000000,2442,2442,2291,2291,2291,439,439,439,0,0,0,352100,270324,411115,18.4368,16.499,24.7515
2241,33615,33629,15,PACKAGE_SCENE,10000000,2442,2442,2291,2291,2291,439,439,439,0,0,0,339370,247848,440550,17.1709,16.2546,21.6459
2242,33630,33644,15,PACKAGE_SCENE,10000000,2442,2442,2291,2291,2291,439,439,439,0,0,0,321001,255987,385959,17.5624,16.1144,23.6219
2243,33645,33659,15,PACKAGE_SCENE,10000000,2442,2442,2291,2291,2291,439,439,439,0,0,0,301788,226101,389148,18.1097,16.1971,23.8476
2244,33660,33674,15,PACKAGE_SCENE,10000000,2442,2442,2291,2291,2291,439,439,439,0,0,0,320339,252287,417198,16.5015,16.1813,17.2089
2245,33675,33689,15,PACKAGE_SCENE,10000000,2442,2442,2291,2291,2291,439,439,439,0,0,0,314230,251232,412447,17.0004,15.9909,24.0426
2246,33690,33704,15,PACKAGE_SCENE,10000000,2442,2442,2291,2291,2291,439,439,439,0,0,0,323114,251263,399833,18.5787,16.3181,24.3196
2247,33705,33719,15,PACKAGE_SCENE,10000000,2442,2442,2291,2291,2291,439,439,439,0,0,0,345826,259240,469180,18.3997,16.4446,23.9776
2248,33720,33734,15,PACKAGE_SCENE,10000000,2442,2442,2291,2291,2291,439,439,439,0,0,0,314225,243116,372846,17.8254,16.6345,26.0935
2249,33735,33749,15,PACKAGE_SCENE,10000000,2442,2442,2291,2291,2291,439,439,439,0,0,0,334289,244573,387780,20.8527,16.5009,32.4865
2250,33750,33764,15,PACKAGE_SCENE,10000000,2442,2442,2291,2291,2291,439,439,439,0,0,0,341059,271496,427712,17.8479,16.0891,22.1015
2251,33765,33779,15,PACKAGE_SCENE,10000000,2442,2442,2291,2291,2291,439,439,439,0,0,0,328659,259456,465099,17.6992,16.3334,24.3013
2252,33780,33794,15,PACKAGE_SCENE,10000000,2442,2442,2291,2291,2291,439,439,439,0,0,0,352002,252083,442130,17.7946,16.3246,23.9686
2253,33795,33809,15,PACKAGE_SCENE,10000000,2442,2442,2291,2291,2291,439,439,439,0,0,0,315842,244005,400936,16.6247,16.184,17.6475
2254,33810,33824,15,PACKAGE_SCENE,10000000,2442,2442,2291,2291,2291,439,439,439,0,0,0,325623,244841,439474,17.6969,16.3622,23.6457
2255,33825,33839,15,PACKAGE_SCENE,10000000,2442,2442,2291,2291,2291,439,439,439,0,0,0,306736,245775,383328,17.345,16.1646,22.7911
2256,33840,33854,15,PACKAGE_SCENE,10000000,2442,2442,2291,2291,2291,439,439,439,0,0,0,309645,248550,380983,18.4173,16.4751,23.7202
2257,33855,33869,15,PACKAGE_SCENE,10000000,2442,2442,2291,2291,2291,439,439,439,0,0,0,348015,255114,486818,17.04,16.2158,24.8463
2258,33870,33884,15,PACKAGE_SCENE,10000000,2442,2442,2291,2291,2291,439,439,439,0,0,0,322622,251332,401952,17.1004,16.2983,23.0215
2259,33885,33899,15,PACKAGE_SCENE,10000000,2442,2442,2291,2291,2291,439,439,439,0,0,0,306589,248764,431532,17.1877,16.1692,18.3157
2260,33900,33914,15,PACKAGE_SCENE,10000000,2442,2442,2291,2291,2291,439,439,439,0,0,0,316563,215861,426545,18.029,16.3192,23.2864
2261,33915,33929,15,PACKAGE_SCENE,10000000,2442,2442,2291,2291,2291,439,439,439,0,0,0,309126,244961,407088,17.6953,16.2905,26.2443
2262,33930,33944,15,PACKAGE_SCENE,10000000,2442,2442,2291,2291,2291,439,439,439,0,0,0,308673,245599,394092,19.3236,16.8745,28.8196
2263,33945,33959,15,PACKAGE_SCENE,10000000,2442,2442,2291,2291,2291,439,439,439,0,0,0,330023,248300,476893,17.3266,16.2461,24.9379
2264,33960,33974,15,PACKAGE_SCENE,10000000,2442,2442,2291,2291,2291,439,439,439,0,0,0,327584,244655,494927,17.6876,16.3206,25.2422
2265,33975,33989,15,PACKAGE_SCENE,10000000,2442,2442,2291,2291,2291,439,439,439,0,0,0,302509,234716,460718,17.7702,16.2893,24.9589
2266,33990,34004,15,PACKAGE_SCENE,10000000,2442,2442,2291,2291,2291,439,439,439,0,0,0,362043,279873,482061,21.7923,16.5848,35.607
2267,34005,34019,15,PACKAGE_SCENE,10000000,2442,2442,2291,2291,2291,439,439,439,0,0,0,340816,256255,569437,21.1261,16.5381,30.2466
2268,34020,34034,15,PACKAGE_SCENE,10000000,2442,2442,2291,2291,2291,439,439,439,0,0,0,340002,246722,447696,18.2057,16.4392,23.9597
2269,34035,34049,15,PACKAGE_SCENE,10000000,2442,2442,2291,2291,2291,439,439,439,0,0,0,290263,248060,374141,18.0381,16.0488,24.3162
2270,34050,34064,15,PACKAGE_SCENE,10000000,2442,2442,2291,2291,2291,439,439,439,0,0,0,321700,256379,393191,18.4808,16.1075,23.6556
2271,34065,34079,15,PACKAGE_SCENE,10000000,2442,2442,2291,2291,2291,439,439,439,0,0,0,354923,271327,457491,18.4262,16.5001,26.5921
2272,34080,34094,15,PACKAGE_SCENE,10000000,2442,2442,2291,2291,2291,439,439,439,0,0,0,341463,255986,414777,18.5391,16.6686,23.7677
2273,34095,34109,15,PACKAGE_SCENE,10000000,2442,2442,2291,2291,2291,439,439,439,0,0,0,346560,244775,441047,17.6037,15.792,19.7755
2274,34110,34124,15,PACKAGE_SCENE,10000000,2442,2442,2291,2291,2291,439,439,439,0,0,0,321399,246154,421870,18.0192,16.5554,25.2578
2275,34125,34139,15,PACKAGE_SCENE,10000000,2442,2442,2291,2291,2291,439,439,439,0,0,0,328071,254264,566778,18.0576,16.6236,22.5941
2276,34140,34154,15,PACKAGE_SCENE,10000000,2442,2442,2291,2291,2291,439,439,439,0,0,0,308705,245891,387440,18.913,16.526,24.8129
2277,34155,34169,15,PACKAGE_SCENE,10000000,2442,2442,2291,2291,2291,439,439,439,0,0,0,315219,249239,389379,18.3361,16.4463,26.9634
2278,34170,34184,15,PACKAGE_SCENE,10000000,2442,2442,2291,2291,2291,439,439,439,0,0,0,325251,243780,468324,18.0055,16.7394,23.988
2279,34185,34199,15,PACKAGE_SCENE,10000000,2442,2442,2291,2291,2291,439,439,439,0,0,0,312420,252662,389774,17.3786,16.4348,23.5553
2280,34200,34214,15,PACKAGE_SCENE,10000000,2442,2442,2197,2056,2291,432.267,422,439,0,0,0,280847,196963,402377,17.3647,15.8941,25.7956
2281,34215,34229,15,PACKAGE_SCENE,10000000,2442,2442,2056,2056,2056,422,422,422,0,0,0,249216,191175,299156,17.2337,15.837,21.3604
2282,34230,34244,15,PACKAGE_SCENE,10000000,2442,2442,2056,2056,2056,422,422,422,0,0,0,255300,193406,413387,17.7982,15.8708,22.8154
2283,34245,34259,15,PACKAGE_SCENE,10000000,2442,2442,2056,2056,2056,422,422,422,0,0,0,232233,196744,286172,16.8555,15.6728,19.3188
2284,34260,34274,15,PACKAGE_SCENE,10000000,2442,2442,2056,2056,2056,422,422,422,0,0,0,239568,198046,322090,17.3618,15.5994,23.1574
2285,34275,34289,15,PACKAGE_SCENE,10000000,2442,2442,2056,2056,2056,422,422,422,0,0,0,247676,197581,285244,18.5073,15.7599,23.6071
2286,34290,34304,15,PACKAGE_SCENE,10000000,2442,2442,2056,2056,2056,422,422,422,0,0,0,245396,195908,323577,17.2307,15.8147,24.6926
2287,34305,34319,15,PACKAGE_SCENE,10000000,2442,2442,1654.67,1626,2056,363.2,359,422,0,0,0,152247,133400,329468,16.6667,14.2011,21.3498
2288,34320,34334,15,PACKAGE_SCENE,10000000,2442,2442,1626,1626,1626,359,359,359,0,0,0,148626,129822,202667,16.5107,14.6225,20.047
2289,34335,34349,15,PACKAGE_SCENE,10000000,2442,2442,1942,1591,2347,383.667,255,623,0.0666667,0,1,231010,150878,308330,16.2595,14.1618,19.0569
2290,34350,34364,15,PACKAGE_SCENE,10000000,2442,2442,1816.93,1558,2327,499.667,416,779,0,0,0,318035,133407,802122,18.9286,14.1073,28.6558
2291,34365,34379,15,PACKAGE_SCENE,10000000,2442,2442,1677.47,1558,2006,464.667,349,685,0,0,0,305386,202254,660705,15.9164,14.9879,23.3504
2292,34380,34394,15,PACKAGE_SCENE,10000000,2442,2442,2140.4,2006,2294,408.4,359,649,0,0,0,393041,304880,641311,16.8123,14.8558,24.9767
2293,34395,34409,15,PACKAGE_SCENE,10000000,2442,2442,2268.8,2267,2294,397.933,374,434,0,0,0,411967,347033,458225,16.8114,15.5372,21.5426
2294,34410,34424,15,PACKAGE_SCENE,10000000,2442,2442,2267,2267,2267,397,397,397,0,0,0,410713,349045,465716,16.7952,15.0392,22.2336
2295,34425,34439,15,PACKAGE_SCENE,10000000,2442,2442,2097.33,1553,2324,489,323,673,0,0,0,324284,189669,543362,21.1116,14.3052,35.0558
2296,34440,34454,15,PACKAGE_SCENE,10000000,2442,2442,2143.33,2053,2324,443.333,422,486,0,0,0,289819,208672,365887,18.0429,15.7669,23.6479
2297,34455,34469,15,PACKAGE_SCENE,10000000,2442,2442,1671.33,1630,1940,403.267,371,724,0,0,0,184050,125420,480567,15.4747,14.6107,17.2428
2298,34470,34484,15,PACKAGE_SCENE,10000000,2442,2442,2081.87,1940,2244,462.133,376,606,0,0,0,462060,268806,678435,17.9163,15.258,24.2774
2299,34485,34499,15,PACKAGE_SCENE,10000000,2442,2442,2402.4,2244,2442,480.733,386,685,0,0,0,702492,518071,1052638,17.1008,15.4663,25.4813
2300,34500,34514,15,PACKAGE_SCENE,10000000,2442,2442,2442,2442,2442,485.067,450,520,0,0,0,651813,504486,913015,16.9681,15.5174,24.1255
2301,34515,34529,15,PACKAGE_SCENE,10000000,2442,2442,2442,2442,2442,450,450,450,0,0,0,686127,500901,879667,16.9799,15.5226,24.3043
2302,34530,34544,15,PACKAGE_SCENE,10000000,2442,2442,2442,2442,2442,450,450,450,0,0,0,604784,495440,840764,17.7651,15.8727,23.5613
2303,34545,34559,15,PACKAGE_SCENE,10000000,2442,2442,2442,2442,2442,450,450,450,0,0,0,686161,496849,906315,18.5856,15.4803,23.7714
2304,34560,34574,15,PACKAGE_SCENE,10000000,2442,2442,2442,2442,2442,450,450,450,0,0,0,722965,501337,858361,17.5049,15.7935,24.3735
2305,34575,34589,15,PACKAGE_SCENE,10000000,2442,2442,2442,2442,2442,450,450,450,0,0,0,702756,496046,864840,16.6514,15.6479,23.107
2306,34590,34604,15,PACKAGE_SCENE,10000000,2442,2442,2442,2442,2442,450,450,450,0,0,0,710386,502778,865405,17.6245,16.1904,24.6556
2307,34605,34619,15,PACKAGE_SCENE,10000000,2442,2442,2442,2442,2442,450,450,450,0,0,0,657530,495648,863083,18.0405,16.2309,26.9978
2308,34620,34634,15,PACKAGE_SCENE,10000000,2442,2442,2442,2442,2442,450,450,450,0,0,0,669017,495303,848184,17.7799,15.9371,22.9355
2309,34635,34649,15,PACKAGE_SCENE,10000000,2442,2442,2442,2442,2442,450,450,450,0,0,0,729540,502148,913282,17.8658,15.8855,23.7257
2310,34650,34664,15,PACKAGE_SCENE,10000000,2442,2442,2442,2442,2442,450,450,450,0,0,0,693333,502216,854867,20.251,17.2672,26.4163
2311,34665,34679,15,PACKAGE_SCENE,10000000,2442,2442,2442,2442,2442,450,450,450,0,0,0,716333,500715,863306,17.3235,16.1057,25.9296
2312,34680,34694,15,PACKAGE_SCENE,10000000,2442,2442,2442,2442,2442,450,450,450,0,0,0,571832,471033,801578,16.5613,15.8596,17.4542
2313,34695,34709,15,PACKAGE_SCENE,10000000,2442,2442,2442,2442,2442,450,450,450,0,0,0,715763,501752,937044,18.6723,15.8587,43.8444
2314,34710,34724,15,PACKAGE_SCENE,10000000,2442,2442,2442,2442,2442,450,450,450,0,0,0,730539,513300,847276,18.1131,16.2676,24.999
2315,34725,34739,15,PACKAGE_SCENE,10000000,2442,2442,2442,2442,2442,450,450,450,0,0,0,706265,501914,942764,110.769,15.808,1389.23
2316,34740,34754,15,PACKAGE_SCENE,10000000,2442,2442,2442,2442,2442,450,450,450,0,0,0,656525,495948,886193,77.9453,15.8163,886.579
2317,34755,34769,15,PACKAGE_SCENE,10000000,2442,2442,2442,2442,2442,450,450,450,0,0,0,665207,496057,833692,61.6569,16.4109,649.13
2318,34770,34784,15,PACKAGE_SCENE,10000000,2442,2442,2442,2442,2442,450,450,450,0,0,0,721267,532934,908505,51.1966,15.8147,500.965
2319,34785,34799,15,PACKAGE_SCENE,10000000,2442,2442,2442,2442,2442,450,450,450,0,0,0,649722,500784,913279,44.6088,15.6989,421.492
2320,34800,34814,15,PACKAGE_SCENE,10000000,2442,2442,2442,2442,2442,450,450,450,0,0,0,664605,494863,892571,17.3275,15.7599,24.4745
2321,34815,34829,15,PACKAGE_SCENE,10000000,2442,2442,2442,2442,2442,450,450,450,0,0,0,608426,415452,786594,41.643,16.1075,360.232
2322,34830,34844,15,PACKAGE_SCENE,10000000,2442,2442,2442,2442,2442,450,450,450,0,0,0,668404,494347,905163,44.9115,15.6549,405.195
2323,34845,34859,15,PACKAGE_SCENE,10000000,2442,2442,2442,2442,2442,450,450,450,0,0,0,708726,503152,871747,36.7355,15.9302,263.169
2324,34860,34874,15,PACKAGE_SCENE,10000000,2442,2442,2442,2442,2442,450,450,450,0,0,0,681783,504506,833242,60.8772,16.3929,609.425
2325,34875,34889,15,PACKAGE_SCENE,10000000,2442,2442,2442,2442,2442,450,450,450,0,0,0,650340,450907,903428,43.2254,15.7641,397.438
2326,34890,34904,15,PACKAGE_SCENE,10000000,2442,2442,2442,2442,2442,450,450,450,0,0,0,661653,494973,833160,17.7405,15.755,22.9457
2327,34905,34919,15,PACKAGE_SCENE,10000000,2442,2442,2442,2442,2442,450,450,450,0,0,0,658365,494998,833127,36.5577,15.7696,286.171
2328,34920,34934,15,PACKAGE_SCENE,10000000,2442,2442,2442,2442,2442,450,450,450,0,0,0,668722,502015,979098,34.5268,15.8352,264.759
2329,34935,34949,15,PACKAGE_SCENE,10000000,2442,2442,2442,2442,2442,450,450,450,0,0,0,647645,495618,840733,44.1397,15.803,388.336
2330,34950,34964,15,PACKAGE_SCENE,10000000,2442,2442,2442,2442,2442,450,450,450,0,0,0,779466,518910,996418,37.7268,15.8066,310.323
2331,34965,34979,15,PACKAGE_SCENE,10000000,2442,2442,2442,2442,2442,450,450,450,0,0,0,679172,494502,877710,33.2459,15.6517,235.069
2332,34980,34994,15,PACKAGE_SCENE,10000000,2442,2442,2442,2442,2442,450,450,450,0,0,0,634643,496785,857434,16.779,15.8113,23.0458
2333,34995,35009,15,PACKAGE_SCENE,10000000,2442,2442,2442,2442,2442,450,450,450,0,0,0,586060,501934,706454,33.0664,15.6179,249.951
2334,35010,35024,15,PACKAGE_SCENE,10000000,2442,2442,2442,2442,2442,450,450,450,0,0,0,685809,495754,916217,32.258,15.72,231.045
2335,35025,35039,15,PACKAGE_SCENE,10000000,2442,2442,2442,2442,2442,450,450,450,0,0,0,576539,467037,840741,33.4691,15.6638,241.683
2336,35040,35054,15,PACKAGE_SCENE,10000000,2442,2442,2442,2442,2442,450,450,450,0,0,0,674637,494855,853446,41.0067,15.8895,355.11
2337,35055,35069,15,PACKAGE_SCENE,10000000,2442,2442,2442,2442,2442,450,450,450,0,0,0,629304,436299,878536,37.5807,15.7139,300.674
2338,35070,35084,15,PACKAGE_SCENE,10000000,2442,2442,2442,2442,2442,450,450,450,0,0,0,700685,494067,859405,16.6405,15.6885,23.0105
2339,35085,35099,15,PACKAGE_SCENE,10000000,2442,2442,2442,2442,2442,450,450,450,0,0,0,677242,495574,892718,36.4477,15.6019,294.213
2340,35100,35114,15,PACKAGE_SCENE,10000000,2442,2442,2442,2442,2442,450,450,450,0,0,0,644809,502538,835160,35.8674,15.8658,275.66
2341,35115,35129,15,PACKAGE_SCENE,10000000,2442,2442,2442,2442,2442,450,450,450,0,0,0,631737,494438,832262,38.5188,15.9285,288.486
2342,35130,35144,15,PACKAGE_SCENE,10000000,2442,2442,2442,2442,2442,450,450,450,0,0,0,675466,495214,878393,36.7403,15.7013,292.427
2343,35145,35159,15,PACKAGE_SCENE,10000000,2442,2442,2442,2442,2442,450,450,450,0,0,0,666677,495537,892771,38.6981,15.757,292.125
2344,35160,35174,15,PACKAGE_SCENE,10000000,2442,2442,2442,2442,2442,450,450,450,0,0,0,679817,495157,876842,17.6792,15.9757,25.1262
2345,35175,35189,15,PACKAGE_SCENE,10000000,2442,2442,2442,2442,2442,450,450,450,0,0,0,591853,438440,933617,39.0141,15.6732,316.968
2346,35190,35204,15,PACKAGE_SCENE,10000000,2442,2442,2442,2442,2442,450,450,450,0,0,0,632728,450571,906660,37.0381,15.6651,281.677
2347,35205,35219,15,PACKAGE_SCENE,10000000,2442,2442,2442,2442,2442,450,450,450,0,0,0,698214,494701,981994,37.3115,15.9532,283.928
2348,35220,35234,15,PACKAGE_SCENE,10000000,2442,2442,2442,2442,2442,450,450,450,0,0,0,628000,495017,933525,37.9419,15.9298,285.831
2349,35235,35249,15,PACKAGE_SCENE,10000000,2442,2442,2442,2442,2442,450,450,450,0,0,0,690220,530133,913896,37.2531,15.6246,292.402
2350,35250,35264,15,PACKAGE_SCENE,10000000,2442,2442,2442,2442,2442,450,450,450,0,0,0,644730,501603,904539,16.6924,15.6368,22.6686
2351,35265,35279,15,PACKAGE_SCENE,10000000,2442,2442,2442,2442,2442,450,450,450,0,0,0,701288,494288,990293,35.4431,15.8473,282.543
2352,35280,35294,15,PACKAGE_SCENE,10000000,2442,2442,2442,2442,2442,450,450,450,0,0,0,673864,502977,903354,36.3083,15.8544,273.488
2353,35295,35309,15,PACKAGE_SCENE,10000000,2442,2442,2442,2442,2442,450,450,450,0,0,0,690262,460228,980789,37.3047,15.8188,297.622
2354,35310,35324,15,PACKAGE_SCENE,10000000,2442,2442,2442,2442,2442,450,450,450,0,0,0,690725,521041,830988,36.0671,15.6698,279.071
2355,35325,35339,15,PACKAGE_SCENE,10000000,2442,2442,2442,2442,2442,450,450,450,0,0,0,677380,495261,858035,38.8865,15.6907,313.211
2356,35340,35354,15,PACKAGE_SCENE,10000000,2442,2442,2442,2442,2442,450,450,450,0,0,0,630162,419521,989681,16.6084,15.7538,20.2618
2357,35355,35369,15,PACKAGE_SCENE,10000000,2442,2442,2442,2442,2442,450,450,450,0,0,0,742748,502427,938944,33.4004,15.6766,237.282
2358,35370,35384,15,PACKAGE_SCENE,10000000,2442,2442,2442,2442,2442,450,450,450,0,0,0,639395,490439,977178,32.3838,15.5073,224.235
2359,35385,35399,15,PACKAGE_SCENE,10000000,2442,2442,2442,2442,2442,450,450,450,0,0,0,595461,495700,832895,32.0522,15.7159,221.505
2360,35400,35414,15,PACKAGE_SCENE,10000000,2442,2442,2442,2442,2442,450,450,450,0,0,0,621220,495162,832730,95.5719,15.6658,1205.19
2361,35415,35429,15,PACKAGE_SCENE,10000000,2442,2442,2442,2442,2442,450,450,450,0,0,0,655461,513576,832542,19.3198,15.5314,33.916
2362,35430,35444,15,PACKAGE_SCENE,10000000,2442,2442,2442,2442,2442,450,450,450,0,0,0,706330,495261,925232,17.3462,15.7525,22.5097
2363,35445,35459,15,PACKAGE_SCENE,10000000,2442,2442,2442,2442,2442,450,450,450,0,0,0,746704,459513,849953,16.9414,15.5668,23.0941
2364,35460,35474,15,PACKAGE_SCENE,10000000,2442,2442,2442,2442,2442,450,450,450,0,0,0,675001,502112,856322,16.8888,15.6459,22.8174
2365,35475,35489,15,PACKAGE_SCENE,10000000,2442,2442,2442,2442,2442,450,450,450,0,0,0,661776,496209,832796,16.919,15.6404,22.7495
2366,35490,35504,15,PACKAGE_SCENE,10000000,2442,2442,2442,2442,2442,450,450,450,0,0,0,657238,503531,878353,17.6706,15.5051,24.2243
2367,35505,35519,15,PACKAGE_SCENE,10000000,2442,2442,2442,2442,2442,450,450,450,0,0,0,638498,495830,832609,17.6901,15.6824,24.2398
2368,35520,35534,15,PACKAGE_SCENE,10000000,2442,2442,2442,2442,2442,450,450,450,0,0,0,639988,498943,858978,18.0246,15.7117,30.2037
2369,35535,35549,15,PACKAGE_SCENE,10000000,2442,2442,2442,2442,2442,450,450,450,0,0,0,650953,494381,861290,17.9609,15.9302,24.3426
2370,35550,35564,15,PACKAGE_SCENE,10000000,2442,2442,2442,2442,2442,450,450,450,0,0,0,659051,502462,851063,17.9643,15.3386,24.1308
2371,35565,35579,15,PACKAGE_SCENE,10000000,2442,2442,2442,2442,2442,450,450,450,0,0,0,678085,414815,890666,16.926,15.5761,22.8907
2372,35580,35594,15,PACKAGE_SCENE,10000000,2442,2442,2442,2442,2442,450,450,450,0,0,0,662147,495695,888331,17.6038,15.7475,24.2844
2373,35595,35609,15,PACKAGE_SCENE,10000000,2442,2442,2442,2442,2442,450,450,450,0,0,0,653060,494746,875868,17.3976,15.545,24.1356
2374,35610,35624,15,PACKAGE_SCENE,10000000,2442,2442,2442,2442,2442,450,450,450,0,0,0,650766,502211,858942,18.1117,15.6559,24.1582
2375,35625,35639,15,PACKAGE_SCENE,10000000,2442,2442,2442,2442,2442,450,450,450,0,0,0,655077,494995,834776,17.7022,15.6803,23.1932
2376,35640,35654,15,PACKAGE_SCENE,10000000,2442,2442,2442,2442,2442,450,450,450,0,0,0,682210,500010,831655,17.5611,15.5464,23.8856
2377,35655,35669,15,PACKAGE_SCENE,10000000,2442,2442,2442,2442,2442,450,450,450,0,0,0,659494,502034,942130,17.6179,15.4779,23.498
2378,35670,35684,15,PACKAGE_SCENE,10000000,2442,2442,2442,2442,2442,450,450,450,0,0,0,561201,496321,849910,17.5126,15.5058,25.2119
2379,35685,35699,15,PACKAGE_SCENE,10000000,2442,2442,2442,2442,2442,450,450,450,0,0,0,671772,471485,875394,16.5907,15.4303,22.6664
2380,35700,35714,15,PACKAGE_SCENE,10000000,2442,2442,2442,2442,2442,450,450,450,0,0,0,640994,495731,832940,16.9448,15.6219,22.6685
2381,35715,35729,15,PACKAGE_SCENE,10000000,2442,2442,2442,2442,2442,450,450,450,0,0,0,681415,397747,841049,16.3349,15.5666,22.6434
2382,35730,35744,15,PACKAGE_SCENE,10000000,2442,2442,2442,2442,2442,450,450,450,0,0,0,669077,495472,903559,16.5956,15.5193,22.7501
2383,35745,35759,15,PACKAGE_SCENE,10000000,2442,2442,2442,2442,2442,450,450,450,0,0,0,655734,496026,902818,17.8289,15.5318,25.0248
2384,35760,35774,15,PACKAGE_SCENE,10000000,2442,2442,2442,2442,2442,450,450,450,0,0,0,679138,455733,909656,17.4092,15.4924,22.6564
2385,35775,35789,15,PACKAGE_SCENE,10000000,2442,2442,2442,2442,2442,450,450,450,0,0,0,696092,502672,970310,16.8562,15.7412,18.3651
2386,35790,35804,15,PACKAGE_SCENE,10000000,2442,2442,2442,2442,2442,450,450,450,0,0,0,626170,494332,828973,16.5029,15.7363,17.2924
2387,35805,35819,15,PACKAGE_SCENE,10000000,2442,2442,2442,2442,2442,450,450,450,0,0,0,680341,494617,846937,16.9586,15.672,23.579
2388,35820,35834,15,PACKAGE_SCENE,10000000,2442,2442,2442,2442,2442,450,450,450,0,0,0,686611,502280,905170,16.5355,15.4693,23.3183
2389,35835,35849,15,PACKAGE_SCENE,10000000,2442,2442,2442,2442,2442,450,450,450,0,0,0,693946,496437,855859,16.4592,15.6196,21.1994
2390,35850,35864,15,PACKAGE_SCENE,10000000,2442,2442,2442,2442,2442,450,450,450,0,0,0,634639,502651,921743,16.498,15.5779,22.7885
2391,35865,35879,15,PACKAGE_SCENE,10000000,2442,2442,2442,2442,2442,450,450,450,0,0,0,669160,493322,833769,19.4097,15.5778,33.0949
2392,35880,35894,15,PACKAGE_SCENE,10000000,2442,2442,2442,2442,2442,450,450,450,0,0,0,637780,460618,961259,16.3988,15.5779,17.434
2393,35895,35909,15,PACKAGE_SCENE,10000000,2442,2442,2442,2442,2442,450,450,450,0,0,0,633998,495624,828979,17.7013,15.9456,22.8302
2394,35910,35924,15,PACKAGE_SCENE,10000000,2442,2442,2442,2442,2442,450,450,450,0,0,0,655081,463594,834134,21.4834,16.3881,43.7667
2395,35925,35939,15,PACKAGE_SCENE,10000000,2442,2442,2442,2442,2442,450,450,450,0,0,0,753215,501575,860595,20.1133,16.0375,31.4875
2396,35940,35954,15,PACKAGE_SCENE,10000000,2442,2442,2442,2442,2442,450,450,450,0,0,0,715209,519472,860048,17.7864,16.2803,23.8555
2397,35955,35969,15,PACKAGE_SCENE,10000000,2442,2442,2442,2442,2442,450,450,450,0,0,0,687281,496209,915205,17.626,15.6652,23.8149
2398,35970,35984,15,PACKAGE_SCENE,10000000,2442,2442,2442,2442,2442,450,450,450,0,0,0,677482,494447,862065,16.9086,16.2522,18.4798
2399,35985,35999,15,PACKAGE_SCENE,10000000,2442,2442,2442,2442,2442,450,450,450,0,0,0,664130,495314,878302,17.5042,16.0349,25.1217
2400,36000,36014,15,PACKAGE_SCENE,10000000,2442,2442,2442,2442,2442,450,450,450,0,0,0,661938,495270,885951,16.568,15.6739,22.825
2401,36015,36029,15,PACKAGE_SCENE,10000000,2442,2442,2442,2442,2442,450,450,450,0,0,0,680357,502456,890282,17.5499,15.6579,24.2628
2402,36030,36044,15,PACKAGE_SCENE,10000000,2442,2442,2442,2442,2442,450,450,450,0,0,0,680104,496657,846414,17.0469,15.7377,22.7381
2403,36045,36059,15,PACKAGE_SCENE,10000000,2442,2442,2258.13,2245,2442,409.867,407,450,0,0,0,532462,388414,905113,17.0555,15.0244,25.0237
2404,36060,36074,15,PACKAGE_SCENE,10000000,2442,2442,2245,2245,2245,407,407,407,0,0,0,481579,400254,671244,16.242,15.0617,22.7871
2405,36075,36089,15,PACKAGE_SCENE,10000000,2442,2442,2311.27,1911,2428,801.667,407,973,0,0,0,750832,273898,1129633,20.4795,15.661,31.0111
2406,36090,36104,15,PACKAGE_SCENE,10000000,2442,2442,2428,2428,2428,882,882,882,0,0,0,863466,610606,1242850,19.9205,17.4957,27.9833
2407,36105,36119,15,PACKAGE_SCENE,10000000,2442,2442,2428,2428,2428,882,882,882,0,0,0,814629,580993,1135997,19.1364,17.4153,25.9098
2408,36120,36134,15,PACKAGE_SCENE,10000000,2442,2442,2428,2428,2428,882,882,882,0,0,0,927577,686275,1183558,19.6557,17.4764,24.4036
2409,36135,36149,15,PACKAGE_SCENE,10000000,2442,2442,2428,2428,2428,882,882,882,0,0,0,903717,568272,1190051,22.2692,17.5926,28.8551
2410,36150,36164,15,PACKAGE_SCENE,10000000,2442,2442,2428,2428,2428,882,882,882,0,0,0,869427,683560,1179865,21.5696,17.3592,33.1357
2411,36165,36179,15,PACKAGE_SCENE,10000000,2442,2442,2428,2428,2428,882,882,882,0,0,0,880881,736607,1126956,23.2724,17.5732,37.5397
2412,36180,36194,15,PACKAGE_SCENE,10000000,2442,2442,2428,2428,2428,882,882,882,0,0,0,920415,530851,1333913,20.6997,17.5777,28.4177
2413,36195,36209,15,PACKAGE_SCENE,10000000,2442,2442,2428,2428,2428,882,882,882,0,0,0,844471,529776,1112304,22.7521,17.8151,40.7091
2414,36210,36224,15,PACKAGE_SCENE,10000000,2442,2442,2428,2428,2428,882,882,882,0,0,0,935667,661303,1221614,129.833,17.9689,1583.46
2415,36225,36239,15,PACKAGE_SCENE,10000000,2442,2442,2428,2428,2428,882,882,882,0,0,0,924154,621919,1140692,121.379,17.6081,1464.01
2416,36240,36254,15,PACKAGE_SCENE,10000000,2442,2442,2428,2428,2428,882,882,882,0,0,0,836418,674822,1125108,78.4871,17.6728,842.029
2417,36255,36269,15,PACKAGE_SCENE,10000000,2442,2442,2428,2428,2428,882,882,882,0,0,0,926658,632459,1306616,62.1751,17.918,573.723
2418,36270,36284,15,PACKAGE_SCENE,10000000,2442,2442,2428,2428,2428,882,882,882,0,0,0,889863,691287,1184465,20.5056,17.6451,29.0755
2419,36285,36299,15,PACKAGE_SCENE,10000000,2442,2442,2428,2428,2428,882,882,882,0,0,0,792604,544345,1057885,61.758,17.6563,596.856
2420,36300,36314,15,PACKAGE_SCENE,10000000,2442,2442,2428,2428,2428,882,882,882,0,0,0,850430,665379,1025028,50.4473,17.8417,429.833
2421,36315,36329,15,PACKAGE_SCENE,10000000,2442,2442,2428,2428,2428,882,882,882,0,0,0,899248,557463,1203625,105.757,17.7501,1251.26
2422,36330,36344,15,PACKAGE_SCENE,10000000,2442,2442,2428,2428,2428,882,882,882,0,0,0,789291,539144,1093268,41.3012,17.6581,297.312
2423,36345,36359,15,PACKAGE_SCENE,10000000,2442,2442,2428,2428,2428,882,882,882,0,0,0,845932,673496,962706,52.0811,17.679,441.769
2424,36360,36374,15,PACKAGE_SCENE,10000000,2442,2442,2428,2428,2428,882,882,882,0,0,0,890559,553586,1244065,22.1848,17.6415,29.6303
2425,36375,36389,15,PACKAGE_SCENE,10000000,2442,2442,2428,2428,2428,882,882,882,0,0,0,816584,646168,952519,43.452,17.7109,336.078
2426,36390,36404,15,PACKAGE_SCENE,10000000,2442,2442,2428,2428,2428,882,882,882,0,0,0,851804,607495,1126061,41.8648,18.0155,280.985
2427,36405,36419,15,PACKAGE_SCENE,10000000,2442,2442,2428,2428,2428,882,882,882,0,0,0,818279,590768,1162730,50.9051,17.9056,414.383
2428,36420,36434,15,PACKAGE_SCENE,10000000,2442,2442,2428,2428,2428,882,882,882,0,0,0,882070,653701,1133022,74.5432,18.1902,722.707
2429,36435,36449,15,PACKAGE_SCENE,10000000,2442,2442,2428,2428,2428,882,882,882,0,0,0,808143,563293,1030203,71.6939,23.0478,622.333
2430,36450,36464,15,PACKAGE_SCENE,10000000,2442,2442,2428,2428,2428,882,882,882,0,0,0,869670,616792,1194964,31.7455,26.6429,43.1433
2431,36465,36479,15,PACKAGE_SCENE,10000000,2442,2442,2428,2428,2428,882,882,882,0,0,0,929345,582944,1300716,77.7957,20.3749,774.383
2432,36480,36494,15,PACKAGE_SCENE,10000000,2442,2442,2428,2428,2428,882,882,882,0,0,0,854135,597129,992315,73.5171,21.0121,679.394
2433,36495,36509,15,PACKAGE_SCENE,10000000,2442,2442,2428,2428,2428,882,882,882,0,0,0,845569,653302,938204,60.8931,21.2757,493.14
2434,36510,36524,15,PACKAGE_SCENE,10000000,2442,2442,2428,2428,2428,882,882,882,0,0,0,910482,551162,1301714,63.3166,20.5224,536.875
2435,36525,36539,15,PACKAGE_SCENE,10000000,2442,2442,2428,2428,2428,882,882,882,0,0,0,876014,604863,1252670,95.3557,21.5652,996.68
2436,36540,36554,15,PACKAGE_SCENE,10000000,2442,2442,2428,2428,2428,882,882,882,0,0,0,891124,662237,1103818,30.0448,23.6541,50.6241
2437,36555,36569,15,PACKAGE_SCENE,10000000,2442,2442,2428,2428,2428,882,882,882,0,0,0,880136,685922,1081983,72.4589,20.2817,651.964
2438,36570,36584,15,PACKAGE_SCENE,10000000,2442,2442,2428,2428,2428,882,882,882,0,0,0,908908,728607,1300331,85.331,23.826,826.703
2439,36585,36599,15,PACKAGE_SCENE,10000000,2442,2442,2428,2428,2428,882,882,882,0,0,0,913974,507387,1160504,80.8252,21.3635,786.508
2440,36600,36614,15,PACKAGE_SCENE,10000000,2442,2442,2428,2428,2428,882,882,882,0,0,0,865419,566687,1201564,60.303,19.2925,533.174
2441,36615,36629,15,PACKAGE_SCENE,10000000,2442,2442,2428,2428,2428,882,882,882,0,0,0,842933,604559,1282184,64.3548,19.9,534.038
2442,36630,36644,15,PACKAGE_SCENE,10000000,2442,2442,2428,2428,2428,882,882,882,0,0,0,913229,685976,1149843,25.3186,19.7875,33.44
2443,36645,36659,15,PACKAGE_SCENE,10000000,2442,2442,2428,2428,2428,882,882,882,0,0,0,872884,677724,1143807,61.4292,21.0687,534.969
2444,36660,36674,15,PACKAGE_SCENE,10000000,2442,2442,2428,2428,2428,882,882,882,0,0,0,898599,610653,1132291,68.7921,20.3323,598.38
2445,36675,36689,15,PACKAGE_SCENE,10000000,2442,2442,2428,2428,2428,882,882,882,0,0,0,895181,802781,973646,58.8417,20.6372,505.016
2446,36690,36704,15,PACKAGE_SCENE,10000000,2442,2442,2428,2428,2428,882,882,882,0,0,0,879535,577633,1136762,56.4355,20.5814,482.511
2447,36705,36719,15,PACKAGE_SCENE,10000000,2442,2442,2428,2428,2428,882,882,882,0,0,0,889635,674434,1230442,60.6137,20.0923,497.334
2448,36720,36734,15,PACKAGE_SCENE,10000000,2442,2442,2428,2428,2428,882,882,882,0,0,0,857115,626625,1076326,26.2826,19.5328,35.5603
2449,36735,36749,15,PACKAGE_SCENE,10000000,2442,2442,2428,2428,2428,882,882,882,0,0,0,926266,670824,1273895,63.8571,20.7014,540.536
2450,36750,36764,15,PACKAGE_SCENE,10000000,2442,2442,2428,2428,2428,882,882,882,0,0,0,903101,679454,1264133,58.5325,20.8407,485.933
2451,36765,36779,15,PACKAGE_SCENE,10000000,2442,2442,2428,2428,2428,882,882,882,0,0,0,843730,575074,1175490,65.9893,21.5478,583.357
2452,36780,36794,15,PACKAGE_SCENE,10000000,2442,2442,2428,2428,2428,882,882,882,0,0,0,910675,623955,1349434,58.2234,20.4105,477.354
2453,36795,36809,15,PACKAGE_SCENE,10000000,2442,2442,2428,2428,2428,882,882,882,0,0,0,811196,600064,1030756,58.4947,21.3267,467.648
2454,36810,36824,15,PACKAGE_SCENE,10000000,2442,2442,2428,2428,2428,882,882,882,0,0,0,818933,567456,1146759,27.4316,19.163,35.6578
2455,36825,36839,15,PACKAGE_SCENE,10000000,2442,2442,2428,2428,2428,882,882,882,0,0,0,793466,606614,1157147,60.911,19.6192,526.423
2456,36840,36854,15,PACKAGE_SCENE,10000000,2442,2442,2428,2428,2428,882,882,882,0,0,0,830053,678175,1244693,54.1252,19.7557,398.125
2457,36855,36869,15,PACKAGE_SCENE,10000000,2442,2442,2428,2428,2428,882,882,882,0,0,0,861682,667171,1100229,53.0745,19.9338,410.469
2458,36870,36884,15,PACKAGE_SCENE,10000000,2442,2442,2428,2428,2428,882,882,882,0,0,0,862361,662716,1042484,52.1415,19.4545,394.258
2459,36885,36899,15,PACKAGE_SCENE,10000000,2442,2442,2428,2428,2428,882,882,882,0,0,0,903837,741989,1087901,175.78,20.0896,2205.92
2460,36900,36914,15,PACKAGE_SCENE,10000000,2442,2442,2428,2428,2428,882,882,882,0,0,0,855845,600329,1224935,29.6475,21.1102,49.4314
2461,36915,36929,15,PACKAGE_SCENE,10000000,2442,2442,2428,2428,2428,882,882,882,0,0,0,838307,531363,1283640,27.5769,23.1036,36.2662
2462,36930,36944,15,PACKAGE_SCENE,10000000,2442,2442,2428,2428,2428,882,882,882,0,0,0,870317,658937,1179094,27.7546,18.2274,47.1651
2463,36945,36959,15,PACKAGE_SCENE,10000000,2442,2442,2428,2428,2428,882,882,882,0,0,0,934793,699506,1255280,25.2413,18.0518,34.6576
2464,36960,36974,15,PACKAGE_SCENE,10000000,2442,2442,2428,2428,2428,882,882,882,0,0,0,892997,583764,1144111,25.7947,19.7928,35.2025
2465,36975,36989,15,PACKAGE_SCENE,10000000,2442,2442,2428,2428,2428,882,882,882,0,0,0,911139,758283,1092804,29.0711,22.6885,37.182
2466,36990,37004,15,PACKAGE_SCENE,10000000,2442,2442,2428,2428,2428,882,882,882,0,0,0,829255,607043,934394,26.2254,20.7507,34.1739
2467,37005,37019,15,PACKAGE_SCENE,10000000,2442,2442,2428,2428,2428,882,882,882,0,0,0,874772,681897,1300057,31.1225,24.6816,40.5836
2468,37020,37034,15,PACKAGE_SCENE,10000000,2442,2442,2428,2428,2428,882,882,882,0,0,0,856197,536057,1105351,24.941,20.1066,35.7146
2469,37035,37049,15,PACKAGE_SCENE,10000000,2442,2442,2428,2428,2428,882,882,882,0,0,0,917138,712679,1194150,28.2486,21.9835,35.379
2470,37050,37064,15,PACKAGE_SCENE,10000000,2442,2442,2428,2428,2428,882,882,882,0,0,0,899349,691498,1182427,23.0618,17.5474,30.1312
2471,37065,37079,15,PACKAGE_SCENE,10000000,2442,2442,2428,2428,2428,882,882,882,0,0,0,884410,594649,1299864,23.1396,17.6225,31.9175
2472,37080,37094,15,PACKAGE_SCENE,10000000,2442,2442,2428,2428,2428,882,882,882,0,0,0,798345,531653,1071761,22.7304,17.4535,29.0618
2473,37095,37109,15,PACKAGE_SCENE,10000000,2442,2442,2428,2428,2428,882,882,882,0,0,0,920161,593453,1284303,25.6412,18.1074,33.6776
2474,37110,37124,15,PACKAGE_SCENE,10000000,2442,2442,2428,2428,2428,882,882,882,0,0,0,883204,574377,1305531,26.8507,17.6121,83.6549
2475,37125,37139,15,PACKAGE_SCENE,10000000,2442,2442,2428,2428,2428,882,882,882,0,0,0,889663,617289,1103633,21.6639,17.6804,27.8702
2476,37140,37154,15,PACKAGE_SCENE,10000000,2442,2442,2428,2428,2428,882,882,882,0,0,0,887257,743802,1067152,25.3553,17.9149,34.2526
2477,37155,37169,15,PACKAGE_SCENE,10000000,2442,2442,2428,2428,2428,882,882,882,0,0,0,834626,601977,1123986,23.6922,18.1805,33.7668
2478,37170,37184,15,PACKAGE_SCENE,10000000,2442,2442,2428,2428,2428,882,882,882,0,0,0,944588,665995,1116961,23.4972,17.859,30.4377
2479,37185,37199,15,PACKAGE_SCENE,10000000,2442,2442,2428,2428,2428,882,882,882,0,0,0,858512,610571,1142855,20.4533,17.7096,28.0295
2480,37200,37214,15,PACKAGE_SCENE,10000000,2442,2442,2428,2428,2428,882,882,882,0,0,0,842255,594411,999352,23.5524,17.9418,33.57
2481,37215,37229,15,PACKAGE_SCENE,10000000,2442,2442,2428,2428,2428,882,882,882,0,0,0,875799,583534,1174637,23.0748,17.6783,30.1037
2482,37230,37244,15,PACKAGE_SCENE,10000000,2442,2442,2441.07,2428,2442,873.467,872,884,0,0,0,861814,626700,1176513,24.1088,18.3667,39.586
2483,37245,37259,15,PACKAGE_SCENE,10000000,2442,2442,2329.13,1980,2442,850.933,720,976,0,0,0,837513,481927,1116868,23.8828,17.7026,31.8703
2484,37260,37274,15,PACKAGE_SCENE,10000000,2442,2442,2326.13,1996,2442,802,626,975,0,0,0,813958,569740,1013937,22.1273,16.1172,34.3067
2485,37275,37289,15,PACKAGE_SCENE,10000000,2442,2442,2433,2433,2433,830,830,830,0,0,0,880056,655733,1133491,21.6675,17.7248,28.9633
2486,37290,37304,15,PACKAGE_SCENE,10000000,2442,2442,2439.6,2433,2442,863.867,830,887,0,0,0,855633,676381,1038020,20.1883,18.0609,28.4907
2487,37305,37319,15,PACKAGE_SCENE,10000000,2442,2442,2442,2442,2442,875,875,875,0,0,0,875475,678235,1041874,23.694,18.2724,31.4934
2488,37320,37334,15,PACKAGE_SCENE,10000000,2442,2442,2442,2442,2442,875,875,875,0,0,0,881069,687805,1098001,21.0266,17.7981,30.8148
2489,37335,37349,15,PACKAGE_SCENE,10000000,2442,2442,2442,2442,2442,875,875,875,0,0,0,821345,565778,1320056,22.0804,17.9649,30.43
2490,37350,37364,15,PACKAGE_SCENE,10000000,2442,2442,2442,2442,2442,875,875,875,0,0,0,909906,643974,1304391,22.6287,17.3171,30.7396
2491,37365,37379,15,PACKAGE_SCENE,10000000,2442,2442,2442,2442,2442,875,875,875,0,0,0,870470,565940,1046679,22.421,17.7525,30.294
2492,37380,37394,15,PACKAGE_SCENE,10000000,2442,2442,2442,2442,2442,875,875,875,0,0,0,898911,678730,1276480,23.6671,18.2429,28.9137
2493,37395,37409,15,PACKAGE_SCENE,10000000,2442,2442,2442,2442,2442,875,875,875,0,0,0,838329,634833,1061289,24.4923,17.7056,47.5181
2494,37410,37424,15,PACKAGE_SCENE,10000000,2442,2442,2442,2442,2442,875,875,875,0,0,0,958628,646508,1234115,25.0438,17.8151,34.5584
2495,37425,37439,15,PACKAGE_SCENE,10000000,2442,2442,2442,2442,2442,875,875,875,0,0,0,980652,703642,1232916,135.643,18.1202,1686.24
2496,37440,37454,15,PACKAGE_SCENE,10000000,2442,2442,2442,2442,2442,875,875,875,0,0,0,928930,821675,1160116,88.8973,17.6987,909.939
2497,37455,37469,15,PACKAGE_SCENE,10000000,2442,2442,2442,2442,2442,875,875,875,0,0,0,911338,732111,1170222,93.1615,20.9083,949.795
2498,37470,37484,15,PACKAGE_SCENE,10000000,2442,2442,2442,2442,2442,875,875,875,0,0,0,862931,568023,953945,89.1933,20.3964,917.071
2499,37485,37499,15,PACKAGE_SCENE,10000000,2442,2442,2442,2442,2442,875,875,875,0,0,0,879442,678785,1042418,73.3803,20.486,720.66
2500,37500,37514,15,PACKAGE_SCENE,10000000,2442,2442,2442,2442,2442,875,875,875,0,0,0,891570,726687,1051644,28.4448,20.1862,37.4987
2501,37515,37529,15,PACKAGE_SCENE,10000000,2442,2442,2442,2442,2442,875,875,875,0,0,0,829069,606965,1029534,77.6136,22.6237,700.108
2502,37530,37544,15,PACKAGE_SCENE,10000000,2442,2442,2442,2442,2442,875,875,875,0,0,0,910565,645098,1144357,105.016,21.0036,1133.12
2503,37545,37559,15,PACKAGE_SCENE,10000000,2442,2442,2442,2442,2442,875,875,875,0,0,0,928993,685952,1357949,67.8516,20.6594,619.901
2504,37560,37574,15,PACKAGE_SCENE,10000000,2442,2442,2442,2442,2442,875,875,875,0,0,0,903628,620480,1203519,64.4784,20.2643,592.743
2505,37575,37589,15,PACKAGE_SCENE,10000000,2442,2442,2442,2442,2442,875,875,875,0,0,0,850137,682977,1200445,67.7001,20.2027,657.715
2506,37590,37604,15,PACKAGE_SCENE,10000000,2442,2442,2442,2442,2442,875,875,875,0,0,0,945431,733743,1254164,27.4092,20.1333,55.7362
2507,37605,37619,15,PACKAGE_SCENE,10000000,2442,2442,2442,2442,2442,875,875,875,0,0,0,887967,736086,1041934,60.2137,20.6289,516.552
2508,37620,37634,15,PACKAGE_SCENE,10000000,2442,2442,2442,2442,2442,875,875,875,0,0,0,890785,641478,1218134,59.3026,20.0003,494.5
2509,37635,37649,15,PACKAGE_SCENE,10000000,2442,2442,2442,2442,2442,875,875,875,0,0,0,934293,660422,1078748,114.287,20.1305,1338.11
2510,37650,37664,15,PACKAGE_SCENE,10000000,2442,2442,2442,2442,2442,875,875,875,0,0,0,869323,682074,1067084,57.1015,20.4805,455.906
2511,37665,37679,15,PACKAGE_SCENE,10000000,2442,2442,2442,2442,2442,875,875,875,0,0,0,935579,634874,1150927,58.4109,20.1118,477.055
2512,37680,37694,15,PACKAGE_SCENE,10000000,2442,2442,2442,2442,2442,875,875,875,0,0,0,925396,687042,1213924,27.3974,19.8238,47.9862
2513,37695,37709,15,PACKAGE_SCENE,10000000,2442,2442,2442,2442,2442,875,875,875,0,0,0,854764,667353,1106811,57.9734,20.5382,484.772
2514,37710,37724,15,PACKAGE_SCENE,10000000,2442,2442,2442,2442,2442,875,875,875,0,0,0,906951,642483,1175768,54.5571,20.6215,444.824
2515,37725,37739,15,PACKAGE_SCENE,10000000,2442,2442,2442,2442,2442,875,875,875,0,0,0,838610,645684,959424,53.5594,19.7406,431.765
2516,37740,37754,15,PACKAGE_SCENE,10000000,2442,2442,2442,2442,2442,875,875,875,0,0,0,852841,608601,1007843,68.8287,20.4445,663.389
2517,37755,37769,15,PACKAGE_SCENE,10000000,2442,2442,2442,2442,2442,875,875,875,0,0,0,903783,555792,1142074,60.5863,19.9234,538.618
2518,37770,37784,15,PACKAGE_SCENE,10000000,2442,2442,2442,2442,2442,875,875,875,0,0,0,917219,656554,1287360,29.2328,20.3054,61.0233
2519,37785,37799,15,PACKAGE_SCENE,10000000,2442,2442,2442,2442,2442,875,875,875,0,0,0,854378,641170,1239943,59.9603,17.5673,509.92
2520,37800,37814,15,PACKAGE_SCENE,10000000,2442,2442,2442,2442,2442,875,875,875,0,0,0,962021,759397,1105487,60.0168,19.8361,517.401
2521,37815,37829,15,PACKAGE_SCENE,10000000,2442,2442,2442,2442,2442,875,875,875,0,0,0,856927,638610,1082999,61.7983,24.1989,517.617
2522,37830,37844,15,PACKAGE_SCENE,10000000,2442,2442,2442,2442,2442,875,875,875,0,0,0,981223,733874,1283757,64.9519,21.2849,545.236
2523,37845,37859,15,PACKAGE_SCENE,10000000,2442,2442,2442,2442,2442,875,875,875,0,0,0,931512,625367,1105430,54.9015,18.0238,470.037
2524,37860,37874,15,PACKAGE_SCENE,10000000,2442,2442,2442,2442,2442,875,875,875,0,0,0,879754,658361,1205880,28.4028,20.8174,59.1046
2525,37875,37889,15,PACKAGE_SCENE,10000000,2442,2442,2442,2442,2442,875,875,875,0,0,0,886389,702983,1167115,60.0703,20.568,528.425
2526,37890,37904,15,PACKAGE_SCENE,10000000,2442,2442,2442,2442,2442,875,875,875,0,0,0,926151,595149,1188456,56.7363,20.2573,475.998
2527,37905,37919,15,PACKAGE_SCENE,10000000,2442,2442,2442,2442,2442,875,875,875,0,0,0,867601,657774,1245053,59.9066,20.0798,463.134
2528,37920,37934,15,PACKAGE_SCENE,10000000,2442,2442,2442,2442,2442,875,875,875,0,0,0,872487,671224,1116898,61.9699,21.4449,524.364
2529,37935,37949,15,PACKAGE_SCENE,10000000,2442,2442,2442,2442,2442,875,875,875,0,0,0,865195,702396,1292363,65.6287,21.776,633.632
2530,37950,37964,15,PACKAGE_SCENE,10000000,2442,2442,2442,2442,2442,875,875,875,0,0,0,876858,644622,1140652,28.8722,20.6233,51.1621
2531,37965,37979,15,PACKAGE_SCENE,10000000,2442,2442,2442,2442,2442,875,875,875,0,0,0,870110,568148,1138574,58.7854,20.2682,507.204
2532,37980,37994,15,PACKAGE_SCENE,10000000,2442,2442,2442,2442,2442,875,875,875,0,0,0,886920,745318,1070155,65.3685,18.8446,546.417
2533,37995,38009,15,PACKAGE_SCENE,10000000,2442,2442,2442,2442,2442,875,875,875,0,0,0,872073,633982,1173076,64.3549,19.6966,581.548
2534,38010,38024,15,PACKAGE_SCENE,10000000,2442,2442,2442,2442,2442,875,875,875,0,0,0,905282,596276,1075336,65.4139,20.6888,538.714
2535,38025,38039,15,PACKAGE_SCENE,10000000,2442,2442,2442,2442,2442,875,875,875,0,0,0,883223,644666,1078700,66.9308,17.7011,618.199
2536,38040,38054,15,PACKAGE_SCENE,10000000,2442,2442,2442,2442,2442,875,875,875,0,0,0,871637,662372,1091406,28.8244,20.7757,57.6128
2537,38055,38069,15,PACKAGE_SCENE,10000000,2442,2442,2442,2442,2442,875,875,875,0,0,0,915853,640818,1081211,55.5278,20.0359,419.531
2538,38070,38084,15,PACKAGE_SCENE,10000000,2442,2442,2442,2442,2442,875,875,875,0,0,0,949908,648963,1233790,54.4092,21.6763,407.959
2539,38085,38099,15,PACKAGE_SCENE,10000000,2442,2442,2442,2442,2442,875,875,875,0,0,0,886566,785377,997496,50.6955,19.8744,394.741
2540,38100,38114,15,PACKAGE_SCENE,10000000,2442,2442,2442,2442,2442,875,875,875,0,0,0,867706,710688,1093296,173.475,19.6353,2237.76
2541,38115,38129,15,PACKAGE_SCENE,10000000,2442,2442,2442,2442,2442,875,875,875,0,0,0,893255,635064,1283765,24.3939,19.8517,33.0371
2542,38130,38144,15,PACKAGE_SCENE,10000000,2442,2442,2442,2442,2442,875,875,875,0,0,0,871495,564933,1158199,24.1084,19.6275,30.4533
2543,38145,38159,15,PACKAGE_SCENE,10000000,2442,2442,2442,2442,2442,875,875,875,0,0,0,854453,592476,1134686,25.7299,20.5973,33.6743
2544,38160,38174,15,PACKAGE_SCENE,10000000,2442,2442,2442,2442,2442,875,875,875,0,0,0,961702,681129,1345727,24.6255,19.9503,33.1842
2545,38175,38189,15,PACKAGE_SCENE,10000000,2442,2442,2442,2442,2442,875,875,875,0,0,0,946453,655416,1291632,27.033,21.9061,34.0606
